{
	"textures": {
		"ramen": "items/3d/ramen"
	},
	"elements": [
		{
			"from": [6, 0, 6],
			"to": [10, 1, 10],
			"faces": {
				"north": {"uv": [0, 7, 4, 8], "texture": "#ramen"},
				"east": {"uv": [0, 6, 4, 7], "texture": "#ramen"},
				"south": {"uv": [0, 7, 4, 8], "texture": "#ramen"},
				"west": {"uv": [0, 7, 4, 8], "texture": "#ramen"},
				"up": {"uv": [0, 6, 1, 7], "texture": "#ramen"},
				"down": {"uv": [0, 6, 3, 8], "texture": "#ramen"}
			}
		},
		{
			"from": [5, 0, 7],
			"to": [6, 1, 9],
			"faces": {
				"north": {"uv": [0, 7, 4, 8], "texture": "#ramen"},
				"east": {"uv": [0, 6, 4, 7], "texture": "#ramen"},
				"south": {"uv": [0, 7, 4, 8], "texture": "#ramen"},
				"west": {"uv": [0, 7, 4, 8], "texture": "#ramen"},
				"up": {"uv": [0, 6, 1, 7], "texture": "#ramen"},
				"down": {"uv": [0, 6, 3, 8], "texture": "#ramen"}
			}
		},
		{
			"from": [10, 0, 7],
			"to": [11, 1, 9],
			"faces": {
				"north": {"uv": [0, 7, 4, 8], "texture": "#ramen"},
				"east": {"uv": [0, 6, 4, 7], "texture": "#ramen"},
				"south": {"uv": [0, 7, 4, 8], "texture": "#ramen"},
				"west": {"uv": [0, 7, 4, 8], "texture": "#ramen"},
				"up": {"uv": [0, 6, 1, 7], "texture": "#ramen"},
				"down": {"uv": [0, 6, 3, 8], "texture": "#ramen"}
			}
		},
		{
			"from": [7, 0, 10],
			"to": [9, 1, 11],
			"faces": {
				"north": {"uv": [0, 7, 4, 8], "texture": "#ramen"},
				"east": {"uv": [0, 6, 4, 7], "texture": "#ramen"},
				"south": {"uv": [0, 7, 4, 8], "texture": "#ramen"},
				"west": {"uv": [0, 7, 4, 8], "texture": "#ramen"},
				"up": {"uv": [0, 6, 1, 7], "texture": "#ramen"},
				"down": {"uv": [0, 6, 3, 8], "texture": "#ramen"}
			}
		},
		{
			"from": [7, 0, 5],
			"to": [9, 1, 6],
			"faces": {
				"north": {"uv": [0, 7, 4, 8], "texture": "#ramen"},
				"east": {"uv": [0, 6, 4, 7], "texture": "#ramen"},
				"south": {"uv": [0, 7, 4, 8], "texture": "#ramen"},
				"west": {"uv": [0, 7, 4, 8], "texture": "#ramen"},
				"up": {"uv": [0, 6, 1, 7], "texture": "#ramen"},
				"down": {"uv": [0, 6, 3, 8], "texture": "#ramen"}
			}
		},
		{
			"from": [7, 1, 4],
			"to": [9, 2, 5],
			"faces": {
				"north": {"uv": [0, 7, 4, 8], "texture": "#ramen"},
				"east": {"uv": [0, 6, 4, 7], "texture": "#ramen"},
				"south": {"uv": [0, 7, 4, 8], "texture": "#ramen"},
				"west": {"uv": [0, 7, 4, 8], "texture": "#ramen"},
				"up": {"uv": [0, 6, 1, 7], "texture": "#ramen"},
				"down": {"uv": [0, 6, 3, 8], "texture": "#ramen"}
			}
		},
		{
			"from": [11, 1, 7],
			"to": [12, 2, 9],
			"faces": {
				"north": {"uv": [0, 7, 4, 8], "texture": "#ramen"},
				"east": {"uv": [0, 6, 4, 7], "texture": "#ramen"},
				"south": {"uv": [0, 7, 4, 8], "texture": "#ramen"},
				"west": {"uv": [0, 7, 4, 8], "texture": "#ramen"},
				"up": {"uv": [0, 6, 1, 7], "texture": "#ramen"},
				"down": {"uv": [0, 6, 3, 8], "texture": "#ramen"}
			}
		},
		{
			"from": [4, 1, 7],
			"to": [5, 2, 9],
			"faces": {
				"north": {"uv": [0, 7, 4, 8], "texture": "#ramen"},
				"east": {"uv": [0, 6, 4, 7], "texture": "#ramen"},
				"south": {"uv": [0, 7, 4, 8], "texture": "#ramen"},
				"west": {"uv": [0, 7, 4, 8], "texture": "#ramen"},
				"up": {"uv": [0, 6, 1, 7], "texture": "#ramen"},
				"down": {"uv": [0, 6, 3, 8], "texture": "#ramen"}
			}
		},
		{
			"from": [6, 1, 5],
			"to": [7, 2, 6],
			"faces": {
				"north": {"uv": [0, 7, 4, 8], "texture": "#ramen"},
				"east": {"uv": [0, 6, 4, 7], "texture": "#ramen"},
				"south": {"uv": [0, 7, 4, 8], "texture": "#ramen"},
				"west": {"uv": [0, 7, 4, 8], "texture": "#ramen"},
				"up": {"uv": [0, 6, 1, 7], "texture": "#ramen"},
				"down": {"uv": [0, 6, 3, 8], "texture": "#ramen"}
			}
		},
		{
			"from": [5, 1, 6],
			"to": [6, 2, 7],
			"faces": {
				"north": {"uv": [0, 7, 4, 8], "texture": "#ramen"},
				"east": {"uv": [0, 6, 4, 7], "texture": "#ramen"},
				"south": {"uv": [0, 7, 4, 8], "texture": "#ramen"},
				"west": {"uv": [0, 7, 4, 8], "texture": "#ramen"},
				"up": {"uv": [0, 6, 1, 7], "texture": "#ramen"},
				"down": {"uv": [0, 6, 3, 8], "texture": "#ramen"}
			}
		},
		{
			"from": [10, 1, 6],
			"to": [11, 2, 7],
			"faces": {
				"north": {"uv": [0, 7, 4, 8], "texture": "#ramen"},
				"east": {"uv": [0, 6, 4, 7], "texture": "#ramen"},
				"south": {"uv": [0, 7, 4, 8], "texture": "#ramen"},
				"west": {"uv": [0, 7, 4, 8], "texture": "#ramen"},
				"up": {"uv": [0, 6, 1, 7], "texture": "#ramen"},
				"down": {"uv": [0, 6, 3, 8], "texture": "#ramen"}
			}
		},
		{
			"from": [9, 1, 5],
			"to": [10, 2, 6],
			"faces": {
				"north": {"uv": [0, 7, 4, 8], "texture": "#ramen"},
				"east": {"uv": [0, 6, 4, 7], "texture": "#ramen"},
				"south": {"uv": [0, 7, 4, 8], "texture": "#ramen"},
				"west": {"uv": [0, 7, 4, 8], "texture": "#ramen"},
				"up": {"uv": [0, 6, 1, 7], "texture": "#ramen"},
				"down": {"uv": [0, 6, 3, 8], "texture": "#ramen"}
			}
		},
		{
			"from": [6, 1, 10],
			"to": [7, 2, 11],
			"faces": {
				"north": {"uv": [0, 7, 4, 8], "texture": "#ramen"},
				"east": {"uv": [0, 6, 4, 7], "texture": "#ramen"},
				"south": {"uv": [0, 7, 4, 8], "texture": "#ramen"},
				"west": {"uv": [0, 7, 4, 8], "texture": "#ramen"},
				"up": {"uv": [0, 6, 1, 7], "rotation": 180, "texture": "#ramen"},
				"down": {"uv": [0, 6, 3, 8], "rotation": 180, "texture": "#ramen"}
			}
		},
		{
			"from": [5, 1, 9],
			"to": [6, 2, 10],
			"faces": {
				"north": {"uv": [0, 7, 4, 8], "texture": "#ramen"},
				"east": {"uv": [0, 6, 4, 7], "texture": "#ramen"},
				"south": {"uv": [0, 7, 4, 8], "texture": "#ramen"},
				"west": {"uv": [0, 7, 4, 8], "texture": "#ramen"},
				"up": {"uv": [0, 6, 1, 7], "rotation": 180, "texture": "#ramen"},
				"down": {"uv": [0, 6, 3, 8], "rotation": 180, "texture": "#ramen"}
			}
		},
		{
			"from": [7, 1, 11],
			"to": [9, 2, 12],
			"faces": {
				"north": {"uv": [0, 7, 4, 8], "texture": "#ramen"},
				"east": {"uv": [0, 6, 4, 7], "texture": "#ramen"},
				"south": {"uv": [0, 7, 4, 8], "texture": "#ramen"},
				"west": {"uv": [0, 7, 4, 8], "texture": "#ramen"},
				"up": {"uv": [0, 6, 1, 7], "rotation": 180, "texture": "#ramen"},
				"down": {"uv": [0, 6, 3, 8], "rotation": 180, "texture": "#ramen"}
			}
		},
		{
			"from": [9, 1, 10],
			"to": [10, 2, 11],
			"faces": {
				"north": {"uv": [0, 7, 4, 8], "texture": "#ramen"},
				"east": {"uv": [0, 6, 4, 7], "texture": "#ramen"},
				"south": {"uv": [0, 7, 4, 8], "texture": "#ramen"},
				"west": {"uv": [0, 7, 4, 8], "texture": "#ramen"},
				"up": {"uv": [0, 6, 1, 7], "rotation": 180, "texture": "#ramen"},
				"down": {"uv": [0, 6, 3, 8], "rotation": 180, "texture": "#ramen"}
			}
		},
		{
			"from": [10, 1, 9],
			"to": [11, 2, 10],
			"faces": {
				"north": {"uv": [0, 7, 4, 8], "texture": "#ramen"},
				"east": {"uv": [0, 6, 4, 7], "texture": "#ramen"},
				"south": {"uv": [0, 7, 4, 8], "texture": "#ramen"},
				"west": {"uv": [0, 7, 4, 8], "texture": "#ramen"},
				"up": {"uv": [0, 6, 1, 7], "rotation": 180, "texture": "#ramen"},
				"down": {"uv": [0, 6, 3, 8], "rotation": 180, "texture": "#ramen"}
			}
		},
		{
			"from": [5, 2, 9],
			"to": [8, 5, 12],
			"faces": {
				"north": {"uv": [0, 7, 4, 8], "texture": "#ramen"},
				"east": {"uv": [0, 6, 4, 7], "texture": "#ramen"},
				"south": {"uv": [0, 7, 4, 8], "texture": "#ramen"},
				"west": {"uv": [0, 7, 4, 8], "texture": "#ramen"},
				"up": {"uv": [0, 6, 1, 7], "rotation": 180, "texture": "#ramen"},
				"down": {"uv": [0, 6, 3, 8], "rotation": 180, "texture": "#ramen"}
			}
		},
		{
			"from": [4, 2, 8],
			"to": [7, 5, 11],
			"faces": {
				"north": {"uv": [0, 7, 4, 8], "texture": "#ramen"},
				"east": {"uv": [0, 6, 4, 7], "texture": "#ramen"},
				"south": {"uv": [0, 7, 4, 8], "texture": "#ramen"},
				"west": {"uv": [0, 7, 4, 8], "texture": "#ramen"},
				"up": {"uv": [0, 6, 1, 7], "rotation": 180, "texture": "#ramen"},
				"down": {"uv": [0, 6, 3, 8], "rotation": 180, "texture": "#ramen"}
			}
		},
		{
			"from": [6, 2, 10],
			"to": [10, 5, 13],
			"faces": {
				"north": {"uv": [0, 7, 4, 8], "texture": "#ramen"},
				"east": {"uv": [0, 6, 4, 7], "texture": "#ramen"},
				"south": {"uv": [0, 7, 4, 8], "texture": "#ramen"},
				"west": {"uv": [0, 7, 4, 8], "texture": "#ramen"},
				"up": {"uv": [0, 6, 1, 7], "rotation": 180, "texture": "#ramen"},
				"down": {"uv": [0, 6, 3, 8], "rotation": 180, "texture": "#ramen"}
			}
		},
		{
			"from": [8, 2, 9],
			"to": [11, 5, 12],
			"faces": {
				"north": {"uv": [0, 7, 4, 8], "texture": "#ramen"},
				"east": {"uv": [0, 6, 4, 7], "texture": "#ramen"},
				"south": {"uv": [0, 7, 4, 8], "texture": "#ramen"},
				"west": {"uv": [0, 7, 4, 8], "texture": "#ramen"},
				"up": {"uv": [0, 6, 1, 7], "rotation": 180, "texture": "#ramen"},
				"down": {"uv": [0, 6, 3, 8], "rotation": 180, "texture": "#ramen"}
			}
		},
		{
			"from": [9, 2, 8],
			"to": [12, 5, 11],
			"faces": {
				"north": {"uv": [0, 7, 4, 8], "texture": "#ramen"},
				"east": {"uv": [0, 6, 4, 7], "texture": "#ramen"},
				"south": {"uv": [0, 7, 4, 8], "texture": "#ramen"},
				"west": {"uv": [0, 7, 4, 8], "texture": "#ramen"},
				"up": {"uv": [0, 6, 1, 7], "rotation": 180, "texture": "#ramen"},
				"down": {"uv": [0, 6, 3, 8], "rotation": 180, "texture": "#ramen"}
			}
		},
		{
			"from": [3, 2, 6],
			"to": [6, 5, 10],
			"faces": {
				"north": {"uv": [0, 7, 4, 8], "texture": "#ramen"},
				"east": {"uv": [0, 6, 4, 7], "texture": "#ramen"},
				"south": {"uv": [0, 7, 4, 8], "texture": "#ramen"},
				"west": {"uv": [0, 7, 4, 8], "texture": "#ramen"},
				"up": {"uv": [0, 6, 1, 7], "texture": "#ramen"},
				"down": {"uv": [0, 6, 3, 8], "texture": "#ramen"}
			}
		},
		{
			"from": [10, 2, 6],
			"to": [13, 5, 10],
			"faces": {
				"north": {"uv": [0, 7, 4, 8], "texture": "#ramen"},
				"east": {"uv": [0, 6, 4, 7], "texture": "#ramen"},
				"south": {"uv": [0, 7, 4, 8], "texture": "#ramen"},
				"west": {"uv": [0, 7, 4, 8], "texture": "#ramen"},
				"up": {"uv": [0, 6, 1, 7], "texture": "#ramen"},
				"down": {"uv": [0, 6, 3, 8], "texture": "#ramen"}
			}
		},
		{
			"from": [9, 2, 5],
			"to": [12, 5, 8],
			"faces": {
				"north": {"uv": [0, 7, 4, 8], "texture": "#ramen"},
				"east": {"uv": [0, 6, 4, 7], "texture": "#ramen"},
				"south": {"uv": [0, 7, 4, 8], "texture": "#ramen"},
				"west": {"uv": [0, 7, 4, 8], "texture": "#ramen"},
				"up": {"uv": [0, 6, 1, 7], "texture": "#ramen"},
				"down": {"uv": [0, 6, 3, 8], "texture": "#ramen"}
			}
		},
		{
			"from": [8, 2, 4],
			"to": [11, 5, 7],
			"faces": {
				"north": {"uv": [0, 7, 4, 8], "texture": "#ramen"},
				"east": {"uv": [0, 6, 4, 7], "texture": "#ramen"},
				"south": {"uv": [0, 7, 4, 8], "texture": "#ramen"},
				"west": {"uv": [0, 7, 4, 8], "texture": "#ramen"},
				"up": {"uv": [0, 6, 1, 7], "texture": "#ramen"},
				"down": {"uv": [0, 6, 3, 8], "texture": "#ramen"}
			}
		},
		{
			"from": [6, 2, 3],
			"to": [10, 5, 6],
			"faces": {
				"north": {"uv": [0, 7, 4, 8], "texture": "#ramen"},
				"east": {"uv": [0, 6, 4, 7], "texture": "#ramen"},
				"south": {"uv": [0, 7, 4, 8], "texture": "#ramen"},
				"west": {"uv": [0, 7, 4, 8], "texture": "#ramen"},
				"up": {"uv": [0, 6, 1, 7], "texture": "#ramen"},
				"down": {"uv": [0, 6, 3, 8], "texture": "#ramen"}
			}
		},
		{
			"from": [5, 2, 4],
			"to": [8, 5, 7],
			"faces": {
				"north": {"uv": [0, 7, 4, 8], "texture": "#ramen"},
				"east": {"uv": [0, 6, 4, 7], "texture": "#ramen"},
				"south": {"uv": [0, 7, 4, 8], "texture": "#ramen"},
				"west": {"uv": [0, 7, 4, 8], "texture": "#ramen"},
				"up": {"uv": [0, 6, 1, 7], "texture": "#ramen"},
				"down": {"uv": [0, 6, 3, 8], "texture": "#ramen"}
			}
		},
		{
			"from": [4, 2, 5],
			"to": [7, 5, 8],
			"faces": {
				"north": {"uv": [0, 7, 4, 8], "texture": "#ramen"},
				"east": {"uv": [0, 6, 4, 7], "texture": "#ramen"},
				"south": {"uv": [0, 7, 4, 8], "texture": "#ramen"},
				"west": {"uv": [0, 7, 4, 8], "texture": "#ramen"},
				"up": {"uv": [0, 6, 1, 7], "texture": "#ramen"},
				"down": {"uv": [0, 6, 3, 8], "texture": "#ramen"}
			}
		},
		{
			"from": [3, 5, 6],
			"to": [4, 6, 10],
			"faces": {
				"north": {"uv": [0, 7, 4, 8], "texture": "#ramen"},
				"east": {"uv": [0, 6, 4, 7], "texture": "#ramen"},
				"south": {"uv": [0, 7, 4, 8], "texture": "#ramen"},
				"west": {"uv": [0, 7, 4, 8], "texture": "#ramen"},
				"up": {"uv": [0, 6, 1, 7], "texture": "#ramen"},
				"down": {"uv": [0, 6, 3, 8], "texture": "#ramen"}
			}
		},
		{
			"from": [12, 5, 6],
			"to": [13, 6, 10],
			"faces": {
				"north": {"uv": [0, 7, 4, 8], "texture": "#ramen"},
				"east": {"uv": [0, 6, 4, 7], "texture": "#ramen"},
				"south": {"uv": [0, 7, 4, 8], "texture": "#ramen"},
				"west": {"uv": [0, 7, 4, 8], "texture": "#ramen"},
				"up": {"uv": [0, 6, 1, 7], "texture": "#ramen"},
				"down": {"uv": [0, 6, 3, 8], "texture": "#ramen"}
			}
		},
		{
			"from": [4, 5, 5],
			"to": [5, 6, 6],
			"faces": {
				"north": {"uv": [0, 7, 4, 8], "texture": "#ramen"},
				"east": {"uv": [0, 6, 4, 7], "texture": "#ramen"},
				"south": {"uv": [0, 7, 4, 8], "texture": "#ramen"},
				"west": {"uv": [0, 7, 4, 8], "texture": "#ramen"},
				"up": {"uv": [0, 6, 1, 7], "texture": "#ramen"},
				"down": {"uv": [0, 6, 3, 8], "texture": "#ramen"}
			}
		},
		{
			"from": [5, 5, 4],
			"to": [6, 6, 5],
			"faces": {
				"north": {"uv": [0, 7, 4, 8], "texture": "#ramen"},
				"east": {"uv": [0, 6, 4, 7], "texture": "#ramen"},
				"south": {"uv": [0, 7, 4, 8], "texture": "#ramen"},
				"west": {"uv": [0, 7, 4, 8], "texture": "#ramen"},
				"up": {"uv": [0, 6, 1, 7], "texture": "#ramen"},
				"down": {"uv": [0, 6, 3, 8], "texture": "#ramen"}
			}
		},
		{
			"from": [10, 5, 4],
			"to": [11, 6, 5],
			"faces": {
				"north": {"uv": [0, 7, 4, 8], "texture": "#ramen"},
				"east": {"uv": [0, 6, 4, 7], "texture": "#ramen"},
				"south": {"uv": [0, 7, 4, 8], "texture": "#ramen"},
				"west": {"uv": [0, 7, 4, 8], "texture": "#ramen"},
				"up": {"uv": [0, 6, 1, 7], "texture": "#ramen"},
				"down": {"uv": [0, 6, 3, 8], "texture": "#ramen"}
			}
		},
		{
			"from": [11, 5, 5],
			"to": [12, 6, 6],
			"faces": {
				"north": {"uv": [0, 7, 4, 8], "texture": "#ramen"},
				"east": {"uv": [0, 6, 4, 7], "texture": "#ramen"},
				"south": {"uv": [0, 7, 4, 8], "texture": "#ramen"},
				"west": {"uv": [0, 7, 4, 8], "texture": "#ramen"},
				"up": {"uv": [0, 6, 1, 7], "texture": "#ramen"},
				"down": {"uv": [0, 6, 3, 8], "texture": "#ramen"}
			}
		},
		{
			"from": [6, 5, 3],
			"to": [10, 6, 4],
			"faces": {
				"north": {"uv": [0, 7, 4, 8], "texture": "#ramen"},
				"east": {"uv": [0, 6, 4, 7], "texture": "#ramen"},
				"south": {"uv": [0, 7, 4, 8], "texture": "#ramen"},
				"west": {"uv": [0, 7, 4, 8], "texture": "#ramen"},
				"up": {"uv": [0, 6, 1, 7], "rotation": 270, "texture": "#ramen"},
				"down": {"uv": [0, 6, 3, 8], "rotation": 90, "texture": "#ramen"}
			}
		},
		{
			"from": [6, 5, 12],
			"to": [10, 6, 13],
			"faces": {
				"north": {"uv": [0, 7, 4, 8], "texture": "#ramen"},
				"east": {"uv": [0, 6, 4, 7], "texture": "#ramen"},
				"south": {"uv": [0, 7, 4, 8], "texture": "#ramen"},
				"west": {"uv": [0, 7, 4, 8], "texture": "#ramen"},
				"up": {"uv": [0, 6, 1, 7], "rotation": 90, "texture": "#ramen"},
				"down": {"uv": [0, 6, 3, 8], "rotation": 270, "texture": "#ramen"}
			}
		},
		{
			"from": [11, 5, 10],
			"to": [12, 6, 11],
			"faces": {
				"north": {"uv": [0, 7, 4, 8], "texture": "#ramen"},
				"east": {"uv": [0, 6, 4, 7], "texture": "#ramen"},
				"south": {"uv": [0, 7, 4, 8], "texture": "#ramen"},
				"west": {"uv": [0, 7, 4, 8], "texture": "#ramen"},
				"up": {"uv": [0, 6, 1, 7], "rotation": 180, "texture": "#ramen"},
				"down": {"uv": [0, 6, 3, 8], "rotation": 180, "texture": "#ramen"}
			}
		},
		{
			"from": [10, 5, 11],
			"to": [11, 6, 12],
			"faces": {
				"north": {"uv": [0, 7, 4, 8], "texture": "#ramen"},
				"east": {"uv": [0, 6, 4, 7], "texture": "#ramen"},
				"south": {"uv": [0, 7, 4, 8], "texture": "#ramen"},
				"west": {"uv": [0, 7, 4, 8], "texture": "#ramen"},
				"up": {"uv": [0, 6, 1, 7], "rotation": 180, "texture": "#ramen"},
				"down": {"uv": [0, 6, 3, 8], "rotation": 180, "texture": "#ramen"}
			}
		},
		{
			"from": [4, 5, 10],
			"to": [5, 6, 11],
			"faces": {
				"north": {"uv": [0, 7, 4, 8], "texture": "#ramen"},
				"east": {"uv": [0, 6, 4, 7], "texture": "#ramen"},
				"south": {"uv": [0, 7, 4, 8], "texture": "#ramen"},
				"west": {"uv": [0, 7, 4, 8], "texture": "#ramen"},
				"up": {"uv": [0, 6, 1, 7], "rotation": 180, "texture": "#ramen"},
				"down": {"uv": [0, 6, 3, 8], "rotation": 180, "texture": "#ramen"}
			}
		},
		{
			"from": [5, 5, 11],
			"to": [6, 6, 12],
			"faces": {
				"north": {"uv": [0, 7, 4, 8], "texture": "#ramen"},
				"east": {"uv": [0, 6, 4, 7], "texture": "#ramen"},
				"south": {"uv": [0, 7, 4, 8], "texture": "#ramen"},
				"west": {"uv": [0, 7, 4, 8], "texture": "#ramen"},
				"up": {"uv": [0, 6, 1, 7], "rotation": 180, "texture": "#ramen"},
				"down": {"uv": [0, 6, 3, 8], "rotation": 180, "texture": "#ramen"}
			}
		},
		{
			"from": [4, 5, 6],
			"to": [5, 5.5, 10],
			"faces": {
				"north": {"uv": [0, 0, 4, 0.5], "texture": "#ramen"},
				"east": {"uv": [0, 0, 4, 0.5], "texture": "#ramen"},
				"south": {"uv": [0, 0, 1, 0.5], "texture": "#ramen"},
				"west": {"uv": [0, 0, 4, 0.5], "texture": "#ramen"},
				"up": {"uv": [0, 0, 1, 1], "texture": "#ramen"},
				"down": {"uv": [0, 0, 1, 1], "texture": "#ramen"}
			}
		},
		{
			"from": [5, 5, 5],
			"to": [6, 5.5, 11],
			"faces": {
				"north": {"uv": [0, 0, 4, 0.5], "texture": "#ramen"},
				"east": {"uv": [0, 0, 6, 0.5], "texture": "#ramen"},
				"south": {"uv": [0, 0, 1, 0.5], "texture": "#ramen"},
				"west": {"uv": [0, 0, 6, 0.5], "texture": "#ramen"},
				"up": {"uv": [0, 0, 1, 1], "texture": "#ramen"},
				"down": {"uv": [0, 0, 1, 1], "texture": "#ramen"}
			}
		},
		{
			"from": [10, 5, 5],
			"to": [11, 5.5, 11],
			"faces": {
				"north": {"uv": [0, 0, 4, 0.5], "texture": "#ramen"},
				"east": {"uv": [0, 0, 6, 0.5], "texture": "#ramen"},
				"south": {"uv": [0, 0, 1, 0.5], "texture": "#ramen"},
				"west": {"uv": [0, 0, 6, 0.5], "texture": "#ramen"},
				"up": {"uv": [0, 0, 1, 1], "rotation": 180, "texture": "#ramen"},
				"down": {"uv": [0, 0, 1, 1], "rotation": 180, "texture": "#ramen"}
			}
		},
		{
			"from": [11, 5, 6],
			"to": [12, 5.5, 10],
			"faces": {
				"north": {"uv": [0, 0, 4, 0.5], "texture": "#ramen"},
				"east": {"uv": [0, 0, 4, 0.5], "texture": "#ramen"},
				"south": {"uv": [0, 0, 1, 0.5], "texture": "#ramen"},
				"west": {"uv": [0, 0, 4, 0.5], "texture": "#ramen"},
				"up": {"uv": [0, 0, 1, 1], "rotation": 180, "texture": "#ramen"},
				"down": {"uv": [0, 0, 1, 1], "rotation": 180, "texture": "#ramen"}
			}
		},
		{
			"from": [6, 5, 4],
			"to": [10, 5.5, 12],
			"faces": {
				"north": {"uv": [0, 0, 4, 0.5], "texture": "#ramen"},
				"east": {"uv": [0, 0, 8, 0.5], "texture": "#ramen"},
				"south": {"uv": [0, 0, 4, 0.5], "texture": "#ramen"},
				"west": {"uv": [0, 0, 8, 0.5], "texture": "#ramen"},
				"up": {"uv": [0, 0, 1, 1], "rotation": 180, "texture": "#ramen"},
				"down": {"uv": [0, 0, 1, 1], "rotation": 180, "texture": "#ramen"}
			}
		},
		{
			"from": [5.75, -0.25, 7],
			"to": [6, 0, 9],
			"faces": {
				"north": {"uv": [0, 7, 4, 8], "texture": "#ramen"},
				"east": {"uv": [0, 6, 4, 7], "texture": "#ramen"},
				"south": {"uv": [0, 7, 4, 8], "texture": "#ramen"},
				"west": {"uv": [0, 7, 4, 8], "texture": "#ramen"},
				"up": {"uv": [0, 6, 1, 7], "texture": "#ramen"},
				"down": {"uv": [0, 6, 3, 8], "texture": "#ramen"}
			}
		},
		{
			"from": [10, -0.25, 7],
			"to": [10.25, 0, 9],
			"faces": {
				"north": {"uv": [0, 7, 4, 8], "texture": "#ramen"},
				"east": {"uv": [0, 6, 4, 7], "texture": "#ramen"},
				"south": {"uv": [0, 7, 4, 8], "texture": "#ramen"},
				"west": {"uv": [0, 7, 4, 8], "texture": "#ramen"},
				"up": {"uv": [0, 6, 1, 7], "texture": "#ramen"},
				"down": {"uv": [0, 6, 3, 8], "texture": "#ramen"}
			}
		},
		{
			"from": [7, -0.25, 5.75],
			"to": [9, 0, 6],
			"faces": {
				"north": {"uv": [0, 7, 4, 8], "texture": "#ramen"},
				"east": {"uv": [0, 7, 4, 8], "texture": "#ramen"},
				"south": {"uv": [0, 7, 4, 8], "texture": "#ramen"},
				"west": {"uv": [0, 6, 4, 7], "texture": "#ramen"},
				"up": {"uv": [0, 6, 1, 7], "rotation": 180, "texture": "#ramen"},
				"down": {"uv": [0, 6, 3, 8], "rotation": 180, "texture": "#ramen"}
			}
		},
		{
			"from": [9, -0.25, 6],
			"to": [9.25, 0, 6.25],
			"faces": {
				"north": {"uv": [0, 7, 4, 8], "texture": "#ramen"},
				"east": {"uv": [0, 7, 4, 8], "rotation": 180, "texture": "#ramen"},
				"south": {"uv": [0, 7, 4, 8], "texture": "#ramen"},
				"west": {"uv": [0, 6, 4, 7], "rotation": 180, "texture": "#ramen"},
				"up": {"uv": [0, 6, 1, 7], "texture": "#ramen"},
				"down": {"uv": [0, 6, 3, 8], "texture": "#ramen"}
			}
		},
		{
			"from": [9.25, -0.25, 6.25],
			"to": [9.5, 0, 6.5],
			"faces": {
				"north": {"uv": [0, 7, 4, 8], "texture": "#ramen"},
				"east": {"uv": [0, 7, 4, 8], "rotation": 180, "texture": "#ramen"},
				"south": {"uv": [0, 7, 4, 8], "texture": "#ramen"},
				"west": {"uv": [0, 6, 4, 7], "rotation": 180, "texture": "#ramen"},
				"up": {"uv": [0, 6, 1, 7], "texture": "#ramen"},
				"down": {"uv": [0, 6, 3, 8], "texture": "#ramen"}
			}
		},
		{
			"from": [9.5, -0.25, 6.5],
			"to": [9.75, 0, 6.75],
			"faces": {
				"north": {"uv": [0, 7, 4, 8], "texture": "#ramen"},
				"east": {"uv": [0, 7, 4, 8], "rotation": 180, "texture": "#ramen"},
				"south": {"uv": [0, 7, 4, 8], "texture": "#ramen"},
				"west": {"uv": [0, 6, 4, 7], "rotation": 180, "texture": "#ramen"},
				"up": {"uv": [0, 6, 1, 7], "texture": "#ramen"},
				"down": {"uv": [0, 6, 3, 8], "texture": "#ramen"}
			}
		},
		{
			"from": [9.75, -0.25, 6.75],
			"to": [10, 0, 7],
			"faces": {
				"north": {"uv": [0, 7, 4, 8], "texture": "#ramen"},
				"east": {"uv": [0, 7, 4, 8], "rotation": 180, "texture": "#ramen"},
				"south": {"uv": [0, 7, 4, 8], "texture": "#ramen"},
				"west": {"uv": [0, 6, 4, 7], "rotation": 180, "texture": "#ramen"},
				"up": {"uv": [0, 6, 1, 7], "texture": "#ramen"},
				"down": {"uv": [0, 6, 3, 8], "texture": "#ramen"}
			}
		},
		{
			"from": [6, -0.25, 6.75],
			"to": [6.25, 0, 7],
			"faces": {
				"north": {"uv": [0, 7, 4, 8], "texture": "#ramen"},
				"east": {"uv": [0, 7, 4, 8], "texture": "#ramen"},
				"south": {"uv": [0, 7, 4, 8], "texture": "#ramen"},
				"west": {"uv": [0, 6, 4, 7], "texture": "#ramen"},
				"up": {"uv": [0, 6, 1, 7], "rotation": 180, "texture": "#ramen"},
				"down": {"uv": [0, 6, 3, 8], "rotation": 180, "texture": "#ramen"}
			}
		},
		{
			"from": [6.25, -0.25, 6.5],
			"to": [6.5, 0, 6.75],
			"faces": {
				"north": {"uv": [0, 7, 4, 8], "texture": "#ramen"},
				"east": {"uv": [0, 7, 4, 8], "texture": "#ramen"},
				"south": {"uv": [0, 7, 4, 8], "texture": "#ramen"},
				"west": {"uv": [0, 6, 4, 7], "texture": "#ramen"},
				"up": {"uv": [0, 6, 1, 7], "rotation": 180, "texture": "#ramen"},
				"down": {"uv": [0, 6, 3, 8], "rotation": 180, "texture": "#ramen"}
			}
		},
		{
			"from": [6.5, -0.25, 6.25],
			"to": [6.75, 0, 6.5],
			"faces": {
				"north": {"uv": [0, 7, 4, 8], "texture": "#ramen"},
				"east": {"uv": [0, 7, 4, 8], "texture": "#ramen"},
				"south": {"uv": [0, 7, 4, 8], "texture": "#ramen"},
				"west": {"uv": [0, 6, 4, 7], "texture": "#ramen"},
				"up": {"uv": [0, 6, 1, 7], "rotation": 180, "texture": "#ramen"},
				"down": {"uv": [0, 6, 3, 8], "rotation": 180, "texture": "#ramen"}
			}
		},
		{
			"from": [6.75, -0.25, 6],
			"to": [7, 0, 6.25],
			"faces": {
				"north": {"uv": [0, 7, 4, 8], "texture": "#ramen"},
				"east": {"uv": [0, 7, 4, 8], "texture": "#ramen"},
				"south": {"uv": [0, 7, 4, 8], "texture": "#ramen"},
				"west": {"uv": [0, 6, 4, 7], "texture": "#ramen"},
				"up": {"uv": [0, 6, 1, 7], "rotation": 180, "texture": "#ramen"},
				"down": {"uv": [0, 6, 3, 8], "rotation": 180, "texture": "#ramen"}
			}
		},
		{
			"from": [9.25, -0.25, 9.5],
			"to": [9.5, 0, 9.75],
			"faces": {
				"north": {"uv": [0, 7, 4, 8], "texture": "#ramen"},
				"east": {"uv": [0, 6, 4, 7], "texture": "#ramen"},
				"south": {"uv": [0, 7, 4, 8], "texture": "#ramen"},
				"west": {"uv": [0, 7, 4, 8], "texture": "#ramen"},
				"up": {"uv": [0, 6, 1, 7], "texture": "#ramen"},
				"down": {"uv": [0, 6, 3, 8], "texture": "#ramen"}
			}
		},
		{
			"from": [9.75, -0.25, 9],
			"to": [10, 0, 9.25],
			"faces": {
				"north": {"uv": [0, 7, 4, 8], "texture": "#ramen"},
				"east": {"uv": [0, 6, 4, 7], "texture": "#ramen"},
				"south": {"uv": [0, 7, 4, 8], "texture": "#ramen"},
				"west": {"uv": [0, 7, 4, 8], "texture": "#ramen"},
				"up": {"uv": [0, 6, 1, 7], "texture": "#ramen"},
				"down": {"uv": [0, 6, 3, 8], "texture": "#ramen"}
			}
		},
		{
			"from": [9.5, -0.25, 9.25],
			"to": [9.75, 0, 9.5],
			"faces": {
				"north": {"uv": [0, 7, 4, 8], "texture": "#ramen"},
				"east": {"uv": [0, 6, 4, 7], "texture": "#ramen"},
				"south": {"uv": [0, 7, 4, 8], "texture": "#ramen"},
				"west": {"uv": [0, 7, 4, 8], "texture": "#ramen"},
				"up": {"uv": [0, 6, 1, 7], "texture": "#ramen"},
				"down": {"uv": [0, 6, 3, 8], "texture": "#ramen"}
			}
		},
		{
			"from": [9, -0.25, 9.75],
			"to": [9.25, 0, 10],
			"faces": {
				"north": {"uv": [0, 7, 4, 8], "texture": "#ramen"},
				"east": {"uv": [0, 6, 4, 7], "texture": "#ramen"},
				"south": {"uv": [0, 7, 4, 8], "texture": "#ramen"},
				"west": {"uv": [0, 7, 4, 8], "texture": "#ramen"},
				"up": {"uv": [0, 6, 1, 7], "texture": "#ramen"},
				"down": {"uv": [0, 6, 3, 8], "texture": "#ramen"}
			}
		},
		{
			"from": [6.75, -0.25, 9.75],
			"to": [7, 0, 10],
			"faces": {
				"north": {"uv": [0, 7, 4, 8], "texture": "#ramen"},
				"east": {"uv": [0, 6, 4, 7], "rotation": 180, "texture": "#ramen"},
				"south": {"uv": [0, 7, 4, 8], "texture": "#ramen"},
				"west": {"uv": [0, 7, 4, 8], "rotation": 180, "texture": "#ramen"},
				"up": {"uv": [0, 6, 1, 7], "rotation": 180, "texture": "#ramen"},
				"down": {"uv": [0, 6, 3, 8], "rotation": 180, "texture": "#ramen"}
			}
		},
		{
			"from": [6.5, -0.25, 9.5],
			"to": [6.75, 0, 9.75],
			"faces": {
				"north": {"uv": [0, 7, 4, 8], "texture": "#ramen"},
				"east": {"uv": [0, 6, 4, 7], "rotation": 180, "texture": "#ramen"},
				"south": {"uv": [0, 7, 4, 8], "texture": "#ramen"},
				"west": {"uv": [0, 7, 4, 8], "rotation": 180, "texture": "#ramen"},
				"up": {"uv": [0, 6, 1, 7], "rotation": 180, "texture": "#ramen"},
				"down": {"uv": [0, 6, 3, 8], "rotation": 180, "texture": "#ramen"}
			}
		},
		{
			"from": [6.25, -0.25, 9.25],
			"to": [6.5, 0, 9.5],
			"faces": {
				"north": {"uv": [0, 7, 4, 8], "texture": "#ramen"},
				"east": {"uv": [0, 6, 4, 7], "rotation": 180, "texture": "#ramen"},
				"south": {"uv": [0, 7, 4, 8], "texture": "#ramen"},
				"west": {"uv": [0, 7, 4, 8], "rotation": 180, "texture": "#ramen"},
				"up": {"uv": [0, 6, 1, 7], "rotation": 180, "texture": "#ramen"},
				"down": {"uv": [0, 6, 3, 8], "rotation": 180, "texture": "#ramen"}
			}
		},
		{
			"from": [6, -0.25, 9],
			"to": [6.25, 0, 9.25],
			"faces": {
				"north": {"uv": [0, 7, 4, 8], "texture": "#ramen"},
				"east": {"uv": [0, 6, 4, 7], "rotation": 180, "texture": "#ramen"},
				"south": {"uv": [0, 7, 4, 8], "texture": "#ramen"},
				"west": {"uv": [0, 7, 4, 8], "rotation": 180, "texture": "#ramen"},
				"up": {"uv": [0, 6, 1, 7], "rotation": 180, "texture": "#ramen"},
				"down": {"uv": [0, 6, 3, 8], "rotation": 180, "texture": "#ramen"}
			}
		},
		{
			"from": [7, -0.25, 10],
			"to": [9, 0, 10.25],
			"faces": {
				"north": {"uv": [0, 7, 4, 8], "texture": "#ramen"},
				"east": {"uv": [0, 6, 4, 7], "texture": "#ramen"},
				"south": {"uv": [0, 7, 4, 8], "texture": "#ramen"},
				"west": {"uv": [0, 7, 4, 8], "texture": "#ramen"},
				"up": {"uv": [0, 6, 1, 7], "texture": "#ramen"},
				"down": {"uv": [0, 6, 3, 8], "texture": "#ramen"}
			}
		},
		{
			"from": [8.5, 5, 7],
			"to": [9, 6, 7.25],
			"faces": {
				"north": {"uv": [13, 15, 14, 16], "texture": "#ramen"},
				"east": {"uv": [15, 15, 15.25, 16], "texture": "#ramen"},
				"south": {"uv": [13, 15, 14, 16], "texture": "#ramen"},
				"west": {"uv": [15, 15, 15.25, 16], "texture": "#ramen"},
				"up": {"uv": [15, 14, 16, 15.25], "texture": "#ramen"},
				"down": {"uv": [15, 15, 16, 15.25], "texture": "#ramen"}
			}
		},
		{
			"from": [8.25, 5, 7.25],
			"to": [8.5, 6, 7.5],
			"faces": {
				"north": {"uv": [13, 15, 14, 16], "texture": "#ramen"},
				"east": {"uv": [15, 15, 15.25, 16], "texture": "#ramen"},
				"south": {"uv": [13, 15, 14, 16], "texture": "#ramen"},
				"west": {"uv": [15, 15, 15.25, 16], "texture": "#ramen"},
				"up": {"uv": [15, 14, 16, 15.25], "texture": "#ramen"},
				"down": {"uv": [15, 15, 16, 15.25], "texture": "#ramen"}
			}
		},
		{
			"from": [8.5, 5, 7.5],
			"to": [9.25, 6, 7.75],
			"faces": {
				"north": {"uv": [13, 15, 14, 16], "texture": "#ramen"},
				"east": {"uv": [15, 15, 15.25, 16], "texture": "#ramen"},
				"south": {"uv": [13, 15, 14, 16], "texture": "#ramen"},
				"west": {"uv": [15, 15, 15.25, 16], "texture": "#ramen"},
				"up": {"uv": [15, 14, 16, 15.25], "texture": "#ramen"},
				"down": {"uv": [15, 15, 16, 15.25], "texture": "#ramen"}
			}
		},
		{
			"from": [9.25, 5, 6.75],
			"to": [9.5, 6, 7.5],
			"faces": {
				"north": {"uv": [13, 15, 14, 16], "texture": "#ramen"},
				"east": {"uv": [15, 15, 15.25, 16], "texture": "#ramen"},
				"south": {"uv": [13, 15, 14, 16], "texture": "#ramen"},
				"west": {"uv": [15, 15, 15.25, 16], "texture": "#ramen"},
				"up": {"uv": [15, 14, 16, 15.25], "texture": "#ramen"},
				"down": {"uv": [15, 15, 16, 15.25], "texture": "#ramen"}
			}
		},
		{
			"from": [8.25, 5, 6.5],
			"to": [9.25, 6, 6.75],
			"faces": {
				"north": {"uv": [13, 15, 14, 16], "texture": "#ramen"},
				"east": {"uv": [15, 15, 15.25, 16], "texture": "#ramen"},
				"south": {"uv": [13, 15, 14, 16], "texture": "#ramen"},
				"west": {"uv": [15, 15, 15.25, 16], "texture": "#ramen"},
				"up": {"uv": [15, 14, 16, 15.25], "texture": "#ramen"},
				"down": {"uv": [15, 15, 16, 15.25], "texture": "#ramen"}
			}
		},
		{
			"from": [9.5, 5, 6.5],
			"to": [9.75, 6, 7.75],
			"faces": {
				"north": {"uv": [1, 6, 1.25, 7], "texture": "#ramen"},
				"east": {"uv": [0, 7, 0.75, 8], "texture": "#ramen"},
				"south": {"uv": [0, 6, 0.25, 7], "texture": "#ramen"},
				"west": {"uv": [0, 6, 0.75, 7], "texture": "#ramen"},
				"up": {"uv": [1, 8, 1.25, 8.75], "texture": "#ramen"},
				"down": {"uv": [0, 8, 0.25, 8.75], "texture": "#ramen"}
			}
		},
		{
			"from": [8.25, 5, 7.75],
			"to": [9.5, 6, 8],
			"faces": {
				"north": {"uv": [1, 6, 1.25, 7], "texture": "#ramen"},
				"east": {"uv": [0, 7, 0.75, 8], "texture": "#ramen"},
				"south": {"uv": [0, 6, 0.25, 7], "texture": "#ramen"},
				"west": {"uv": [0, 6, 0.75, 7], "texture": "#ramen"},
				"up": {"uv": [1, 8, 1.25, 8.75], "texture": "#ramen"},
				"down": {"uv": [0, 8, 0.25, 8.75], "texture": "#ramen"}
			}
		},
		{
			"from": [9.25, 5, 7.5],
			"to": [9.5, 6, 7.75],
			"faces": {
				"north": {"uv": [1, 6, 1.25, 7], "texture": "#ramen"},
				"east": {"uv": [0, 7, 0.75, 8], "texture": "#ramen"},
				"south": {"uv": [0, 6, 0.25, 7], "texture": "#ramen"},
				"west": {"uv": [0, 6, 0.75, 7], "texture": "#ramen"},
				"up": {"uv": [1, 8, 1.25, 8.75], "texture": "#ramen"},
				"down": {"uv": [0, 8, 0.25, 8.75], "texture": "#ramen"}
			}
		},
		{
			"from": [9.25, 5, 6.5],
			"to": [9.5, 6, 6.75],
			"faces": {
				"north": {"uv": [1, 6, 1.25, 7], "texture": "#ramen"},
				"east": {"uv": [0, 7, 0.75, 8], "texture": "#ramen"},
				"south": {"uv": [0, 6, 0.25, 7], "texture": "#ramen"},
				"west": {"uv": [0, 6, 0.75, 7], "texture": "#ramen"},
				"up": {"uv": [1, 8, 1.25, 8.75], "texture": "#ramen"},
				"down": {"uv": [0, 8, 0.25, 8.75], "texture": "#ramen"}
			}
		},
		{
			"from": [8.25, 5, 6.25],
			"to": [9.5, 6, 6.5],
			"faces": {
				"north": {"uv": [1, 6, 1.25, 7], "texture": "#ramen"},
				"east": {"uv": [0, 7, 0.75, 8], "texture": "#ramen"},
				"south": {"uv": [0, 6, 0.25, 7], "texture": "#ramen"},
				"west": {"uv": [0, 6, 0.75, 7], "texture": "#ramen"},
				"up": {"uv": [1, 8, 1.25, 8.75], "texture": "#ramen"},
				"down": {"uv": [0, 8, 0.25, 8.75], "texture": "#ramen"}
			}
		},
		{
			"from": [8.5, 5, 7.25],
			"to": [9.25, 6, 7.5],
			"faces": {
				"north": {"uv": [1, 6, 1.25, 7], "texture": "#ramen"},
				"east": {"uv": [0, 7, 0.75, 8], "texture": "#ramen"},
				"south": {"uv": [0, 6, 0.25, 7], "texture": "#ramen"},
				"west": {"uv": [0, 6, 0.75, 7], "texture": "#ramen"},
				"up": {"uv": [1, 8, 1.25, 8.75], "texture": "#ramen"},
				"down": {"uv": [0, 8, 0.25, 8.75], "texture": "#ramen"}
			}
		},
		{
			"from": [9, 5, 6.75],
			"to": [9.25, 6, 7.25],
			"faces": {
				"north": {"uv": [1, 6, 1.25, 7], "texture": "#ramen"},
				"east": {"uv": [0, 7, 0.75, 8], "texture": "#ramen"},
				"south": {"uv": [0, 6, 0.25, 7], "texture": "#ramen"},
				"west": {"uv": [0, 6, 0.75, 7], "texture": "#ramen"},
				"up": {"uv": [1, 8, 1.25, 8.75], "texture": "#ramen"},
				"down": {"uv": [0, 8, 0.25, 8.75], "texture": "#ramen"}
			}
		},
		{
			"from": [8.5, 5, 6.75],
			"to": [9, 6, 7],
			"faces": {
				"north": {"uv": [1, 6, 1.25, 7], "texture": "#ramen"},
				"east": {"uv": [0, 7, 0.75, 8], "texture": "#ramen"},
				"south": {"uv": [0, 6, 0.25, 7], "texture": "#ramen"},
				"west": {"uv": [0, 6, 0.75, 7], "texture": "#ramen"},
				"up": {"uv": [1, 8, 1.25, 8.75], "texture": "#ramen"},
				"down": {"uv": [0, 8, 0.25, 8.75], "texture": "#ramen"}
			}
		},
		{
			"from": [8.25, 5, 6.75],
			"to": [8.5, 6, 7.25],
			"faces": {
				"north": {"uv": [1, 6, 1.25, 7], "texture": "#ramen"},
				"east": {"uv": [0, 7, 0.75, 8], "texture": "#ramen"},
				"south": {"uv": [0, 6, 0.25, 7], "texture": "#ramen"},
				"west": {"uv": [0, 6, 0.75, 7], "texture": "#ramen"},
				"up": {"uv": [1, 8, 1.25, 8.75], "texture": "#ramen"},
				"down": {"uv": [0, 8, 0.25, 8.75], "texture": "#ramen"}
			}
		},
		{
			"from": [8.25, 5, 7.5],
			"to": [8.5, 6, 7.75],
			"faces": {
				"north": {"uv": [1, 6, 1.25, 7], "texture": "#ramen"},
				"east": {"uv": [0, 7, 0.75, 8], "texture": "#ramen"},
				"south": {"uv": [0, 6, 0.25, 7], "texture": "#ramen"},
				"west": {"uv": [0, 6, 0.75, 7], "texture": "#ramen"},
				"up": {"uv": [1, 8, 1.25, 8.75], "texture": "#ramen"},
				"down": {"uv": [0, 8, 0.25, 8.75], "texture": "#ramen"}
			}
		},
		{
			"from": [8, 5, 6.5],
			"to": [8.25, 6, 7.75],
			"faces": {
				"north": {"uv": [1, 6, 1.25, 7], "texture": "#ramen"},
				"east": {"uv": [0, 7, 0.75, 8], "texture": "#ramen"},
				"south": {"uv": [0, 6, 0.25, 7], "texture": "#ramen"},
				"west": {"uv": [0, 6, 0.75, 7], "texture": "#ramen"},
				"up": {"uv": [1, 8, 1.25, 8.75], "texture": "#ramen"},
				"down": {"uv": [0, 8, 0.25, 8.75], "texture": "#ramen"}
			}
		},
		{
			"from": [7.75, 5, 6.75],
			"to": [8, 6, 7.5],
			"faces": {
				"north": {"uv": [1, 6, 1.25, 7], "texture": "#ramen"},
				"east": {"uv": [0, 7, 0.75, 8], "texture": "#ramen"},
				"south": {"uv": [0, 6, 0.25, 7], "texture": "#ramen"},
				"west": {"uv": [0, 6, 0.75, 7], "texture": "#ramen"},
				"up": {"uv": [1, 8, 1.25, 8.75], "texture": "#ramen"},
				"down": {"uv": [0, 8, 0.25, 8.75], "texture": "#ramen"}
			}
		},
		{
			"from": [2.75, 4, 7.25],
			"to": [3, 4.25, 8.25],
			"faces": {
				"north": {"uv": [14, 11, 14.25, 12], "rotation": 270, "texture": "#ramen"},
				"east": {"uv": [14, 12, 15, 13.25], "texture": "#ramen"},
				"south": {"uv": [14, 12, 14.25, 13], "rotation": 270, "texture": "#ramen"},
				"west": {"uv": [14, 12, 15, 12.25], "rotation": 180, "texture": "#ramen"},
				"up": {"uv": [12, 11, 13, 12], "rotation": 90, "texture": "#ramen"},
				"down": {"uv": [13, 12, 14, 13], "rotation": 90, "texture": "#ramen"}
			}
		},
		{
			"from": [2.75, 4.25, 8.25],
			"to": [3, 5, 8.5],
			"faces": {
				"north": {"uv": [14, 11, 14.25, 12], "rotation": 270, "texture": "#ramen"},
				"east": {"uv": [14, 12, 15, 13.25], "texture": "#ramen"},
				"south": {"uv": [14, 12, 14.25, 13], "rotation": 270, "texture": "#ramen"},
				"west": {"uv": [14, 12, 15, 12.25], "rotation": 180, "texture": "#ramen"},
				"up": {"uv": [12, 11, 13, 12], "rotation": 90, "texture": "#ramen"},
				"down": {"uv": [13, 12, 14, 13], "rotation": 90, "texture": "#ramen"}
			}
		},
		{
			"from": [2.75, 4.5, 7.5],
			"to": [3, 4.75, 8],
			"faces": {
				"north": {"uv": [14, 11, 14.25, 12], "rotation": 270, "texture": "#ramen"},
				"east": {"uv": [14, 12, 15, 13.25], "texture": "#ramen"},
				"south": {"uv": [14, 12, 14.25, 13], "rotation": 270, "texture": "#ramen"},
				"west": {"uv": [14, 12, 15, 12.25], "rotation": 180, "texture": "#ramen"},
				"up": {"uv": [12, 11, 13, 12], "rotation": 90, "texture": "#ramen"},
				"down": {"uv": [13, 12, 14, 13], "rotation": 90, "texture": "#ramen"}
			}
		},
		{
			"from": [2.75, 4.75, 7.25],
			"to": [3, 5, 7.5],
			"faces": {
				"north": {"uv": [14, 11, 14.25, 12], "rotation": 270, "texture": "#ramen"},
				"east": {"uv": [14, 12, 15, 13.25], "texture": "#ramen"},
				"south": {"uv": [14, 12, 14.25, 13], "rotation": 270, "texture": "#ramen"},
				"west": {"uv": [14, 12, 15, 12.25], "rotation": 180, "texture": "#ramen"},
				"up": {"uv": [12, 11, 13, 12], "rotation": 90, "texture": "#ramen"},
				"down": {"uv": [13, 12, 14, 13], "rotation": 90, "texture": "#ramen"}
			}
		},
		{
			"from": [2.75, 5, 7.5],
			"to": [3, 5.25, 8.25],
			"faces": {
				"north": {"uv": [14, 11, 14.25, 12], "rotation": 270, "texture": "#ramen"},
				"east": {"uv": [14, 12, 15, 13.25], "texture": "#ramen"},
				"south": {"uv": [14, 12, 14.25, 13], "rotation": 270, "texture": "#ramen"},
				"west": {"uv": [14, 12, 15, 12.25], "rotation": 180, "texture": "#ramen"},
				"up": {"uv": [12, 11, 13, 12], "rotation": 90, "texture": "#ramen"},
				"down": {"uv": [13, 12, 14, 13], "rotation": 90, "texture": "#ramen"}
			}
		},
		{
			"from": [7.25, 4, 13],
			"to": [8.25, 4.25, 13.25],
			"faces": {
				"north": {"uv": [14, 12, 15, 13.25], "texture": "#ramen"},
				"east": {"uv": [14, 12, 14.25, 13], "rotation": 270, "texture": "#ramen"},
				"south": {"uv": [14, 12, 15, 12.25], "rotation": 180, "texture": "#ramen"},
				"west": {"uv": [14, 11, 14.25, 12], "rotation": 270, "texture": "#ramen"},
				"up": {"uv": [12, 11, 13, 12], "texture": "#ramen"},
				"down": {"uv": [13, 12, 14, 13], "rotation": 180, "texture": "#ramen"}
			}
		},
		{
			"from": [8.25, 4.25, 13],
			"to": [8.5, 5, 13.25],
			"faces": {
				"north": {"uv": [14, 12, 15, 13.25], "texture": "#ramen"},
				"east": {"uv": [14, 12, 14.25, 13], "rotation": 270, "texture": "#ramen"},
				"south": {"uv": [14, 12, 15, 12.25], "rotation": 180, "texture": "#ramen"},
				"west": {"uv": [14, 11, 14.25, 12], "rotation": 270, "texture": "#ramen"},
				"up": {"uv": [12, 11, 13, 12], "texture": "#ramen"},
				"down": {"uv": [13, 12, 14, 13], "rotation": 180, "texture": "#ramen"}
			}
		},
		{
			"from": [7.5, 4.5, 13],
			"to": [8, 4.75, 13.25],
			"faces": {
				"north": {"uv": [14, 12, 15, 13.25], "texture": "#ramen"},
				"east": {"uv": [14, 12, 14.25, 13], "rotation": 270, "texture": "#ramen"},
				"south": {"uv": [14, 12, 15, 12.25], "rotation": 180, "texture": "#ramen"},
				"west": {"uv": [14, 11, 14.25, 12], "rotation": 270, "texture": "#ramen"},
				"up": {"uv": [12, 11, 13, 12], "texture": "#ramen"},
				"down": {"uv": [13, 12, 14, 13], "rotation": 180, "texture": "#ramen"}
			}
		},
		{
			"from": [7.25, 4.75, 13],
			"to": [7.5, 5, 13.25],
			"faces": {
				"north": {"uv": [14, 12, 15, 13.25], "texture": "#ramen"},
				"east": {"uv": [14, 12, 14.25, 13], "rotation": 270, "texture": "#ramen"},
				"south": {"uv": [14, 12, 15, 12.25], "rotation": 180, "texture": "#ramen"},
				"west": {"uv": [14, 11, 14.25, 12], "rotation": 270, "texture": "#ramen"},
				"up": {"uv": [12, 11, 13, 12], "texture": "#ramen"},
				"down": {"uv": [13, 12, 14, 13], "rotation": 180, "texture": "#ramen"}
			}
		},
		{
			"from": [7.5, 5, 13],
			"to": [8.25, 5.25, 13.25],
			"faces": {
				"north": {"uv": [14, 12, 15, 13.25], "texture": "#ramen"},
				"east": {"uv": [14, 12, 14.25, 13], "rotation": 270, "texture": "#ramen"},
				"south": {"uv": [14, 12, 15, 12.25], "rotation": 180, "texture": "#ramen"},
				"west": {"uv": [14, 11, 14.25, 12], "rotation": 270, "texture": "#ramen"},
				"up": {"uv": [12, 11, 13, 12], "texture": "#ramen"},
				"down": {"uv": [13, 12, 14, 13], "rotation": 180, "texture": "#ramen"}
			}
		},
		{
			"from": [7.75, 4, 2.75],
			"to": [8.75, 4.25, 3],
			"faces": {
				"north": {"uv": [14, 12, 15, 12.25], "rotation": 180, "texture": "#ramen"},
				"east": {"uv": [14, 11, 14.25, 12], "rotation": 270, "texture": "#ramen"},
				"south": {"uv": [14, 12, 15, 13.25], "texture": "#ramen"},
				"west": {"uv": [14, 12, 14.25, 13], "rotation": 270, "texture": "#ramen"},
				"up": {"uv": [12, 11, 13, 12], "rotation": 180, "texture": "#ramen"},
				"down": {"uv": [13, 12, 14, 13], "texture": "#ramen"}
			}
		},
		{
			"from": [7.5, 4.25, 2.75],
			"to": [7.75, 5, 3],
			"faces": {
				"north": {"uv": [14, 12, 15, 12.25], "rotation": 180, "texture": "#ramen"},
				"east": {"uv": [14, 11, 14.25, 12], "rotation": 270, "texture": "#ramen"},
				"south": {"uv": [14, 12, 15, 13.25], "texture": "#ramen"},
				"west": {"uv": [14, 12, 14.25, 13], "rotation": 270, "texture": "#ramen"},
				"up": {"uv": [12, 11, 13, 12], "rotation": 180, "texture": "#ramen"},
				"down": {"uv": [13, 12, 14, 13], "texture": "#ramen"}
			}
		},
		{
			"from": [7.75, 5, 2.75],
			"to": [8.5, 5.25, 3],
			"faces": {
				"north": {"uv": [14, 12, 15, 12.25], "rotation": 180, "texture": "#ramen"},
				"east": {"uv": [14, 11, 14.25, 12], "rotation": 270, "texture": "#ramen"},
				"south": {"uv": [14, 12, 15, 13.25], "texture": "#ramen"},
				"west": {"uv": [14, 12, 14.25, 13], "rotation": 270, "texture": "#ramen"},
				"up": {"uv": [12, 11, 13, 12], "rotation": 180, "texture": "#ramen"},
				"down": {"uv": [13, 12, 14, 13], "texture": "#ramen"}
			}
		},
		{
			"from": [8.5, 4.75, 2.75],
			"to": [8.75, 5, 3],
			"faces": {
				"north": {"uv": [14, 12, 15, 12.25], "rotation": 180, "texture": "#ramen"},
				"east": {"uv": [14, 11, 14.25, 12], "rotation": 270, "texture": "#ramen"},
				"south": {"uv": [14, 12, 15, 13.25], "texture": "#ramen"},
				"west": {"uv": [14, 12, 14.25, 13], "rotation": 270, "texture": "#ramen"},
				"up": {"uv": [12, 11, 13, 12], "rotation": 180, "texture": "#ramen"},
				"down": {"uv": [13, 12, 14, 13], "texture": "#ramen"}
			}
		},
		{
			"from": [8, 4.5, 2.75],
			"to": [8.5, 4.75, 3],
			"faces": {
				"north": {"uv": [14, 12, 15, 12.25], "rotation": 180, "texture": "#ramen"},
				"east": {"uv": [14, 11, 14.25, 12], "rotation": 270, "texture": "#ramen"},
				"south": {"uv": [14, 12, 15, 13.25], "texture": "#ramen"},
				"west": {"uv": [14, 12, 14.25, 13], "rotation": 270, "texture": "#ramen"},
				"up": {"uv": [12, 11, 13, 12], "rotation": 180, "texture": "#ramen"},
				"down": {"uv": [13, 12, 14, 13], "texture": "#ramen"}
			}
		},
		{
			"from": [13, 4, 7.5],
			"to": [13.25, 4.25, 8.5],
			"faces": {
				"north": {"uv": [14, 12, 14.25, 13], "rotation": 270, "texture": "#ramen"},
				"east": {"uv": [14, 12, 15, 12.25], "rotation": 180, "texture": "#ramen"},
				"south": {"uv": [14, 11, 14.25, 12], "rotation": 270, "texture": "#ramen"},
				"west": {"uv": [14, 12, 15, 13.25], "texture": "#ramen"},
				"up": {"uv": [12, 11, 13, 12], "rotation": 270, "texture": "#ramen"},
				"down": {"uv": [13, 12, 14, 13], "rotation": 270, "texture": "#ramen"}
			}
		},
		{
			"from": [13, 4.25, 7.25],
			"to": [13.25, 5, 7.5],
			"faces": {
				"north": {"uv": [14, 12, 14.25, 13], "rotation": 270, "texture": "#ramen"},
				"east": {"uv": [14, 12, 15, 12.25], "rotation": 180, "texture": "#ramen"},
				"south": {"uv": [14, 11, 14.25, 12], "rotation": 270, "texture": "#ramen"},
				"west": {"uv": [14, 12, 15, 13.25], "texture": "#ramen"},
				"up": {"uv": [12, 11, 13, 12], "rotation": 270, "texture": "#ramen"},
				"down": {"uv": [13, 12, 14, 13], "rotation": 270, "texture": "#ramen"}
			}
		},
		{
			"from": [13, 5, 7.5],
			"to": [13.25, 5.25, 8.25],
			"faces": {
				"north": {"uv": [14, 12, 14.25, 13], "rotation": 270, "texture": "#ramen"},
				"east": {"uv": [14, 12, 15, 12.25], "rotation": 180, "texture": "#ramen"},
				"south": {"uv": [14, 11, 14.25, 12], "rotation": 270, "texture": "#ramen"},
				"west": {"uv": [14, 12, 15, 13.25], "texture": "#ramen"},
				"up": {"uv": [12, 11, 13, 12], "rotation": 270, "texture": "#ramen"},
				"down": {"uv": [13, 12, 14, 13], "rotation": 270, "texture": "#ramen"}
			}
		},
		{
			"from": [13, 4.75, 8.25],
			"to": [13.25, 5, 8.5],
			"faces": {
				"north": {"uv": [14, 12, 14.25, 13], "rotation": 270, "texture": "#ramen"},
				"east": {"uv": [14, 12, 15, 12.25], "rotation": 180, "texture": "#ramen"},
				"south": {"uv": [14, 11, 14.25, 12], "rotation": 270, "texture": "#ramen"},
				"west": {"uv": [14, 12, 15, 13.25], "texture": "#ramen"},
				"up": {"uv": [12, 11, 13, 12], "rotation": 270, "texture": "#ramen"},
				"down": {"uv": [13, 12, 14, 13], "rotation": 270, "texture": "#ramen"}
			}
		},
		{
			"from": [13, 4.5, 7.75],
			"to": [13.25, 4.75, 8.25],
			"faces": {
				"north": {"uv": [14, 12, 14.25, 13], "rotation": 270, "texture": "#ramen"},
				"east": {"uv": [14, 12, 15, 12.25], "rotation": 180, "texture": "#ramen"},
				"south": {"uv": [14, 11, 14.25, 12], "rotation": 270, "texture": "#ramen"},
				"west": {"uv": [14, 12, 15, 13.25], "texture": "#ramen"},
				"up": {"uv": [12, 11, 13, 12], "rotation": 270, "texture": "#ramen"},
				"down": {"uv": [13, 12, 14, 13], "rotation": 270, "texture": "#ramen"}
			}
		}
	],
	"display": {
		"thirdperson_righthand": {
			"rotation": [67, 0, 0],
			"translation": [0, 5, 4]
		},
		"thirdperson_lefthand": {
			"rotation": [67, 0, 0],
			"translation": [0, 5, 4]
		},
		"firstperson_righthand": {
			"translation": [0, 4, 0]
		},
		"firstperson_lefthand": {
			"translation": [0, 4, 0]
		},
		"gui": {
			"translation": [0, 7.5, 0],
			"scale": [1.4, 1.4, 1.4]
		},
		"head": {
			"translation": [0, 14.5, 0]
		},
		"fixed": {
			"rotation": [-30, 30, 0],
			"translation": [0.5, 4.5, -7]
		}
	}
}