{
	"credit": "Made with Blockbench",
	"textures": {
		"0": "custom/nothingness1/mg3",
		"1": "custom/nothingness1/black3",
		"particle": "custom/nothingness1/mg3"
	},
	"elements": [
		{
			"from": [7.2, 4.4, 10.4],
			"to": [8.8, 5.2, 12.8],
			"faces": {
				"north": {"uv": [0, 0, 1.6, 1], "texture": "#0"},
				"east": {"uv": [0, 0, 9.3, 1], "texture": "#0"},
				"south": {"uv": [0, 0, 1.6, 1], "texture": "#0"},
				"west": {"uv": [0, 0, 9.3, 1], "texture": "#0"},
				"up": {"uv": [0, 0, 1.6, 9.3], "texture": "#0"},
				"down": {"uv": [0, 0, 1.6, 9.3], "texture": "#0"}
			}
		},
		{
			"from": [7.2, 4.22721, 10.87574],
			"to": [8.8, 6.42721, 11.57574],
			"rotation": {"angle": 45, "axis": "x", "origin": [8, 5.22721, 11.47574]},
			"faces": {
				"north": {"uv": [0, 0, 1.6, 2.4], "texture": "#0"},
				"east": {"uv": [0, 0, 1.2, 2.4], "texture": "#0"},
				"south": {"uv": [0, 0, 1.6, 2.4], "texture": "#0"},
				"west": {"uv": [0, 0, 1.2, 2.4], "texture": "#0"},
				"up": {"uv": [0, 0, 1.6, 1.2], "texture": "#0"},
				"down": {"uv": [0, 0, 1.6, 1.2], "texture": "#0"}
			}
		},
		{
			"from": [7.4, 3.9, 5.4],
			"to": [8.6, 6.3, 12.7],
			"faces": {
				"north": {"uv": [0, 0, 1.2, 2.4], "texture": "#0"},
				"east": {"uv": [0, 0, 7.3, 2.4], "texture": "#0"},
				"south": {"uv": [0, 0, 1.2, 2.4], "texture": "#0"},
				"west": {"uv": [0, 0, 7.3, 2.4], "texture": "#0"},
				"up": {"uv": [0, 0, 1.2, 7.3], "texture": "#0"},
				"down": {"uv": [0, 0, 1.2, 7.3], "texture": "#0"}
			}
		},
		{
			"from": [7.3, 4, 8.6],
			"to": [8.7, 6.45, 13.2],
			"faces": {
				"north": {"uv": [0, 0, 1.4, 2.65], "texture": "#1"},
				"east": {"uv": [0, 0, 4.6, 2.65], "texture": "#1"},
				"south": {"uv": [0, 0, 1.4, 2.65], "texture": "#1"},
				"west": {"uv": [0, 0, 4.6, 2.65], "texture": "#1"},
				"up": {"uv": [0, 0, 1.4, 4.6], "texture": "#1"},
				"down": {"uv": [0, 0, 1.4, 4.6], "texture": "#1"}
			}
		},
		{
			"from": [8.3, 4, 5.3],
			"to": [8.7, 6.45, 13.2],
			"faces": {
				"north": {"uv": [0, 0, 0.4, 2.65], "texture": "#1"},
				"east": {"uv": [0, 0, 7.9, 2.65], "texture": "#1"},
				"south": {"uv": [0, 0, 0.4, 2.65], "texture": "#1"},
				"west": {"uv": [0, 0, 7.9, 2.65], "texture": "#1"},
				"up": {"uv": [0, 0, 0.4, 7.9], "texture": "#1"},
				"down": {"uv": [0, 0, 0.4, 7.9], "texture": "#1"}
			}
		},
		{
			"from": [8.2, 4, 5.3],
			"to": [8.7, 6.45, 8.1],
			"faces": {
				"north": {"uv": [0, 0, 0.5, 2.65], "texture": "#1"},
				"east": {"uv": [0, 0, 2.8, 2.65], "texture": "#1"},
				"south": {"uv": [0, 0, 0.5, 2.65], "texture": "#1"},
				"west": {"uv": [0, 0, 2.8, 2.65], "texture": "#1"},
				"up": {"uv": [0, 0, 0.5, 2.8], "texture": "#1"},
				"down": {"uv": [0, 0, 0.5, 2.8], "texture": "#1"}
			}
		},
		{
			"from": [7.3, 4, 5.3],
			"to": [7.7, 6.45, 13.2],
			"faces": {
				"north": {"uv": [0, 0, 0.4, 2.65], "texture": "#1"},
				"east": {"uv": [0, 0, 7.9, 2.65], "texture": "#1"},
				"south": {"uv": [0, 0, 0.4, 2.65], "texture": "#1"},
				"west": {"uv": [0, 0, 7.9, 2.65], "texture": "#1"},
				"up": {"uv": [0, 0, 0.4, 7.9], "texture": "#1"},
				"down": {"uv": [0, 0, 0.4, 7.9], "texture": "#1"}
			}
		},
		{
			"from": [7.3, 4, 5.3],
			"to": [7.8, 6.45, 8.1],
			"faces": {
				"north": {"uv": [0, 0, 0.5, 2.65], "texture": "#1"},
				"east": {"uv": [0, 0, 2.8, 2.65], "texture": "#1"},
				"south": {"uv": [0, 0, 0.5, 2.65], "texture": "#1"},
				"west": {"uv": [0, 0, 2.8, 2.65], "texture": "#1"},
				"up": {"uv": [0, 0, 0.5, 2.8], "texture": "#1"},
				"down": {"uv": [0, 0, 0.5, 2.8], "texture": "#1"}
			}
		},
		{
			"from": [7.6, 4.2, 5.3],
			"to": [8.7, 6.45, 5.7],
			"faces": {
				"north": {"uv": [0, 0, 1.1, 2.65], "texture": "#1"},
				"east": {"uv": [0, 0, 0.4, 2.65], "texture": "#1"},
				"south": {"uv": [0, 0, 1.1, 2.65], "texture": "#1"},
				"west": {"uv": [0, 0, 0.4, 2.65], "texture": "#1"},
				"up": {"uv": [0, 0, 1.1, 0.4], "texture": "#1"},
				"down": {"uv": [0, 0, 1.1, 0.4], "texture": "#1"}
			}
		},
		{
			"from": [7.3, 4.64228, 1.9003],
			"to": [8.7, 4.91728, 3.6503],
			"rotation": {"angle": 45, "axis": "x", "origin": [8, 3.69228, 4.5753]},
			"faces": {
				"north": {"uv": [0, 0, 1.4, 2.45], "texture": "#0"},
				"east": {"uv": [0, 0, 1.85, 2.45], "texture": "#0"},
				"south": {"uv": [0, 0, 1.4, 2.45], "texture": "#0"},
				"west": {"uv": [0, 0, 1.85, 2.45], "texture": "#0"},
				"up": {"uv": [0, 0, 1.4, 1.85], "texture": "#0"},
				"down": {"uv": [0, 0, 1.4, 1.85], "texture": "#0"}
			}
		},
		{
			"from": [7.7, 3.3, -0.15],
			"to": [8.4, 3.95, 4.3],
			"faces": {
				"north": {"uv": [0, 0, 1.4, 2.65], "texture": "#0"},
				"east": {"uv": [0, 0, 1.85, 2.65], "texture": "#0"},
				"south": {"uv": [0, 0, 1.4, 2.65], "texture": "#0"},
				"west": {"uv": [0, 0, 1.85, 2.65], "texture": "#0"},
				"up": {"uv": [0, 0, 1.4, 1.85], "texture": "#0"},
				"down": {"uv": [0, 0, 1.4, 1.85], "texture": "#0"}
			}
		},
		{
			"from": [7.3, 0.3, 7.3],
			"to": [8.7, 5, 9],
			"faces": {
				"north": {"uv": [0, 0, 1.4, 5.6], "texture": "#0"},
				"east": {"uv": [0, 0, 1.9, 5.6], "texture": "#0"},
				"south": {"uv": [0, 0, 1.4, 5.6], "texture": "#0"},
				"west": {"uv": [0, 0, 1.9, 5.6], "texture": "#0"},
				"up": {"uv": [0, 0, 1.4, 1.9], "texture": "#0"},
				"down": {"uv": [0, 0, 1.4, 1.9], "texture": "#0"}
			}
		},
		{
			"from": [7.5, 0.8, 8.2],
			"to": [8.5, 5, 9.425],
			"faces": {
				"north": {"uv": [0, 0, 1, 5.4], "texture": "#1"},
				"east": {"uv": [0, 0, 1.4, 5.4], "texture": "#1"},
				"south": {"uv": [0, 0, 1, 5.4], "texture": "#1"},
				"west": {"uv": [0, 0, 1.4, 5.4], "texture": "#1"},
				"up": {"uv": [0, 0, 1, 1.4], "texture": "#1"},
				"down": {"uv": [0, 0, 1, 1.4], "texture": "#1"}
			}
		},
		{
			"from": [7.5, 6.7, 12.9],
			"to": [8.5, 8.9, 15.1],
			"rotation": {"angle": 45, "axis": "x", "origin": [8, 12, 7.8]},
			"faces": {
				"north": {"uv": [0, 0, 1, 2.2], "texture": "#1"},
				"east": {"uv": [0, 0, 2.2, 2.2], "texture": "#1"},
				"south": {"uv": [0, 0, 1, 2.2], "texture": "#1"},
				"west": {"uv": [0, 0, 2.2, 2.2], "texture": "#1"},
				"up": {"uv": [0, 0, 1, 2.2], "texture": "#1"},
				"down": {"uv": [0, 0, 1, 2.2], "texture": "#1"}
			}
		},
		{
			"from": [7.5, 0.3, 7.5],
			"to": [8.5, 2, 9.7],
			"faces": {
				"north": {"uv": [0, 0, 1, 1.9], "texture": "#1"},
				"east": {"uv": [0, 0, 2.3, 1.9], "texture": "#1"},
				"south": {"uv": [0, 0, 1, 1.9], "texture": "#1"},
				"west": {"uv": [0, 0, 2.3, 1.9], "texture": "#1"},
				"up": {"uv": [0, 0, 1, 2.3], "texture": "#1"},
				"down": {"uv": [0, 0, 1, 2.3], "texture": "#1"}
			}
		},
		{
			"from": [7.5, 0.26029, 3.75389],
			"to": [8.5, 2.36029, 4.95389],
			"rotation": {"angle": -22.5, "axis": "x", "origin": [8, 13.06029, 2.95389]},
			"faces": {
				"north": {"uv": [0, 0, 1, 2.1], "texture": "#1"},
				"east": {"uv": [0, 0, 1.2, 2.1], "texture": "#1"},
				"south": {"uv": [0, 0, 1, 2.1], "texture": "#1"},
				"west": {"uv": [0, 0, 1.2, 2.1], "texture": "#1"},
				"up": {"uv": [0, 0, 1, 1.2], "texture": "#1"},
				"down": {"uv": [0, 0, 1, 1.2], "texture": "#1"}
			}
		},
		{
			"from": [7.6, -2.2, 7.7],
			"to": [8.4, 5, 8.9],
			"faces": {
				"north": {"uv": [0, 0, 0.8, 10.1], "texture": "#1"},
				"east": {"uv": [0, 0, 1.7, 10.1], "texture": "#1"},
				"south": {"uv": [0, 0, 0.8, 10.1], "texture": "#1"},
				"west": {"uv": [0, 0, 1.7, 10.1], "texture": "#1"},
				"up": {"uv": [0, 0, 0.8, 1.7], "texture": "#1"},
				"down": {"uv": [0, 0, 0.8, 1.7], "texture": "#1"}
			}
		},
		{
			"from": [7.5, -2.2, 8.4],
			"to": [8.5, 5, 8.9],
			"faces": {
				"north": {"uv": [0, 0, 1, 10.1], "texture": "#1"},
				"east": {"uv": [0, 0, 0.5, 10.1], "texture": "#1"},
				"south": {"uv": [0, 0, 1, 10.1], "texture": "#1"},
				"west": {"uv": [0, 0, 0.5, 10.1], "texture": "#1"},
				"up": {"uv": [0, 0, 1, 0.5], "texture": "#1"},
				"down": {"uv": [0, 0, 1, 0.5], "texture": "#1"}
			}
		},
		{
			"from": [7.5, -2.2, 7.6],
			"to": [8.5, 5, 8.2],
			"faces": {
				"north": {"uv": [0, 0, 1, 10.1], "texture": "#1"},
				"east": {"uv": [0, 0, 0.8, 10.1], "texture": "#1"},
				"south": {"uv": [0, 0, 1, 10.1], "texture": "#1"},
				"west": {"uv": [0, 0, 0.8, 10.1], "texture": "#1"},
				"up": {"uv": [0, 0, 1, 0.8], "texture": "#1"},
				"down": {"uv": [0, 0, 1, 0.8], "texture": "#1"}
			}
		},
		{
			"from": [7.85, 4.2, 5.9],
			"to": [8.15, 6.7, 6.2],
			"faces": {
				"north": {"uv": [0, 0, 0.3, 2.9], "texture": "#0"},
				"east": {"uv": [0, 0, 0.3, 2.9], "texture": "#0"},
				"south": {"uv": [0, 0, 0.3, 2.9], "texture": "#0"},
				"west": {"uv": [0, 0, 0.3, 2.9], "texture": "#0"},
				"up": {"uv": [0, 0, 0.3, 0.3], "texture": "#0"},
				"down": {"uv": [0, 0, 0.3, 0.3], "texture": "#0"}
			}
		},
		{
			"from": [7.75, 6.6, 5.8],
			"to": [8.25, 6.9, 6.5],
			"faces": {
				"north": {"uv": [0, 0, 0.5, 0.4], "texture": "#0"},
				"east": {"uv": [0, 0, 0.7, 0.4], "texture": "#0"},
				"south": {"uv": [0, 0, 0.5, 0.4], "texture": "#0"},
				"west": {"uv": [0, 0, 0.7, 0.4], "texture": "#0"},
				"up": {"uv": [0, 0, 0.5, 0.7], "texture": "#0"},
				"down": {"uv": [0, 0, 0.5, 0.7], "texture": "#0"}
			}
		},
		{
			"name": "hexadecagon",
			"from": [7.88065, 4.92, 3.24],
			"to": [8.11935, 6.12, 4.44],
			"rotation": {"angle": -45, "axis": "z", "origin": [8, 5.52, 3.84]},
			"faces": {
				"north": {"uv": [0, 0, 1, 1], "texture": "#0"},
				"east": {"uv": [0, 0, 1, 1], "texture": "#0"},
				"south": {"uv": [0, 0, 1, 1], "texture": "#0"},
				"west": {"uv": [0, 0, 1, 1], "texture": "#0"},
				"up": {"uv": [0, 0, 1, 1], "texture": "#0"},
				"down": {"uv": [0, 0, 1, 1], "texture": "#0"}
			}
		},
		{
			"name": "hexadecagon",
			"from": [7.88065, 4.92, 3.24],
			"to": [8.11935, 6.12, 4.44],
			"rotation": {"angle": -22.5, "axis": "z", "origin": [8, 5.52, 3.84]},
			"faces": {
				"north": {"uv": [0, 0, 1, 1], "texture": "#0"},
				"east": {"uv": [0, 0, 1, 1], "texture": "#0"},
				"south": {"uv": [0, 0, 1, 1], "texture": "#0"},
				"west": {"uv": [0, 0, 1, 1], "texture": "#0"},
				"up": {"uv": [0, 0, 1, 1], "texture": "#0"},
				"down": {"uv": [0, 0, 1, 1], "texture": "#0"}
			}
		},
		{
			"name": "hexadecagon",
			"from": [7.88065, 4.92, 3.24],
			"to": [8.11935, 6.12, 4.44],
			"faces": {
				"north": {"uv": [0, 0, 1, 1], "texture": "#0"},
				"east": {"uv": [0, 0, 1, 1], "texture": "#0"},
				"south": {"uv": [0, 0, 1, 1], "texture": "#0"},
				"west": {"uv": [0, 0, 1, 1], "texture": "#0"},
				"up": {"uv": [0, 0, 1, 1], "texture": "#0"},
				"down": {"uv": [0, 0, 1, 1], "texture": "#0"}
			}
		},
		{
			"name": "hexadecagon",
			"from": [7.88065, 4.92, 3.24],
			"to": [8.11935, 6.12, 4.44],
			"rotation": {"angle": 22.5, "axis": "z", "origin": [8, 5.52, 3.84]},
			"faces": {
				"north": {"uv": [0, 0, 1, 1], "texture": "#0"},
				"east": {"uv": [0, 0, 1, 1], "texture": "#0"},
				"south": {"uv": [0, 0, 1, 1], "texture": "#0"},
				"west": {"uv": [0, 0, 1, 1], "texture": "#0"},
				"up": {"uv": [0, 0, 1, 1], "texture": "#0"},
				"down": {"uv": [0, 0, 1, 1], "texture": "#0"}
			}
		},
		{
			"name": "hexadecagon",
			"from": [7.88065, 4.92, 3.24],
			"to": [8.11935, 6.12, 4.44],
			"rotation": {"angle": 45, "axis": "z", "origin": [8, 5.52, 3.84]},
			"faces": {
				"north": {"uv": [0, 0, 1, 1], "texture": "#0"},
				"east": {"uv": [0, 0, 1, 1], "texture": "#0"},
				"south": {"uv": [0, 0, 1, 1], "texture": "#0"},
				"west": {"uv": [0, 0, 1, 1], "texture": "#0"},
				"up": {"uv": [0, 0, 1, 1], "texture": "#0"},
				"down": {"uv": [0, 0, 1, 1], "texture": "#0"}
			}
		},
		{
			"name": "hexadecagon",
			"from": [7.4, 5.40065, 3.24],
			"to": [8.6, 5.63935, 4.44],
			"rotation": {"angle": -22.5, "axis": "z", "origin": [8, 5.52, 3.84]},
			"faces": {
				"north": {"uv": [0, 0, 1, 1], "texture": "#0"},
				"east": {"uv": [0, 0, 1, 1], "texture": "#0"},
				"south": {"uv": [0, 0, 1, 1], "texture": "#0"},
				"west": {"uv": [0, 0, 1, 1], "texture": "#0"},
				"up": {"uv": [0, 0, 1, 1], "texture": "#0"},
				"down": {"uv": [0, 0, 1, 1], "texture": "#0"}
			}
		},
		{
			"name": "hexadecagon",
			"from": [7.4, 5.40065, 3.24],
			"to": [8.6, 5.63935, 4.44],
			"faces": {
				"north": {"uv": [0, 0, 1, 1], "texture": "#0"},
				"east": {"uv": [0, 0, 1, 1], "texture": "#0"},
				"south": {"uv": [0, 0, 1, 1], "texture": "#0"},
				"west": {"uv": [0, 0, 1, 1], "texture": "#0"},
				"up": {"uv": [0, 0, 1, 1], "texture": "#0"},
				"down": {"uv": [0, 0, 1, 1], "texture": "#0"}
			}
		},
		{
			"name": "hexadecagon",
			"from": [7.4, 5.40065, 3.24],
			"to": [8.6, 5.63935, 4.44],
			"rotation": {"angle": 22.5, "axis": "z", "origin": [8, 5.52, 3.84]},
			"faces": {
				"north": {"uv": [0, 0, 1, 1], "texture": "#0"},
				"east": {"uv": [0, 0, 1, 1], "texture": "#0"},
				"south": {"uv": [0, 0, 1, 1], "texture": "#0"},
				"west": {"uv": [0, 0, 1, 1], "texture": "#0"},
				"up": {"uv": [0, 0, 1, 1], "texture": "#0"},
				"down": {"uv": [0, 0, 1, 1], "texture": "#0"}
			}
		},
		{
			"name": "hexadecagon",
			"from": [7.58065, 3.72, 3.34],
			"to": [8.41935, 5.52, 3.44],
			"faces": {
				"north": {"uv": [0, 0, 1, 1], "texture": "#0"},
				"east": {"uv": [0, 0, 1, 1], "texture": "#0"},
				"south": {"uv": [0, 0, 1, 1], "texture": "#0"},
				"west": {"uv": [0, 0, 1, 1], "texture": "#0"},
				"up": {"uv": [0, 0, 1, 1], "texture": "#0"},
				"down": {"uv": [0, 0, 1, 1], "texture": "#0"}
			}
		},
		{
			"from": [7.2, 4, 11.9],
			"to": [8.8, 6.5, 13.2],
			"faces": {
				"north": {"uv": [0, 0, 1.6, 2.7], "texture": "#0"},
				"east": {"uv": [0, 0, 1.3, 2.7], "texture": "#0"},
				"south": {"uv": [0, 0, 1.6, 2.7], "texture": "#0"},
				"west": {"uv": [0, 0, 1.3, 2.7], "texture": "#0"},
				"up": {"uv": [0, 0, 1.6, 1.3], "texture": "#0"},
				"down": {"uv": [0, 0, 1.6, 1.3], "texture": "#0"}
			}
		},
		{
			"from": [7.3, 4.2, 13],
			"to": [8.7, 6.2, 13.5],
			"faces": {
				"north": {"uv": [0, 0, 1.6, 2.7], "texture": "#0"},
				"east": {"uv": [0, 0, 1.3, 2.7], "texture": "#0"},
				"south": {"uv": [0, 0, 1.6, 2.7], "texture": "#0"},
				"west": {"uv": [0, 0, 1.3, 2.7], "texture": "#0"},
				"up": {"uv": [0, 0, 1.6, 1.3], "texture": "#0"},
				"down": {"uv": [0, 0, 1.6, 1.3], "texture": "#0"}
			}
		},
		{
			"from": [7.7, 4, 11.9],
			"to": [8.3, 6.7, 13.2],
			"faces": {
				"north": {"uv": [0, 0, 1.6, 2.7], "texture": "#1"},
				"east": {"uv": [0, 0, 1.3, 2.7], "texture": "#1"},
				"south": {"uv": [0, 0, 1.6, 2.7], "texture": "#1"},
				"west": {"uv": [0, 0, 1.3, 2.7], "texture": "#1"},
				"up": {"uv": [0, 0, 1.6, 1.3], "texture": "#1"},
				"down": {"uv": [0, 0, 1.6, 1.3], "texture": "#1"}
			}
		},
		{
			"from": [8.1, 4.2, 12.6],
			"to": [8.3, 7.2, 12.7],
			"faces": {
				"north": {"uv": [0, 0, 1.6, 2.7], "texture": "#1"},
				"east": {"uv": [0, 0, 1.3, 2.7], "texture": "#1"},
				"south": {"uv": [0, 0, 1.6, 2.7], "texture": "#1"},
				"west": {"uv": [0, 0, 1.3, 2.7], "texture": "#1"},
				"up": {"uv": [0, 0, 1.6, 1.3], "texture": "#1"},
				"down": {"uv": [0, 0, 1.6, 1.3], "texture": "#1"}
			}
		},
		{
			"from": [9.48492, 7.29792, 12.4],
			"to": [9.58492, 7.89792, 12.7],
			"rotation": {"angle": 45, "axis": "z", "origin": [9.78492, 5.99792, 12.5]},
			"faces": {
				"north": {"uv": [0, 0, 1.6, 2.7], "texture": "#1"},
				"east": {"uv": [0, 0, 1.3, 2.7], "texture": "#1"},
				"south": {"uv": [0, 0, 1.6, 2.7], "texture": "#1"},
				"west": {"uv": [0, 0, 1.3, 2.7], "texture": "#1"},
				"up": {"uv": [0, 0, 1.6, 1.3], "texture": "#1"},
				"down": {"uv": [0, 0, 1.6, 1.3], "texture": "#1"}
			}
		},
		{
			"from": [8.22426, 6.17574, 12.4],
			"to": [8.72426, 6.77574, 12.7],
			"faces": {
				"north": {"uv": [0, 0, 1.6, 2.7], "texture": "#1"},
				"east": {"uv": [0, 0, 1.3, 2.7], "rotation": 180, "texture": "#1"},
				"south": {"uv": [0, 0, 1.6, 2.7], "texture": "#1"},
				"west": {"uv": [0, 0, 1.3, 2.7], "rotation": 180, "texture": "#1"},
				"up": {"uv": [0, 0, 1.6, 1.3], "rotation": 180, "texture": "#1"},
				"down": {"uv": [0, 0, 1.6, 1.3], "rotation": 180, "texture": "#1"}
			}
		},
		{
			"from": [9.25992, 7.29792, 12.6],
			"to": [9.58492, 7.69792, 12.7],
			"rotation": {"angle": 45, "axis": "z", "origin": [9.78492, 5.99792, 12.5]},
			"faces": {
				"north": {"uv": [0, 0, 1.6, 2.7], "texture": "#1"},
				"east": {"uv": [0, 0, 1.3, 2.7], "texture": "#1"},
				"south": {"uv": [0, 0, 1.6, 2.7], "texture": "#1"},
				"west": {"uv": [0, 0, 1.3, 2.7], "texture": "#1"},
				"up": {"uv": [0, 0, 1.6, 1.3], "texture": "#1"},
				"down": {"uv": [0, 0, 1.6, 1.3], "texture": "#1"}
			}
		},
		{
			"from": [9.38492, 7.29792, 12.6],
			"to": [9.58492, 7.82292, 12.7],
			"rotation": {"angle": 45, "axis": "z", "origin": [9.78492, 5.99792, 12.5]},
			"faces": {
				"north": {"uv": [0, 0, 1.6, 2.7], "texture": "#0"},
				"east": {"uv": [0, 0, 1.3, 2.7], "texture": "#0"},
				"south": {"uv": [0, 0, 1.6, 2.7], "texture": "#0"},
				"west": {"uv": [0, 0, 1.3, 2.7], "texture": "#0"},
				"up": {"uv": [0, 0, 1.6, 1.3], "texture": "#0"},
				"down": {"uv": [0, 0, 1.6, 1.3], "texture": "#0"}
			}
		},
		{
			"from": [7.7, 4.2, 12.6],
			"to": [7.9, 7.2, 12.7],
			"faces": {
				"north": {"uv": [1.6, 0, 0, 2.7], "texture": "#1"},
				"east": {"uv": [1.3, 0, 0, 2.7], "texture": "#1"},
				"south": {"uv": [1.6, 0, 0, 2.7], "texture": "#1"},
				"west": {"uv": [1.3, 0, 0, 2.7], "texture": "#1"},
				"up": {"uv": [1.6, 0, 0, 1.3], "texture": "#1"},
				"down": {"uv": [1.6, 0, 0, 1.3], "texture": "#1"}
			}
		},
		{
			"from": [6.41508, 7.29792, 12.6],
			"to": [6.61508, 7.82292, 12.7],
			"rotation": {"angle": -45, "axis": "z", "origin": [6.21508, 5.99792, 12.5]},
			"faces": {
				"north": {"uv": [1.6, 0, 0, 2.7], "texture": "#1"},
				"east": {"uv": [1.3, 0, 0, 2.7], "texture": "#1"},
				"south": {"uv": [1.6, 0, 0, 2.7], "texture": "#1"},
				"west": {"uv": [1.3, 0, 0, 2.7], "texture": "#1"},
				"up": {"uv": [1.6, 0, 0, 1.3], "texture": "#1"},
				"down": {"uv": [1.6, 0, 0, 1.3], "texture": "#1"}
			}
		},
		{
			"from": [6.41508, 7.29792, 12.6],
			"to": [6.51508, 7.89792, 12.7],
			"rotation": {"angle": -45, "axis": "z", "origin": [6.21508, 5.99792, 12.5]},
			"faces": {
				"north": {"uv": [1.6, 0, 0, 2.7], "texture": "#1"},
				"east": {"uv": [1.3, 0, 0, 2.7], "texture": "#1"},
				"south": {"uv": [1.6, 0, 0, 2.7], "texture": "#1"},
				"west": {"uv": [1.3, 0, 0, 2.7], "texture": "#1"},
				"up": {"uv": [1.6, 0, 0, 1.3], "texture": "#1"},
				"down": {"uv": [1.6, 0, 0, 1.3], "texture": "#1"}
			}
		},
		{
			"from": [7.27574, 6.17574, 12.4],
			"to": [7.77574, 6.77574, 12.7],
			"faces": {
				"north": {"uv": [1.6, 0, 0, 2.7], "texture": "#1"},
				"east": {"uv": [1.3, 0, 0, 2.7], "rotation": 180, "texture": "#1"},
				"south": {"uv": [1.6, 0, 0, 2.7], "texture": "#1"},
				"west": {"uv": [1.3, 0, 0, 2.7], "rotation": 180, "texture": "#1"},
				"up": {"uv": [1.6, 0, 0, 1.3], "rotation": 180, "texture": "#1"},
				"down": {"uv": [1.6, 0, 0, 1.3], "rotation": 180, "texture": "#1"}
			}
		},
		{
			"from": [6.41508, 7.29792, 12.6],
			"to": [6.74008, 7.69792, 12.7],
			"rotation": {"angle": -45, "axis": "z", "origin": [6.21508, 5.99792, 12.5]},
			"faces": {
				"north": {"uv": [1.6, 0, 0, 2.7], "texture": "#1"},
				"east": {"uv": [1.3, 0, 0, 2.7], "texture": "#1"},
				"south": {"uv": [1.6, 0, 0, 2.7], "texture": "#1"},
				"west": {"uv": [1.3, 0, 0, 2.7], "texture": "#1"},
				"up": {"uv": [1.6, 0, 0, 1.3], "texture": "#1"},
				"down": {"uv": [1.6, 0, 0, 1.3], "texture": "#1"}
			}
		},
		{
			"from": [8.1, 4.1, 12.4],
			"to": [8.3, 7.2, 12.7],
			"faces": {
				"north": {"uv": [0, 0, 1.6, 2.7], "texture": "#1"},
				"east": {"uv": [0, 0, 1.3, 2.7], "texture": "#1"},
				"south": {"uv": [0, 0, 1.6, 2.7], "texture": "#1"},
				"west": {"uv": [0, 0, 1.3, 2.7], "texture": "#1"},
				"up": {"uv": [0, 0, 1.6, 1.3], "texture": "#1"},
				"down": {"uv": [0, 0, 1.6, 1.3], "texture": "#1"}
			}
		},
		{
			"from": [6.41508, 7.29792, 12.4],
			"to": [6.51508, 7.89792, 12.7],
			"rotation": {"angle": -45, "axis": "z", "origin": [6.21508, 5.99792, 12.5]},
			"faces": {
				"north": {"uv": [1.6, 0, 0, 2.7], "texture": "#1"},
				"east": {"uv": [1.3, 0, 0, 2.7], "texture": "#1"},
				"south": {"uv": [1.6, 0, 0, 2.7], "texture": "#1"},
				"west": {"uv": [1.3, 0, 0, 2.7], "texture": "#1"},
				"up": {"uv": [1.6, 0, 0, 1.3], "texture": "#1"},
				"down": {"uv": [1.6, 0, 0, 1.3], "texture": "#1"}
			}
		},
		{
			"from": [7.7, 4.1, 12.4],
			"to": [7.9, 7.2, 12.7],
			"faces": {
				"north": {"uv": [1.6, 0, 0, 2.7], "texture": "#1"},
				"east": {"uv": [1.3, 0, 0, 2.7], "texture": "#1"},
				"south": {"uv": [1.6, 0, 0, 2.7], "texture": "#1"},
				"west": {"uv": [1.3, 0, 0, 2.7], "texture": "#1"},
				"up": {"uv": [1.6, 0, 0, 1.3], "texture": "#1"},
				"down": {"uv": [1.6, 0, 0, 1.3], "texture": "#1"}
			}
		},
		{
			"from": [6.41508, 7.29792, 12.4],
			"to": [6.74008, 7.69792, 12.7],
			"rotation": {"angle": -45, "axis": "z", "origin": [6.21508, 5.99792, 12.5]},
			"faces": {
				"north": {"uv": [1.6, 0, 0, 2.7], "texture": "#1"},
				"east": {"uv": [1.3, 0, 0, 2.7], "texture": "#1"},
				"south": {"uv": [1.6, 0, 0, 2.7], "texture": "#1"},
				"west": {"uv": [1.3, 0, 0, 2.7], "texture": "#1"},
				"up": {"uv": [1.6, 0, 0, 1.3], "texture": "#1"},
				"down": {"uv": [1.6, 0, 0, 1.3], "texture": "#1"}
			}
		},
		{
			"from": [6.41508, 7.29792, 12.4],
			"to": [6.61508, 7.82292, 12.7],
			"rotation": {"angle": -45, "axis": "z", "origin": [6.21508, 5.99792, 12.5]},
			"faces": {
				"north": {"uv": [1.6, 0, 0, 2.7], "texture": "#1"},
				"east": {"uv": [1.3, 0, 0, 2.7], "texture": "#1"},
				"south": {"uv": [1.6, 0, 0, 2.7], "texture": "#1"},
				"west": {"uv": [1.3, 0, 0, 2.7], "texture": "#1"},
				"up": {"uv": [1.6, 0, 0, 1.3], "texture": "#1"},
				"down": {"uv": [1.6, 0, 0, 1.3], "texture": "#1"}
			}
		},
		{
			"from": [9.25992, 7.29792, 12.4],
			"to": [9.58492, 7.69792, 12.7],
			"rotation": {"angle": 45, "axis": "z", "origin": [9.78492, 5.99792, 12.5]},
			"faces": {
				"north": {"uv": [0, 0, 1.6, 2.7], "texture": "#1"},
				"east": {"uv": [0, 0, 1.3, 2.7], "texture": "#1"},
				"south": {"uv": [0, 0, 1.6, 2.7], "texture": "#1"},
				"west": {"uv": [0, 0, 1.3, 2.7], "texture": "#1"},
				"up": {"uv": [0, 0, 1.6, 1.3], "texture": "#1"},
				"down": {"uv": [0, 0, 1.6, 1.3], "texture": "#1"}
			}
		},
		{
			"from": [9.38492, 7.29792, 12.4],
			"to": [9.58492, 7.82292, 12.7],
			"rotation": {"angle": 45, "axis": "z", "origin": [9.78492, 5.99792, 12.5]},
			"faces": {
				"north": {"uv": [0, 0, 1.6, 2.7], "texture": "#1"},
				"east": {"uv": [0, 0, 1.3, 2.7], "texture": "#1"},
				"south": {"uv": [0, 0, 1.6, 2.7], "texture": "#1"},
				"west": {"uv": [0, 0, 1.3, 2.7], "texture": "#1"},
				"up": {"uv": [0, 0, 1.6, 1.3], "texture": "#1"},
				"down": {"uv": [0, 0, 1.6, 1.3], "texture": "#1"}
			}
		},
		{
			"from": [7.7, 4.19185, 11.15398],
			"to": [7.9, 7.59185, 11.45398],
			"rotation": {"angle": 45, "axis": "x", "origin": [8, 5.89185, 11.30398]},
			"faces": {
				"north": {"uv": [1.6, 0, 0, 2.7], "texture": "#1"},
				"east": {"uv": [1.3, 0, 0, 2.7], "texture": "#1"},
				"south": {"uv": [1.6, 0, 0, 2.7], "texture": "#1"},
				"west": {"uv": [1.3, 0, 0, 2.7], "texture": "#1"},
				"up": {"uv": [1.6, 0, 0, 1.3], "texture": "#1"},
				"down": {"uv": [1.6, 0, 0, 1.3], "texture": "#1"}
			}
		},
		{
			"from": [8.1, 4.19185, 11.15398],
			"to": [8.3, 7.59185, 11.45398],
			"rotation": {"angle": 45, "axis": "x", "origin": [8, 5.89185, 11.30398]},
			"faces": {
				"north": {"uv": [0, 0, 1.6, 2.7], "texture": "#1"},
				"east": {"uv": [0, 0, 1.3, 2.7], "texture": "#1"},
				"south": {"uv": [0, 0, 1.6, 2.7], "texture": "#1"},
				"west": {"uv": [0, 0, 1.3, 2.7], "texture": "#1"},
				"up": {"uv": [0, 0, 1.6, 1.3], "texture": "#1"},
				"down": {"uv": [0, 0, 1.6, 1.3], "texture": "#1"}
			}
		},
		{
			"from": [8.15, 7.05, 12.625],
			"to": [8.25, 7.15, 12.725],
			"faces": {
				"north": {"uv": [0, 0, 1.6, 2.7], "texture": "#0"},
				"east": {"uv": [0, 0, 1.3, 2.7], "texture": "#0"},
				"south": {"uv": [0, 0, 1.6, 2.7], "texture": "#0"},
				"west": {"uv": [0, 0, 1.3, 2.7], "texture": "#0"},
				"up": {"uv": [0, 0, 1.6, 1.3], "texture": "#0"},
				"down": {"uv": [0, 0, 1.6, 1.3], "texture": "#0"}
			}
		},
		{
			"from": [7.75, 7.05, 12.625],
			"to": [7.85, 7.15, 12.725],
			"faces": {
				"north": {"uv": [0, 0, 1.6, 2.7], "texture": "#0"},
				"east": {"uv": [0, 0, 1.3, 2.7], "texture": "#0"},
				"south": {"uv": [0, 0, 1.6, 2.7], "texture": "#0"},
				"west": {"uv": [0, 0, 1.3, 2.7], "texture": "#0"},
				"up": {"uv": [0, 0, 1.6, 1.3], "texture": "#0"},
				"down": {"uv": [0, 0, 1.6, 1.3], "texture": "#0"}
			}
		},
		{
			"from": [8.1, 4.19185, 11.15398],
			"to": [8.3, 7.49185, 11.65398],
			"rotation": {"angle": 45, "axis": "x", "origin": [8, 5.89185, 11.30398]},
			"faces": {
				"north": {"uv": [0, 0, 1.6, 2.7], "texture": "#1"},
				"east": {"uv": [0, 0, 1.3, 2.7], "texture": "#1"},
				"south": {"uv": [0, 0, 1.6, 2.7], "texture": "#1"},
				"west": {"uv": [0, 0, 1.3, 2.7], "texture": "#1"},
				"up": {"uv": [0, 0, 1.6, 1.3], "texture": "#1"},
				"down": {"uv": [0, 0, 1.6, 1.3], "texture": "#1"}
			}
		},
		{
			"from": [7.7, 4.19185, 11.15398],
			"to": [7.9, 7.49185, 11.65398],
			"rotation": {"angle": 45, "axis": "x", "origin": [8, 5.89185, 11.30398]},
			"faces": {
				"north": {"uv": [1.6, 0, 0, 2.7], "texture": "#1"},
				"east": {"uv": [1.3, 0, 0, 2.7], "texture": "#1"},
				"south": {"uv": [1.6, 0, 0, 2.7], "texture": "#1"},
				"west": {"uv": [1.3, 0, 0, 2.7], "texture": "#1"},
				"up": {"uv": [1.6, 0, 0, 1.3], "texture": "#1"},
				"down": {"uv": [1.6, 0, 0, 1.3], "texture": "#1"}
			}
		},
		{
			"from": [7.2, 4.7, 3.4],
			"to": [8.8, 5.2, 12.8],
			"faces": {
				"north": {"uv": [0, 0, 1.6, 1], "texture": "#0"},
				"east": {"uv": [0, 0, 9.3, 1], "texture": "#0"},
				"south": {"uv": [0, 0, 1.6, 1], "texture": "#0"},
				"west": {"uv": [0, 0, 9.3, 1], "texture": "#0"},
				"up": {"uv": [0, 0, 1.6, 9.3], "texture": "#0"},
				"down": {"uv": [0, 0, 1.6, 9.3], "texture": "#0"}
			}
		},
		{
			"from": [7.2, 5.02721, 10.87574],
			"to": [8.8, 6.42721, 12.27574],
			"rotation": {"angle": 45, "axis": "x", "origin": [8, 5.22721, 11.47574]},
			"faces": {
				"north": {"uv": [0, 0, 1.6, 2.4], "texture": "#0"},
				"east": {"uv": [0, 0, 1.2, 2.4], "texture": "#0"},
				"south": {"uv": [0, 0, 1.6, 2.4], "texture": "#0"},
				"west": {"uv": [0, 0, 1.2, 2.4], "texture": "#0"},
				"up": {"uv": [0, 0, 1.6, 1.2], "texture": "#0"},
				"down": {"uv": [0, 0, 1.6, 1.2], "texture": "#0"}
			}
		},
		{
			"from": [7.2, 4.4, 3.4],
			"to": [8.8, 5.2, 6.3],
			"faces": {
				"north": {"uv": [0, 0, 1.6, 1], "texture": "#0"},
				"east": {"uv": [0, 0, 9.3, 1], "texture": "#0"},
				"south": {"uv": [0, 0, 1.6, 1], "texture": "#0"},
				"west": {"uv": [0, 0, 9.3, 1], "texture": "#0"},
				"up": {"uv": [0, 0, 1.6, 9.3], "texture": "#0"},
				"down": {"uv": [0, 0, 1.6, 9.3], "texture": "#0"}
			}
		},
		{
			"from": [7.2, 3.8, 6.4],
			"to": [8.8, 4.6, 10.3],
			"faces": {
				"north": {"uv": [0, 0, 1.6, 1], "texture": "#1"},
				"east": {"uv": [0, 0, 9.3, 1], "texture": "#1"},
				"south": {"uv": [0, 0, 1.6, 1], "texture": "#1"},
				"west": {"uv": [0, 0, 9.3, 1], "texture": "#1"},
				"up": {"uv": [0, 0, 1.6, 9.3], "texture": "#1"},
				"down": {"uv": [0, 0, 1.6, 9.3], "texture": "#1"}
			}
		},
		{
			"name": "hexadecagon",
			"from": [7.90054, 5.025, 2.1],
			"to": [8.09946, 6.025, 3],
			"rotation": {"angle": -45, "axis": "z", "origin": [8, 5.525, 2]},
			"faces": {
				"north": {"uv": [0, 0, 1, 1], "texture": "#0"},
				"east": {"uv": [0, 0, 1, 1], "texture": "#0"},
				"south": {"uv": [0, 0, 1, 1], "texture": "#0"},
				"west": {"uv": [0, 0, 1, 1], "texture": "#0"},
				"up": {"uv": [0, 0, 1, 1], "texture": "#0"},
				"down": {"uv": [0, 0, 1, 1], "texture": "#0"}
			}
		},
		{
			"name": "hexadecagon",
			"from": [7.90054, 5.025, 2.1],
			"to": [8.09946, 6.025, 3],
			"rotation": {"angle": -22.5, "axis": "z", "origin": [8, 5.525, 2]},
			"faces": {
				"north": {"uv": [0, 0, 1, 1], "texture": "#0"},
				"east": {"uv": [0, 0, 1, 1], "texture": "#0"},
				"south": {"uv": [0, 0, 1, 1], "texture": "#0"},
				"west": {"uv": [0, 0, 1, 1], "texture": "#0"},
				"up": {"uv": [0, 0, 1, 1], "texture": "#0"},
				"down": {"uv": [0, 0, 1, 1], "texture": "#0"}
			}
		},
		{
			"name": "hexadecagon",
			"from": [7.90054, 5.025, 2.1],
			"to": [8.09946, 6.025, 3],
			"faces": {
				"north": {"uv": [0, 0, 1, 1], "texture": "#0"},
				"east": {"uv": [0, 0, 1, 1], "texture": "#0"},
				"south": {"uv": [0, 0, 1, 1], "texture": "#0"},
				"west": {"uv": [0, 0, 1, 1], "texture": "#0"},
				"up": {"uv": [0, 0, 1, 1], "texture": "#0"},
				"down": {"uv": [0, 0, 1, 1], "texture": "#0"}
			}
		},
		{
			"name": "hexadecagon",
			"from": [7.90054, 5.025, 2.1],
			"to": [8.09946, 6.025, 3],
			"rotation": {"angle": 22.5, "axis": "z", "origin": [8, 5.525, 2]},
			"faces": {
				"north": {"uv": [0, 0, 1, 1], "texture": "#0"},
				"east": {"uv": [0, 0, 1, 1], "texture": "#0"},
				"south": {"uv": [0, 0, 1, 1], "texture": "#0"},
				"west": {"uv": [0, 0, 1, 1], "texture": "#0"},
				"up": {"uv": [0, 0, 1, 1], "texture": "#0"},
				"down": {"uv": [0, 0, 1, 1], "texture": "#0"}
			}
		},
		{
			"name": "hexadecagon",
			"from": [7.90054, 5.025, 2.1],
			"to": [8.09946, 6.025, 3],
			"rotation": {"angle": 45, "axis": "z", "origin": [8, 5.525, 2]},
			"faces": {
				"north": {"uv": [0, 0, 1, 1], "texture": "#0"},
				"east": {"uv": [0, 0, 1, 1], "texture": "#0"},
				"south": {"uv": [0, 0, 1, 1], "texture": "#0"},
				"west": {"uv": [0, 0, 1, 1], "texture": "#0"},
				"up": {"uv": [0, 0, 1, 1], "texture": "#0"},
				"down": {"uv": [0, 0, 1, 1], "texture": "#0"}
			}
		},
		{
			"name": "hexadecagon",
			"from": [7.5, 5.42554, 2.1],
			"to": [8.5, 5.62446, 3],
			"rotation": {"angle": -22.5, "axis": "z", "origin": [8, 5.525, 2]},
			"faces": {
				"north": {"uv": [0, 0, 1, 1], "texture": "#0"},
				"east": {"uv": [0, 0, 1, 1], "texture": "#0"},
				"south": {"uv": [0, 0, 1, 1], "texture": "#0"},
				"west": {"uv": [0, 0, 1, 1], "texture": "#0"},
				"up": {"uv": [0, 0, 1, 1], "texture": "#0"},
				"down": {"uv": [0, 0, 1, 1], "texture": "#0"}
			}
		},
		{
			"name": "hexadecagon",
			"from": [7.5, 5.42554, 2.1],
			"to": [8.5, 5.62446, 3],
			"faces": {
				"north": {"uv": [0, 0, 1, 1], "texture": "#0"},
				"east": {"uv": [0, 0, 1, 1], "texture": "#0"},
				"south": {"uv": [0, 0, 1, 1], "texture": "#0"},
				"west": {"uv": [0, 0, 1, 1], "texture": "#0"},
				"up": {"uv": [0, 0, 1, 1], "texture": "#0"},
				"down": {"uv": [0, 0, 1, 1], "texture": "#0"}
			}
		},
		{
			"name": "hexadecagon",
			"from": [7.5, 5.42554, 2.1],
			"to": [8.5, 5.62446, 3],
			"rotation": {"angle": 22.5, "axis": "z", "origin": [8, 5.525, 2]},
			"faces": {
				"north": {"uv": [0, 0, 1, 1], "texture": "#0"},
				"east": {"uv": [0, 0, 1, 1], "texture": "#0"},
				"south": {"uv": [0, 0, 1, 1], "texture": "#0"},
				"west": {"uv": [0, 0, 1, 1], "texture": "#0"},
				"up": {"uv": [0, 0, 1, 1], "texture": "#0"},
				"down": {"uv": [0, 0, 1, 1], "texture": "#0"}
			}
		},
		{
			"from": [7.3, 4, 3.35],
			"to": [8.7, 6.25, 5.3],
			"faces": {
				"north": {"uv": [0, 0, 1.4, 2.45], "texture": "#0"},
				"east": {"uv": [0, 0, 1.85, 2.45], "texture": "#0"},
				"south": {"uv": [0, 0, 1.4, 2.45], "texture": "#0"},
				"west": {"uv": [0, 0, 1.85, 2.45], "texture": "#0"},
				"up": {"uv": [0, 0, 1.4, 1.85], "texture": "#0"},
				"down": {"uv": [0, 0, 1.4, 1.85], "texture": "#0"}
			}
		},
		{
			"from": [7.75, 6.6, 5.8],
			"to": [7.8, 7.5, 5.9],
			"faces": {
				"north": {"uv": [0, 0, 0.5, 0.4], "texture": "#0"},
				"east": {"uv": [0, 0, 0.7, 0.4], "texture": "#0"},
				"south": {"uv": [0, 0, 0.5, 0.4], "texture": "#0"},
				"west": {"uv": [0, 0, 0.7, 0.4], "texture": "#0"},
				"up": {"uv": [0, 0, 0.5, 0.7], "texture": "#0"},
				"down": {"uv": [0, 0, 0.5, 0.7], "texture": "#0"}
			}
		},
		{
			"from": [7.75, 6.6, 5.8],
			"to": [7.8, 6.9, 6.5],
			"faces": {
				"north": {"uv": [0, 0, 0.5, 0.4], "texture": "#0"},
				"east": {"uv": [0, 0, 0.7, 0.4], "texture": "#0"},
				"south": {"uv": [0, 0, 0.5, 0.4], "texture": "#0"},
				"west": {"uv": [0, 0, 0.7, 0.4], "texture": "#0"},
				"up": {"uv": [0, 0, 0.5, 0.7], "texture": "#0"},
				"down": {"uv": [0, 0, 0.5, 0.7], "texture": "#0"}
			}
		},
		{
			"from": [7.75, 5.58505, 5.82132],
			"to": [7.8, 5.71005, 6.67132],
			"rotation": {"angle": 45, "axis": "x", "origin": [8, 6.51005, 8.02132]},
			"faces": {
				"north": {"uv": [0, 0, 0.5, 0.4], "texture": "#0"},
				"east": {"uv": [0, 0, 0.7, 0.4], "texture": "#0"},
				"south": {"uv": [0, 0, 0.5, 0.4], "texture": "#0"},
				"west": {"uv": [0, 0, 0.7, 0.4], "texture": "#0"},
				"up": {"uv": [0, 0, 0.5, 0.7], "texture": "#0"},
				"down": {"uv": [0, 0, 0.5, 0.7], "texture": "#0"}
			}
		},
		{
			"from": [7.75, 5.38505, 6.04632],
			"to": [7.8, 5.71005, 6.67132],
			"rotation": {"angle": 45, "axis": "x", "origin": [8, 6.51005, 8.02132]},
			"faces": {
				"north": {"uv": [0, 0, 0.5, 0.4], "texture": "#0"},
				"east": {"uv": [0, 0, 0.7, 0.4], "texture": "#0"},
				"south": {"uv": [0, 0, 0.5, 0.4], "texture": "#0"},
				"west": {"uv": [0, 0, 0.7, 0.4], "texture": "#0"},
				"up": {"uv": [0, 0, 0.5, 0.7], "texture": "#0"},
				"down": {"uv": [0, 0, 0.5, 0.7], "texture": "#0"}
			}
		},
		{
			"from": [7.75, 5.48505, 5.92132],
			"to": [7.8, 5.71005, 6.67132],
			"rotation": {"angle": 45, "axis": "x", "origin": [8, 6.51005, 8.02132]},
			"faces": {
				"north": {"uv": [0, 0, 0.5, 0.4], "texture": "#0"},
				"east": {"uv": [0, 0, 0.7, 0.4], "texture": "#0"},
				"south": {"uv": [0, 0, 0.5, 0.4], "texture": "#0"},
				"west": {"uv": [0, 0, 0.7, 0.4], "texture": "#0"},
				"up": {"uv": [0, 0, 0.5, 0.7], "texture": "#0"},
				"down": {"uv": [0, 0, 0.5, 0.7], "texture": "#0"}
			}
		},
		{
			"from": [7.75, 5.28505, 6.12132],
			"to": [7.8, 5.71005, 6.64632],
			"rotation": {"angle": 45, "axis": "x", "origin": [8, 6.51005, 8.02132]},
			"faces": {
				"north": {"uv": [0, 0, 0.5, 0.4], "texture": "#0"},
				"east": {"uv": [0, 0, 0.7, 0.4], "texture": "#0"},
				"south": {"uv": [0, 0, 0.5, 0.4], "texture": "#0"},
				"west": {"uv": [0, 0, 0.7, 0.4], "texture": "#0"},
				"up": {"uv": [0, 0, 0.5, 0.7], "texture": "#0"},
				"down": {"uv": [0, 0, 0.5, 0.7], "texture": "#0"}
			}
		},
		{
			"from": [8.2, 5.28505, 6.12132],
			"to": [8.25, 5.71005, 6.64632],
			"rotation": {"angle": 45, "axis": "x", "origin": [8.45, 6.51005, 8.02132]},
			"faces": {
				"north": {"uv": [0, 0, 0.5, 0.4], "texture": "#0"},
				"east": {"uv": [0, 0, 0.7, 0.4], "texture": "#0"},
				"south": {"uv": [0, 0, 0.5, 0.4], "texture": "#0"},
				"west": {"uv": [0, 0, 0.7, 0.4], "texture": "#0"},
				"up": {"uv": [0, 0, 0.5, 0.7], "texture": "#0"},
				"down": {"uv": [0, 0, 0.5, 0.7], "texture": "#0"}
			}
		},
		{
			"from": [7.4, 4, 3.35],
			"to": [8.8, 6.25, 5.3],
			"faces": {
				"north": {"uv": [0, 0, 1.4, 2.45], "texture": "#0"},
				"east": {"uv": [0, 0, 1.85, 2.45], "texture": "#0"},
				"south": {"uv": [0, 0, 1.4, 2.45], "texture": "#0"},
				"west": {"uv": [0, 0, 1.85, 2.45], "texture": "#0"},
				"up": {"uv": [0, 0, 1.4, 1.85], "texture": "#0"},
				"down": {"uv": [0, 0, 1.4, 1.85], "texture": "#0"}
			}
		},
		{
			"from": [8.2, 6.6, 5.8],
			"to": [8.25, 7.5, 5.9],
			"faces": {
				"north": {"uv": [0, 0, 0.5, 0.4], "texture": "#0"},
				"east": {"uv": [0, 0, 0.7, 0.4], "texture": "#0"},
				"south": {"uv": [0, 0, 0.5, 0.4], "texture": "#0"},
				"west": {"uv": [0, 0, 0.7, 0.4], "texture": "#0"},
				"up": {"uv": [0, 0, 0.5, 0.7], "texture": "#0"},
				"down": {"uv": [0, 0, 0.5, 0.7], "texture": "#0"}
			}
		},
		{
			"from": [8.2, 6.6, 5.8],
			"to": [8.25, 6.9, 6.5],
			"faces": {
				"north": {"uv": [0, 0, 0.5, 0.4], "texture": "#0"},
				"east": {"uv": [0, 0, 0.7, 0.4], "texture": "#0"},
				"south": {"uv": [0, 0, 0.5, 0.4], "texture": "#0"},
				"west": {"uv": [0, 0, 0.7, 0.4], "texture": "#0"},
				"up": {"uv": [0, 0, 0.5, 0.7], "texture": "#0"},
				"down": {"uv": [0, 0, 0.5, 0.7], "texture": "#0"}
			}
		},
		{
			"from": [8.2, 5.58505, 5.82132],
			"to": [8.25, 5.71005, 6.67132],
			"rotation": {"angle": 45, "axis": "x", "origin": [8.45, 6.51005, 8.02132]},
			"faces": {
				"north": {"uv": [0, 0, 0.5, 0.4], "texture": "#0"},
				"east": {"uv": [0, 0, 0.7, 0.4], "texture": "#0"},
				"south": {"uv": [0, 0, 0.5, 0.4], "texture": "#0"},
				"west": {"uv": [0, 0, 0.7, 0.4], "texture": "#0"},
				"up": {"uv": [0, 0, 0.5, 0.7], "texture": "#0"},
				"down": {"uv": [0, 0, 0.5, 0.7], "texture": "#0"}
			}
		},
		{
			"from": [8.2, 5.38505, 6.04632],
			"to": [8.25, 5.71005, 6.67132],
			"rotation": {"angle": 45, "axis": "x", "origin": [8.45, 6.51005, 8.02132]},
			"faces": {
				"north": {"uv": [0, 0, 0.5, 0.4], "texture": "#0"},
				"east": {"uv": [0, 0, 0.7, 0.4], "texture": "#0"},
				"south": {"uv": [0, 0, 0.5, 0.4], "texture": "#0"},
				"west": {"uv": [0, 0, 0.7, 0.4], "texture": "#0"},
				"up": {"uv": [0, 0, 0.5, 0.7], "texture": "#0"},
				"down": {"uv": [0, 0, 0.5, 0.7], "texture": "#0"}
			}
		},
		{
			"from": [8.2, 5.48505, 5.92132],
			"to": [8.25, 5.71005, 6.67132],
			"rotation": {"angle": 45, "axis": "x", "origin": [8.45, 6.51005, 8.02132]},
			"faces": {
				"north": {"uv": [0, 0, 0.5, 0.4], "texture": "#0"},
				"east": {"uv": [0, 0, 0.7, 0.4], "texture": "#0"},
				"south": {"uv": [0, 0, 0.5, 0.4], "texture": "#0"},
				"west": {"uv": [0, 0, 0.7, 0.4], "texture": "#0"},
				"up": {"uv": [0, 0, 0.5, 0.7], "texture": "#0"},
				"down": {"uv": [0, 0, 0.5, 0.7], "texture": "#0"}
			}
		},
		{
			"from": [7.5, 4.7, 3.65],
			"to": [8.5, 6.75, 5.3],
			"faces": {
				"north": {"uv": [0, 0, 1.4, 2.65], "texture": "#1"},
				"east": {"uv": [0, 0, 1.85, 2.65], "texture": "#1"},
				"south": {"uv": [0, 0, 1.4, 2.65], "texture": "#1"},
				"west": {"uv": [0, 0, 1.85, 2.65], "texture": "#1"},
				"up": {"uv": [0, 0, 1.4, 1.85], "texture": "#1"},
				"down": {"uv": [0, 0, 1.4, 1.85], "texture": "#1"}
			}
		},
		{
			"from": [7.3, 4, 3.35],
			"to": [8.7, 6.25, 5.3],
			"faces": {
				"north": {"uv": [0, 0, 1.4, 2.45], "texture": "#0"},
				"east": {"uv": [0, 0, 1.85, 2.45], "texture": "#0"},
				"south": {"uv": [0, 0, 1.4, 2.45], "texture": "#0"},
				"west": {"uv": [0, 0, 1.85, 2.45], "texture": "#0"},
				"up": {"uv": [0, 0, 1.4, 1.85], "texture": "#0"},
				"down": {"uv": [0, 0, 1.4, 1.85], "texture": "#0"}
			}
		},
		{
			"from": [7.4, 3.6, 3.05],
			"to": [8.7, 4.45, 4.1],
			"faces": {
				"north": {"uv": [0, 0, 1.4, 2.65], "texture": "#0"},
				"east": {"uv": [0, 0, 1.85, 2.65], "texture": "#0"},
				"south": {"uv": [0, 0, 1.4, 2.65], "texture": "#0"},
				"west": {"uv": [0, 0, 1.85, 2.65], "texture": "#0"},
				"up": {"uv": [0, 0, 1.4, 1.85], "texture": "#0"},
				"down": {"uv": [0, 0, 1.4, 1.85], "texture": "#0"}
			}
		},
		{
			"from": [7.6, 2.4, -0.25],
			"to": [8.5, 4.05, 0.1],
			"faces": {
				"north": {"uv": [0, 0, 1.4, 2.65], "texture": "#0"},
				"east": {"uv": [0, 0, 1.85, 2.65], "texture": "#0"},
				"south": {"uv": [0, 0, 1.4, 2.65], "texture": "#0"},
				"west": {"uv": [0, 0, 1.85, 2.65], "texture": "#0"},
				"up": {"uv": [0, 0, 1.4, 1.85], "texture": "#0"},
				"down": {"uv": [0, 0, 1.4, 1.85], "texture": "#0"}
			}
		},
		{
			"from": [7.5, 2.8, -0.25],
			"to": [8.6, 3.45, 4.7],
			"faces": {
				"north": {"uv": [0, 0, 1.4, 2.65], "texture": "#0"},
				"east": {"uv": [0, 0, 1.85, 2.65], "texture": "#0"},
				"south": {"uv": [0, 0, 1.4, 2.65], "texture": "#0"},
				"west": {"uv": [0, 0, 1.85, 2.65], "texture": "#0"},
				"up": {"uv": [0, 0, 1.4, 1.85], "texture": "#0"},
				"down": {"uv": [0, 0, 1.4, 1.85], "texture": "#0"}
			}
		},
		{
			"from": [7.5, 2.8, 4.35],
			"to": [8.6, 3.85, 5.1],
			"faces": {
				"north": {"uv": [0, 0, 1.4, 2.65], "texture": "#0"},
				"east": {"uv": [0, 0, 1.85, 2.65], "texture": "#0"},
				"south": {"uv": [0, 0, 1.4, 2.65], "texture": "#0"},
				"west": {"uv": [0, 0, 1.85, 2.65], "texture": "#0"},
				"up": {"uv": [0, 0, 1.4, 1.85], "texture": "#0"},
				"down": {"uv": [0, 0, 1.4, 1.85], "texture": "#0"}
			}
		},
		{
			"from": [7.7, 0.29728, 2.14864],
			"to": [8.4, 2.34728, 3.29864],
			"faces": {
				"north": {"uv": [0, 0, 1.4, 1.85], "rotation": 180, "texture": "#1"},
				"east": {"uv": [0, 0, 1.85, 2.65], "rotation": 270, "texture": "#1"},
				"south": {"uv": [0, 0, 1.4, 1.85], "texture": "#1"},
				"west": {"uv": [0, 0, 1.85, 2.65], "rotation": 90, "texture": "#1"},
				"up": {"uv": [0, 0, 1.4, 2.65], "rotation": 180, "texture": "#1"},
				"down": {"uv": [0, 0, 1.4, 2.65], "texture": "#1"}
			}
		},
		{
			"from": [7.7, 1.9, 1.8],
			"to": [8.4, 3.05, 2.95],
			"rotation": {"angle": -22.5, "axis": "x", "origin": [8, 3, 2]},
			"faces": {
				"north": {"uv": [0, 0, 1.4, 1.85], "rotation": 180, "texture": "#1"},
				"east": {"uv": [0, 0, 1.85, 2.65], "rotation": 270, "texture": "#1"},
				"south": {"uv": [0, 0, 1.4, 1.85], "texture": "#1"},
				"west": {"uv": [0, 0, 1.85, 2.65], "rotation": 90, "texture": "#1"},
				"up": {"uv": [0, 0, 1.4, 2.65], "rotation": 180, "texture": "#1"},
				"down": {"uv": [0, 0, 1.4, 2.65], "texture": "#1"}
			}
		},
		{
			"from": [7.7, 1.9, 1.3],
			"to": [8.4, 3.65, 1.95],
			"rotation": {"angle": -45, "axis": "x", "origin": [8, 3, 2]},
			"faces": {
				"north": {"uv": [0, 0, 1.4, 1.85], "rotation": 180, "texture": "#1"},
				"east": {"uv": [0, 0, 1.85, 2.65], "rotation": 270, "texture": "#1"},
				"south": {"uv": [0, 0, 1.4, 1.85], "texture": "#1"},
				"west": {"uv": [0, 0, 1.85, 2.65], "rotation": 90, "texture": "#1"},
				"up": {"uv": [0, 0, 1.4, 2.65], "rotation": 180, "texture": "#1"},
				"down": {"uv": [0, 0, 1.4, 2.65], "texture": "#1"}
			}
		},
		{
			"from": [7.7, 3.925, 0.225],
			"to": [8.4, 4.25, 1.25],
			"rotation": {"angle": -45, "axis": "x", "origin": [8, 3, 2]},
			"faces": {
				"north": {"uv": [0, 0, 1.4, 1.85], "rotation": 180, "texture": "#1"},
				"east": {"uv": [0, 0, 1.85, 2.65], "rotation": 270, "texture": "#1"},
				"south": {"uv": [0, 0, 1.4, 1.85], "texture": "#1"},
				"west": {"uv": [0, 0, 1.85, 2.65], "rotation": 90, "texture": "#1"},
				"up": {"uv": [0, 0, 1.4, 2.65], "rotation": 180, "texture": "#1"},
				"down": {"uv": [0, 0, 1.4, 2.65], "texture": "#1"}
			}
		},
		{
			"from": [7.7, 2.6, 0.225],
			"to": [8.4, 3.2, 4.55],
			"faces": {
				"north": {"uv": [0, 0, 1.4, 1.85], "rotation": 180, "texture": "#1"},
				"east": {"uv": [0, 0, 1.85, 2.65], "rotation": 270, "texture": "#1"},
				"south": {"uv": [0, 0, 1.4, 1.85], "texture": "#1"},
				"west": {"uv": [0, 0, 1.85, 2.65], "rotation": 90, "texture": "#1"},
				"up": {"uv": [0, 0, 1.4, 2.65], "rotation": 180, "texture": "#1"},
				"down": {"uv": [0, 0, 1.4, 2.65], "texture": "#1"}
			}
		},
		{
			"name": "hexadecagon",
			"from": [7.93038, 5.2, -1.4],
			"to": [8.06962, 5.3, 3.8],
			"rotation": {"angle": -45, "axis": "z", "origin": [8, 5.55, 3.3]},
			"faces": {
				"north": {"uv": [0, 0, 1, 1], "texture": "#0"},
				"east": {"uv": [0, 0, 1, 1], "texture": "#0"},
				"south": {"uv": [0, 0, 1, 1], "texture": "#0"},
				"west": {"uv": [0, 0, 1, 1], "texture": "#0"},
				"up": {"uv": [0, 0, 1, 1], "texture": "#0"},
				"down": {"uv": [0, 0, 1, 1], "texture": "#0"}
			}
		},
		{
			"name": "hexadecagon",
			"from": [7.93038, 5.2, -3.3],
			"to": [8.06962, 5.3, 3.8],
			"rotation": {"angle": -22.5, "axis": "z", "origin": [8, 5.55, 3.3]},
			"faces": {
				"north": {"uv": [0, 0, 1, 1], "texture": "#0"},
				"east": {"uv": [0, 0, 1, 1], "texture": "#0"},
				"south": {"uv": [0, 0, 1, 1], "texture": "#0"},
				"west": {"uv": [0, 0, 1, 1], "texture": "#0"},
				"up": {"uv": [0, 0, 1, 1], "texture": "#0"},
				"down": {"uv": [0, 0, 1, 1], "texture": "#0"}
			}
		},
		{
			"name": "hexadecagon",
			"from": [7.93038, 5.2, -1.4],
			"to": [8.06962, 5.3, 3.8],
			"faces": {
				"north": {"uv": [0, 0, 1, 1], "texture": "#0"},
				"east": {"uv": [0, 0, 1, 1], "texture": "#0"},
				"south": {"uv": [0, 0, 1, 1], "texture": "#0"},
				"west": {"uv": [0, 0, 1, 1], "texture": "#0"},
				"up": {"uv": [0, 0, 1, 1], "texture": "#0"},
				"down": {"uv": [0, 0, 1, 1], "texture": "#0"}
			}
		},
		{
			"name": "hexadecagon",
			"from": [7.93038, 5.2, -3.3],
			"to": [8.06962, 5.3, 3.8],
			"rotation": {"angle": 22.5, "axis": "z", "origin": [8, 5.55, 3.3]},
			"faces": {
				"north": {"uv": [0, 0, 1, 1], "texture": "#0"},
				"east": {"uv": [0, 0, 1, 1], "texture": "#0"},
				"south": {"uv": [0, 0, 1, 1], "texture": "#0"},
				"west": {"uv": [0, 0, 1, 1], "texture": "#0"},
				"up": {"uv": [0, 0, 1, 1], "texture": "#0"},
				"down": {"uv": [0, 0, 1, 1], "texture": "#0"}
			}
		},
		{
			"name": "hexadecagon",
			"from": [7.93038, 5.2, -1.4],
			"to": [8.06962, 5.3, 3.8],
			"rotation": {"angle": 45, "axis": "z", "origin": [8, 5.55, 3.3]},
			"faces": {
				"north": {"uv": [0, 0, 1, 1], "texture": "#0"},
				"east": {"uv": [0, 0, 1, 1], "texture": "#0"},
				"south": {"uv": [0, 0, 1, 1], "texture": "#0"},
				"west": {"uv": [0, 0, 1, 1], "texture": "#0"},
				"up": {"uv": [0, 0, 1, 1], "texture": "#0"},
				"down": {"uv": [0, 0, 1, 1], "texture": "#0"}
			}
		},
		{
			"name": "hexadecagon",
			"from": [7.93038, 5.8, -1.4],
			"to": [8.06962, 5.9, 3.8],
			"rotation": {"angle": -45, "axis": "z", "origin": [8, 5.55, 3.3]},
			"faces": {
				"north": {"uv": [0, 0, 1, 1], "texture": "#0"},
				"east": {"uv": [0, 0, 1, 1], "texture": "#0"},
				"south": {"uv": [0, 0, 1, 1], "texture": "#0"},
				"west": {"uv": [0, 0, 1, 1], "texture": "#0"},
				"up": {"uv": [0, 0, 1, 1], "texture": "#0"},
				"down": {"uv": [0, 0, 1, 1], "texture": "#0"}
			}
		},
		{
			"name": "hexadecagon",
			"from": [7.93038, 5.8, -3.3],
			"to": [8.06962, 5.9, 3.8],
			"rotation": {"angle": -22.5, "axis": "z", "origin": [8, 5.55, 3.3]},
			"faces": {
				"north": {"uv": [0, 0, 1, 1], "texture": "#0"},
				"east": {"uv": [0, 0, 1, 1], "texture": "#0"},
				"south": {"uv": [0, 0, 1, 1], "texture": "#0"},
				"west": {"uv": [0, 0, 1, 1], "texture": "#0"},
				"up": {"uv": [0, 0, 1, 1], "texture": "#0"},
				"down": {"uv": [0, 0, 1, 1], "texture": "#0"}
			}
		},
		{
			"name": "hexadecagon",
			"from": [7.93038, 5.8, -1.4],
			"to": [8.06962, 5.9, 3.8],
			"faces": {
				"north": {"uv": [0, 0, 1, 1], "texture": "#0"},
				"east": {"uv": [0, 0, 1, 1], "texture": "#0"},
				"south": {"uv": [0, 0, 1, 1], "texture": "#0"},
				"west": {"uv": [0, 0, 1, 1], "texture": "#0"},
				"up": {"uv": [0, 0, 1, 1], "texture": "#0"},
				"down": {"uv": [0, 0, 1, 1], "texture": "#0"}
			}
		},
		{
			"name": "hexadecagon",
			"from": [7.93038, 5.8, -3.3],
			"to": [8.06962, 5.9, 3.8],
			"rotation": {"angle": 22.5, "axis": "z", "origin": [8, 5.55, 3.3]},
			"faces": {
				"north": {"uv": [0, 0, 1, 1], "texture": "#0"},
				"east": {"uv": [0, 0, 1, 1], "texture": "#0"},
				"south": {"uv": [0, 0, 1, 1], "texture": "#0"},
				"west": {"uv": [0, 0, 1, 1], "texture": "#0"},
				"up": {"uv": [0, 0, 1, 1], "texture": "#0"},
				"down": {"uv": [0, 0, 1, 1], "texture": "#0"}
			}
		},
		{
			"name": "hexadecagon",
			"from": [7.93038, 5.8, -1.4],
			"to": [8.06962, 5.9, 3.8],
			"rotation": {"angle": 45, "axis": "z", "origin": [8, 5.55, 3.3]},
			"faces": {
				"north": {"uv": [0, 0, 1, 1], "texture": "#0"},
				"east": {"uv": [0, 0, 1, 1], "texture": "#0"},
				"south": {"uv": [0, 0, 1, 1], "texture": "#0"},
				"west": {"uv": [0, 0, 1, 1], "texture": "#0"},
				"up": {"uv": [0, 0, 1, 1], "texture": "#0"},
				"down": {"uv": [0, 0, 1, 1], "texture": "#0"}
			}
		},
		{
			"name": "hexadecagon",
			"from": [7.65, 5.48038, -3.3],
			"to": [7.75, 5.61962, 3.8],
			"rotation": {"angle": -22.5, "axis": "z", "origin": [8, 5.55, 3.3]},
			"faces": {
				"north": {"uv": [0, 0, 1, 1], "texture": "#0"},
				"east": {"uv": [0, 0, 1, 1], "texture": "#0"},
				"south": {"uv": [0, 0, 1, 1], "texture": "#0"},
				"west": {"uv": [0, 0, 1, 1], "texture": "#0"},
				"up": {"uv": [0, 0, 1, 1], "texture": "#0"},
				"down": {"uv": [0, 0, 1, 1], "texture": "#0"}
			}
		},
		{
			"name": "hexadecagon",
			"from": [7.65, 5.48038, -1.4],
			"to": [7.75, 5.61962, 3.8],
			"faces": {
				"north": {"uv": [0, 0, 1, 1], "texture": "#0"},
				"east": {"uv": [0, 0, 1, 1], "texture": "#0"},
				"south": {"uv": [0, 0, 1, 1], "texture": "#0"},
				"west": {"uv": [0, 0, 1, 1], "texture": "#0"},
				"up": {"uv": [0, 0, 1, 1], "texture": "#0"},
				"down": {"uv": [0, 0, 1, 1], "texture": "#0"}
			}
		},
		{
			"name": "hexadecagon",
			"from": [7.65, 5.48038, -3.3],
			"to": [7.75, 5.61962, 3.8],
			"rotation": {"angle": 22.5, "axis": "z", "origin": [8, 5.55, 3.3]},
			"faces": {
				"north": {"uv": [0, 0, 1, 1], "texture": "#0"},
				"east": {"uv": [0, 0, 1, 1], "texture": "#0"},
				"south": {"uv": [0, 0, 1, 1], "texture": "#0"},
				"west": {"uv": [0, 0, 1, 1], "texture": "#0"},
				"up": {"uv": [0, 0, 1, 1], "texture": "#0"},
				"down": {"uv": [0, 0, 1, 1], "texture": "#0"}
			}
		},
		{
			"name": "hexadecagon",
			"from": [8.25, 5.48038, -3.3],
			"to": [8.35, 5.61962, 3.8],
			"rotation": {"angle": -22.5, "axis": "z", "origin": [8, 5.55, 3.3]},
			"faces": {
				"north": {"uv": [0, 0, 1, 1], "texture": "#0"},
				"east": {"uv": [0, 0, 1, 1], "texture": "#0"},
				"south": {"uv": [0, 0, 1, 1], "texture": "#0"},
				"west": {"uv": [0, 0, 1, 1], "texture": "#0"},
				"up": {"uv": [0, 0, 1, 1], "texture": "#0"},
				"down": {"uv": [0, 0, 1, 1], "texture": "#0"}
			}
		},
		{
			"name": "hexadecagon",
			"from": [8.25, 5.48038, -1.4],
			"to": [8.35, 5.61962, 3.8],
			"faces": {
				"north": {"uv": [0, 0, 1, 1], "texture": "#0"},
				"east": {"uv": [0, 0, 1, 1], "texture": "#0"},
				"south": {"uv": [0, 0, 1, 1], "texture": "#0"},
				"west": {"uv": [0, 0, 1, 1], "texture": "#0"},
				"up": {"uv": [0, 0, 1, 1], "texture": "#0"},
				"down": {"uv": [0, 0, 1, 1], "texture": "#0"}
			}
		},
		{
			"name": "hexadecagon",
			"from": [8.25, 5.48038, -3.3],
			"to": [8.35, 5.61962, 3.8],
			"rotation": {"angle": 22.5, "axis": "z", "origin": [8, 5.55, 3.3]},
			"faces": {
				"north": {"uv": [0, 0, 1, 1], "texture": "#0"},
				"east": {"uv": [0, 0, 1, 1], "texture": "#0"},
				"south": {"uv": [0, 0, 1, 1], "texture": "#0"},
				"west": {"uv": [0, 0, 1, 1], "texture": "#0"},
				"up": {"uv": [0, 0, 1, 1], "texture": "#0"},
				"down": {"uv": [0, 0, 1, 1], "texture": "#0"}
			}
		}
	],
	"display": {
		"thirdperson_righthand": {
			"translation": [0, 3.25, 0],
			"scale": [0.72, 0.72, 0.72]
		},
		"firstperson_righthand": {
			"translation": [-4, 6.75, 0],
			"scale": [0.99, 1, 1]
		},
		"ground": {
			"translation": [0, 10.25, 0]
		},
		"gui": {
			"rotation": [17, 62, 0],
			"translation": [2, 5.25, 0],
			"scale": [1.15, 1.15, 1.15]
		},
		"fixed": {
			"rotation": [93, -43, 92],
			"translation": [-5.25, 1.75, -2.25],
			"scale": [1.37, 1.34, 1.28]
		}
	},
	"groups": [0, 1, 2, 3, 4, 5, 6, 7, 8, 9, 10, 11, 12, 13, 14, 15, 16, 17, 18, 19, 20,
		{
			"name": "hexadecagon",
			"children": [21, 22, 23, 24, 25, 26, 27, 28, 29]
		}, 30,
		{
			"name": "tmp",
			"children": [
				{
					"name": "hexadecagon",
					"children": []
				},
				{
					"name": "hexadecagon",
					"children": []
				}
			]
		}, 31, 32, 33, 34, 35, 36, 37, 38, 39, 40, 41, 42, 43, 44, 45, 46, 47, 48, 49, 50, 51, 52, 53, 54, 55, 56, 57, 58, 59,
		{
			"name": "hexadecagon",
			"children": [60, 61, 62, 63, 64, 65, 66, 67]
		}, 68, 69, 70, 71, 72, 73, 74, 75, 76, 77, 78, 79, 80, 81, 82, 83, 84, 85, 86, 87, 88, 89, 90, 91, 92,
		{
			"name": "hexadecagon",
			"children": [93, 94, 95, 96, 97, 98, 99, 100, 101, 102, 103, 104, 105, 106, 107, 108]
		}
	]
}