{
	"credit": "Made with Blockbench",
	"textures": {
		"0": "custom/nothingness1/gray1",
		"1": "custom/nothingness1/gray2",
		"2": "custom/nothingness1/gray3",
		"particle": "custom/nothingness1/gray1"
	},
	"elements": [
		{
			"from": [7.7, 4, 8.6],
			"to": [8.3, 5.05, 8.85],
			"faces": {
				"north": {"uv": [0, 0, 1.2, 2.1], "texture": "#1"},
				"east": {"uv": [0, 0, 0.6, 2.1], "texture": "#1"},
				"south": {"uv": [0, 0, 1.2, 2.1], "texture": "#1"},
				"west": {"uv": [0, 0, 0.6, 2.1], "texture": "#1"},
				"up": {"uv": [0, 0, 1.2, 0.6], "texture": "#1"},
				"down": {"uv": [0, 0, 1.2, 0.6], "texture": "#1"}
			}
		},
		{
			"from": [7.93431, 4.69143, 8.6],
			"to": [8.03431, 4.84143, 9.7],
			"rotation": {"angle": 45, "axis": "z", "origin": [7.73431, 5.19143, 7.7]},
			"faces": {
				"north": {"uv": [0, 0, 0.2, 0.3], "texture": "#1"},
				"east": {"uv": [0, 0, 4.5, 0.3], "texture": "#1"},
				"south": {"uv": [0, 0, 0.2, 0.3], "texture": "#1"},
				"west": {"uv": [0, 0, 4.5, 0.3], "texture": "#1"},
				"up": {"uv": [0, 0, 0.2, 4.5], "texture": "#1"},
				"down": {"uv": [0, 0, 0.2, 4.5], "texture": "#1"}
			}
		},
		{
			"from": [8.05318, 4.90412, 8.59982],
			"to": [8.15318, 5.05411, 9.69981],
			"rotation": {"angle": -45, "axis": "z", "origin": [8.05318, 5.40412, 7.69981]},
			"faces": {
				"north": {"uv": [0, 0, 0.2, 0.3], "texture": "#1"},
				"east": {"uv": [0, 0, 4.5, 0.3], "texture": "#1"},
				"south": {"uv": [0, 0, 0.2, 0.3], "texture": "#1"},
				"west": {"uv": [0, 0, 4.5, 0.3], "texture": "#1"},
				"up": {"uv": [0, 0, 0.2, 4.5], "texture": "#1"},
				"down": {"uv": [0, 0, 0.2, 4.5], "texture": "#1"}
			}
		},
		{
			"from": [7.80643, 5.00607, 8.6],
			"to": [8.19393, 5.15607, 9.7],
			"faces": {
				"north": {"uv": [0, 0, 0.775, 0.3], "texture": "#1"},
				"east": {"uv": [0, 0, 4.5, 0.3], "texture": "#1"},
				"south": {"uv": [0, 0, 0.775, 0.3], "texture": "#1"},
				"west": {"uv": [0, 0, 4.5, 0.3], "texture": "#1"},
				"up": {"uv": [0, 0, 0.775, 4.5], "texture": "#1"},
				"down": {"uv": [0, 0, 0.775, 4.5], "texture": "#1"}
			}
		},
		{
			"from": [8.05318, 3.99589, 8.59982],
			"to": [8.35318, 4.14589, 8.89982],
			"rotation": {"angle": 45, "axis": "z", "origin": [8.05318, 3.64589, 7.69981]},
			"faces": {
				"north": {"uv": [0, 0.3, 0.6, 0.6], "texture": "#1"},
				"east": {"uv": [0, 0.3, 0.6, 0.6], "texture": "#1"},
				"south": {"uv": [0, 0.3, 0.6, 0.6], "texture": "#1"},
				"west": {"uv": [0, 0.3, 0.6, 0.6], "texture": "#1"},
				"up": {"uv": [0, 1, 0.6, 1.6], "texture": "#1"},
				"down": {"uv": [0, 1, 0.6, 1.6], "texture": "#1"}
			}
		},
		{
			"from": [7.80643, 3.89393, 8.6],
			"to": [8.19393, 4.04393, 8.9],
			"faces": {
				"north": {"uv": [0, 0.3, 0.775, 0.6], "texture": "#1"},
				"east": {"uv": [0, 0.3, 0.6, 0.6], "texture": "#1"},
				"south": {"uv": [0, 0.3, 0.775, 0.6], "texture": "#1"},
				"west": {"uv": [0, 0.3, 0.6, 0.6], "texture": "#1"},
				"up": {"uv": [0, 1, 0.775, 1.6], "texture": "#1"},
				"down": {"uv": [0, 1, 0.775, 1.6], "texture": "#1"}
			}
		},
		{
			"from": [7.73431, 4.20858, 8.6],
			"to": [8.03431, 4.35858, 8.9],
			"rotation": {"angle": -45, "axis": "z", "origin": [7.73431, 3.85858, 8.85]},
			"faces": {
				"north": {"uv": [0, 0.3, 0.6, 0.6], "texture": "#1"},
				"east": {"uv": [0, 0.3, 0.6, 0.6], "texture": "#1"},
				"south": {"uv": [0, 0.3, 0.6, 0.6], "texture": "#1"},
				"west": {"uv": [0, 0.3, 0.6, 0.6], "texture": "#1"},
				"up": {"uv": [0, 1, 0.6, 1.6], "texture": "#1"},
				"down": {"uv": [0, 1, 0.6, 1.6], "texture": "#1"}
			}
		},
		{
			"from": [7.7, 4.5, 10.3],
			"to": [8.3, 5.05, 12.7],
			"faces": {
				"north": {"uv": [0, 0, 1.2, 0.7], "texture": "#1"},
				"east": {"uv": [0, 0, 6.7, 0.7], "texture": "#1"},
				"south": {"uv": [0, 0, 1.2, 0.7], "texture": "#1"},
				"west": {"uv": [0, 0, 6.7, 0.7], "texture": "#1"},
				"up": {"uv": [0, 0, 1.2, 6.7], "texture": "#1"},
				"down": {"uv": [0, 0, 1.2, 6.7], "texture": "#1"}
			}
		},
		{
			"from": [7.73431, 4.69143, 9.5],
			"to": [8.03431, 4.84143, 12.7],
			"rotation": {"angle": 45, "axis": "z", "origin": [7.73431, 5.19143, 9.75]},
			"faces": {
				"north": {"uv": [0, 0, 0.6, 0.3], "texture": "#1"},
				"east": {"uv": [0, 0, 6.4, 0.3], "texture": "#1"},
				"south": {"uv": [0, 0, 0.6, 0.3], "texture": "#1"},
				"west": {"uv": [0, 0, 6.4, 0.3], "texture": "#1"},
				"up": {"uv": [0, 0, 0.6, 6.4], "texture": "#1"},
				"down": {"uv": [0, 0, 0.6, 6.4], "texture": "#1"}
			}
		},
		{
			"from": [8.05318, 4.90412, 9.49982],
			"to": [8.35318, 5.05411, 12.69982],
			"rotation": {"angle": -45, "axis": "z", "origin": [8.05318, 5.40412, 9.74981]},
			"faces": {
				"north": {"uv": [0, 0, 0.6, 0.3], "texture": "#1"},
				"east": {"uv": [0, 0, 6.4, 0.3], "texture": "#1"},
				"south": {"uv": [0, 0, 0.6, 0.3], "texture": "#1"},
				"west": {"uv": [0, 0, 6.4, 0.3], "texture": "#1"},
				"up": {"uv": [0, 0, 0.6, 6.4], "texture": "#1"},
				"down": {"uv": [0, 0, 0.6, 6.4], "texture": "#1"}
			}
		},
		{
			"from": [7.80643, 5.00607, 9.5],
			"to": [8.19393, 5.15607, 12.7],
			"faces": {
				"north": {"uv": [0, 0, 0.775, 0.3], "texture": "#1"},
				"east": {"uv": [0, 0, 6.4, 0.3], "texture": "#1"},
				"south": {"uv": [0, 0, 0.775, 0.3], "texture": "#1"},
				"west": {"uv": [0, 0, 6.4, 0.3], "texture": "#1"},
				"up": {"uv": [0, 0, 0.775, 6.4], "texture": "#1"},
				"down": {"uv": [0, 0, 0.775, 6.4], "texture": "#1"}
			}
		},
		{
			"from": [8.05318, 3.99589, 9.49982],
			"to": [8.15318, 4.14589, 13.22482],
			"rotation": {"angle": 45, "axis": "z", "origin": [8.05318, 3.64589, 9.74981]},
			"faces": {
				"north": {"uv": [0, 0.3, 0.6, 0.6], "texture": "#1"},
				"east": {"uv": [0, 0.3, 6.4, 0.6], "texture": "#1"},
				"south": {"uv": [0, 0.3, 0.6, 0.6], "texture": "#1"},
				"west": {"uv": [0, 0.3, 6.4, 0.6], "texture": "#1"},
				"up": {"uv": [0, 1, 0.6, 7.4], "texture": "#1"},
				"down": {"uv": [0, 1, 0.6, 7.4], "texture": "#1"}
			}
		},
		{
			"from": [7.80643, 3.89393, 9.5],
			"to": [8.19393, 4.04393, 13.225],
			"faces": {
				"north": {"uv": [0, 0.3, 0.775, 0.6], "texture": "#1"},
				"east": {"uv": [0, 0.3, 6.4, 0.6], "texture": "#1"},
				"south": {"uv": [0, 0.3, 0.775, 0.6], "texture": "#1"},
				"west": {"uv": [0, 0.3, 6.4, 0.6], "texture": "#1"},
				"up": {"uv": [0, 1, 0.775, 7.4], "texture": "#1"},
				"down": {"uv": [0, 1, 0.775, 7.4], "texture": "#1"}
			}
		},
		{
			"from": [7.93431, 4.20858, 9.5],
			"to": [8.03431, 4.35858, 13.225],
			"rotation": {"angle": -45, "axis": "z", "origin": [7.73431, 3.85858, 9.75]},
			"faces": {
				"north": {"uv": [0, 0.3, 0.6, 0.6], "texture": "#1"},
				"east": {"uv": [0, 0.3, 6.4, 0.6], "texture": "#1"},
				"south": {"uv": [0, 0.3, 0.6, 0.6], "texture": "#1"},
				"west": {"uv": [0, 0.3, 6.4, 0.6], "texture": "#1"},
				"up": {"uv": [0, 1, 0.6, 7.4], "texture": "#1"},
				"down": {"uv": [0, 1, 0.6, 7.4], "texture": "#1"}
			}
		},
		{
			"from": [7.7, 4, 8.6],
			"to": [8.3, 4.5, 11.3],
			"faces": {
				"north": {"uv": [0, 0, 1.2, 1], "texture": "#1"},
				"east": {"uv": [0, 0, 7.7, 1], "texture": "#1"},
				"south": {"uv": [0, 0, 1.2, 1], "texture": "#1"},
				"west": {"uv": [0, 0, 7.7, 1], "texture": "#1"},
				"up": {"uv": [0, 0, 1.2, 7.7], "texture": "#1"},
				"down": {"uv": [0, 0, 1.2, 7.7], "texture": "#1"}
			}
		},
		{
			"from": [8.05318, 3.99589, 8.59981],
			"to": [8.35318, 4.14589, 10.64981],
			"rotation": {"angle": 45, "axis": "z", "origin": [8.05318, 3.64589, 8.84981]},
			"faces": {
				"north": {"uv": [0, 0.3, 0.6, 0.6], "texture": "#1"},
				"east": {"uv": [0, 0.3, 4.1, 0.6], "texture": "#1"},
				"south": {"uv": [0, 0.3, 0.6, 0.6], "texture": "#1"},
				"west": {"uv": [0, 0.3, 4.1, 0.6], "texture": "#1"},
				"up": {"uv": [0, 1, 0.6, 5.1], "texture": "#1"},
				"down": {"uv": [0, 1, 0.6, 5.1], "texture": "#1"}
			}
		},
		{
			"from": [7.73431, 4.20858, 8.6],
			"to": [8.03431, 4.35858, 9.5],
			"rotation": {"angle": -45, "axis": "z", "origin": [7.73431, 3.85858, 7.7]},
			"faces": {
				"north": {"uv": [0, 0.3, 0.6, 0.6], "texture": "#1"},
				"east": {"uv": [0, 0.3, 4.1, 0.6], "texture": "#1"},
				"south": {"uv": [0, 0.3, 0.6, 0.6], "texture": "#1"},
				"west": {"uv": [0, 0.3, 4.1, 0.6], "texture": "#1"},
				"up": {"uv": [0, 1, 0.6, 5.1], "texture": "#1"},
				"down": {"uv": [0, 1, 0.6, 5.1], "texture": "#1"}
			}
		},
		{
			"from": [7.80643, 3.89393, 8.6],
			"to": [8.19393, 4.04393, 9.5],
			"faces": {
				"north": {"uv": [0, 0.3, 0.775, 0.6], "texture": "#1"},
				"east": {"uv": [0, 0.3, 4.1, 0.6], "texture": "#1"},
				"south": {"uv": [0, 0.3, 0.775, 0.6], "texture": "#1"},
				"west": {"uv": [0, 0.3, 4.1, 0.6], "texture": "#1"},
				"up": {"uv": [0, 1, 0.775, 5.1], "texture": "#1"},
				"down": {"uv": [0, 1, 0.775, 5.1], "texture": "#1"}
			}
		},
		{
			"from": [7.7, 4, 10.9],
			"to": [8.3, 5.05, 12.7],
			"faces": {
				"north": {"uv": [0, 0, 1.2, 2.1], "texture": "#1"},
				"east": {"uv": [0, 0, 4.3, 2.1], "texture": "#1"},
				"south": {"uv": [0, 0, 1.2, 2.1], "texture": "#1"},
				"west": {"uv": [0, 0, 4.3, 2.1], "texture": "#1"},
				"up": {"uv": [0, 0, 1.2, 4.3], "texture": "#1"},
				"down": {"uv": [0, 0, 1.2, 4.3], "texture": "#1"}
			}
		},
		{
			"from": [7.7625, 4.15, 8.7],
			"to": [8.2375, 5, 11.95],
			"faces": {
				"north": {"uv": [0, 0, 0.95, 1.7], "texture": "#0"},
				"east": {"uv": [0, 0, 8.7, 1.7], "texture": "#0"},
				"south": {"uv": [0, 0, 0.95, 1.7], "texture": "#0"},
				"west": {"uv": [0, 0, 8.7, 1.7], "texture": "#0"},
				"up": {"uv": [0, 0, 0.95, 8.7], "texture": "#0"},
				"down": {"uv": [0, 0, 0.95, 8.7], "texture": "#0"}
			}
		},
		{
			"from": [7.7, 4.95, 8.8],
			"to": [8.3, 5.05, 12.7],
			"faces": {
				"north": {"uv": [0, 0, 1.2, 0.2], "texture": "#1"},
				"east": {"uv": [0, 0, 10.1, 0.2], "texture": "#1"},
				"south": {"uv": [0, 0, 1.2, 0.2], "texture": "#1"},
				"west": {"uv": [0, 0, 10.1, 0.2], "texture": "#1"},
				"up": {"uv": [0, 0, 1.2, 10.1], "texture": "#1"},
				"down": {"uv": [0, 0, 1.2, 10.1], "texture": "#1"}
			}
		},
		{
			"from": [7.7, 4.05, 8.65],
			"to": [8.1, 5.05, 12.7],
			"faces": {
				"north": {"uv": [0, 0, 1.2, 0.2], "texture": "#1"},
				"east": {"uv": [0, 0, 10.1, 0.2], "texture": "#1"},
				"south": {"uv": [0, 0, 1.2, 0.2], "texture": "#1"},
				"west": {"uv": [0, 0, 10.1, 0.2], "texture": "#1"},
				"up": {"uv": [0, 0, 1.2, 10.1], "texture": "#1"},
				"down": {"uv": [0, 0, 1.2, 10.1], "texture": "#1"}
			}
		},
		{
			"from": [7.7, 3.87678, 12.40199],
			"to": [8.3, 4.65178, 13.30199],
			"rotation": {"angle": 22.5, "axis": "x", "origin": [8, 4.10178, 13.55199]},
			"faces": {
				"north": {"uv": [0, 0, 1.2, 2.1], "texture": "#1"},
				"east": {"uv": [0, 0, 4.3, 2.1], "texture": "#1"},
				"south": {"uv": [0, 0, 1.2, 2.1], "texture": "#1"},
				"west": {"uv": [0, 0, 4.3, 2.1], "texture": "#1"},
				"up": {"uv": [0, 0, 1.2, 4.3], "texture": "#1"},
				"down": {"uv": [0, 0, 1.2, 4.3], "texture": "#1"}
			}
		},
		{
			"from": [7.72358, 3.87149, 13.91352],
			"to": [8.27358, 4.58399, 14.01352],
			"rotation": {"angle": -22.5, "axis": "x", "origin": [7.99858, 3.43399, 13.46352]},
			"faces": {
				"north": {"uv": [0, 0, 1.2, 4.3], "rotation": 180, "texture": "#2"},
				"east": {"uv": [0, 0, 4.3, 2.1], "rotation": 270, "texture": "#2"},
				"south": {"uv": [0, 0, 1.2, 4.3], "texture": "#2"},
				"west": {"uv": [0, 0, 4.3, 2.1], "rotation": 90, "texture": "#2"},
				"up": {"uv": [0, 0, 1.2, 2.1], "rotation": 180, "texture": "#2"},
				"down": {"uv": [0, 0, 1.2, 2.1], "texture": "#2"}
			}
		},
		{
			"from": [7.7, 4, 8.75],
			"to": [8.3, 4.525, 12.0625],
			"faces": {
				"north": {"uv": [0, 0, 1.2, 2.1], "texture": "#1"},
				"east": {"uv": [0, 0, 4.3, 2.1], "texture": "#1"},
				"south": {"uv": [0, 0, 1.2, 2.1], "texture": "#1"},
				"west": {"uv": [0, 0, 4.3, 2.1], "texture": "#1"},
				"up": {"uv": [0, 0, 1.2, 4.3], "texture": "#1"},
				"down": {"uv": [0, 0, 1.2, 4.3], "texture": "#1"}
			}
		},
		{
			"from": [7.7, 4, 10.55],
			"to": [8.3, 4.1875, 12.2375],
			"faces": {
				"north": {"uv": [0, 0, 1.2, 2.1], "texture": "#1"},
				"east": {"uv": [0, 0, 4.3, 2.1], "texture": "#1"},
				"south": {"uv": [0, 0, 1.2, 2.1], "texture": "#1"},
				"west": {"uv": [0, 0, 4.3, 2.1], "texture": "#1"},
				"up": {"uv": [0, 0, 1.2, 4.3], "texture": "#1"},
				"down": {"uv": [0, 0, 1.2, 4.3], "texture": "#1"}
			}
		},
		{
			"from": [7.72358, 4.03399, 13.52602],
			"to": [8.27358, 4.58399, 14.01352],
			"rotation": {"angle": -22.5, "axis": "x", "origin": [7.99858, 3.43399, 13.46352]},
			"faces": {
				"north": {"uv": [0, 0, 1.2, 4.3], "rotation": 180, "texture": "#2"},
				"east": {"uv": [0, 0, 4.3, 2.1], "rotation": 270, "texture": "#2"},
				"south": {"uv": [0, 0, 1.2, 4.3], "texture": "#2"},
				"west": {"uv": [0, 0, 4.3, 2.1], "rotation": 90, "texture": "#2"},
				"up": {"uv": [0, 0, 1.2, 2.1], "rotation": 180, "texture": "#2"},
				"down": {"uv": [0, 0, 1.2, 2.1], "texture": "#2"}
			}
		},
		{
			"name": "hexadecagon",
			"from": [7.95027, 4.6, -0.1],
			"to": [8.04973, 4.65, 8.85],
			"rotation": {"angle": -45, "axis": "z", "origin": [8, 4.85, 10.7]},
			"faces": {
				"north": {"uv": [0, 0, 1, 1], "texture": "#1"},
				"east": {"uv": [0, 0, 1, 1], "texture": "#1"},
				"south": {"uv": [0, 0, 1, 1], "texture": "#1"},
				"west": {"uv": [0, 0, 1, 1], "texture": "#1"},
				"up": {"uv": [0, 0, 1, 1], "texture": "#1"},
				"down": {"uv": [0, 0, 1, 1], "texture": "#1"}
			}
		},
		{
			"name": "hexadecagon",
			"from": [7.95027, 4.6, -0.1],
			"to": [8.04973, 4.65, 8.85],
			"rotation": {"angle": -22.5, "axis": "z", "origin": [8, 4.85, 10.7]},
			"faces": {
				"north": {"uv": [0, 0, 1, 1], "texture": "#1"},
				"east": {"uv": [0, 0, 1, 1], "texture": "#1"},
				"south": {"uv": [0, 0, 1, 1], "texture": "#1"},
				"west": {"uv": [0, 0, 1, 1], "texture": "#1"},
				"up": {"uv": [0, 0, 1, 1], "texture": "#1"},
				"down": {"uv": [0, 0, 1, 1], "texture": "#1"}
			}
		},
		{
			"name": "hexadecagon",
			"from": [7.95027, 4.6, -0.1],
			"to": [8.04973, 4.65, 8.85],
			"faces": {
				"north": {"uv": [0, 0, 1, 1], "texture": "#1"},
				"east": {"uv": [0, 0, 1, 1], "texture": "#1"},
				"south": {"uv": [0, 0, 1, 1], "texture": "#1"},
				"west": {"uv": [0, 0, 1, 1], "texture": "#1"},
				"up": {"uv": [0, 0, 1, 1], "texture": "#1"},
				"down": {"uv": [0, 0, 1, 1], "texture": "#1"}
			}
		},
		{
			"name": "hexadecagon",
			"from": [7.95027, 4.6, -0.1],
			"to": [8.04973, 4.65, 8.85],
			"rotation": {"angle": 22.5, "axis": "z", "origin": [8, 4.85, 10.7]},
			"faces": {
				"north": {"uv": [0, 0, 1, 1], "texture": "#1"},
				"east": {"uv": [0, 0, 1, 1], "texture": "#1"},
				"south": {"uv": [0, 0, 1, 1], "texture": "#1"},
				"west": {"uv": [0, 0, 1, 1], "texture": "#1"},
				"up": {"uv": [0, 0, 1, 1], "texture": "#1"},
				"down": {"uv": [0, 0, 1, 1], "texture": "#1"}
			}
		},
		{
			"name": "hexadecagon",
			"from": [7.95027, 4.6, -0.1],
			"to": [8.04973, 4.65, 8.85],
			"rotation": {"angle": 45, "axis": "z", "origin": [8, 4.85, 10.7]},
			"faces": {
				"north": {"uv": [0, 0, 1, 1], "texture": "#1"},
				"east": {"uv": [0, 0, 1, 1], "texture": "#1"},
				"south": {"uv": [0, 0, 1, 1], "texture": "#1"},
				"west": {"uv": [0, 0, 1, 1], "texture": "#1"},
				"up": {"uv": [0, 0, 1, 1], "texture": "#1"},
				"down": {"uv": [0, 0, 1, 1], "texture": "#1"}
			}
		},
		{
			"name": "hexadecagon",
			"from": [7.95027, 5.05, -0.1],
			"to": [8.04973, 5.1, 8.85],
			"rotation": {"angle": -45, "axis": "z", "origin": [8, 4.85, 10.7]},
			"faces": {
				"north": {"uv": [0, 0, 1, 1], "texture": "#1"},
				"east": {"uv": [0, 0, 1, 1], "texture": "#1"},
				"south": {"uv": [0, 0, 1, 1], "texture": "#1"},
				"west": {"uv": [0, 0, 1, 1], "texture": "#1"},
				"up": {"uv": [0, 0, 1, 1], "texture": "#1"},
				"down": {"uv": [0, 0, 1, 1], "texture": "#1"}
			}
		},
		{
			"name": "hexadecagon",
			"from": [7.95027, 5.05, -0.1],
			"to": [8.04973, 5.1, 8.85],
			"rotation": {"angle": -22.5, "axis": "z", "origin": [8, 4.85, 10.7]},
			"faces": {
				"north": {"uv": [0, 0, 1, 1], "texture": "#1"},
				"east": {"uv": [0, 0, 1, 1], "texture": "#1"},
				"south": {"uv": [0, 0, 1, 1], "texture": "#1"},
				"west": {"uv": [0, 0, 1, 1], "texture": "#1"},
				"up": {"uv": [0, 0, 1, 1], "texture": "#1"},
				"down": {"uv": [0, 0, 1, 1], "texture": "#1"}
			}
		},
		{
			"name": "hexadecagon",
			"from": [7.95027, 5.05, -0.1],
			"to": [8.04973, 5.1, 8.85],
			"rotation": {"angle": 22.5, "axis": "z", "origin": [8, 4.85, 10.7]},
			"faces": {
				"north": {"uv": [0, 0, 1, 1], "texture": "#1"},
				"east": {"uv": [0, 0, 1, 1], "texture": "#1"},
				"south": {"uv": [0, 0, 1, 1], "texture": "#1"},
				"west": {"uv": [0, 0, 1, 1], "texture": "#1"},
				"up": {"uv": [0, 0, 1, 1], "texture": "#1"},
				"down": {"uv": [0, 0, 1, 1], "texture": "#1"}
			}
		},
		{
			"name": "hexadecagon",
			"from": [7.95027, 5.05, -0.1],
			"to": [8.04973, 5.1, 8.85],
			"rotation": {"angle": 45, "axis": "z", "origin": [8, 4.85, 10.7]},
			"faces": {
				"north": {"uv": [0, 0, 1, 1], "texture": "#1"},
				"east": {"uv": [0, 0, 1, 1], "texture": "#1"},
				"south": {"uv": [0, 0, 1, 1], "texture": "#1"},
				"west": {"uv": [0, 0, 1, 1], "texture": "#1"},
				"up": {"uv": [0, 0, 1, 1], "texture": "#1"},
				"down": {"uv": [0, 0, 1, 1], "texture": "#1"}
			}
		},
		{
			"name": "hexadecagon",
			"from": [7.75, 4.80027, -0.1],
			"to": [7.8, 4.89973, 8.85],
			"rotation": {"angle": -22.5, "axis": "z", "origin": [8, 4.85, 10.7]},
			"faces": {
				"north": {"uv": [0, 0, 1, 1], "texture": "#1"},
				"east": {"uv": [0, 0, 1, 1], "texture": "#1"},
				"south": {"uv": [0, 0, 1, 1], "texture": "#1"},
				"west": {"uv": [0, 0, 1, 1], "texture": "#1"},
				"up": {"uv": [0, 0, 1, 1], "texture": "#1"},
				"down": {"uv": [0, 0, 1, 1], "texture": "#1"}
			}
		},
		{
			"name": "hexadecagon",
			"from": [7.75, 4.80027, -0.1],
			"to": [7.8, 4.89973, 8.85],
			"faces": {
				"north": {"uv": [0, 0, 1, 1], "texture": "#1"},
				"east": {"uv": [0, 0, 1, 1], "texture": "#1"},
				"south": {"uv": [0, 0, 1, 1], "texture": "#1"},
				"west": {"uv": [0, 0, 1, 1], "texture": "#1"},
				"up": {"uv": [0, 0, 1, 1], "texture": "#1"},
				"down": {"uv": [0, 0, 1, 1], "texture": "#1"}
			}
		},
		{
			"name": "hexadecagon",
			"from": [7.75, 4.80027, -0.1],
			"to": [7.8, 4.89973, 8.85],
			"rotation": {"angle": 22.5, "axis": "z", "origin": [8, 4.85, 10.7]},
			"faces": {
				"north": {"uv": [0, 0, 1, 1], "texture": "#1"},
				"east": {"uv": [0, 0, 1, 1], "texture": "#1"},
				"south": {"uv": [0, 0, 1, 1], "texture": "#1"},
				"west": {"uv": [0, 0, 1, 1], "texture": "#1"},
				"up": {"uv": [0, 0, 1, 1], "texture": "#1"},
				"down": {"uv": [0, 0, 1, 1], "texture": "#1"}
			}
		},
		{
			"name": "hexadecagon",
			"from": [8.2, 4.80027, -0.1],
			"to": [8.25, 4.89973, 8.85],
			"rotation": {"angle": -22.5, "axis": "z", "origin": [8, 4.85, 10.7]},
			"faces": {
				"north": {"uv": [0, 0, 1, 1], "texture": "#1"},
				"east": {"uv": [0, 0, 1, 1], "texture": "#1"},
				"south": {"uv": [0, 0, 1, 1], "texture": "#1"},
				"west": {"uv": [0, 0, 1, 1], "texture": "#1"},
				"up": {"uv": [0, 0, 1, 1], "texture": "#1"},
				"down": {"uv": [0, 0, 1, 1], "texture": "#1"}
			}
		},
		{
			"name": "hexadecagon",
			"from": [8.2, 4.80027, -0.1],
			"to": [8.25, 4.89973, 8.85],
			"faces": {
				"north": {"uv": [0, 0, 1, 1], "texture": "#1"},
				"east": {"uv": [0, 0, 1, 1], "texture": "#1"},
				"south": {"uv": [0, 0, 1, 1], "texture": "#1"},
				"west": {"uv": [0, 0, 1, 1], "texture": "#1"},
				"up": {"uv": [0, 0, 1, 1], "texture": "#1"},
				"down": {"uv": [0, 0, 1, 1], "texture": "#1"}
			}
		},
		{
			"name": "hexadecagon",
			"from": [8.2, 4.80027, -0.1],
			"to": [8.25, 4.89973, 8.85],
			"rotation": {"angle": 22.5, "axis": "z", "origin": [8, 4.85, 10.7]},
			"faces": {
				"north": {"uv": [0, 0, 1, 1], "texture": "#1"},
				"east": {"uv": [0, 0, 1, 1], "texture": "#1"},
				"south": {"uv": [0, 0, 1, 1], "texture": "#1"},
				"west": {"uv": [0, 0, 1, 1], "texture": "#1"},
				"up": {"uv": [0, 0, 1, 1], "texture": "#1"},
				"down": {"uv": [0, 0, 1, 1], "texture": "#1"}
			}
		},
		{
			"name": "hexadecagon",
			"from": [7.95027, 3.9125, -0.1],
			"to": [8.04973, 3.9625, 8.85],
			"rotation": {"angle": -45, "axis": "z", "origin": [8, 4.1625, 10.7]},
			"faces": {
				"north": {"uv": [0, 0, 1, 1], "texture": "#1"},
				"east": {"uv": [0, 0, 1, 1], "texture": "#1"},
				"south": {"uv": [0, 0, 1, 1], "texture": "#1"},
				"west": {"uv": [0, 0, 1, 1], "texture": "#1"},
				"up": {"uv": [0, 0, 1, 1], "texture": "#1"},
				"down": {"uv": [0, 0, 1, 1], "texture": "#1"}
			}
		},
		{
			"name": "hexadecagon",
			"from": [7.95027, 3.9125, -0.1],
			"to": [8.04973, 3.9625, 8.85],
			"rotation": {"angle": -22.5, "axis": "z", "origin": [8, 4.1625, 10.7]},
			"faces": {
				"north": {"uv": [0, 0, 1, 1], "texture": "#1"},
				"east": {"uv": [0, 0, 1, 1], "texture": "#1"},
				"south": {"uv": [0, 0, 1, 1], "texture": "#1"},
				"west": {"uv": [0, 0, 1, 1], "texture": "#1"},
				"up": {"uv": [0, 0, 1, 1], "texture": "#1"},
				"down": {"uv": [0, 0, 1, 1], "texture": "#1"}
			}
		},
		{
			"name": "hexadecagon",
			"from": [7.95027, 3.9125, -0.1],
			"to": [8.04973, 3.9625, 8.85],
			"faces": {
				"north": {"uv": [0, 0, 1, 1], "texture": "#1"},
				"east": {"uv": [0, 0, 1, 1], "texture": "#1"},
				"south": {"uv": [0, 0, 1, 1], "texture": "#1"},
				"west": {"uv": [0, 0, 1, 1], "texture": "#1"},
				"up": {"uv": [0, 0, 1, 1], "texture": "#1"},
				"down": {"uv": [0, 0, 1, 1], "texture": "#1"}
			}
		},
		{
			"name": "hexadecagon",
			"from": [7.95027, 3.9125, -0.1],
			"to": [8.04973, 3.9625, 8.85],
			"rotation": {"angle": 22.5, "axis": "z", "origin": [8, 4.1625, 10.7]},
			"faces": {
				"north": {"uv": [0, 0, 1, 1], "texture": "#1"},
				"east": {"uv": [0, 0, 1, 1], "texture": "#1"},
				"south": {"uv": [0, 0, 1, 1], "texture": "#1"},
				"west": {"uv": [0, 0, 1, 1], "texture": "#1"},
				"up": {"uv": [0, 0, 1, 1], "texture": "#1"},
				"down": {"uv": [0, 0, 1, 1], "texture": "#1"}
			}
		},
		{
			"name": "hexadecagon",
			"from": [7.95027, 3.9125, -0.1],
			"to": [8.04973, 3.9625, 8.85],
			"rotation": {"angle": 45, "axis": "z", "origin": [8, 4.1625, 10.7]},
			"faces": {
				"north": {"uv": [0, 0, 1, 1], "texture": "#1"},
				"east": {"uv": [0, 0, 1, 1], "texture": "#1"},
				"south": {"uv": [0, 0, 1, 1], "texture": "#1"},
				"west": {"uv": [0, 0, 1, 1], "texture": "#1"},
				"up": {"uv": [0, 0, 1, 1], "texture": "#1"},
				"down": {"uv": [0, 0, 1, 1], "texture": "#1"}
			}
		},
		{
			"name": "hexadecagon",
			"from": [7.95027, 4.3625, -0.1],
			"to": [8.04973, 4.4125, 8.85],
			"rotation": {"angle": -45, "axis": "z", "origin": [8, 4.1625, 10.7]},
			"faces": {
				"north": {"uv": [0, 0, 1, 1], "texture": "#1"},
				"east": {"uv": [0, 0, 1, 1], "texture": "#1"},
				"south": {"uv": [0, 0, 1, 1], "texture": "#1"},
				"west": {"uv": [0, 0, 1, 1], "texture": "#1"},
				"up": {"uv": [0, 0, 1, 1], "texture": "#1"},
				"down": {"uv": [0, 0, 1, 1], "texture": "#1"}
			}
		},
		{
			"name": "hexadecagon",
			"from": [7.95027, 4.3625, -0.1],
			"to": [8.04973, 4.4125, 8.85],
			"rotation": {"angle": -22.5, "axis": "z", "origin": [8, 4.1625, 10.7]},
			"faces": {
				"north": {"uv": [0, 0, 1, 1], "texture": "#1"},
				"east": {"uv": [0, 0, 1, 1], "texture": "#1"},
				"south": {"uv": [0, 0, 1, 1], "texture": "#1"},
				"west": {"uv": [0, 0, 1, 1], "texture": "#1"},
				"up": {"uv": [0, 0, 1, 1], "texture": "#1"},
				"down": {"uv": [0, 0, 1, 1], "texture": "#1"}
			}
		},
		{
			"name": "hexadecagon",
			"from": [7.95027, 4.3625, -0.1],
			"to": [8.04973, 4.4125, 8.85],
			"faces": {
				"north": {"uv": [0, 0, 1, 1], "texture": "#1"},
				"east": {"uv": [0, 0, 1, 1], "texture": "#1"},
				"south": {"uv": [0, 0, 1, 1], "texture": "#1"},
				"west": {"uv": [0, 0, 1, 1], "texture": "#1"},
				"up": {"uv": [0, 0, 1, 1], "texture": "#1"},
				"down": {"uv": [0, 0, 1, 1], "texture": "#1"}
			}
		},
		{
			"name": "hexadecagon",
			"from": [7.95027, 4.3625, -0.1],
			"to": [8.04973, 4.4125, 8.85],
			"rotation": {"angle": 22.5, "axis": "z", "origin": [8, 4.1625, 10.7]},
			"faces": {
				"north": {"uv": [0, 0, 1, 1], "texture": "#1"},
				"east": {"uv": [0, 0, 1, 1], "texture": "#1"},
				"south": {"uv": [0, 0, 1, 1], "texture": "#1"},
				"west": {"uv": [0, 0, 1, 1], "texture": "#1"},
				"up": {"uv": [0, 0, 1, 1], "texture": "#1"},
				"down": {"uv": [0, 0, 1, 1], "texture": "#1"}
			}
		},
		{
			"name": "hexadecagon",
			"from": [7.95027, 4.3625, -0.1],
			"to": [8.04973, 4.4125, 8.85],
			"rotation": {"angle": 45, "axis": "z", "origin": [8, 4.1625, 10.7]},
			"faces": {
				"north": {"uv": [0, 0, 1, 1], "texture": "#1"},
				"east": {"uv": [0, 0, 1, 1], "texture": "#1"},
				"south": {"uv": [0, 0, 1, 1], "texture": "#1"},
				"west": {"uv": [0, 0, 1, 1], "texture": "#1"},
				"up": {"uv": [0, 0, 1, 1], "texture": "#1"},
				"down": {"uv": [0, 0, 1, 1], "texture": "#1"}
			}
		},
		{
			"name": "hexadecagon",
			"from": [7.75, 4.11277, -0.1],
			"to": [7.8, 4.21223, 8.85],
			"rotation": {"angle": -22.5, "axis": "z", "origin": [8, 4.1625, 10.7]},
			"faces": {
				"north": {"uv": [0, 0, 1, 1], "texture": "#1"},
				"east": {"uv": [0, 0, 1, 1], "texture": "#1"},
				"south": {"uv": [0, 0, 1, 1], "texture": "#1"},
				"west": {"uv": [0, 0, 1, 1], "texture": "#1"},
				"up": {"uv": [0, 0, 1, 1], "texture": "#1"},
				"down": {"uv": [0, 0, 1, 1], "texture": "#1"}
			}
		},
		{
			"name": "hexadecagon",
			"from": [7.75, 4.11277, -0.1],
			"to": [7.8, 4.21223, 8.85],
			"faces": {
				"north": {"uv": [0, 0, 1, 1], "texture": "#1"},
				"east": {"uv": [0, 0, 1, 1], "texture": "#1"},
				"south": {"uv": [0, 0, 1, 1], "texture": "#1"},
				"west": {"uv": [0, 0, 1, 1], "texture": "#1"},
				"up": {"uv": [0, 0, 1, 1], "texture": "#1"},
				"down": {"uv": [0, 0, 1, 1], "texture": "#1"}
			}
		},
		{
			"name": "hexadecagon",
			"from": [7.75, 4.11277, -0.1],
			"to": [7.8, 4.21223, 8.85],
			"rotation": {"angle": 22.5, "axis": "z", "origin": [8, 4.1625, 10.7]},
			"faces": {
				"north": {"uv": [0, 0, 1, 1], "texture": "#1"},
				"east": {"uv": [0, 0, 1, 1], "texture": "#1"},
				"south": {"uv": [0, 0, 1, 1], "texture": "#1"},
				"west": {"uv": [0, 0, 1, 1], "texture": "#1"},
				"up": {"uv": [0, 0, 1, 1], "texture": "#1"},
				"down": {"uv": [0, 0, 1, 1], "texture": "#1"}
			}
		},
		{
			"name": "hexadecagon",
			"from": [8.2, 4.11277, -0.1],
			"to": [8.25, 4.21223, 8.85],
			"rotation": {"angle": -22.5, "axis": "z", "origin": [8, 4.1625, 10.7]},
			"faces": {
				"north": {"uv": [0, 0, 1, 1], "texture": "#1"},
				"east": {"uv": [0, 0, 1, 1], "texture": "#1"},
				"south": {"uv": [0, 0, 1, 1], "texture": "#1"},
				"west": {"uv": [0, 0, 1, 1], "texture": "#1"},
				"up": {"uv": [0, 0, 1, 1], "texture": "#1"},
				"down": {"uv": [0, 0, 1, 1], "texture": "#1"}
			}
		},
		{
			"name": "hexadecagon",
			"from": [8.2, 4.11277, -0.1],
			"to": [8.25, 4.21223, 8.85],
			"faces": {
				"north": {"uv": [0, 0, 1, 1], "texture": "#1"},
				"east": {"uv": [0, 0, 1, 1], "texture": "#1"},
				"south": {"uv": [0, 0, 1, 1], "texture": "#1"},
				"west": {"uv": [0, 0, 1, 1], "texture": "#1"},
				"up": {"uv": [0, 0, 1, 1], "texture": "#1"},
				"down": {"uv": [0, 0, 1, 1], "texture": "#1"}
			}
		},
		{
			"name": "hexadecagon",
			"from": [8.2, 4.11277, -0.1],
			"to": [8.25, 4.21223, 8.85],
			"rotation": {"angle": 22.5, "axis": "z", "origin": [8, 4.1625, 10.7]},
			"faces": {
				"north": {"uv": [0, 0, 1, 1], "texture": "#1"},
				"east": {"uv": [0, 0, 1, 1], "texture": "#1"},
				"south": {"uv": [0, 0, 1, 1], "texture": "#1"},
				"west": {"uv": [0, 0, 1, 1], "texture": "#1"},
				"up": {"uv": [0, 0, 1, 1], "texture": "#1"},
				"down": {"uv": [0, 0, 1, 1], "texture": "#1"}
			}
		},
		{
			"name": "hexadecagon",
			"from": [7.95027, 5.05, -0.1],
			"to": [8.04973, 5.1, 8.85],
			"faces": {
				"north": {"uv": [0, 0, 1, 1], "texture": "#1"},
				"east": {"uv": [0, 0, 1, 1], "texture": "#1"},
				"south": {"uv": [0, 0, 1, 1], "texture": "#1"},
				"west": {"uv": [0, 0, 1, 1], "texture": "#1"},
				"up": {"uv": [0, 0, 1, 1], "texture": "#1"},
				"down": {"uv": [0, 0, 1, 1], "texture": "#1"}
			}
		},
		{
			"name": "hexadecagon",
			"from": [8.15, 4.31277, 6.125],
			"to": [8.25, 4.58723, 8.85],
			"faces": {
				"north": {"uv": [0, 0, 1, 1], "texture": "#0"},
				"east": {"uv": [0, 0, 1, 1], "texture": "#0"},
				"south": {"uv": [0, 0, 1, 1], "texture": "#0"},
				"west": {"uv": [0, 0, 1, 1], "texture": "#0"},
				"up": {"uv": [0, 0, 1, 1], "texture": "#0"},
				"down": {"uv": [0, 0, 1, 1], "texture": "#0"}
			}
		},
		{
			"name": "hexadecagon",
			"from": [7.75, 4.31277, 6.125],
			"to": [7.85, 4.58723, 8.85],
			"faces": {
				"north": {"uv": [0, 0, 1, 1], "texture": "#0"},
				"east": {"uv": [0, 0, 1, 1], "texture": "#0"},
				"south": {"uv": [0, 0, 1, 1], "texture": "#0"},
				"west": {"uv": [0, 0, 1, 1], "texture": "#0"},
				"up": {"uv": [0, 0, 1, 1], "texture": "#0"},
				"down": {"uv": [0, 0, 1, 1], "texture": "#0"}
			}
		},
		{
			"name": "hexadecagon",
			"from": [7.95027, 5.05, 0.275],
			"to": [8.04973, 5.225, 0.5],
			"faces": {
				"north": {"uv": [0, 0, 1, 1], "texture": "#1"},
				"east": {"uv": [0, 0, 1, 1], "texture": "#1"},
				"south": {"uv": [0, 0, 1, 1], "texture": "#1"},
				"west": {"uv": [0, 0, 1, 1], "texture": "#1"},
				"up": {"uv": [0, 0, 1, 1], "texture": "#1"},
				"down": {"uv": [0, 0, 1, 1], "texture": "#1"}
			}
		},
		{
			"name": "hexadecagon",
			"from": [7.91546, 3.725, 3.05],
			"to": [8.08454, 4.575, 6.55],
			"rotation": {"angle": -45, "axis": "z", "origin": [8, 4.15, 6.7]},
			"faces": {
				"north": {"uv": [0, 0, 1, 1], "texture": "#2"},
				"east": {"uv": [0, 0, 1, 1], "texture": "#2"},
				"south": {"uv": [0, 0, 1, 1], "texture": "#2"},
				"west": {"uv": [0, 0, 1, 1], "texture": "#2"},
				"up": {"uv": [0, 0, 1, 1], "texture": "#2"},
				"down": {"uv": [0, 0, 1, 1], "texture": "#2"}
			}
		},
		{
			"name": "hexadecagon",
			"from": [7.91546, 3.725, 3.05],
			"to": [8.08454, 4.575, 6.55],
			"rotation": {"angle": -22.5, "axis": "z", "origin": [8, 4.15, 6.7]},
			"faces": {
				"north": {"uv": [0, 0, 1, 1], "texture": "#2"},
				"east": {"uv": [0, 0, 1, 1], "texture": "#2"},
				"south": {"uv": [0, 0, 1, 1], "texture": "#2"},
				"west": {"uv": [0, 0, 1, 1], "texture": "#2"},
				"up": {"uv": [0, 0, 1, 1], "texture": "#2"},
				"down": {"uv": [0, 0, 1, 1], "texture": "#2"}
			}
		},
		{
			"name": "hexadecagon",
			"from": [7.91546, 3.725, 3.05],
			"to": [8.08454, 4.575, 6.55],
			"faces": {
				"north": {"uv": [0, 0, 1, 1], "texture": "#2"},
				"east": {"uv": [0, 0, 1, 1], "texture": "#2"},
				"south": {"uv": [0, 0, 1, 1], "texture": "#2"},
				"west": {"uv": [0, 0, 1, 1], "texture": "#2"},
				"up": {"uv": [0, 0, 1, 1], "texture": "#2"},
				"down": {"uv": [0, 0, 1, 1], "texture": "#2"}
			}
		},
		{
			"name": "hexadecagon",
			"from": [7.91546, 3.725, 3.05],
			"to": [8.08454, 4.575, 6.55],
			"rotation": {"angle": 22.5, "axis": "z", "origin": [8, 4.15, 6.7]},
			"faces": {
				"north": {"uv": [0, 0, 1, 1], "texture": "#2"},
				"east": {"uv": [0, 0, 1, 1], "texture": "#2"},
				"south": {"uv": [0, 0, 1, 1], "texture": "#2"},
				"west": {"uv": [0, 0, 1, 1], "texture": "#2"},
				"up": {"uv": [0, 0, 1, 1], "texture": "#2"},
				"down": {"uv": [0, 0, 1, 1], "texture": "#2"}
			}
		},
		{
			"name": "hexadecagon",
			"from": [7.91546, 3.725, 3.05],
			"to": [8.08454, 4.575, 6.55],
			"rotation": {"angle": 45, "axis": "z", "origin": [8, 4.15, 6.7]},
			"faces": {
				"north": {"uv": [0, 0, 1, 1], "texture": "#2"},
				"east": {"uv": [0, 0, 1, 1], "texture": "#2"},
				"south": {"uv": [0, 0, 1, 1], "texture": "#2"},
				"west": {"uv": [0, 0, 1, 1], "texture": "#2"},
				"up": {"uv": [0, 0, 1, 1], "texture": "#2"},
				"down": {"uv": [0, 0, 1, 1], "texture": "#2"}
			}
		},
		{
			"name": "hexadecagon",
			"from": [7.575, 4.06546, 3.05],
			"to": [8.425, 4.23454, 6.55],
			"rotation": {"angle": -22.5, "axis": "z", "origin": [8, 4.15, 6.7]},
			"faces": {
				"north": {"uv": [0, 0, 1, 1], "texture": "#2"},
				"east": {"uv": [0, 0, 1, 1], "texture": "#2"},
				"south": {"uv": [0, 0, 1, 1], "texture": "#2"},
				"west": {"uv": [0, 0, 1, 1], "texture": "#2"},
				"up": {"uv": [0, 0, 1, 1], "texture": "#2"},
				"down": {"uv": [0, 0, 1, 1], "texture": "#2"}
			}
		},
		{
			"name": "hexadecagon",
			"from": [7.575, 4.06546, 3.05],
			"to": [8.425, 4.23454, 6.55],
			"faces": {
				"north": {"uv": [0, 0, 1, 1], "texture": "#2"},
				"east": {"uv": [0, 0, 1, 1], "texture": "#2"},
				"south": {"uv": [0, 0, 1, 1], "texture": "#2"},
				"west": {"uv": [0, 0, 1, 1], "texture": "#2"},
				"up": {"uv": [0, 0, 1, 1], "texture": "#2"},
				"down": {"uv": [0, 0, 1, 1], "texture": "#2"}
			}
		},
		{
			"name": "hexadecagon",
			"from": [7.575, 4.06546, 3.05],
			"to": [8.425, 4.23454, 6.55],
			"rotation": {"angle": 22.5, "axis": "z", "origin": [8, 4.15, 6.7]},
			"faces": {
				"north": {"uv": [0, 0, 1, 1], "texture": "#2"},
				"east": {"uv": [0, 0, 1, 1], "texture": "#2"},
				"south": {"uv": [0, 0, 1, 1], "texture": "#2"},
				"west": {"uv": [0, 0, 1, 1], "texture": "#2"},
				"up": {"uv": [0, 0, 1, 1], "texture": "#2"},
				"down": {"uv": [0, 0, 1, 1], "texture": "#2"}
			}
		},
		{
			"from": [7.7, 4, 10.55],
			"to": [8.3, 4.0625, 13.2375],
			"faces": {
				"north": {"uv": [0, 0, 1.2, 2.1], "texture": "#1"},
				"east": {"uv": [0, 0, 4.3, 2.1], "texture": "#1"},
				"south": {"uv": [0, 0, 1.2, 2.1], "texture": "#1"},
				"west": {"uv": [0, 0, 4.3, 2.1], "texture": "#1"},
				"up": {"uv": [0, 0, 1.2, 4.3], "texture": "#1"},
				"down": {"uv": [0, 0, 1.2, 4.3], "texture": "#1"}
			}
		},
		{
			"from": [7.72318, 3.24203, 11.95655],
			"to": [8.27318, 4.04203, 13.36905],
			"faces": {
				"north": {"uv": [0, 0, 1.2, 2.1], "rotation": 180, "texture": "#2"},
				"east": {"uv": [0, 0, 4.3, 2.1], "rotation": 180, "texture": "#2"},
				"south": {"uv": [0, 0, 1.2, 2.1], "rotation": 180, "texture": "#2"},
				"west": {"uv": [0, 0, 4.3, 2.1], "rotation": 180, "texture": "#2"},
				"up": {"uv": [0, 0, 1.2, 4.3], "texture": "#2"},
				"down": {"uv": [0, 0, 1.2, 4.3], "texture": "#2"}
			}
		},
		{
			"from": [7.72318, 1.86703, 12.05655],
			"to": [8.27318, 4.24203, 13.06905],
			"rotation": {"angle": -22.5, "axis": "x", "origin": [7.99818, 4.11703, 13.51905]},
			"faces": {
				"north": {"uv": [0, 0, 1.2, 2.1], "rotation": 180, "texture": "#2"},
				"east": {"uv": [0, 0, 4.3, 2.1], "rotation": 180, "texture": "#2"},
				"south": {"uv": [0, 0, 1.2, 2.1], "rotation": 180, "texture": "#2"},
				"west": {"uv": [0, 0, 4.3, 2.1], "rotation": 180, "texture": "#2"},
				"up": {"uv": [0, 0, 1.2, 4.3], "texture": "#2"},
				"down": {"uv": [0, 0, 1.2, 4.3], "texture": "#2"}
			}
		},
		{
			"from": [7.72318, 3.54203, 11.90655],
			"to": [8.27318, 4.54203, 12.66905],
			"rotation": {"angle": -45, "axis": "x", "origin": [7.99818, 4.11703, 13.51905]},
			"faces": {
				"north": {"uv": [0, 0, 1.2, 2.1], "rotation": 180, "texture": "#2"},
				"east": {"uv": [0, 0, 4.3, 2.1], "rotation": 180, "texture": "#2"},
				"south": {"uv": [0, 0, 1.2, 2.1], "rotation": 180, "texture": "#2"},
				"west": {"uv": [0, 0, 4.3, 2.1], "rotation": 180, "texture": "#2"},
				"up": {"uv": [0, 0, 1.2, 4.3], "texture": "#2"},
				"down": {"uv": [0, 0, 1.2, 4.3], "texture": "#2"}
			}
		},
		{
			"from": [7.72143, 2.95761, 12.54207],
			"to": [8.27143, 3.72011, 13.54207],
			"rotation": {"angle": 22.5, "axis": "x", "origin": [7.99643, 4.57011, 12.96707]},
			"faces": {
				"north": {"uv": [0, 0, 1.2, 4.3], "rotation": 180, "texture": "#2"},
				"east": {"uv": [0, 0, 4.3, 2.1], "rotation": 270, "texture": "#2"},
				"south": {"uv": [0, 0, 1.2, 4.3], "texture": "#2"},
				"west": {"uv": [0, 0, 4.3, 2.1], "rotation": 90, "texture": "#2"},
				"up": {"uv": [0, 0, 1.2, 2.1], "rotation": 180, "texture": "#2"},
				"down": {"uv": [0, 0, 1.2, 2.1], "texture": "#2"}
			}
		},
		{
			"from": [7.72318, 2.80453, 13.26905],
			"to": [8.27318, 4.11703, 13.81905],
			"rotation": {"angle": 22.5, "axis": "x", "origin": [7.99818, 4.11703, 13.51905]},
			"faces": {
				"north": {"uv": [0, 0, 1.2, 4.3], "rotation": 180, "texture": "#2"},
				"east": {"uv": [0, 0, 4.3, 2.1], "rotation": 270, "texture": "#2"},
				"south": {"uv": [0, 0, 1.2, 4.3], "texture": "#2"},
				"west": {"uv": [0, 0, 4.3, 2.1], "rotation": 90, "texture": "#2"},
				"up": {"uv": [0, 0, 1.2, 2.1], "rotation": 180, "texture": "#2"},
				"down": {"uv": [0, 0, 1.2, 2.1], "texture": "#2"}
			}
		},
		{
			"from": [7.79858, 3.29649, 13.11352],
			"to": [8.19858, 3.78399, 13.73852],
			"rotation": {"angle": -45, "axis": "x", "origin": [7.99858, 3.43399, 13.06352]},
			"faces": {
				"north": {"uv": [0, 0, 1.2, 4.3], "rotation": 180, "texture": "#2"},
				"east": {"uv": [0, 0, 4.3, 2.1], "rotation": 270, "texture": "#2"},
				"south": {"uv": [0, 0, 1.2, 4.3], "texture": "#2"},
				"west": {"uv": [0, 0, 4.3, 2.1], "rotation": 90, "texture": "#2"},
				"up": {"uv": [0, 0, 1.2, 2.1], "rotation": 180, "texture": "#2"},
				"down": {"uv": [0, 0, 1.2, 2.1], "texture": "#2"}
			}
		},
		{
			"from": [7.84818, 3.84203, 11.40655],
			"to": [8.14818, 3.94203, 13.36905],
			"rotation": {"angle": -22.5, "axis": "x", "origin": [7.99818, 4.11703, 13.51905]},
			"faces": {
				"north": {"uv": [0, 0, 1.2, 2.1], "rotation": 180, "texture": "#2"},
				"east": {"uv": [0, 0, 4.3, 2.1], "rotation": 180, "texture": "#2"},
				"south": {"uv": [0, 0, 1.2, 2.1], "rotation": 180, "texture": "#2"},
				"west": {"uv": [0, 0, 4.3, 2.1], "rotation": 180, "texture": "#2"},
				"up": {"uv": [0, 0, 1.2, 4.3], "texture": "#2"},
				"down": {"uv": [0, 0, 1.2, 4.3], "texture": "#2"}
			}
		},
		{
			"from": [7.84973, 3.05437, 11.05872],
			"to": [8.14973, 3.15437, 11.67122],
			"faces": {
				"north": {"uv": [0, 0, 1.2, 2.1], "rotation": 180, "texture": "#2"},
				"east": {"uv": [0, 0, 4.3, 2.1], "rotation": 180, "texture": "#2"},
				"south": {"uv": [0, 0, 1.2, 2.1], "rotation": 180, "texture": "#2"},
				"west": {"uv": [0, 0, 4.3, 2.1], "rotation": 180, "texture": "#2"},
				"up": {"uv": [0, 0, 1.2, 4.3], "texture": "#2"},
				"down": {"uv": [0, 0, 1.2, 4.3], "texture": "#2"}
			}
		},
		{
			"from": [7.84993, 2.28835, 10.65168],
			"to": [8.14993, 2.38835, 11.01418],
			"rotation": {"angle": 22.5, "axis": "x", "origin": [7.99993, 2.56335, 12.96418]},
			"faces": {
				"north": {"uv": [0, 0, 1.2, 2.1], "rotation": 180, "texture": "#2"},
				"east": {"uv": [0, 0, 4.3, 2.1], "rotation": 180, "texture": "#2"},
				"south": {"uv": [0, 0, 1.2, 2.1], "rotation": 180, "texture": "#2"},
				"west": {"uv": [0, 0, 4.3, 2.1], "rotation": 180, "texture": "#2"},
				"up": {"uv": [0, 0, 1.2, 4.3], "texture": "#2"},
				"down": {"uv": [0, 0, 1.2, 4.3], "texture": "#2"}
			}
		},
		{
			"from": [7.84973, 1.736, 10.20732],
			"to": [8.14973, 1.836, 10.34482],
			"rotation": {"angle": 45, "axis": "x", "origin": [7.99973, 2.011, 12.29482]},
			"faces": {
				"north": {"uv": [0, 0, 1.2, 2.1], "rotation": 180, "texture": "#2"},
				"east": {"uv": [0, 0, 4.3, 2.1], "rotation": 180, "texture": "#2"},
				"south": {"uv": [0, 0, 1.2, 2.1], "rotation": 180, "texture": "#2"},
				"west": {"uv": [0, 0, 4.3, 2.1], "rotation": 180, "texture": "#2"},
				"up": {"uv": [0, 0, 1.2, 4.3], "texture": "#2"},
				"down": {"uv": [0, 0, 1.2, 4.3], "texture": "#2"}
			}
		},
		{
			"from": [7.84928, 3.54748, 11.34885],
			"to": [8.14928, 4.45998, 11.44885],
			"rotation": {"angle": -22.5, "axis": "x", "origin": [7.99928, 1.59748, 11.62385]},
			"faces": {
				"north": {"uv": [0, 0, 1.2, 4.3], "rotation": 180, "texture": "#2"},
				"east": {"uv": [0, 0, 4.3, 2.1], "rotation": 90, "texture": "#2"},
				"south": {"uv": [0, 0, 1.2, 4.3], "texture": "#2"},
				"west": {"uv": [0, 0, 4.3, 2.1], "rotation": 270, "texture": "#2"},
				"up": {"uv": [0, 0, 1.2, 2.1], "texture": "#2"},
				"down": {"uv": [0, 0, 1.2, 2.1], "rotation": 180, "texture": "#2"}
			}
		},
		{
			"from": [7.84815, 3.4222, 10.57072],
			"to": [8.14815, 3.8097, 10.67072],
			"faces": {
				"north": {"uv": [0, 0, 1.2, 4.3], "rotation": 180, "texture": "#2"},
				"east": {"uv": [0, 0, 4.3, 2.1], "rotation": 90, "texture": "#2"},
				"south": {"uv": [0, 0, 1.2, 4.3], "texture": "#2"},
				"west": {"uv": [0, 0, 4.3, 2.1], "rotation": 270, "texture": "#2"},
				"up": {"uv": [0, 0, 1.2, 2.1], "texture": "#2"},
				"down": {"uv": [0, 0, 1.2, 2.1], "rotation": 180, "texture": "#2"}
			}
		},
		{
			"from": [7.84928, 3.74748, 12.24885],
			"to": [8.14928, 4.73498, 12.72385],
			"rotation": {"angle": -45, "axis": "x", "origin": [7.99928, 1.59748, 11.62385]},
			"faces": {
				"north": {"uv": [0, 0, 1.2, 4.3], "rotation": 180, "texture": "#2"},
				"east": {"uv": [0, 0, 4.3, 2.1], "rotation": 90, "texture": "#2"},
				"south": {"uv": [0, 0, 1.2, 4.3], "texture": "#2"},
				"west": {"uv": [0, 0, 4.3, 2.1], "rotation": 270, "texture": "#2"},
				"up": {"uv": [0, 0, 1.2, 2.1], "texture": "#2"},
				"down": {"uv": [0, 0, 1.2, 2.1], "rotation": 180, "texture": "#2"}
			}
		},
		{
			"from": [7.84815, 3.2972, 9.77072],
			"to": [8.14815, 3.6847, 9.87072],
			"rotation": {"angle": 22.5, "axis": "x", "origin": [7.99815, 1.4722, 10.84572]},
			"faces": {
				"north": {"uv": [0, 0, 1.2, 4.3], "rotation": 180, "texture": "#2"},
				"east": {"uv": [0, 0, 4.3, 2.1], "rotation": 90, "texture": "#2"},
				"south": {"uv": [0, 0, 1.2, 4.3], "texture": "#2"},
				"west": {"uv": [0, 0, 4.3, 2.1], "rotation": 270, "texture": "#2"},
				"up": {"uv": [0, 0, 1.2, 2.1], "texture": "#2"},
				"down": {"uv": [0, 0, 1.2, 2.1], "rotation": 180, "texture": "#2"}
			}
		},
		{
			"from": [7.7625, 4.475, 8.9],
			"to": [8.5375, 4.675, 9.2],
			"faces": {
				"north": {"uv": [0, 0, 0.95, 1.7], "texture": "#0"},
				"east": {"uv": [0, 0, 8.7, 1.7], "texture": "#0"},
				"south": {"uv": [0, 0, 0.95, 1.7], "texture": "#0"},
				"west": {"uv": [0, 0, 8.7, 1.7], "texture": "#0"},
				"up": {"uv": [0, 0, 0.95, 8.7], "texture": "#0"},
				"down": {"uv": [0, 0, 0.95, 8.7], "texture": "#0"}
			}
		},
		{
			"name": "hexadecagon",
			"from": [7.94033, 3.85, 0.65],
			"to": [8.05967, 4.45, 1.15],
			"rotation": {"angle": -45, "axis": "z", "origin": [8, 4.15, 0.75]},
			"faces": {
				"north": {"uv": [0, 0, 1, 1], "texture": "#2"},
				"east": {"uv": [0, 0, 1, 1], "texture": "#2"},
				"south": {"uv": [0, 0, 1, 1], "texture": "#2"},
				"west": {"uv": [0, 0, 1, 1], "texture": "#2"},
				"up": {"uv": [0, 0, 1, 1], "texture": "#2"},
				"down": {"uv": [0, 0, 1, 1], "texture": "#2"}
			}
		},
		{
			"name": "hexadecagon",
			"from": [7.94033, 3.85, 0.65],
			"to": [8.05967, 4.45, 1.15],
			"rotation": {"angle": -22.5, "axis": "z", "origin": [8, 4.15, 0.75]},
			"faces": {
				"north": {"uv": [0, 0, 1, 1], "texture": "#2"},
				"east": {"uv": [0, 0, 1, 1], "texture": "#2"},
				"south": {"uv": [0, 0, 1, 1], "texture": "#2"},
				"west": {"uv": [0, 0, 1, 1], "texture": "#2"},
				"up": {"uv": [0, 0, 1, 1], "texture": "#2"},
				"down": {"uv": [0, 0, 1, 1], "texture": "#2"}
			}
		},
		{
			"name": "hexadecagon",
			"from": [7.94033, 3.85, 0.65],
			"to": [8.05967, 4.45, 1.15],
			"faces": {
				"north": {"uv": [0, 0, 1, 1], "texture": "#2"},
				"east": {"uv": [0, 0, 1, 1], "texture": "#2"},
				"south": {"uv": [0, 0, 1, 1], "texture": "#2"},
				"west": {"uv": [0, 0, 1, 1], "texture": "#2"},
				"up": {"uv": [0, 0, 1, 1], "texture": "#2"},
				"down": {"uv": [0, 0, 1, 1], "texture": "#2"}
			}
		},
		{
			"name": "hexadecagon",
			"from": [7.94033, 3.85, 0.65],
			"to": [8.05967, 4.45, 1.15],
			"rotation": {"angle": 22.5, "axis": "z", "origin": [8, 4.15, 0.75]},
			"faces": {
				"north": {"uv": [0, 0, 1, 1], "texture": "#2"},
				"east": {"uv": [0, 0, 1, 1], "texture": "#2"},
				"south": {"uv": [0, 0, 1, 1], "texture": "#2"},
				"west": {"uv": [0, 0, 1, 1], "texture": "#2"},
				"up": {"uv": [0, 0, 1, 1], "texture": "#2"},
				"down": {"uv": [0, 0, 1, 1], "texture": "#2"}
			}
		},
		{
			"name": "hexadecagon",
			"from": [7.94033, 3.85, 0.65],
			"to": [8.05967, 4.45, 1.15],
			"rotation": {"angle": 45, "axis": "z", "origin": [8, 4.15, 0.75]},
			"faces": {
				"north": {"uv": [0, 0, 1, 1], "texture": "#2"},
				"east": {"uv": [0, 0, 1, 1], "texture": "#2"},
				"south": {"uv": [0, 0, 1, 1], "texture": "#2"},
				"west": {"uv": [0, 0, 1, 1], "texture": "#2"},
				"up": {"uv": [0, 0, 1, 1], "texture": "#2"},
				"down": {"uv": [0, 0, 1, 1], "texture": "#2"}
			}
		},
		{
			"name": "hexadecagon",
			"from": [7.7, 4.09033, 0.65],
			"to": [8.3, 4.20967, 1.15],
			"rotation": {"angle": -22.5, "axis": "z", "origin": [8, 4.15, 0.75]},
			"faces": {
				"north": {"uv": [0, 0, 1, 1], "texture": "#2"},
				"east": {"uv": [0, 0, 1, 1], "texture": "#2"},
				"south": {"uv": [0, 0, 1, 1], "texture": "#2"},
				"west": {"uv": [0, 0, 1, 1], "texture": "#2"},
				"up": {"uv": [0, 0, 1, 1], "texture": "#2"},
				"down": {"uv": [0, 0, 1, 1], "texture": "#2"}
			}
		},
		{
			"name": "hexadecagon",
			"from": [7.7, 4.09033, 0.65],
			"to": [8.3, 4.20967, 1.15],
			"faces": {
				"north": {"uv": [0, 0, 1, 1], "texture": "#2"},
				"east": {"uv": [0, 0, 1, 1], "texture": "#2"},
				"south": {"uv": [0, 0, 1, 1], "texture": "#2"},
				"west": {"uv": [0, 0, 1, 1], "texture": "#2"},
				"up": {"uv": [0, 0, 1, 1], "texture": "#2"},
				"down": {"uv": [0, 0, 1, 1], "texture": "#2"}
			}
		},
		{
			"name": "hexadecagon",
			"from": [7.7, 4.09033, 0.65],
			"to": [8.3, 4.20967, 1.15],
			"rotation": {"angle": 22.5, "axis": "z", "origin": [8, 4.15, 0.75]},
			"faces": {
				"north": {"uv": [0, 0, 1, 1], "texture": "#2"},
				"east": {"uv": [0, 0, 1, 1], "texture": "#2"},
				"south": {"uv": [0, 0, 1, 1], "texture": "#2"},
				"west": {"uv": [0, 0, 1, 1], "texture": "#2"},
				"up": {"uv": [0, 0, 1, 1], "texture": "#2"},
				"down": {"uv": [0, 0, 1, 1], "texture": "#2"}
			}
		},
		{
			"name": "hexadecagon",
			"from": [7.94033, 4.55, 0.65],
			"to": [8.05967, 5.15, 1.15],
			"rotation": {"angle": -45, "axis": "z", "origin": [8, 4.85, 0.75]},
			"faces": {
				"north": {"uv": [0, 0, 1, 1], "texture": "#2"},
				"east": {"uv": [0, 0, 1, 1], "texture": "#2"},
				"south": {"uv": [0, 0, 1, 1], "texture": "#2"},
				"west": {"uv": [0, 0, 1, 1], "texture": "#2"},
				"up": {"uv": [0, 0, 1, 1], "texture": "#2"},
				"down": {"uv": [0, 0, 1, 1], "texture": "#2"}
			}
		},
		{
			"name": "hexadecagon",
			"from": [7.94033, 4.55, 0.65],
			"to": [8.05967, 5.15, 1.15],
			"rotation": {"angle": -22.5, "axis": "z", "origin": [8, 4.85, 0.75]},
			"faces": {
				"north": {"uv": [0, 0, 1, 1], "texture": "#2"},
				"east": {"uv": [0, 0, 1, 1], "texture": "#2"},
				"south": {"uv": [0, 0, 1, 1], "texture": "#2"},
				"west": {"uv": [0, 0, 1, 1], "texture": "#2"},
				"up": {"uv": [0, 0, 1, 1], "texture": "#2"},
				"down": {"uv": [0, 0, 1, 1], "texture": "#2"}
			}
		},
		{
			"name": "hexadecagon",
			"from": [7.94033, 4.55, 0.65],
			"to": [8.05967, 5.15, 1.15],
			"faces": {
				"north": {"uv": [0, 0, 1, 1], "texture": "#2"},
				"east": {"uv": [0, 0, 1, 1], "texture": "#2"},
				"south": {"uv": [0, 0, 1, 1], "texture": "#2"},
				"west": {"uv": [0, 0, 1, 1], "texture": "#2"},
				"up": {"uv": [0, 0, 1, 1], "texture": "#2"},
				"down": {"uv": [0, 0, 1, 1], "texture": "#2"}
			}
		},
		{
			"name": "hexadecagon",
			"from": [7.94033, 4.55, 0.65],
			"to": [8.05967, 5.15, 1.15],
			"rotation": {"angle": 22.5, "axis": "z", "origin": [8, 4.85, 0.75]},
			"faces": {
				"north": {"uv": [0, 0, 1, 1], "texture": "#2"},
				"east": {"uv": [0, 0, 1, 1], "texture": "#2"},
				"south": {"uv": [0, 0, 1, 1], "texture": "#2"},
				"west": {"uv": [0, 0, 1, 1], "texture": "#2"},
				"up": {"uv": [0, 0, 1, 1], "texture": "#2"},
				"down": {"uv": [0, 0, 1, 1], "texture": "#2"}
			}
		},
		{
			"name": "hexadecagon",
			"from": [7.94033, 4.55, 0.65],
			"to": [8.05967, 5.15, 1.15],
			"rotation": {"angle": 45, "axis": "z", "origin": [8, 4.85, 0.75]},
			"faces": {
				"north": {"uv": [0, 0, 1, 1], "texture": "#2"},
				"east": {"uv": [0, 0, 1, 1], "texture": "#2"},
				"south": {"uv": [0, 0, 1, 1], "texture": "#2"},
				"west": {"uv": [0, 0, 1, 1], "texture": "#2"},
				"up": {"uv": [0, 0, 1, 1], "texture": "#2"},
				"down": {"uv": [0, 0, 1, 1], "texture": "#2"}
			}
		},
		{
			"name": "hexadecagon",
			"from": [7.7, 4.79033, 0.65],
			"to": [8.3, 4.90967, 1.15],
			"rotation": {"angle": -22.5, "axis": "z", "origin": [8, 4.85, 0.75]},
			"faces": {
				"north": {"uv": [0, 0, 1, 1], "texture": "#2"},
				"east": {"uv": [0, 0, 1, 1], "texture": "#2"},
				"south": {"uv": [0, 0, 1, 1], "texture": "#2"},
				"west": {"uv": [0, 0, 1, 1], "texture": "#2"},
				"up": {"uv": [0, 0, 1, 1], "texture": "#2"},
				"down": {"uv": [0, 0, 1, 1], "texture": "#2"}
			}
		},
		{
			"name": "hexadecagon",
			"from": [7.7, 4.79033, 0.65],
			"to": [8.3, 4.90967, 1.15],
			"faces": {
				"north": {"uv": [0, 0, 1, 1], "texture": "#2"},
				"east": {"uv": [0, 0, 1, 1], "texture": "#2"},
				"south": {"uv": [0, 0, 1, 1], "texture": "#2"},
				"west": {"uv": [0, 0, 1, 1], "texture": "#2"},
				"up": {"uv": [0, 0, 1, 1], "texture": "#2"},
				"down": {"uv": [0, 0, 1, 1], "texture": "#2"}
			}
		},
		{
			"name": "hexadecagon",
			"from": [7.7, 4.79033, 0.65],
			"to": [8.3, 4.90967, 1.15],
			"rotation": {"angle": 22.5, "axis": "z", "origin": [8, 4.85, 0.75]},
			"faces": {
				"north": {"uv": [0, 0, 1, 1], "texture": "#2"},
				"east": {"uv": [0, 0, 1, 1], "texture": "#2"},
				"south": {"uv": [0, 0, 1, 1], "texture": "#2"},
				"west": {"uv": [0, 0, 1, 1], "texture": "#2"},
				"up": {"uv": [0, 0, 1, 1], "texture": "#2"},
				"down": {"uv": [0, 0, 1, 1], "texture": "#2"}
			}
		},
		{
			"name": "hexadecagon",
			"from": [7.79033, 4.25, 0.65],
			"to": [8.20967, 4.95, 1.15],
			"faces": {
				"north": {"uv": [0, 0, 1, 1], "texture": "#2"},
				"east": {"uv": [0, 0, 1, 1], "texture": "#2"},
				"south": {"uv": [0, 0, 1, 1], "texture": "#2"},
				"west": {"uv": [0, 0, 1, 1], "texture": "#2"},
				"up": {"uv": [0, 0, 1, 1], "texture": "#2"},
				"down": {"uv": [0, 0, 1, 1], "texture": "#2"}
			}
		},
		{
			"name": "hexadecagon",
			"from": [7.79033, 4.25, 2.55],
			"to": [8.20967, 4.95, 3.05],
			"faces": {
				"north": {"uv": [0, 0, 1, 1], "texture": "#2"},
				"east": {"uv": [0, 0, 1, 1], "texture": "#2"},
				"south": {"uv": [0, 0, 1, 1], "texture": "#2"},
				"west": {"uv": [0, 0, 1, 1], "texture": "#2"},
				"up": {"uv": [0, 0, 1, 1], "texture": "#2"},
				"down": {"uv": [0, 0, 1, 1], "texture": "#2"}
			}
		},
		{
			"name": "hexadecagon",
			"from": [7.94033, 3.85, 2.55],
			"to": [8.05967, 4.45, 3.05],
			"rotation": {"angle": 45, "axis": "z", "origin": [8, 4.15, 2.65]},
			"faces": {
				"north": {"uv": [0, 0, 1, 1], "texture": "#2"},
				"east": {"uv": [0, 0, 1, 1], "texture": "#2"},
				"south": {"uv": [0, 0, 1, 1], "texture": "#2"},
				"west": {"uv": [0, 0, 1, 1], "texture": "#2"},
				"up": {"uv": [0, 0, 1, 1], "texture": "#2"},
				"down": {"uv": [0, 0, 1, 1], "texture": "#2"}
			}
		},
		{
			"name": "hexadecagon",
			"from": [7.7, 4.09033, 2.55],
			"to": [8.3, 4.20967, 3.05],
			"rotation": {"angle": -22.5, "axis": "z", "origin": [8, 4.15, 2.65]},
			"faces": {
				"north": {"uv": [0, 0, 1, 1], "texture": "#2"},
				"east": {"uv": [0, 0, 1, 1], "texture": "#2"},
				"south": {"uv": [0, 0, 1, 1], "texture": "#2"},
				"west": {"uv": [0, 0, 1, 1], "texture": "#2"},
				"up": {"uv": [0, 0, 1, 1], "texture": "#2"},
				"down": {"uv": [0, 0, 1, 1], "texture": "#2"}
			}
		},
		{
			"name": "hexadecagon",
			"from": [7.7, 4.09033, 2.55],
			"to": [8.3, 4.20967, 3.05],
			"faces": {
				"north": {"uv": [0, 0, 1, 1], "texture": "#2"},
				"east": {"uv": [0, 0, 1, 1], "texture": "#2"},
				"south": {"uv": [0, 0, 1, 1], "texture": "#2"},
				"west": {"uv": [0, 0, 1, 1], "texture": "#2"},
				"up": {"uv": [0, 0, 1, 1], "texture": "#2"},
				"down": {"uv": [0, 0, 1, 1], "texture": "#2"}
			}
		},
		{
			"name": "hexadecagon",
			"from": [7.7, 4.09033, 2.55],
			"to": [8.3, 4.20967, 3.05],
			"rotation": {"angle": 22.5, "axis": "z", "origin": [8, 4.15, 2.65]},
			"faces": {
				"north": {"uv": [0, 0, 1, 1], "texture": "#2"},
				"east": {"uv": [0, 0, 1, 1], "texture": "#2"},
				"south": {"uv": [0, 0, 1, 1], "texture": "#2"},
				"west": {"uv": [0, 0, 1, 1], "texture": "#2"},
				"up": {"uv": [0, 0, 1, 1], "texture": "#2"},
				"down": {"uv": [0, 0, 1, 1], "texture": "#2"}
			}
		},
		{
			"name": "hexadecagon",
			"from": [7.94033, 3.85, 2.55],
			"to": [8.05967, 4.45, 3.05],
			"rotation": {"angle": -45, "axis": "z", "origin": [8, 4.15, 2.65]},
			"faces": {
				"north": {"uv": [0, 0, 1, 1], "texture": "#2"},
				"east": {"uv": [0, 0, 1, 1], "texture": "#2"},
				"south": {"uv": [0, 0, 1, 1], "texture": "#2"},
				"west": {"uv": [0, 0, 1, 1], "texture": "#2"},
				"up": {"uv": [0, 0, 1, 1], "texture": "#2"},
				"down": {"uv": [0, 0, 1, 1], "texture": "#2"}
			}
		},
		{
			"name": "hexadecagon",
			"from": [7.94033, 3.85, 2.55],
			"to": [8.05967, 4.45, 3.05],
			"rotation": {"angle": -22.5, "axis": "z", "origin": [8, 4.15, 2.65]},
			"faces": {
				"north": {"uv": [0, 0, 1, 1], "texture": "#2"},
				"east": {"uv": [0, 0, 1, 1], "texture": "#2"},
				"south": {"uv": [0, 0, 1, 1], "texture": "#2"},
				"west": {"uv": [0, 0, 1, 1], "texture": "#2"},
				"up": {"uv": [0, 0, 1, 1], "texture": "#2"},
				"down": {"uv": [0, 0, 1, 1], "texture": "#2"}
			}
		},
		{
			"name": "hexadecagon",
			"from": [7.94033, 3.85, 2.55],
			"to": [8.05967, 4.45, 3.05],
			"faces": {
				"north": {"uv": [0, 0, 1, 1], "texture": "#2"},
				"east": {"uv": [0, 0, 1, 1], "texture": "#2"},
				"south": {"uv": [0, 0, 1, 1], "texture": "#2"},
				"west": {"uv": [0, 0, 1, 1], "texture": "#2"},
				"up": {"uv": [0, 0, 1, 1], "texture": "#2"},
				"down": {"uv": [0, 0, 1, 1], "texture": "#2"}
			}
		},
		{
			"name": "hexadecagon",
			"from": [7.94033, 3.85, 2.55],
			"to": [8.05967, 4.45, 3.05],
			"rotation": {"angle": 22.5, "axis": "z", "origin": [8, 4.15, 2.65]},
			"faces": {
				"north": {"uv": [0, 0, 1, 1], "texture": "#2"},
				"east": {"uv": [0, 0, 1, 1], "texture": "#2"},
				"south": {"uv": [0, 0, 1, 1], "texture": "#2"},
				"west": {"uv": [0, 0, 1, 1], "texture": "#2"},
				"up": {"uv": [0, 0, 1, 1], "texture": "#2"},
				"down": {"uv": [0, 0, 1, 1], "texture": "#2"}
			}
		},
		{
			"name": "hexadecagon",
			"from": [7.93535, 3.825, 1.925],
			"to": [8.06465, 4.475, 2.55],
			"rotation": {"angle": -45, "axis": "z", "origin": [8, 4.15, 2.05]},
			"faces": {
				"north": {"uv": [0, 0, 1, 1], "texture": "#0"},
				"east": {"uv": [0, 0, 1, 1], "texture": "#0"},
				"south": {"uv": [0, 0, 1, 1], "texture": "#0"},
				"west": {"uv": [0, 0, 1, 1], "texture": "#0"},
				"up": {"uv": [0, 0, 1, 1], "texture": "#0"},
				"down": {"uv": [0, 0, 1, 1], "texture": "#0"}
			}
		},
		{
			"name": "hexadecagon",
			"from": [7.93535, 3.825, 1.925],
			"to": [8.06465, 4.475, 2.55],
			"rotation": {"angle": -22.5, "axis": "z", "origin": [8, 4.15, 2.05]},
			"faces": {
				"north": {"uv": [0, 0, 1, 1], "texture": "#0"},
				"east": {"uv": [0, 0, 1, 1], "texture": "#0"},
				"south": {"uv": [0, 0, 1, 1], "texture": "#0"},
				"west": {"uv": [0, 0, 1, 1], "texture": "#0"},
				"up": {"uv": [0, 0, 1, 1], "texture": "#0"},
				"down": {"uv": [0, 0, 1, 1], "texture": "#0"}
			}
		},
		{
			"name": "hexadecagon",
			"from": [7.93535, 3.825, 1.925],
			"to": [8.06465, 4.475, 2.55],
			"faces": {
				"north": {"uv": [0, 0, 1, 1], "texture": "#0"},
				"east": {"uv": [0, 0, 1, 1], "texture": "#0"},
				"south": {"uv": [0, 0, 1, 1], "texture": "#0"},
				"west": {"uv": [0, 0, 1, 1], "texture": "#0"},
				"up": {"uv": [0, 0, 1, 1], "texture": "#0"},
				"down": {"uv": [0, 0, 1, 1], "texture": "#0"}
			}
		},
		{
			"name": "hexadecagon",
			"from": [7.93535, 3.825, 1.925],
			"to": [8.06465, 4.475, 2.55],
			"rotation": {"angle": 22.5, "axis": "z", "origin": [8, 4.15, 2.05]},
			"faces": {
				"north": {"uv": [0, 0, 1, 1], "texture": "#0"},
				"east": {"uv": [0, 0, 1, 1], "texture": "#0"},
				"south": {"uv": [0, 0, 1, 1], "texture": "#0"},
				"west": {"uv": [0, 0, 1, 1], "texture": "#0"},
				"up": {"uv": [0, 0, 1, 1], "texture": "#0"},
				"down": {"uv": [0, 0, 1, 1], "texture": "#0"}
			}
		},
		{
			"name": "hexadecagon",
			"from": [7.93535, 3.825, 1.925],
			"to": [8.06465, 4.475, 2.55],
			"rotation": {"angle": 45, "axis": "z", "origin": [8, 4.15, 2.05]},
			"faces": {
				"north": {"uv": [0, 0, 1, 1], "texture": "#0"},
				"east": {"uv": [0, 0, 1, 1], "texture": "#0"},
				"south": {"uv": [0, 0, 1, 1], "texture": "#0"},
				"west": {"uv": [0, 0, 1, 1], "texture": "#0"},
				"up": {"uv": [0, 0, 1, 1], "texture": "#0"},
				"down": {"uv": [0, 0, 1, 1], "texture": "#0"}
			}
		},
		{
			"name": "hexadecagon",
			"from": [7.675, 4.08535, 1.925],
			"to": [8.325, 4.21465, 2.55],
			"rotation": {"angle": -22.5, "axis": "z", "origin": [8, 4.15, 2.05]},
			"faces": {
				"north": {"uv": [0, 0, 1, 1], "texture": "#0"},
				"east": {"uv": [0, 0, 1, 1], "texture": "#0"},
				"south": {"uv": [0, 0, 1, 1], "texture": "#0"},
				"west": {"uv": [0, 0, 1, 1], "texture": "#0"},
				"up": {"uv": [0, 0, 1, 1], "texture": "#0"},
				"down": {"uv": [0, 0, 1, 1], "texture": "#0"}
			}
		},
		{
			"name": "hexadecagon",
			"from": [7.675, 4.08535, 1.925],
			"to": [8.325, 4.21465, 2.55],
			"faces": {
				"north": {"uv": [0, 0, 1, 1], "texture": "#0"},
				"east": {"uv": [0, 0, 1, 1], "texture": "#0"},
				"south": {"uv": [0, 0, 1, 1], "texture": "#0"},
				"west": {"uv": [0, 0, 1, 1], "texture": "#0"},
				"up": {"uv": [0, 0, 1, 1], "texture": "#0"},
				"down": {"uv": [0, 0, 1, 1], "texture": "#0"}
			}
		},
		{
			"name": "hexadecagon",
			"from": [7.675, 4.08535, 1.925],
			"to": [8.325, 4.21465, 2.55],
			"rotation": {"angle": 22.5, "axis": "z", "origin": [8, 4.15, 2.05]},
			"faces": {
				"north": {"uv": [0, 0, 1, 1], "texture": "#0"},
				"east": {"uv": [0, 0, 1, 1], "texture": "#0"},
				"south": {"uv": [0, 0, 1, 1], "texture": "#0"},
				"west": {"uv": [0, 0, 1, 1], "texture": "#0"},
				"up": {"uv": [0, 0, 1, 1], "texture": "#0"},
				"down": {"uv": [0, 0, 1, 1], "texture": "#0"}
			}
		},
		{
			"from": [7.7, 4, 10.9],
			"to": [8.3, 4.35, 13.1],
			"faces": {
				"north": {"uv": [0, 0, 1.2, 2.1], "texture": "#1"},
				"east": {"uv": [0, 0, 4.3, 2.1], "texture": "#1"},
				"south": {"uv": [0, 0, 1.2, 2.1], "texture": "#1"},
				"west": {"uv": [0, 0, 4.3, 2.1], "texture": "#1"},
				"up": {"uv": [0, 0, 1.2, 4.3], "texture": "#1"},
				"down": {"uv": [0, 0, 1.2, 4.3], "texture": "#1"}
			}
		},
		{
			"from": [7.725, 4, 10.55],
			"to": [8.275, 4.1125, 13.7375],
			"faces": {
				"north": {"uv": [0, 0, 1.2, 2.1], "texture": "#2"},
				"east": {"uv": [0, 0, 4.3, 2.1], "texture": "#2"},
				"south": {"uv": [0, 0, 1.2, 2.1], "texture": "#2"},
				"west": {"uv": [0, 0, 4.3, 2.1], "texture": "#2"},
				"up": {"uv": [0, 0, 1.2, 4.3], "texture": "#2"},
				"down": {"uv": [0, 0, 1.2, 4.3], "texture": "#2"}
			}
		},
		{
			"from": [7.72358, 3.94649, 13.73852],
			"to": [8.27358, 4.30899, 14.01352],
			"rotation": {"angle": -22.5, "axis": "x", "origin": [7.99858, 3.43399, 13.46352]},
			"faces": {
				"north": {"uv": [0, 0, 1.2, 4.3], "rotation": 180, "texture": "#2"},
				"east": {"uv": [0, 0, 4.3, 2.1], "rotation": 270, "texture": "#2"},
				"south": {"uv": [0, 0, 1.2, 4.3], "texture": "#2"},
				"west": {"uv": [0, 0, 4.3, 2.1], "rotation": 90, "texture": "#2"},
				"up": {"uv": [0, 0, 1.2, 2.1], "rotation": 180, "texture": "#2"},
				"down": {"uv": [0, 0, 1.2, 2.1], "texture": "#2"}
			}
		},
		{
			"from": [7.72358, 3.98616, 10.51673],
			"to": [8.27358, 4.04866, 13.80423],
			"faces": {
				"north": {"uv": [0, 0, 1.2, 2.1], "texture": "#2"},
				"east": {"uv": [0, 0, 4.3, 2.1], "texture": "#2"},
				"south": {"uv": [0, 0, 1.2, 2.1], "texture": "#2"},
				"west": {"uv": [0, 0, 4.3, 2.1], "texture": "#2"},
				"up": {"uv": [0, 0, 1.2, 4.3], "texture": "#2"},
				"down": {"uv": [0, 0, 1.2, 4.3], "texture": "#2"}
			}
		},
		{
			"from": [7.72318, 2.80453, 13.01905],
			"to": [8.27318, 4.11703, 13.56905],
			"faces": {
				"north": {"uv": [0, 0, 1.2, 4.3], "rotation": 180, "texture": "#2"},
				"east": {"uv": [0, 0, 4.3, 2.1], "rotation": 270, "texture": "#2"},
				"south": {"uv": [0, 0, 1.2, 4.3], "texture": "#2"},
				"west": {"uv": [0, 0, 4.3, 2.1], "rotation": 90, "texture": "#2"},
				"up": {"uv": [0, 0, 1.2, 2.1], "rotation": 180, "texture": "#2"},
				"down": {"uv": [0, 0, 1.2, 2.1], "texture": "#2"}
			}
		},
		{
			"name": "hexadecagon",
			"from": [7.775, 4.49005, 0.85],
			"to": [8.225, 4.50995, 0.95],
			"rotation": {"angle": -45, "axis": "x", "origin": [8, 4.5, 0.9]},
			"faces": {
				"north": {"uv": [0, 0, 1, 1], "texture": "#0"},
				"east": {"uv": [0, 0, 1, 1], "texture": "#0"},
				"south": {"uv": [0, 0, 1, 1], "texture": "#0"},
				"west": {"uv": [0, 0, 1, 1], "texture": "#0"},
				"up": {"uv": [0, 0, 1, 1], "texture": "#0"},
				"down": {"uv": [0, 0, 1, 1], "texture": "#0"}
			}
		},
		{
			"name": "hexadecagon",
			"from": [7.775, 4.49005, 0.85],
			"to": [8.225, 4.50995, 0.95],
			"rotation": {"angle": -22.5, "axis": "x", "origin": [8, 4.5, 0.9]},
			"faces": {
				"north": {"uv": [0, 0, 1, 1], "texture": "#0"},
				"east": {"uv": [0, 0, 1, 1], "texture": "#0"},
				"south": {"uv": [0, 0, 1, 1], "texture": "#0"},
				"west": {"uv": [0, 0, 1, 1], "texture": "#0"},
				"up": {"uv": [0, 0, 1, 1], "texture": "#0"},
				"down": {"uv": [0, 0, 1, 1], "texture": "#0"}
			}
		},
		{
			"name": "hexadecagon",
			"from": [7.775, 4.49005, 0.85],
			"to": [8.225, 4.50995, 0.95],
			"faces": {
				"north": {"uv": [0, 0, 1, 1], "texture": "#0"},
				"east": {"uv": [0, 0, 1, 1], "texture": "#0"},
				"south": {"uv": [0, 0, 1, 1], "texture": "#0"},
				"west": {"uv": [0, 0, 1, 1], "texture": "#0"},
				"up": {"uv": [0, 0, 1, 1], "texture": "#0"},
				"down": {"uv": [0, 0, 1, 1], "texture": "#0"}
			}
		},
		{
			"name": "hexadecagon",
			"from": [7.775, 4.49005, 0.85],
			"to": [8.225, 4.50995, 0.95],
			"rotation": {"angle": 22.5, "axis": "x", "origin": [8, 4.5, 0.9]},
			"faces": {
				"north": {"uv": [0, 0, 1, 1], "texture": "#0"},
				"east": {"uv": [0, 0, 1, 1], "texture": "#0"},
				"south": {"uv": [0, 0, 1, 1], "texture": "#0"},
				"west": {"uv": [0, 0, 1, 1], "texture": "#0"},
				"up": {"uv": [0, 0, 1, 1], "texture": "#0"},
				"down": {"uv": [0, 0, 1, 1], "texture": "#0"}
			}
		},
		{
			"name": "hexadecagon",
			"from": [7.775, 4.49005, 0.85],
			"to": [8.225, 4.50995, 0.95],
			"rotation": {"angle": 45, "axis": "x", "origin": [8, 4.5, 0.9]},
			"faces": {
				"north": {"uv": [0, 0, 1, 1], "texture": "#0"},
				"east": {"uv": [0, 0, 1, 1], "texture": "#0"},
				"south": {"uv": [0, 0, 1, 1], "texture": "#0"},
				"west": {"uv": [0, 0, 1, 1], "texture": "#0"},
				"up": {"uv": [0, 0, 1, 1], "texture": "#0"},
				"down": {"uv": [0, 0, 1, 1], "texture": "#0"}
			}
		},
		{
			"name": "hexadecagon",
			"from": [7.775, 4.45, 0.89005],
			"to": [8.225, 4.55, 0.90995],
			"rotation": {"angle": -22.5, "axis": "x", "origin": [8, 4.5, 0.9]},
			"faces": {
				"north": {"uv": [0, 0, 1, 1], "texture": "#0"},
				"east": {"uv": [0, 0, 1, 1], "texture": "#0"},
				"south": {"uv": [0, 0, 1, 1], "texture": "#0"},
				"west": {"uv": [0, 0, 1, 1], "texture": "#0"},
				"up": {"uv": [0, 0, 1, 1], "texture": "#0"},
				"down": {"uv": [0, 0, 1, 1], "texture": "#0"}
			}
		},
		{
			"name": "hexadecagon",
			"from": [7.775, 4.45, 0.89005],
			"to": [8.225, 4.55, 0.90995],
			"faces": {
				"north": {"uv": [0, 0, 1, 1], "texture": "#0"},
				"east": {"uv": [0, 0, 1, 1], "texture": "#0"},
				"south": {"uv": [0, 0, 1, 1], "texture": "#0"},
				"west": {"uv": [0, 0, 1, 1], "texture": "#0"},
				"up": {"uv": [0, 0, 1, 1], "texture": "#0"},
				"down": {"uv": [0, 0, 1, 1], "texture": "#0"}
			}
		},
		{
			"name": "hexadecagon",
			"from": [7.775, 4.45, 0.89005],
			"to": [8.225, 4.55, 0.90995],
			"rotation": {"angle": 22.5, "axis": "x", "origin": [8, 4.5, 0.9]},
			"faces": {
				"north": {"uv": [0, 0, 1, 1], "texture": "#0"},
				"east": {"uv": [0, 0, 1, 1], "texture": "#0"},
				"south": {"uv": [0, 0, 1, 1], "texture": "#0"},
				"west": {"uv": [0, 0, 1, 1], "texture": "#0"},
				"up": {"uv": [0, 0, 1, 1], "texture": "#0"},
				"down": {"uv": [0, 0, 1, 1], "texture": "#0"}
			}
		},
		{
			"name": "hexadecagon",
			"from": [7.775, 4.64005, 2.75],
			"to": [8.225, 4.65995, 2.85],
			"rotation": {"angle": -45, "axis": "x", "origin": [8, 4.65, 2.8]},
			"faces": {
				"north": {"uv": [0, 0, 1, 1], "texture": "#0"},
				"east": {"uv": [0, 0, 1, 1], "texture": "#0"},
				"south": {"uv": [0, 0, 1, 1], "texture": "#0"},
				"west": {"uv": [0, 0, 1, 1], "texture": "#0"},
				"up": {"uv": [0, 0, 1, 1], "texture": "#0"},
				"down": {"uv": [0, 0, 1, 1], "texture": "#0"}
			}
		},
		{
			"name": "hexadecagon",
			"from": [7.775, 4.64005, 2.75],
			"to": [8.225, 4.65995, 2.85],
			"rotation": {"angle": -22.5, "axis": "x", "origin": [8, 4.65, 2.8]},
			"faces": {
				"north": {"uv": [0, 0, 1, 1], "texture": "#0"},
				"east": {"uv": [0, 0, 1, 1], "texture": "#0"},
				"south": {"uv": [0, 0, 1, 1], "texture": "#0"},
				"west": {"uv": [0, 0, 1, 1], "texture": "#0"},
				"up": {"uv": [0, 0, 1, 1], "texture": "#0"},
				"down": {"uv": [0, 0, 1, 1], "texture": "#0"}
			}
		},
		{
			"name": "hexadecagon",
			"from": [7.775, 4.64005, 2.75],
			"to": [8.225, 4.65995, 2.85],
			"faces": {
				"north": {"uv": [0, 0, 1, 1], "texture": "#0"},
				"east": {"uv": [0, 0, 1, 1], "texture": "#0"},
				"south": {"uv": [0, 0, 1, 1], "texture": "#0"},
				"west": {"uv": [0, 0, 1, 1], "texture": "#0"},
				"up": {"uv": [0, 0, 1, 1], "texture": "#0"},
				"down": {"uv": [0, 0, 1, 1], "texture": "#0"}
			}
		},
		{
			"name": "hexadecagon",
			"from": [7.775, 4.64005, 2.75],
			"to": [8.225, 4.65995, 2.85],
			"rotation": {"angle": 22.5, "axis": "x", "origin": [8, 4.65, 2.8]},
			"faces": {
				"north": {"uv": [0, 0, 1, 1], "texture": "#0"},
				"east": {"uv": [0, 0, 1, 1], "texture": "#0"},
				"south": {"uv": [0, 0, 1, 1], "texture": "#0"},
				"west": {"uv": [0, 0, 1, 1], "texture": "#0"},
				"up": {"uv": [0, 0, 1, 1], "texture": "#0"},
				"down": {"uv": [0, 0, 1, 1], "texture": "#0"}
			}
		},
		{
			"name": "hexadecagon",
			"from": [7.775, 4.64005, 2.75],
			"to": [8.225, 4.65995, 2.85],
			"rotation": {"angle": 45, "axis": "x", "origin": [8, 4.65, 2.8]},
			"faces": {
				"north": {"uv": [0, 0, 1, 1], "texture": "#0"},
				"east": {"uv": [0, 0, 1, 1], "texture": "#0"},
				"south": {"uv": [0, 0, 1, 1], "texture": "#0"},
				"west": {"uv": [0, 0, 1, 1], "texture": "#0"},
				"up": {"uv": [0, 0, 1, 1], "texture": "#0"},
				"down": {"uv": [0, 0, 1, 1], "texture": "#0"}
			}
		},
		{
			"name": "hexadecagon",
			"from": [7.775, 4.6, 2.79005],
			"to": [8.225, 4.7, 2.80995],
			"rotation": {"angle": -22.5, "axis": "x", "origin": [8, 4.65, 2.8]},
			"faces": {
				"north": {"uv": [0, 0, 1, 1], "texture": "#0"},
				"east": {"uv": [0, 0, 1, 1], "texture": "#0"},
				"south": {"uv": [0, 0, 1, 1], "texture": "#0"},
				"west": {"uv": [0, 0, 1, 1], "texture": "#0"},
				"up": {"uv": [0, 0, 1, 1], "texture": "#0"},
				"down": {"uv": [0, 0, 1, 1], "texture": "#0"}
			}
		},
		{
			"name": "hexadecagon",
			"from": [7.775, 4.6, 2.79005],
			"to": [8.225, 4.7, 2.80995],
			"faces": {
				"north": {"uv": [0, 0, 1, 1], "texture": "#0"},
				"east": {"uv": [0, 0, 1, 1], "texture": "#0"},
				"south": {"uv": [0, 0, 1, 1], "texture": "#0"},
				"west": {"uv": [0, 0, 1, 1], "texture": "#0"},
				"up": {"uv": [0, 0, 1, 1], "texture": "#0"},
				"down": {"uv": [0, 0, 1, 1], "texture": "#0"}
			}
		},
		{
			"name": "hexadecagon",
			"from": [7.775, 4.6, 2.79005],
			"to": [8.225, 4.7, 2.80995],
			"rotation": {"angle": 22.5, "axis": "x", "origin": [8, 4.65, 2.8]},
			"faces": {
				"north": {"uv": [0, 0, 1, 1], "texture": "#0"},
				"east": {"uv": [0, 0, 1, 1], "texture": "#0"},
				"south": {"uv": [0, 0, 1, 1], "texture": "#0"},
				"west": {"uv": [0, 0, 1, 1], "texture": "#0"},
				"up": {"uv": [0, 0, 1, 1], "texture": "#0"},
				"down": {"uv": [0, 0, 1, 1], "texture": "#0"}
			}
		}
	],
	"display": {
		"thirdperson_righthand": {
			"translation": [0, 4.75, -2.75],
			"scale": [1.1, 1.1, 1.1]
		},
		"firstperson_righthand": {
			"translation": [-4.5, 8.5, 1.25],
			"scale": [1.31, 1.31, 1.22]
		},
		"gui": {
			"rotation": [10, 39, 0],
			"translation": [1.25, 6.75, 0],
			"scale": [1.67, 1.67, 1.67]
		},
		"fixed": {
			"rotation": [90, -49, 83],
			"translation": [-5.75, 5.25, -1],
			"scale": [1.8, 1.8, 1.8]
		}
	},
	"groups": [0, 1, 2, 3, 4, 5, 6, 7, 8, 9, 10, 11, 12, 13, 14, 15, 16, 17, 18, 19, 20, 21, 22, 23, 24, 25, 26,
		{
			"name": "hexadecagon",
			"children": [27, 28, 29, 30, 31, 32, 33, 34, 35, 36, 37, 38, 39, 40, 41, 42, 43, 44, 45, 46, 47, 48, 49, 50, 51, 52, 53, 54, 55, 56, 57, 58, 59, 60, 61]
		},
		{
			"name": "hexadecagon",
			"children": [62, 63, 64, 65, 66, 67, 68, 69]
		}, 70, 71, 72, 73, 74, 75, 76, 77, 78, 79, 80, 81, 82, 83, 84, 85,
		{
			"name": "hexadecagon",
			"children": [86, 87, 88, 89, 90, 91, 92, 93, 94, 95, 96, 97, 98, 99, 100, 101, 102, 103, 104, 105, 106, 107, 108, 109, 110, 111]
		},
		{
			"name": "hexadecagon",
			"children": [112, 113, 114, 115, 116, 117, 118, 119]
		}, 120, 121, 122, 123, 124,
		{
			"name": "hexadecagon",
			"children": [125, 126, 127, 128, 129, 130, 131, 132, 133, 134, 135, 136, 137, 138, 139, 140]
		}
	]
}