{
	"credit": "Made with Blockbench",
	"textures": {
		"1": "custom/nothingness1/p90_ammo",
		"2": "custom/nothingness1/black2",
		"3": "custom/nothingness1/gray3",
		"4": "custom/nothingness1/gray1",
		"particle": "custom/nothingness1/gray3"
	},
	"elements": [
		{
			"from": [7.35461, -0.25362, 1.84901],
			"to": [8.65461, 0.44638, 10.14901],
			"faces": {
				"north": {"uv": [0, 0, 1.3, 0.7], "texture": "#3"},
				"east": {"uv": [0, 0, 9.8, 0.7], "texture": "#3"},
				"south": {"uv": [0, 0, 1.3, 0.7], "texture": "#3"},
				"west": {"uv": [0, 0, 9.8, 0.7], "texture": "#3"},
				"up": {"uv": [0, 0, 1.3, 9.8], "texture": "#3"},
				"down": {"uv": [0, 0, 1.3, 9.8], "texture": "#3"}
			}
		},
		{
			"from": [7.35461, 0.24638, 6.84901],
			"to": [8.65461, 1.34638, 8.94901],
			"rotation": {"angle": 22.5, "axis": "x", "origin": [6.85461, 0.09638, 6.99901]},
			"faces": {
				"north": {"uv": [0, 0, 1.3, 1.1], "texture": "#3"},
				"east": {"uv": [0, 0, 2.1, 1.1], "texture": "#3"},
				"south": {"uv": [0, 0, 1.3, 1.1], "texture": "#3"},
				"west": {"uv": [0, 0, 2.1, 1.1], "texture": "#3"},
				"up": {"uv": [0, 0, 1.3, 2.1], "texture": "#3"},
				"down": {"uv": [0, 0, 1.3, 2.1], "texture": "#3"}
			}
		},
		{
			"from": [7.35839, -0.51478, 8.8577],
			"to": [8.65839, 1.28522, 10.9577],
			"faces": {
				"north": {"uv": [0, 0, 1.3, 2.4], "texture": "#3"},
				"east": {"uv": [0, 0, 2.1, 2.4], "texture": "#3"},
				"south": {"uv": [0, 0, 1.3, 2.4], "texture": "#3"},
				"west": {"uv": [0, 0, 2.1, 2.4], "texture": "#3"},
				"up": {"uv": [0, 0, 1.3, 2.1], "texture": "#3"},
				"down": {"uv": [0, 0, 1.3, 2.1], "texture": "#3"}
			}
		},
		{
			"from": [7.25839, -0.71478, 8.1577],
			"to": [8.75839, -0.61478, 9.8577],
			"faces": {
				"north": {"uv": [0, 0, 1.5, 0.1], "texture": "#3"},
				"east": {"uv": [0, 0, 1.7, 0.1], "texture": "#3"},
				"south": {"uv": [0, 0, 1.5, 0.1], "texture": "#3"},
				"west": {"uv": [0, 0, 1.7, 0.1], "texture": "#3"},
				"up": {"uv": [0, 0, 1.5, 1.7], "texture": "#3"},
				"down": {"uv": [0, 0, 1.5, 1.7], "texture": "#3"}
			}
		},
		{
			"from": [7.25835, -0.84444, 8.00429],
			"to": [8.75835, -0.74444, 9.00429],
			"rotation": {"angle": -22.5, "axis": "x", "origin": [6.85835, -0.29444, 7.75429]},
			"faces": {
				"north": {"uv": [0, 0, 1.5, 0.1], "texture": "#3"},
				"east": {"uv": [0, 0, 1, 0.1], "texture": "#3"},
				"south": {"uv": [0, 0, 1.5, 0.1], "texture": "#3"},
				"west": {"uv": [0, 0, 1, 0.1], "texture": "#3"},
				"up": {"uv": [0, 0, 1.5, 1], "texture": "#3"},
				"down": {"uv": [0, 0, 1.5, 1], "texture": "#3"}
			}
		},
		{
			"from": [7.25967, -0.63348, 9.08168],
			"to": [8.75967, -0.23348, 10.08168],
			"faces": {
				"north": {"uv": [0, 0, 1.5, 0.4], "texture": "#3"},
				"east": {"uv": [0, 0, 1, 0.4], "texture": "#3"},
				"south": {"uv": [0, 0, 1.5, 0.4], "texture": "#3"},
				"west": {"uv": [0, 0, 1, 0.4], "texture": "#3"},
				"up": {"uv": [0, 0, 1.5, 1], "texture": "#3"},
				"down": {"uv": [0, 0, 1.5, 1], "texture": "#3"}
			}
		},
		{
			"from": [7.25967, -0.83348, 9.38168],
			"to": [8.75967, -0.43348, 10.08168],
			"rotation": {"angle": 22.5, "axis": "x", "origin": [8.00967, -0.28348, 9.58168]},
			"faces": {
				"north": {"uv": [0, 0, 1.5, 0.4], "texture": "#3"},
				"east": {"uv": [0, 0, 1, 0.4], "texture": "#3"},
				"south": {"uv": [0, 0, 1.5, 0.4], "texture": "#3"},
				"west": {"uv": [0, 0, 1, 0.4], "texture": "#3"},
				"up": {"uv": [0, 0, 1.5, 1], "texture": "#3"},
				"down": {"uv": [0, 0, 1.5, 1], "texture": "#3"}
			}
		},
		{
			"from": [7.25967, -0.98296, 9.83314],
			"to": [8.75967, -0.73296, 12.33314],
			"faces": {
				"north": {"uv": [0, 0, 1.5, 0.25], "texture": "#3"},
				"east": {"uv": [0, 0, 3, 0.25], "texture": "#3"},
				"south": {"uv": [0, 0, 1.5, 0.25], "texture": "#3"},
				"west": {"uv": [0, 0, 3, 0.25], "texture": "#3"},
				"up": {"uv": [0, 0, 1.5, 3], "texture": "#3"},
				"down": {"uv": [0, 0, 1.5, 3], "texture": "#3"}
			}
		},
		{
			"from": [7.25938, -1.17087, 9.36581],
			"to": [8.75938, -0.57087, 10.06581],
			"rotation": {"angle": -45, "axis": "x", "origin": [6.85938, -0.12087, 9.51581]},
			"faces": {
				"north": {"uv": [0, 0, 1.5, 0.6], "texture": "#3"},
				"east": {"uv": [0, 0, 0.6, 0.6], "texture": "#3"},
				"south": {"uv": [0, 0, 1.5, 0.6], "texture": "#3"},
				"west": {"uv": [0, 0, 0.6, 0.6], "texture": "#3"},
				"up": {"uv": [0, 0, 1.5, 0.6], "texture": "#3"},
				"down": {"uv": [0, 0, 1.5, 0.6], "texture": "#3"}
			}
		},
		{
			"from": [7.25967, -1.67983, 14.01556],
			"to": [8.75967, -1.37983, 14.11556],
			"rotation": {"angle": 45, "axis": "x", "origin": [8.00967, 0.82017, 14.06556]},
			"faces": {
				"north": {"uv": [0, 0, 1.5, 0.3], "rotation": 180, "texture": "#3"},
				"east": {"uv": [0, 0, 0.3, 0.1], "rotation": 270, "texture": "#3"},
				"south": {"uv": [0, 0, 1.5, 0.3], "texture": "#3"},
				"west": {"uv": [0, 0, 0.3, 0.1], "rotation": 90, "texture": "#3"},
				"up": {"uv": [0, 0, 1.5, 0.1], "rotation": 180, "texture": "#3"},
				"down": {"uv": [0, 0, 1.5, 0.1], "texture": "#3"}
			}
		},
		{
			"from": [7.25967, -0.77083, 10.74529],
			"to": [8.75967, -0.67083, 12.54529],
			"faces": {
				"north": {"uv": [0, 0, 1.5, 0.1], "rotation": 180, "texture": "#3"},
				"east": {"uv": [0, 0, 1.8, 0.1], "rotation": 180, "texture": "#3"},
				"south": {"uv": [0, 0, 1.5, 0.1], "rotation": 180, "texture": "#3"},
				"west": {"uv": [0, 0, 1.8, 0.1], "rotation": 180, "texture": "#3"},
				"up": {"uv": [0, 0, 1.5, 1.8], "texture": "#3"},
				"down": {"uv": [0, 0, 1.5, 1.8], "texture": "#3"}
			}
		},
		{
			"from": [7.25793, -0.85036, 10.22457],
			"to": [8.75793, -0.05036, 10.92457],
			"faces": {
				"north": {"uv": [0, 0, 1.5, 0.8], "texture": "#3"},
				"east": {"uv": [0, 0, 1.1, 0.8], "texture": "#3"},
				"south": {"uv": [0, 0, 1.5, 0.8], "texture": "#3"},
				"west": {"uv": [0, 0, 1.1, 0.8], "texture": "#3"},
				"up": {"uv": [0, 0, 1.5, 1.1], "texture": "#3"},
				"down": {"uv": [0, 0, 1.5, 1.1], "texture": "#3"}
			}
		},
		{
			"from": [7.25793, -0.89942, 11.07394],
			"to": [8.75793, -0.59942, 11.77394],
			"rotation": {"angle": 22.5, "axis": "x", "origin": [8.00793, 0.25058, 11.37394]},
			"faces": {
				"north": {"uv": [0, 0, 1.5, 0.3], "texture": "#3"},
				"east": {"uv": [0, 0, 2, 0.3], "texture": "#3"},
				"south": {"uv": [0, 0, 1.5, 0.3], "texture": "#3"},
				"west": {"uv": [0, 0, 2, 0.3], "texture": "#3"},
				"up": {"uv": [0, 0, 1.5, 2], "texture": "#3"},
				"down": {"uv": [0, 0, 1.5, 2], "texture": "#3"}
			}
		},
		{
			"from": [7.25835, -0.89444, 8.20429],
			"to": [8.75835, -0.74444, 9.00429],
			"rotation": {"angle": -22.5, "axis": "x", "origin": [6.85835, -0.29444, 7.75429]},
			"faces": {
				"north": {"uv": [0, 0, 1.5, 0.15], "texture": "#3"},
				"east": {"uv": [0, 0, 0.8, 0.15], "texture": "#3"},
				"south": {"uv": [0, 0, 1.5, 0.15], "texture": "#3"},
				"west": {"uv": [0, 0, 0.8, 0.15], "texture": "#3"},
				"up": {"uv": [0, 0, 1.5, 0.8], "texture": "#3"},
				"down": {"uv": [0, 0, 1.5, 0.8], "texture": "#3"}
			}
		},
		{
			"from": [7.25839, -0.71478, 8.5077],
			"to": [8.75839, -0.51478, 9.8577],
			"faces": {
				"north": {"uv": [0, 0, 1.5, 0.2], "texture": "#3"},
				"east": {"uv": [0, 0, 1.35, 0.2], "texture": "#3"},
				"south": {"uv": [0, 0, 1.5, 0.2], "texture": "#3"},
				"west": {"uv": [0, 0, 1.35, 0.2], "texture": "#3"},
				"up": {"uv": [0, 0, 1.5, 1.35], "texture": "#3"},
				"down": {"uv": [0, 0, 1.5, 1.35], "texture": "#3"}
			}
		},
		{
			"from": [7.25839, -0.71478, 8.7577],
			"to": [8.75839, -0.41478, 9.8577],
			"faces": {
				"north": {"uv": [0, 0, 1.5, 0.3], "texture": "#3"},
				"east": {"uv": [0, 0, 1.1, 0.3], "texture": "#3"},
				"south": {"uv": [0, 0, 1.5, 0.3], "texture": "#3"},
				"west": {"uv": [0, 0, 1.1, 0.3], "texture": "#3"},
				"up": {"uv": [0, 0, 1.5, 1.1], "texture": "#3"},
				"down": {"uv": [0, 0, 1.5, 1.1], "texture": "#3"}
			}
		},
		{
			"from": [7.25835, -0.94444, 8.60429],
			"to": [8.75835, -0.74444, 9.00429],
			"rotation": {"angle": -22.5, "axis": "x", "origin": [6.85835, -0.29444, 7.75429]},
			"faces": {
				"north": {"uv": [0, 0, 1.5, 0.2], "texture": "#3"},
				"east": {"uv": [0, 0, 0.4, 0.2], "texture": "#3"},
				"south": {"uv": [0, 0, 1.5, 0.2], "texture": "#3"},
				"west": {"uv": [0, 0, 0.4, 0.2], "texture": "#3"},
				"up": {"uv": [0, 0, 1.5, 0.4], "texture": "#3"},
				"down": {"uv": [0, 0, 1.5, 0.4], "texture": "#3"}
			}
		},
		{
			"from": [7.25967, -1.67983, 13.91556],
			"to": [8.75967, -1.47983, 14.11556],
			"rotation": {"angle": 45, "axis": "x", "origin": [8.00967, 0.82017, 14.06556]},
			"faces": {
				"north": {"uv": [0, 0, 1.5, 0.2], "rotation": 180, "texture": "#3"},
				"east": {"uv": [0, 0, 0.2, 0.2], "rotation": 270, "texture": "#3"},
				"south": {"uv": [0, 0, 1.5, 0.2], "texture": "#3"},
				"west": {"uv": [0, 0, 0.2, 0.2], "rotation": 90, "texture": "#3"},
				"up": {"uv": [0, 0, 1.5, 0.2], "rotation": 180, "texture": "#3"},
				"down": {"uv": [0, 0, 1.5, 0.2], "texture": "#3"}
			}
		},
		{
			"from": [7.36082, -0.50325, 11.67487],
			"to": [8.66082, 0.19675, 11.97487],
			"rotation": {"angle": 22.5, "axis": "x", "origin": [8.01082, 0.24675, 11.27487]},
			"faces": {
				"north": {"uv": [0, 0, 1.3, 0.7], "texture": "#3"},
				"east": {"uv": [0, 0, 0.2, 0.7], "texture": "#3"},
				"south": {"uv": [0, 0, 1.3, 0.7], "texture": "#3"},
				"west": {"uv": [0, 0, 0.2, 0.7], "texture": "#3"},
				"up": {"uv": [0, 0, 1.3, 0.2], "texture": "#3"},
				"down": {"uv": [0, 0, 1.3, 0.2], "texture": "#3"}
			}
		},
		{
			"from": [7.36082, -0.65252, 11.62529],
			"to": [8.66082, 0.04748, 12.02529],
			"faces": {
				"north": {"uv": [0, 0, 1.3, 0.2], "rotation": 180, "texture": "#3"},
				"east": {"uv": [0, 0, 0.2, 0.7], "rotation": 270, "texture": "#3"},
				"south": {"uv": [0, 0, 1.3, 0.2], "texture": "#3"},
				"west": {"uv": [0, 0, 0.2, 0.7], "rotation": 90, "texture": "#3"},
				"up": {"uv": [0, 0, 1.3, 0.7], "rotation": 180, "texture": "#3"},
				"down": {"uv": [0, 0, 1.3, 0.7], "texture": "#3"}
			}
		},
		{
			"from": [7.36082, -0.44235, 12.08185],
			"to": [8.66082, 0.25765, 12.28185],
			"rotation": {"angle": -22.5, "axis": "x", "origin": [8.01082, -0.49235, 12.68185]},
			"faces": {
				"north": {"uv": [0, 0, 1.3, 0.7], "rotation": 180, "texture": "#3"},
				"east": {"uv": [0, 0, 0.2, 0.7], "rotation": 180, "texture": "#3"},
				"south": {"uv": [0, 0, 1.3, 0.7], "rotation": 180, "texture": "#3"},
				"west": {"uv": [0, 0, 0.2, 0.7], "rotation": 180, "texture": "#3"},
				"up": {"uv": [0, 0, 1.3, 0.2], "texture": "#3"},
				"down": {"uv": [0, 0, 1.3, 0.2], "texture": "#3"}
			}
		},
		{
			"from": [7.36082, -0.75252, 11.82529],
			"to": [8.66082, -0.35252, 12.52529],
			"faces": {
				"north": {"uv": [0, 0, 1.3, 0.2], "rotation": 180, "texture": "#3"},
				"east": {"uv": [0, 0, 0.2, 0.7], "rotation": 270, "texture": "#3"},
				"south": {"uv": [0, 0, 1.3, 0.2], "texture": "#3"},
				"west": {"uv": [0, 0, 0.2, 0.7], "rotation": 90, "texture": "#3"},
				"up": {"uv": [0, 0, 1.3, 0.7], "rotation": 180, "texture": "#3"},
				"down": {"uv": [0, 0, 1.3, 0.7], "texture": "#3"}
			}
		},
		{
			"from": [7.36082, -0.72721, 11.60354],
			"to": [8.66082, -0.42721, 12.10354],
			"rotation": {"angle": -45, "axis": "x", "origin": [8.01082, 0.27279, 11.85354]},
			"faces": {
				"north": {"uv": [0, 0, 1.3, 0.2], "rotation": 180, "texture": "#3"},
				"east": {"uv": [0, 0, 0.2, 0.7], "rotation": 270, "texture": "#3"},
				"south": {"uv": [0, 0, 1.3, 0.2], "texture": "#3"},
				"west": {"uv": [0, 0, 0.2, 0.7], "rotation": 90, "texture": "#3"},
				"up": {"uv": [0, 0, 1.3, 0.7], "rotation": 180, "texture": "#3"},
				"down": {"uv": [0, 0, 1.3, 0.7], "texture": "#3"}
			}
		},
		{
			"from": [7.36082, -0.42825, 11.50813],
			"to": [8.66082, -0.32825, 12.60813],
			"faces": {
				"north": {"uv": [0, 0, 1.3, 0.2], "rotation": 180, "texture": "#3"},
				"east": {"uv": [0, 0, 0.2, 0.7], "rotation": 270, "texture": "#3"},
				"south": {"uv": [0, 0, 1.3, 0.2], "texture": "#3"},
				"west": {"uv": [0, 0, 0.2, 0.7], "rotation": 90, "texture": "#3"},
				"up": {"uv": [0, 0, 1.3, 0.7], "rotation": 180, "texture": "#3"},
				"down": {"uv": [0, 0, 1.3, 0.7], "texture": "#3"}
			}
		},
		{
			"from": [7.36082, -0.92721, 11.60354],
			"to": [8.66082, -0.72721, 11.60354],
			"rotation": {"angle": -45, "axis": "x", "origin": [8.01082, 0.27279, 11.85354]},
			"faces": {
				"north": {"uv": [0, 0, 1.3, 0.2], "rotation": 180, "texture": "#3"},
				"east": {"uv": [0, 0, 0.2, 0.7], "rotation": 270, "texture": "#3"},
				"south": {"uv": [0, 0, 1.3, 0.2], "texture": "#3"},
				"west": {"uv": [0, 0, 0.2, 0.7], "rotation": 90, "texture": "#3"},
				"up": {"uv": [0, 0, 1.3, 0.7], "rotation": 180, "texture": "#3"},
				"down": {"uv": [0, 0, 1.3, 0.7], "texture": "#3"}
			}
		},
		{
			"from": [7.36082, -0.72721, 11.60354],
			"to": [8.66082, -0.67721, 11.90354],
			"rotation": {"angle": -45, "axis": "x", "origin": [8.01082, 0.27279, 11.85354]},
			"faces": {
				"north": {"uv": [0, 0, 1.3, 0.2], "rotation": 180, "texture": "#3"},
				"east": {"uv": [0, 0, 0.2, 0.7], "rotation": 270, "texture": "#3"},
				"south": {"uv": [0, 0, 1.3, 0.2], "texture": "#3"},
				"west": {"uv": [0, 0, 0.2, 0.7], "rotation": 90, "texture": "#3"},
				"up": {"uv": [0, 0, 1.3, 0.7], "rotation": 180, "texture": "#3"},
				"down": {"uv": [0, 0, 1.3, 0.7], "texture": "#3"}
			}
		},
		{
			"from": [7.56082, -0.74235, 11.98185],
			"to": [8.46082, 0.05765, 12.68185],
			"rotation": {"angle": 22.5, "axis": "x", "origin": [8.01082, -0.59235, 13.18185]},
			"faces": {
				"north": {"uv": [0, 0, 1.3, 0.7], "rotation": 180, "texture": "#1"},
				"east": {"uv": [0, 0, 0.2, 0.7], "rotation": 180, "texture": "#1"},
				"south": {"uv": [0, 0, 1.3, 0.7], "rotation": 180, "texture": "#1"},
				"west": {"uv": [0, 0, 0.2, 0.7], "rotation": 180, "texture": "#1"},
				"up": {"uv": [0, 0, 1.3, 0.2], "texture": "#1"},
				"down": {"uv": [0, 0, 1.3, 0.2], "texture": "#1"}
			}
		},
		{
			"from": [7.56082, -0.05612, 11.66006],
			"to": [8.46082, 0.74388, 12.56006],
			"rotation": {"angle": -22.5, "axis": "x", "origin": [8.01082, 1.79388, 12.06006]},
			"faces": {
				"north": {"uv": [0, 0, 1.3, 0.7], "texture": "#1"},
				"east": {"uv": [0, 0, 0.2, 0.7], "texture": "#1"},
				"south": {"uv": [0, 0, 1.3, 0.7], "texture": "#1"},
				"west": {"uv": [0, 0, 0.2, 0.7], "texture": "#1"},
				"up": {"uv": [0, 0, 1.3, 0.2], "texture": "#1"},
				"down": {"uv": [0, 0, 1.3, 0.2], "texture": "#1"}
			}
		},
		{
			"from": [7.56082, -1.52232, 11.45839],
			"to": [8.46082, 0.07768, 11.65839],
			"rotation": {"angle": 22.5, "axis": "x", "origin": [8.01082, 1.62768, 12.85839]},
			"faces": {
				"north": {"uv": [0, 0, 1.3, 0.7], "texture": "#1"},
				"east": {"uv": [0, 0, 0.2, 0.7], "texture": "#1"},
				"south": {"uv": [0, 0, 1.3, 0.7], "texture": "#1"},
				"west": {"uv": [0, 0, 0.2, 0.7], "texture": "#1"},
				"up": {"uv": [0, 0, 1.3, 0.2], "texture": "#1"},
				"down": {"uv": [0, 0, 1.3, 0.2], "texture": "#1"}
			}
		},
		{
			"from": [7.50793, -0.85036, 10.62457],
			"to": [8.50793, -0.15036, 11.62457],
			"faces": {
				"north": {"uv": [0, 0, 1.5, 0.8], "texture": "#1"},
				"east": {"uv": [0, 0, 1.1, 0.8], "texture": "#1"},
				"south": {"uv": [0, 0, 1.5, 0.8], "texture": "#1"},
				"west": {"uv": [0, 0, 1.1, 0.8], "texture": "#1"},
				"up": {"uv": [0, 0, 1.5, 1.1], "texture": "#1"},
				"down": {"uv": [0, 0, 1.5, 1.1], "texture": "#1"}
			}
		},
		{
			"from": [7.2, 0.08, 1.6],
			"to": [8.8, 0.64, 9.64],
			"faces": {
				"north": {"uv": [0, 0, 2, 0.7], "texture": "#2"},
				"east": {"uv": [0, 0, 10.05, 0.7], "texture": "#2"},
				"south": {"uv": [0, 0, 2, 0.7], "texture": "#2"},
				"west": {"uv": [0, 0, 10.05, 0.7], "texture": "#2"},
				"up": {"uv": [0, 0, 2, 10.05], "texture": "#2"},
				"down": {"uv": [0, 0, 2, 10.05], "texture": "#2"}
			}
		},
		{
			"from": [7.2, 1.28, 0.88],
			"to": [8.8, 1.76, 10.6],
			"faces": {
				"north": {"uv": [0, 0, 2, 0.6], "texture": "#2"},
				"east": {"uv": [0, 0, 11.95, 0.6], "texture": "#2"},
				"south": {"uv": [0, 0, 2, 0.6], "texture": "#2"},
				"west": {"uv": [0, 0, 11.95, 0.6], "texture": "#2"},
				"up": {"uv": [0, 0, 2, 11.95], "texture": "#2"},
				"down": {"uv": [0, 0, 2, 11.95], "texture": "#2"}
			}
		},
		{
			"from": [7.2, 0.48, 2.32],
			"to": [8.8, 1.28, 9.64],
			"faces": {
				"north": {"uv": [0, 0, 2, 1], "texture": "#2"},
				"east": {"uv": [0, 0, 9.15, 1], "texture": "#2"},
				"south": {"uv": [0, 0, 2, 1], "texture": "#2"},
				"west": {"uv": [0, 0, 9.15, 1], "texture": "#2"},
				"up": {"uv": [0, 0, 2, 9.15], "texture": "#2"},
				"down": {"uv": [0, 0, 2, 9.15], "texture": "#2"}
			}
		},
		{
			"from": [7.2, -2.84, 3.12],
			"to": [8.8, -2.48, 4.8],
			"rotation": {"angle": 45, "axis": "x", "origin": [8, 0.8, 7.6]},
			"faces": {
				"north": {"uv": [0, 0, 2, 0.45], "texture": "#2"},
				"east": {"uv": [0, 0, 2.1, 0.45], "texture": "#2"},
				"south": {"uv": [0, 0, 2, 0.45], "texture": "#2"},
				"west": {"uv": [0, 0, 2.1, 0.45], "texture": "#2"},
				"up": {"uv": [0, 0, 2, 2.1], "texture": "#2"},
				"down": {"uv": [0, 0, 2, 2.1], "texture": "#2"}
			}
		},
		{
			"from": [7.48, 0, 2],
			"to": [8.52, 1.28, 10.12],
			"faces": {
				"north": {"uv": [0, 0, 1.3, 1.6], "texture": "#2"},
				"east": {"uv": [0, 0, 10.15, 1.6], "texture": "#2"},
				"south": {"uv": [0, 0, 1.3, 1.6], "texture": "#2"},
				"west": {"uv": [0, 0, 10.15, 1.6], "texture": "#2"},
				"up": {"uv": [0, 0, 1.3, 10.15], "texture": "#2"},
				"down": {"uv": [0, 0, 1.3, 10.15], "texture": "#2"}
			}
		},
		{
			"from": [7.48, -2.92, 2.8],
			"to": [8.52, -2.56, 4.48],
			"rotation": {"angle": 45, "axis": "x", "origin": [8, 0.72, 7.28]},
			"faces": {
				"north": {"uv": [0, 0, 1.3, 0.45], "texture": "#2"},
				"east": {"uv": [0, 0, 2.1, 0.45], "texture": "#2"},
				"south": {"uv": [0, 0, 1.3, 0.45], "texture": "#2"},
				"west": {"uv": [0, 0, 2.1, 0.45], "texture": "#2"},
				"up": {"uv": [0, 0, 1.3, 2.1], "texture": "#2"},
				"down": {"uv": [0, 0, 1.3, 2.1], "texture": "#2"}
			}
		},
		{
			"from": [8.59746, -0.56763, 1.91881],
			"to": [8.83746, -0.08763, 9.23881],
			"rotation": {"angle": 45, "axis": "z", "origin": [8.03746, -0.28763, 7.19881]},
			"faces": {
				"north": {"uv": [0, 0, 0.3, 0.6], "texture": "#2"},
				"east": {"uv": [0, 0, 9.15, 0.6], "texture": "#2"},
				"south": {"uv": [0, 0, 0.3, 0.6], "texture": "#2"},
				"west": {"uv": [0, 0, 9.15, 0.6], "texture": "#2"},
				"up": {"uv": [0, 0, 0.3, 9.15], "texture": "#2"},
				"down": {"uv": [0, 0, 0.3, 9.15], "texture": "#2"}
			}
		},
		{
			"from": [7.51514, 0.28083, 1.92],
			"to": [7.75514, 0.84083, 9.24],
			"rotation": {"angle": -45, "axis": "z", "origin": [7.11514, 0.56083, 7.2]},
			"faces": {
				"north": {"uv": [0, 0, 0.3, 0.7], "texture": "#2"},
				"east": {"uv": [0, 0, 9.15, 0.7], "texture": "#2"},
				"south": {"uv": [0, 0, 0.3, 0.7], "texture": "#2"},
				"west": {"uv": [0, 0, 9.15, 0.7], "texture": "#2"},
				"up": {"uv": [0, 0, 0.3, 9.15], "texture": "#2"},
				"down": {"uv": [0, 0, 0.3, 9.15], "texture": "#2"}
			}
		},
		{
			"from": [7.47132, 3.68931, 0.07897],
			"to": [8.51132, 4.08931, 0.79897],
			"rotation": {"angle": -45, "axis": "x", "origin": [7.99132, 3.92931, 5.67897]},
			"faces": {
				"north": {"uv": [0, 0, 1.3, 0.5], "texture": "#2"},
				"east": {"uv": [0, 0, 0.9, 0.5], "texture": "#2"},
				"south": {"uv": [0, 0, 1.3, 0.5], "texture": "#2"},
				"west": {"uv": [0, 0, 0.9, 0.5], "texture": "#2"},
				"up": {"uv": [0, 0, 1.3, 0.9], "texture": "#2"},
				"down": {"uv": [0, 0, 1.3, 0.9], "texture": "#2"}
			}
		},
		{
			"from": [7.49396, 1.63788, 1.28],
			"to": [7.97396, 2.67788, 3.28],
			"rotation": {"angle": -22.5, "axis": "z", "origin": [7.65396, 2.43788, 6.64]},
			"faces": {
				"north": {"uv": [0, 0, 1.3, 0.6], "rotation": 90, "texture": "#2"},
				"east": {"uv": [0, 0, 1.3, 2.6], "rotation": 270, "texture": "#2"},
				"south": {"uv": [0, 0, 1.3, 0.6], "rotation": 270, "texture": "#2"},
				"west": {"uv": [0, 0, 1.3, 2.6], "rotation": 90, "texture": "#2"},
				"up": {"uv": [0, 0, 2.6, 0.6], "rotation": 270, "texture": "#2"},
				"down": {"uv": [0, 0, 2.6, 0.6], "rotation": 270, "texture": "#2"}
			}
		},
		{
			"from": [8.03822, 1.57664, 1.28],
			"to": [8.51822, 2.61664, 3.28],
			"rotation": {"angle": 22.5, "axis": "z", "origin": [8.19822, 2.37664, 6.64]},
			"faces": {
				"north": {"uv": [0, 0, 1.3, 0.6], "rotation": 90, "texture": "#2"},
				"east": {"uv": [0, 0, 1.3, 2.5], "rotation": 90, "texture": "#2"},
				"south": {"uv": [0, 0, 1.3, 0.6], "rotation": 270, "texture": "#2"},
				"west": {"uv": [0, 0, 1.3, 2.5], "rotation": 270, "texture": "#2"},
				"up": {"uv": [0, 0, 2.5, 0.6], "rotation": 90, "texture": "#2"},
				"down": {"uv": [0, 0, 2.5, 0.6], "rotation": 90, "texture": "#2"}
			}
		},
		{
			"from": [7.59759, 1.68101, 1.28022],
			"to": [8.39759, 2.72101, 3.28022],
			"faces": {
				"north": {"uv": [0, 0, 1, 1.3], "texture": "#2"},
				"east": {"uv": [0, 0, 2.5, 1.3], "texture": "#2"},
				"south": {"uv": [0, 0, 1, 1.3], "texture": "#2"},
				"west": {"uv": [0, 0, 2.5, 1.3], "texture": "#2"},
				"up": {"uv": [0, 0, 1, 2.5], "texture": "#2"},
				"down": {"uv": [0, 0, 1, 2.5], "texture": "#2"}
			}
		},
		{
			"from": [7.60521, -1.18498, 2.55129],
			"to": [8.40521, -0.14498, 2.95129],
			"rotation": {"angle": 22.5, "axis": "x", "origin": [8.40521, 4.49502, 9.11129]},
			"faces": {
				"north": {"uv": [0, 0, 1, 1.3], "texture": "#2"},
				"east": {"uv": [0, 0, 0.5, 1.3], "texture": "#2"},
				"south": {"uv": [0, 0, 1, 1.3], "texture": "#2"},
				"west": {"uv": [0, 0, 0.5, 1.3], "texture": "#2"},
				"up": {"uv": [0, 0, 1, 0.5], "texture": "#2"},
				"down": {"uv": [0, 0, 1, 0.5], "texture": "#2"}
			}
		},
		{
			"from": [8.03822, 1.57664, 1.28],
			"to": [8.51822, 2.17664, 10.44],
			"rotation": {"angle": 22.5, "axis": "z", "origin": [8.19822, 2.37664, 6.64]},
			"faces": {
				"north": {"uv": [0, 0, 0.75, 0.6], "rotation": 90, "texture": "#2"},
				"east": {"uv": [0, 0, 0.75, 11.45], "rotation": 90, "texture": "#2"},
				"south": {"uv": [0, 0, 0.75, 0.6], "rotation": 270, "texture": "#2"},
				"west": {"uv": [0, 0, 0.75, 11.45], "rotation": 270, "texture": "#2"},
				"up": {"uv": [0, 0, 11.45, 0.6], "rotation": 90, "texture": "#2"},
				"down": {"uv": [0, 0, 11.45, 0.6], "rotation": 90, "texture": "#2"}
			}
		},
		{
			"from": [7.49396, 1.63788, 1.28],
			"to": [7.97396, 2.23788, 10.44],
			"rotation": {"angle": -22.5, "axis": "z", "origin": [7.65396, 2.43788, 6.64]},
			"faces": {
				"north": {"uv": [0, 0, 0.75, 0.6], "rotation": 90, "texture": "#2"},
				"east": {"uv": [0, 0, 0.75, 11.55], "rotation": 270, "texture": "#2"},
				"south": {"uv": [0, 0, 0.75, 0.6], "rotation": 270, "texture": "#2"},
				"west": {"uv": [0, 0, 0.75, 11.55], "rotation": 90, "texture": "#2"},
				"up": {"uv": [0, 0, 11.55, 0.6], "rotation": 270, "texture": "#2"},
				"down": {"uv": [0, 0, 11.55, 0.6], "rotation": 270, "texture": "#2"}
			}
		},
		{
			"from": [7.43759, 1.68101, 1.28022],
			"to": [8.55759, 2.32101, 10.44022],
			"faces": {
				"north": {"uv": [0, 0, 1.4, 0.8], "texture": "#2"},
				"east": {"uv": [0, 0, 11.45, 0.8], "texture": "#2"},
				"south": {"uv": [0, 0, 1.4, 0.8], "texture": "#2"},
				"west": {"uv": [0, 0, 11.45, 0.8], "texture": "#2"},
				"up": {"uv": [0, 0, 1.4, 11.45], "texture": "#2"},
				"down": {"uv": [0, 0, 1.4, 11.45], "texture": "#2"}
			}
		},
		{
			"from": [7.75759, 1.68101, 1.28022],
			"to": [8.23759, 2.64101, 10.44022],
			"faces": {
				"north": {"uv": [0, 0, 0.6, 1.2], "texture": "#2"},
				"east": {"uv": [0, 0, 11.45, 1.2], "texture": "#2"},
				"south": {"uv": [0, 0, 0.6, 1.2], "texture": "#2"},
				"west": {"uv": [0, 0, 11.45, 1.2], "texture": "#2"},
				"up": {"uv": [0, 0, 0.6, 11.45], "texture": "#2"},
				"down": {"uv": [0, 0, 0.6, 11.45], "texture": "#2"}
			}
		},
		{
			"from": [7.19985, 2.79731, 10.28402],
			"to": [8.79985, 3.79731, 10.56402],
			"rotation": {"angle": 45, "axis": "x", "origin": [7.99985, 3.23731, 7.24402]},
			"faces": {
				"north": {"uv": [0, 0, 2, 1.55], "texture": "#2"},
				"east": {"uv": [0, 0, 0.75, 1.55], "texture": "#2"},
				"south": {"uv": [0, 0, 2, 1.55], "texture": "#2"},
				"west": {"uv": [0, 0, 0.75, 1.55], "texture": "#2"},
				"up": {"uv": [0, 0, 2, 0.75], "texture": "#2"},
				"down": {"uv": [0, 0, 2, 0.75], "texture": "#2"}
			}
		},
		{
			"from": [8.43746, -0.56763, 1.91881],
			"to": [8.83746, -0.00763, 8.99881],
			"rotation": {"angle": 45, "axis": "z", "origin": [8.03746, -0.28763, 7.19881]},
			"faces": {
				"north": {"uv": [0, 0, 0.5, 0.7], "texture": "#2"},
				"east": {"uv": [0, 0, 8.85, 0.7], "texture": "#2"},
				"south": {"uv": [0, 0, 0.5, 0.7], "texture": "#2"},
				"west": {"uv": [0, 0, 8.85, 0.7], "texture": "#2"},
				"up": {"uv": [0, 0, 0.5, 8.85], "texture": "#2"},
				"down": {"uv": [0, 0, 0.5, 8.85], "texture": "#2"}
			}
		},
		{
			"from": [7.51514, 0.28083, 1.92],
			"to": [7.91514, 0.84083, 9],
			"rotation": {"angle": -45, "axis": "z", "origin": [7.11514, 0.56083, 7.2]},
			"faces": {
				"north": {"uv": [0, 0, 0.5, 0.7], "texture": "#2"},
				"east": {"uv": [0, 0, 8.85, 0.7], "texture": "#2"},
				"south": {"uv": [0, 0, 0.5, 0.7], "texture": "#2"},
				"west": {"uv": [0, 0, 8.85, 0.7], "texture": "#2"},
				"up": {"uv": [0, 0, 0.5, 8.85], "texture": "#2"},
				"down": {"uv": [0, 0, 0.5, 8.85], "texture": "#2"}
			}
		},
		{
			"from": [7.4078, -0.62846, 11.13786],
			"to": [8.6078, -0.46846, 12.17786],
			"faces": {
				"north": {"uv": [0, 0, 1.5, 0.4], "rotation": 180, "texture": "#2"},
				"east": {"uv": [0, 0, 1.2, 0.4], "rotation": 180, "texture": "#2"},
				"south": {"uv": [0, 0, 1.5, 0.4], "rotation": 180, "texture": "#2"},
				"west": {"uv": [0, 0, 1.2, 0.4], "rotation": 180, "texture": "#2"},
				"up": {"uv": [0, 0, 1.5, 1.2], "texture": "#2"},
				"down": {"uv": [0, 0, 1.5, 1.2], "texture": "#2"}
			}
		},
		{
			"from": [7.4078, -0.62846, 11.13786],
			"to": [8.6078, -0.38846, 11.77786],
			"faces": {
				"north": {"uv": [0, 0, 1.5, 0.5], "rotation": 180, "texture": "#2"},
				"east": {"uv": [0, 0, 0.5, 0.5], "rotation": 180, "texture": "#2"},
				"south": {"uv": [0, 0, 1.5, 0.5], "rotation": 180, "texture": "#2"},
				"west": {"uv": [0, 0, 0.5, 0.5], "rotation": 180, "texture": "#2"},
				"up": {"uv": [0, 0, 1.5, 0.5], "texture": "#2"},
				"down": {"uv": [0, 0, 1.5, 0.5], "texture": "#2"}
			}
		},
		{
			"from": [7.56671, -0.41182, 10.36616],
			"to": [8.44671, 1.50818, 10.76616],
			"faces": {
				"north": {"uv": [0, 0, 1.3, 2.4], "texture": "#2"},
				"east": {"uv": [0, 0, 2.1, 2.4], "texture": "#2"},
				"south": {"uv": [0, 0, 1.3, 2.4], "texture": "#2"},
				"west": {"uv": [0, 0, 2.1, 2.4], "texture": "#2"},
				"up": {"uv": [0, 0, 1.3, 2.1], "texture": "#2"},
				"down": {"uv": [0, 0, 1.3, 2.1], "texture": "#2"}
			}
		},
		{
			"from": [7.2, 1.28, 0.88],
			"to": [8.8, 1.52, 10.6],
			"faces": {
				"north": {"uv": [0, 0, 2, 0.6], "texture": "#2"},
				"east": {"uv": [0, 0, 11.95, 0.6], "texture": "#2"},
				"south": {"uv": [0, 0, 2, 0.6], "texture": "#2"},
				"west": {"uv": [0, 0, 11.95, 0.6], "texture": "#2"},
				"up": {"uv": [0, 0, 2, 11.95], "texture": "#2"},
				"down": {"uv": [0, 0, 2, 11.95], "texture": "#2"}
			}
		},
		{
			"from": [7.75759, 1.68101, 7.48022],
			"to": [8.23759, 2.04101, 9.24022],
			"rotation": {"angle": -22.5, "axis": "x", "origin": [8, 6.4, 8]},
			"faces": {
				"north": {"uv": [0, 0, 0.6, 1.2], "texture": "#2"},
				"east": {"uv": [0, 0, 11.45, 1.2], "texture": "#2"},
				"south": {"uv": [0, 0, 0.6, 1.2], "texture": "#2"},
				"west": {"uv": [0, 0, 11.45, 1.2], "texture": "#2"},
				"up": {"uv": [0, 0, 0.6, 11.45], "texture": "#2"},
				"down": {"uv": [0, 0, 0.6, 11.45], "texture": "#2"}
			}
		},
		{
			"from": [7.75677, 2.48684, 10.81534],
			"to": [8.23677, 2.84684, 11.27534],
			"faces": {
				"north": {"uv": [0, 0, 0.6, 1.2], "texture": "#2"},
				"east": {"uv": [0, 0, 11.45, 1.2], "texture": "#2"},
				"south": {"uv": [0, 0, 0.6, 1.2], "texture": "#2"},
				"west": {"uv": [0, 0, 11.45, 1.2], "texture": "#2"},
				"up": {"uv": [0, 0, 0.6, 11.45], "texture": "#2"},
				"down": {"uv": [0, 0, 0.6, 11.45], "texture": "#2"}
			}
		},
		{
			"from": [7.75642, 2.37461, 11.18134],
			"to": [8.23642, 2.73461, 11.54134],
			"rotation": {"angle": 22.5, "axis": "x", "origin": [7.99642, 2.55461, 11.51134]},
			"faces": {
				"north": {"uv": [0, 0, 0.6, 1.2], "texture": "#2"},
				"east": {"uv": [0, 0, 11.45, 1.2], "texture": "#2"},
				"south": {"uv": [0, 0, 0.6, 1.2], "texture": "#2"},
				"west": {"uv": [0, 0, 11.45, 1.2], "texture": "#2"},
				"up": {"uv": [0, 0, 0.6, 11.45], "texture": "#2"},
				"down": {"uv": [0, 0, 0.6, 11.45], "texture": "#2"}
			}
		},
		{
			"from": [7.75607, 2.16915, 11.38401],
			"to": [8.23607, 2.52915, 12.44401],
			"rotation": {"angle": 45, "axis": "x", "origin": [7.99607, 2.34915, 11.71401]},
			"faces": {
				"north": {"uv": [0, 0, 0.6, 1.2], "texture": "#2"},
				"east": {"uv": [0, 0, 11.45, 1.2], "texture": "#2"},
				"south": {"uv": [0, 0, 0.6, 1.2], "texture": "#2"},
				"west": {"uv": [0, 0, 11.45, 1.2], "texture": "#2"},
				"up": {"uv": [0, 0, 0.6, 11.45], "texture": "#2"},
				"down": {"uv": [0, 0, 0.6, 11.45], "texture": "#2"}
			}
		},
		{
			"from": [7.45642, 2.07461, 11.18134],
			"to": [8.53642, 2.43461, 11.54134],
			"rotation": {"angle": 22.5, "axis": "x", "origin": [7.99642, 2.25461, 11.51134]},
			"faces": {
				"north": {"uv": [0, 0, 0.6, 1.2], "texture": "#4"},
				"east": {"uv": [0, 0, 11.45, 1.2], "texture": "#4"},
				"south": {"uv": [0, 0, 0.6, 1.2], "texture": "#4"},
				"west": {"uv": [0, 0, 11.45, 1.2], "texture": "#4"},
				"up": {"uv": [0, 0, 0.6, 11.45], "texture": "#4"},
				"down": {"uv": [0, 0, 0.6, 11.45], "texture": "#4"}
			}
		},
		{
			"from": [7.45677, 2.18684, 10.81534],
			"to": [8.53677, 2.54684, 11.27534],
			"faces": {
				"north": {"uv": [0, 0, 0.6, 1.2], "texture": "#4"},
				"east": {"uv": [0, 0, 11.45, 1.2], "texture": "#4"},
				"south": {"uv": [0, 0, 0.6, 1.2], "texture": "#4"},
				"west": {"uv": [0, 0, 11.45, 1.2], "texture": "#4"},
				"up": {"uv": [0, 0, 0.6, 11.45], "texture": "#4"},
				"down": {"uv": [0, 0, 0.6, 11.45], "texture": "#4"}
			}
		},
		{
			"from": [7.45759, 1.38101, 7.48022],
			"to": [8.53759, 1.74101, 9.24022],
			"rotation": {"angle": -22.5, "axis": "x", "origin": [8, 6.1, 8]},
			"faces": {
				"north": {"uv": [0, 0, 0.6, 1.2], "texture": "#4"},
				"east": {"uv": [0, 0, 11.45, 1.2], "texture": "#4"},
				"south": {"uv": [0, 0, 0.6, 1.2], "texture": "#4"},
				"west": {"uv": [0, 0, 11.45, 1.2], "texture": "#4"},
				"up": {"uv": [0, 0, 0.6, 11.45], "texture": "#4"},
				"down": {"uv": [0, 0, 0.6, 11.45], "texture": "#4"}
			}
		},
		{
			"from": [7.45607, 1.41915, 11.53401],
			"to": [8.53607, 2.37915, 11.89401],
			"rotation": {"angle": -45, "axis": "x", "origin": [7.99607, 2.04915, 11.71401]},
			"faces": {
				"north": {"uv": [0, 0, 0.6, 11.45], "rotation": 180, "texture": "#4"},
				"east": {"uv": [0, 0, 11.45, 1.2], "rotation": 270, "texture": "#4"},
				"south": {"uv": [0, 0, 0.6, 11.45], "texture": "#4"},
				"west": {"uv": [0, 0, 11.45, 1.2], "rotation": 90, "texture": "#4"},
				"up": {"uv": [0, 0, 0.6, 1.2], "rotation": 180, "texture": "#4"},
				"down": {"uv": [0, 0, 0.6, 1.2], "texture": "#4"}
			}
		},
		{
			"from": [7.45821, 1.3352, 12.07504],
			"to": [8.53821, 1.6952, 13.23504],
			"rotation": {"angle": 22.5, "axis": "x", "origin": [7.99821, 1.5152, 12.40504]},
			"faces": {
				"north": {"uv": [0, 0, 0.6, 1.2], "texture": "#4"},
				"east": {"uv": [0, 0, 11.45, 1.2], "texture": "#4"},
				"south": {"uv": [0, 0, 0.6, 1.2], "texture": "#4"},
				"west": {"uv": [0, 0, 11.45, 1.2], "texture": "#4"},
				"up": {"uv": [0, 0, 0.6, 11.45], "texture": "#4"},
				"down": {"uv": [0, 0, 0.6, 11.45], "texture": "#4"}
			}
		},
		{
			"from": [7.75573, 1.85151, 12.32235],
			"to": [8.23573, 2.21151, 13.78235],
			"rotation": {"angle": 22.5, "axis": "x", "origin": [7.99573, 2.68151, 11.85235]},
			"faces": {
				"north": {"uv": [0, 0, 0.6, 1.2], "texture": "#2"},
				"east": {"uv": [0, 0, 11.45, 1.2], "texture": "#2"},
				"south": {"uv": [0, 0, 0.6, 1.2], "texture": "#2"},
				"west": {"uv": [0, 0, 11.45, 1.2], "texture": "#2"},
				"up": {"uv": [0, 0, 0.6, 11.45], "texture": "#2"},
				"down": {"uv": [0, 0, 0.6, 11.45], "texture": "#2"}
			}
		},
		{
			"from": [7.45815, 1.47527, 10.17125],
			"to": [8.53815, 2.23527, 11.43125],
			"faces": {
				"north": {"uv": [0, 0, 0.6, 1.2], "texture": "#4"},
				"east": {"uv": [0, 0, 11.45, 1.2], "texture": "#4"},
				"south": {"uv": [0, 0, 0.6, 1.2], "texture": "#4"},
				"west": {"uv": [0, 0, 11.45, 1.2], "texture": "#4"},
				"up": {"uv": [0, 0, 0.6, 11.45], "texture": "#4"},
				"down": {"uv": [0, 0, 0.6, 11.45], "texture": "#4"}
			}
		},
		{
			"from": [7.45815, 1.47527, 10.47125],
			"to": [8.53815, 2.13527, 11.63125],
			"faces": {
				"north": {"uv": [0, 0, 0.6, 1.2], "texture": "#4"},
				"east": {"uv": [0, 0, 11.45, 1.2], "texture": "#4"},
				"south": {"uv": [0, 0, 0.6, 1.2], "texture": "#4"},
				"west": {"uv": [0, 0, 11.45, 1.2], "texture": "#4"},
				"up": {"uv": [0, 0, 0.6, 11.45], "texture": "#4"},
				"down": {"uv": [0, 0, 0.6, 11.45], "texture": "#4"}
			}
		},
		{
			"from": [7.45815, 1.47527, 10.47125],
			"to": [8.53815, 1.93527, 11.83125],
			"faces": {
				"north": {"uv": [0, 0, 0.6, 1.2], "texture": "#4"},
				"east": {"uv": [0, 0, 11.45, 1.2], "texture": "#4"},
				"south": {"uv": [0, 0, 0.6, 1.2], "texture": "#4"},
				"west": {"uv": [0, 0, 11.45, 1.2], "texture": "#4"},
				"up": {"uv": [0, 0, 0.6, 11.45], "texture": "#4"},
				"down": {"uv": [0, 0, 0.6, 11.45], "texture": "#4"}
			}
		},
		{
			"from": [7.45815, 1.47527, 10.47125],
			"to": [8.53815, 1.73527, 12.03125],
			"faces": {
				"north": {"uv": [0, 0, 0.6, 1.2], "texture": "#4"},
				"east": {"uv": [0, 0, 11.45, 1.2], "texture": "#4"},
				"south": {"uv": [0, 0, 0.6, 1.2], "texture": "#4"},
				"west": {"uv": [0, 0, 11.45, 1.2], "texture": "#4"},
				"up": {"uv": [0, 0, 0.6, 11.45], "texture": "#4"},
				"down": {"uv": [0, 0, 0.6, 11.45], "texture": "#4"}
			}
		},
		{
			"from": [8.05677, 2.74684, 8.21534],
			"to": [8.23677, 2.94684, 11.27534],
			"faces": {
				"north": {"uv": [0, 0, 0.6, 1.2], "texture": "#4"},
				"east": {"uv": [0, 0, 11.45, 1.2], "texture": "#4"},
				"south": {"uv": [0, 0, 0.6, 1.2], "texture": "#4"},
				"west": {"uv": [0, 0, 11.45, 1.2], "texture": "#4"},
				"up": {"uv": [0, 0, 0.6, 11.45], "texture": "#4"},
				"down": {"uv": [0, 0, 0.6, 11.45], "texture": "#4"}
			}
		},
		{
			"from": [7.65677, 2.64684, 10.61534],
			"to": [8.33677, 3.04684, 11.57534],
			"faces": {
				"north": {"uv": [0, 0, 0.6, 1.2], "texture": "#4"},
				"east": {"uv": [0, 0, 11.45, 1.2], "texture": "#4"},
				"south": {"uv": [0, 0, 0.6, 1.2], "texture": "#4"},
				"west": {"uv": [0, 0, 11.45, 1.2], "texture": "#4"},
				"up": {"uv": [0, 0, 0.6, 11.45], "texture": "#4"},
				"down": {"uv": [0, 0, 0.6, 11.45], "texture": "#4"}
			}
		},
		{
			"from": [7.75677, 2.74684, 8.21534],
			"to": [7.93677, 2.94684, 11.27534],
			"faces": {
				"north": {"uv": [0, 0, 0.6, 1.2], "texture": "#4"},
				"east": {"uv": [0, 0, 11.45, 1.2], "texture": "#4"},
				"south": {"uv": [0, 0, 0.6, 1.2], "texture": "#4"},
				"west": {"uv": [0, 0, 11.45, 1.2], "texture": "#4"},
				"up": {"uv": [0, 0, 0.6, 11.45], "texture": "#4"},
				"down": {"uv": [0, 0, 0.6, 11.45], "texture": "#4"}
			}
		},
		{
			"from": [7.66055, 3.19811, 13.34145],
			"to": [8.34055, 3.59811, 14.30145],
			"rotation": {"angle": 22.5, "axis": "x", "origin": [8.00296, 7.7571, 11.06123]},
			"faces": {
				"north": {"uv": [0, 0, 0.6, 1.2], "texture": "#4"},
				"east": {"uv": [0, 0, 11.45, 1.2], "texture": "#4"},
				"south": {"uv": [0, 0, 0.6, 1.2], "texture": "#4"},
				"west": {"uv": [0, 0, 11.45, 1.2], "texture": "#4"},
				"up": {"uv": [0, 0, 0.6, 11.45], "texture": "#4"},
				"down": {"uv": [0, 0, 0.6, 11.45], "texture": "#4"}
			}
		},
		{
			"from": [7.46106, -0.38466, 15.90281],
			"to": [8.56106, -0.07466, 16.52281],
			"rotation": {"angle": 45, "axis": "x", "origin": [8.01106, -0.01266, 14.53881]},
			"faces": {
				"north": {"uv": [0, 0, 1.3, 0.7], "rotation": 180, "texture": "#4"},
				"east": {"uv": [0, 0, 0.2, 0.7], "rotation": 180, "texture": "#4"},
				"south": {"uv": [0, 0, 1.3, 0.7], "rotation": 180, "texture": "#4"},
				"west": {"uv": [0, 0, 0.2, 0.7], "rotation": 180, "texture": "#4"},
				"up": {"uv": [0, 0, 1.3, 0.2], "texture": "#4"},
				"down": {"uv": [0, 0, 1.3, 0.2], "texture": "#4"}
			}
		},
		{
			"from": [7.36181, -1.43847, 15.70379],
			"to": [8.66181, -1.19047, 16.07579],
			"faces": {
				"north": {"uv": [0, 0, 1.3, 0.2], "rotation": 180, "texture": "#4"},
				"east": {"uv": [0, 0, 0.2, 0.7], "rotation": 90, "texture": "#4"},
				"south": {"uv": [0, 0, 1.3, 0.2], "texture": "#4"},
				"west": {"uv": [0, 0, 0.2, 0.7], "rotation": 270, "texture": "#4"},
				"up": {"uv": [0, 0, 1.3, 0.7], "texture": "#4"},
				"down": {"uv": [0, 0, 1.3, 0.7], "rotation": 180, "texture": "#4"}
			}
		},
		{
			"from": [7.36301, -2.53447, 15.45911],
			"to": [8.66301, -0.67447, 15.83111],
			"rotation": {"angle": 22.5, "axis": "x", "origin": [8.01301, -1.66647, 14.03311]},
			"faces": {
				"north": {"uv": [0, 0, 1.3, 0.2], "rotation": 180, "texture": "#4"},
				"east": {"uv": [0, 0, 0.2, 0.7], "rotation": 90, "texture": "#4"},
				"south": {"uv": [0, 0, 1.3, 0.2], "texture": "#4"},
				"west": {"uv": [0, 0, 0.2, 0.7], "rotation": 270, "texture": "#4"},
				"up": {"uv": [0, 0, 1.3, 0.7], "texture": "#4"},
				"down": {"uv": [0, 0, 1.3, 0.7], "rotation": 180, "texture": "#4"}
			}
		},
		{
			"from": [7.46175, -2.83768, 14.99533],
			"to": [8.56175, -2.58968, 15.36733],
			"rotation": {"angle": 22.5, "axis": "x", "origin": [8.01175, -1.96968, 13.44533]},
			"faces": {
				"north": {"uv": [0, 0, 1.3, 0.2], "rotation": 180, "texture": "#4"},
				"east": {"uv": [0, 0, 0.2, 0.7], "rotation": 90, "texture": "#4"},
				"south": {"uv": [0, 0, 1.3, 0.2], "texture": "#4"},
				"west": {"uv": [0, 0, 0.2, 0.7], "rotation": 270, "texture": "#4"},
				"up": {"uv": [0, 0, 1.3, 0.7], "texture": "#4"},
				"down": {"uv": [0, 0, 1.3, 0.7], "rotation": 180, "texture": "#4"}
			}
		},
		{
			"from": [7.46255, -3.50693, 14.88768],
			"to": [8.56255, -3.25893, 15.01168],
			"color": 3,
			"faces": {
				"north": {"uv": [0, 0, 1.3, 0.2], "rotation": 180, "texture": "#missing"},
				"east": {"uv": [0, 0, 0.2, 0.7], "rotation": 90, "texture": "#missing"},
				"south": {"uv": [0, 0, 1.3, 0.2], "texture": "#missing"},
				"west": {"uv": [0, 0, 0.2, 0.7], "rotation": 270, "texture": "#missing"},
				"up": {"uv": [0, 0, 1.3, 0.7], "texture": "#missing"},
				"down": {"uv": [0, 0, 1.3, 0.7], "rotation": 180, "texture": "#missing"}
			}
		},
		{
			"from": [7.46169, -2.34839, 15.43842],
			"to": [8.56169, -2.10039, 15.68642],
			"rotation": {"angle": 45, "axis": "x", "origin": [8.01169, -1.48039, 13.88842]},
			"faces": {
				"north": {"uv": [0, 0, 1.3, 0.2], "rotation": 180, "texture": "#4"},
				"east": {"uv": [0, 0, 0.2, 0.7], "rotation": 90, "texture": "#4"},
				"south": {"uv": [0, 0, 1.3, 0.2], "texture": "#4"},
				"west": {"uv": [0, 0, 0.2, 0.7], "rotation": 270, "texture": "#4"},
				"up": {"uv": [0, 0, 1.3, 0.7], "texture": "#4"},
				"down": {"uv": [0, 0, 1.3, 0.7], "rotation": 180, "texture": "#4"}
			}
		},
		{
			"from": [7.66169, -1.79039, 13.51642],
			"to": [8.36169, -0.79839, 15.50042],
			"rotation": {"angle": 45, "axis": "x", "origin": [8.01169, -1.23239, 13.76442]},
			"faces": {
				"north": {"uv": [0, 0, 1.3, 0.7], "rotation": 180, "texture": "#1"},
				"east": {"uv": [0, 0, 0.2, 0.7], "rotation": 180, "texture": "#1"},
				"south": {"uv": [0, 0, 1.3, 0.7], "rotation": 180, "texture": "#1"},
				"west": {"uv": [0, 0, 0.2, 0.7], "rotation": 180, "texture": "#1"},
				"up": {"uv": [0, 0, 1.3, 0.2], "texture": "#1"},
				"down": {"uv": [0, 0, 1.3, 0.2], "texture": "#1"}
			}
		},
		{
			"from": [7.66082, -1.73652, 12.2095],
			"to": [8.36082, -0.62052, 13.4495],
			"rotation": {"angle": 45, "axis": "x", "origin": [8.01082, -1.05452, 13.3255]},
			"faces": {
				"north": {"uv": [0, 0, 1.3, 0.7], "rotation": 180, "texture": "#1"},
				"east": {"uv": [0, 0, 0.2, 0.7], "rotation": 180, "texture": "#1"},
				"south": {"uv": [0, 0, 1.3, 0.7], "rotation": 180, "texture": "#1"},
				"west": {"uv": [0, 0, 0.2, 0.7], "rotation": 180, "texture": "#1"},
				"up": {"uv": [0, 0, 1.3, 0.2], "texture": "#1"},
				"down": {"uv": [0, 0, 1.3, 0.2], "texture": "#1"}
			}
		},
		{
			"from": [7.66169, -1.91439, 13.14442],
			"to": [8.36169, -0.79839, 14.75642],
			"rotation": {"angle": 22.5, "axis": "x", "origin": [8.01169, -1.23239, 13.76442]},
			"faces": {
				"north": {"uv": [0, 0, 1.3, 0.7], "rotation": 180, "texture": "#1"},
				"east": {"uv": [0, 0, 0.2, 0.7], "rotation": 180, "texture": "#1"},
				"south": {"uv": [0, 0, 1.3, 0.7], "rotation": 180, "texture": "#1"},
				"west": {"uv": [0, 0, 0.2, 0.7], "rotation": 180, "texture": "#1"},
				"up": {"uv": [0, 0, 1.3, 0.2], "texture": "#1"},
				"down": {"uv": [0, 0, 1.3, 0.2], "texture": "#1"}
			}
		},
		{
			"from": [7.46169, -1.19439, 12.60842],
			"to": [8.56169, -0.69839, 15.87242],
			"rotation": {"angle": 45, "axis": "x", "origin": [8.01169, -1.23239, 13.76442]},
			"faces": {
				"north": {"uv": [0, 0, 1.3, 0.7], "rotation": 180, "texture": "#4"},
				"east": {"uv": [0, 0, 0.2, 0.7], "rotation": 180, "texture": "#4"},
				"south": {"uv": [0, 0, 1.3, 0.7], "rotation": 180, "texture": "#4"},
				"west": {"uv": [0, 0, 0.2, 0.7], "rotation": 180, "texture": "#4"},
				"up": {"uv": [0, 0, 1.3, 0.2], "texture": "#4"},
				"down": {"uv": [0, 0, 1.3, 0.2], "texture": "#4"}
			}
		},
		{
			"from": [7.46169, -0.61239, 13.21642],
			"to": [8.56169, 0.27561, 13.95042],
			"rotation": {"angle": -22.5, "axis": "x", "origin": [8.01169, -1.23239, 13.76442]},
			"faces": {
				"north": {"uv": [0, 0, 1.3, 0.2], "rotation": 180, "texture": "#4"},
				"east": {"uv": [0, 0, 0.2, 0.7], "rotation": 90, "texture": "#4"},
				"south": {"uv": [0, 0, 1.3, 0.2], "texture": "#4"},
				"west": {"uv": [0, 0, 0.2, 0.7], "rotation": 270, "texture": "#4"},
				"up": {"uv": [0, 0, 1.3, 0.7], "texture": "#4"},
				"down": {"uv": [0, 0, 1.3, 0.7], "rotation": 180, "texture": "#4"}
			}
		},
		{
			"from": [7.46169, -1.60439, 14.83242],
			"to": [8.56169, -0.79839, 15.87242],
			"rotation": {"angle": 22.5, "axis": "x", "origin": [8.01169, -1.23239, 13.76442]},
			"faces": {
				"north": {"uv": [0, 0, 1.3, 0.7], "rotation": 180, "texture": "#4"},
				"east": {"uv": [0, 0, 0.2, 0.7], "rotation": 180, "texture": "#4"},
				"south": {"uv": [0, 0, 1.3, 0.7], "rotation": 180, "texture": "#4"},
				"west": {"uv": [0, 0, 0.2, 0.7], "rotation": 180, "texture": "#4"},
				"up": {"uv": [0, 0, 1.3, 0.2], "texture": "#4"},
				"down": {"uv": [0, 0, 1.3, 0.2], "texture": "#4"}
			}
		},
		{
			"from": [7.46169, -1.60439, 15.12842],
			"to": [8.56169, -0.67439, 15.87242],
			"rotation": {"angle": 22.5, "axis": "x", "origin": [8.01169, -1.23239, 13.76442]},
			"faces": {
				"north": {"uv": [0, 0, 1.3, 0.7], "rotation": 180, "texture": "#4"},
				"east": {"uv": [0, 0, 0.2, 0.7], "rotation": 180, "texture": "#4"},
				"south": {"uv": [0, 0, 1.3, 0.7], "rotation": 180, "texture": "#4"},
				"west": {"uv": [0, 0, 0.2, 0.7], "rotation": 180, "texture": "#4"},
				"up": {"uv": [0, 0, 1.3, 0.2], "texture": "#4"},
				"down": {"uv": [0, 0, 1.3, 0.2], "texture": "#4"}
			}
		},
		{
			"from": [7.66169, -0.99439, 12.10842],
			"to": [8.36169, 0.06961, 15.50042],
			"rotation": {"angle": 45, "axis": "x", "origin": [8.01169, -1.23239, 13.76442]},
			"faces": {
				"north": {"uv": [0, 0, 1.3, 0.7], "rotation": 180, "texture": "#2"},
				"east": {"uv": [0, 0, 0.2, 0.7], "rotation": 180, "texture": "#2"},
				"south": {"uv": [0, 0, 1.3, 0.7], "rotation": 180, "texture": "#2"},
				"west": {"uv": [0, 0, 0.2, 0.7], "rotation": 180, "texture": "#2"},
				"up": {"uv": [0, 0, 1.3, 0.2], "texture": "#2"},
				"down": {"uv": [0, 0, 1.3, 0.2], "texture": "#2"}
			}
		},
		{
			"from": [7.46169, -1.29439, 12.44842],
			"to": [8.56169, -0.69839, 14.06442],
			"rotation": {"angle": 22.5, "axis": "x", "origin": [8.01169, -1.23239, 13.76442]},
			"faces": {
				"north": {"uv": [0, 0, 1.3, 0.7], "rotation": 180, "texture": "#4"},
				"east": {"uv": [0, 0, 0.2, 0.7], "rotation": 180, "texture": "#4"},
				"south": {"uv": [0, 0, 1.3, 0.7], "rotation": 180, "texture": "#4"},
				"west": {"uv": [0, 0, 0.2, 0.7], "rotation": 180, "texture": "#4"},
				"up": {"uv": [0, 0, 1.3, 0.2], "texture": "#4"},
				"down": {"uv": [0, 0, 1.3, 0.2], "texture": "#4"}
			}
		},
		{
			"from": [7.4634, -2.4906, 15.90382],
			"to": [8.5634, -1.9946, 16.15182],
			"rotation": {"angle": 45, "axis": "x", "origin": [8.0134, -1.6226, 14.35382]},
			"faces": {
				"north": {"uv": [0, 0, 1.3, 0.2], "rotation": 180, "texture": "#4"},
				"east": {"uv": [0, 0, 0.2, 0.7], "rotation": 90, "texture": "#4"},
				"south": {"uv": [0, 0, 1.3, 0.2], "texture": "#4"},
				"west": {"uv": [0, 0, 0.2, 0.7], "rotation": 270, "texture": "#4"},
				"up": {"uv": [0, 0, 1.3, 0.7], "texture": "#4"},
				"down": {"uv": [0, 0, 1.3, 0.7], "rotation": 180, "texture": "#4"}
			}
		},
		{
			"from": [7.46169, -3.52639, 14.19842],
			"to": [8.56169, -2.07239, 14.57042],
			"rotation": {"angle": -22.5, "axis": "x", "origin": [8.01169, -1.23239, 13.76442]},
			"faces": {
				"north": {"uv": [0, 0, 1.3, 0.2], "rotation": 180, "texture": "#4"},
				"east": {"uv": [0, 0, 0.2, 0.7], "rotation": 90, "texture": "#4"},
				"south": {"uv": [0, 0, 1.3, 0.2], "texture": "#4"},
				"west": {"uv": [0, 0, 0.2, 0.7], "rotation": 270, "texture": "#4"},
				"up": {"uv": [0, 0, 1.3, 0.7], "texture": "#4"},
				"down": {"uv": [0, 0, 1.3, 0.7], "rotation": 180, "texture": "#4"}
			}
		},
		{
			"from": [7.66169, -3.46439, 13.72642],
			"to": [8.36169, -1.48439, 14.59442],
			"rotation": {"angle": -22.5, "axis": "x", "origin": [8.01169, -1.23239, 13.76442]},
			"faces": {
				"north": {"uv": [0, 0, 1.3, 0.2], "rotation": 180, "texture": "#1"},
				"east": {"uv": [0, 0, 0.2, 0.7], "rotation": 90, "texture": "#1"},
				"south": {"uv": [0, 0, 1.3, 0.2], "texture": "#1"},
				"west": {"uv": [0, 0, 0.2, 0.7], "rotation": 270, "texture": "#1"},
				"up": {"uv": [0, 0, 1.3, 0.7], "texture": "#1"},
				"down": {"uv": [0, 0, 1.3, 0.7], "rotation": 180, "texture": "#1"}
			}
		},
		{
			"from": [7.66169, -3.58839, 13.82642],
			"to": [8.36169, -1.28439, 14.44642],
			"rotation": {"angle": -22.5, "axis": "x", "origin": [8.01169, -1.23239, 13.76442]},
			"faces": {
				"north": {"uv": [0, 0, 1.3, 0.2], "rotation": 180, "texture": "#1"},
				"east": {"uv": [0, 0, 0.2, 0.7], "rotation": 90, "texture": "#1"},
				"south": {"uv": [0, 0, 1.3, 0.2], "texture": "#1"},
				"west": {"uv": [0, 0, 0.2, 0.7], "rotation": 270, "texture": "#1"},
				"up": {"uv": [0, 0, 1.3, 0.7], "texture": "#1"},
				"down": {"uv": [0, 0, 1.3, 0.7], "rotation": 180, "texture": "#1"}
			}
		},
		{
			"from": [7.46169, -3.27839, 14.19842],
			"to": [8.56169, -2.47239, 14.69442],
			"rotation": {"angle": -22.5, "axis": "x", "origin": [8.01169, -1.23239, 13.76442]},
			"faces": {
				"north": {"uv": [0, 0, 1.3, 0.2], "rotation": 180, "texture": "#4"},
				"east": {"uv": [0, 0, 0.2, 0.7], "rotation": 90, "texture": "#4"},
				"south": {"uv": [0, 0, 1.3, 0.2], "texture": "#4"},
				"west": {"uv": [0, 0, 0.2, 0.7], "rotation": 270, "texture": "#4"},
				"up": {"uv": [0, 0, 1.3, 0.7], "texture": "#4"},
				"down": {"uv": [0, 0, 1.3, 0.7], "rotation": 180, "texture": "#4"}
			}
		},
		{
			"from": [7.46169, -1.23239, 13.76442],
			"to": [8.56169, -0.69839, 15.87242],
			"rotation": {"angle": 22.5, "axis": "x", "origin": [8.01169, -1.23239, 13.76442]},
			"faces": {
				"north": {"uv": [0, 0, 1.3, 0.7], "rotation": 180, "texture": "#4"},
				"east": {"uv": [0, 0, 0.2, 0.7], "rotation": 180, "texture": "#4"},
				"south": {"uv": [0, 0, 1.3, 0.7], "rotation": 180, "texture": "#4"},
				"west": {"uv": [0, 0, 0.2, 0.7], "rotation": 180, "texture": "#4"},
				"up": {"uv": [0, 0, 1.3, 0.2], "texture": "#4"},
				"down": {"uv": [0, 0, 1.3, 0.2], "texture": "#4"}
			}
		},
		{
			"from": [7.46169, -1.29439, 12.34842],
			"to": [8.56169, -0.99839, 13.76442],
			"rotation": {"angle": 22.5, "axis": "x", "origin": [8.01169, -1.23239, 13.76442]},
			"faces": {
				"north": {"uv": [0, 0, 1.3, 0.7], "rotation": 180, "texture": "#4"},
				"east": {"uv": [0, 0, 0.2, 0.7], "rotation": 180, "texture": "#4"},
				"south": {"uv": [0, 0, 1.3, 0.7], "rotation": 180, "texture": "#4"},
				"west": {"uv": [0, 0, 0.2, 0.7], "rotation": 180, "texture": "#4"},
				"up": {"uv": [0, 0, 1.3, 0.2], "texture": "#4"},
				"down": {"uv": [0, 0, 1.3, 0.2], "texture": "#4"}
			}
		},
		{
			"from": [7.3081, -1.6962, 12.25381],
			"to": [8.7081, -0.6002, 12.66981],
			"rotation": {"angle": 22.5, "axis": "x", "origin": [8.0081, -0.8342, 13.76981]},
			"faces": {
				"north": {"uv": [0, 0, 1.3, 0.7], "rotation": 180, "texture": "#4"},
				"east": {"uv": [0, 0, 0.2, 0.7], "rotation": 180, "texture": "#4"},
				"south": {"uv": [0, 0, 1.3, 0.7], "rotation": 180, "texture": "#4"},
				"west": {"uv": [0, 0, 0.2, 0.7], "rotation": 180, "texture": "#4"},
				"up": {"uv": [0, 0, 1.3, 0.2], "texture": "#4"},
				"down": {"uv": [0, 0, 1.3, 0.2], "texture": "#4"}
			}
		},
		{
			"from": [7.30817, -1.24499, 12.34118],
			"to": [8.70817, -0.54899, 12.75718],
			"rotation": {"angle": 45, "axis": "x", "origin": [8.00817, -0.78299, 13.85718]},
			"faces": {
				"north": {"uv": [0, 0, 1.3, 0.7], "rotation": 180, "texture": "#4"},
				"east": {"uv": [0, 0, 0.2, 0.7], "rotation": 180, "texture": "#4"},
				"south": {"uv": [0, 0, 1.3, 0.7], "rotation": 180, "texture": "#4"},
				"west": {"uv": [0, 0, 0.2, 0.7], "rotation": 180, "texture": "#4"},
				"up": {"uv": [0, 0, 1.3, 0.2], "texture": "#4"},
				"down": {"uv": [0, 0, 1.3, 0.2], "texture": "#4"}
			}
		},
		{
			"from": [7.30886, -0.29582, 12.92119],
			"to": [8.70886, 0.40018, 13.33719],
			"rotation": {"angle": 22.5, "axis": "x", "origin": [8.00886, 0.16618, 14.43719]},
			"faces": {
				"north": {"uv": [0, 0, 1.3, 0.7], "rotation": 180, "texture": "#4"},
				"east": {"uv": [0, 0, 0.2, 0.7], "rotation": 180, "texture": "#4"},
				"south": {"uv": [0, 0, 1.3, 0.7], "rotation": 180, "texture": "#4"},
				"west": {"uv": [0, 0, 0.2, 0.7], "rotation": 180, "texture": "#4"},
				"up": {"uv": [0, 0, 1.3, 0.2], "texture": "#4"},
				"down": {"uv": [0, 0, 1.3, 0.2], "texture": "#4"}
			}
		},
		{
			"from": [7.30956, 0.80333, 13.09377],
			"to": [8.70956, 1.59933, 13.50977],
			"faces": {
				"north": {"uv": [0, 0, 1.3, 0.7], "rotation": 180, "texture": "#4"},
				"east": {"uv": [0, 0, 0.2, 0.7], "rotation": 180, "texture": "#4"},
				"south": {"uv": [0, 0, 1.3, 0.7], "rotation": 180, "texture": "#4"},
				"west": {"uv": [0, 0, 0.2, 0.7], "rotation": 180, "texture": "#4"},
				"up": {"uv": [0, 0, 1.3, 0.2], "texture": "#4"},
				"down": {"uv": [0, 0, 1.3, 0.2], "texture": "#4"}
			}
		},
		{
			"from": [7.41154, 0.56213, 10.85349],
			"to": [8.61154, 0.96213, 13.15349],
			"faces": {
				"north": {"uv": [0, 0, 1.3, 0.7], "texture": "#4"},
				"east": {"uv": [0, 0, 0.2, 0.7], "texture": "#4"},
				"south": {"uv": [0, 0, 1.3, 0.7], "texture": "#4"},
				"west": {"uv": [0, 0, 0.2, 0.7], "texture": "#4"},
				"up": {"uv": [0, 0, 1.3, 0.2], "texture": "#4"},
				"down": {"uv": [0, 0, 1.3, 0.2], "texture": "#4"}
			}
		},
		{
			"from": [7.41154, 0.56213, 11.95349],
			"to": [8.61154, 1.26213, 13.15349],
			"faces": {
				"north": {"uv": [0, 0, 1.3, 0.7], "texture": "#4"},
				"east": {"uv": [0, 0, 0.2, 0.7], "texture": "#4"},
				"south": {"uv": [0, 0, 1.3, 0.7], "texture": "#4"},
				"west": {"uv": [0, 0, 0.2, 0.7], "texture": "#4"},
				"up": {"uv": [0, 0, 1.3, 0.2], "texture": "#4"},
				"down": {"uv": [0, 0, 1.3, 0.2], "texture": "#4"}
			}
		},
		{
			"from": [7.41158, 0.55947, 11.77353],
			"to": [8.61158, 1.05947, 12.07353],
			"rotation": {"angle": 22.5, "axis": "x", "origin": [8.01158, 0.70947, 12.37353]},
			"faces": {
				"north": {"uv": [0, 0, 1.3, 0.7], "texture": "#4"},
				"east": {"uv": [0, 0, 0.2, 0.7], "texture": "#4"},
				"south": {"uv": [0, 0, 1.3, 0.7], "texture": "#4"},
				"west": {"uv": [0, 0, 0.2, 0.7], "texture": "#4"},
				"up": {"uv": [0, 0, 1.3, 0.2], "texture": "#4"},
				"down": {"uv": [0, 0, 1.3, 0.2], "texture": "#4"}
			}
		},
		{
			"from": [7.41154, 0.56213, 10.55349],
			"to": [8.61154, 1.46213, 11.25349],
			"faces": {
				"north": {"uv": [0, 0, 1.3, 0.7], "texture": "#4"},
				"east": {"uv": [0, 0, 0.2, 0.7], "texture": "#4"},
				"south": {"uv": [0, 0, 1.3, 0.7], "texture": "#4"},
				"west": {"uv": [0, 0, 0.2, 0.7], "texture": "#4"},
				"up": {"uv": [0, 0, 1.3, 0.2], "texture": "#4"},
				"down": {"uv": [0, 0, 1.3, 0.2], "texture": "#4"}
			}
		},
		{
			"from": [7.40936, 0.90482, 11.06555],
			"to": [8.60936, 1.60482, 11.36555],
			"rotation": {"angle": -22.5, "axis": "x", "origin": [8.00936, 1.25482, 11.66555]},
			"faces": {
				"north": {"uv": [0, 0, 1.3, 0.7], "texture": "#4"},
				"east": {"uv": [0, 0, 0.2, 0.7], "texture": "#4"},
				"south": {"uv": [0, 0, 1.3, 0.7], "texture": "#4"},
				"west": {"uv": [0, 0, 0.2, 0.7], "texture": "#4"},
				"up": {"uv": [0, 0, 1.3, 0.2], "texture": "#4"},
				"down": {"uv": [0, 0, 1.3, 0.2], "texture": "#4"}
			}
		},
		{
			"from": [7.56154, 0.56213, 10.65349],
			"to": [8.46154, 1.56213, 12.05349],
			"faces": {
				"north": {"uv": [0, 0, 1.3, 0.7], "texture": "#4"},
				"east": {"uv": [0, 0, 0.2, 0.7], "texture": "#4"},
				"south": {"uv": [0, 0, 1.3, 0.7], "texture": "#4"},
				"west": {"uv": [0, 0, 0.2, 0.7], "texture": "#4"},
				"up": {"uv": [0, 0, 1.3, 0.2], "texture": "#4"},
				"down": {"uv": [0, 0, 1.3, 0.2], "texture": "#4"}
			}
		},
		{
			"from": [7.56154, 0.56213, 11.25349],
			"to": [8.46154, 1.46213, 12.75349],
			"faces": {
				"north": {"uv": [0, 0, 1.3, 0.7], "texture": "#4"},
				"east": {"uv": [0, 0, 0.2, 0.7], "texture": "#4"},
				"south": {"uv": [0, 0, 1.3, 0.7], "texture": "#4"},
				"west": {"uv": [0, 0, 0.2, 0.7], "texture": "#4"},
				"up": {"uv": [0, 0, 1.3, 0.2], "texture": "#4"},
				"down": {"uv": [0, 0, 1.3, 0.2], "texture": "#4"}
			}
		},
		{
			"name": "hexadecagon",
			"from": [7.3, 1.44033, 11.7],
			"to": [8.7, 1.55967, 11.75],
			"rotation": {"angle": -45, "axis": "x", "origin": [8, 1.5, 12]},
			"faces": {
				"north": {"uv": [0, 0, 1, 1], "texture": "#4"},
				"east": {"uv": [0, 0, 1, 1], "texture": "#4"},
				"south": {"uv": [0, 0, 1, 1], "texture": "#4"},
				"west": {"uv": [0, 0, 1, 1], "texture": "#4"},
				"up": {"uv": [0, 0, 1, 1], "texture": "#4"},
				"down": {"uv": [0, 0, 1, 1], "texture": "#4"}
			}
		},
		{
			"name": "hexadecagon",
			"from": [7.3, 1.44033, 11.7],
			"to": [8.7, 1.55967, 11.75],
			"rotation": {"angle": -22.5, "axis": "x", "origin": [8, 1.5, 12]},
			"faces": {
				"north": {"uv": [0, 0, 1, 1], "texture": "#4"},
				"east": {"uv": [0, 0, 1, 1], "texture": "#4"},
				"south": {"uv": [0, 0, 1, 1], "texture": "#4"},
				"west": {"uv": [0, 0, 1, 1], "texture": "#4"},
				"up": {"uv": [0, 0, 1, 1], "texture": "#4"},
				"down": {"uv": [0, 0, 1, 1], "texture": "#4"}
			}
		},
		{
			"name": "hexadecagon",
			"from": [7.3, 1.44033, 11.7],
			"to": [8.7, 1.55967, 11.75],
			"faces": {
				"north": {"uv": [0, 0, 1, 1], "texture": "#4"},
				"east": {"uv": [0, 0, 1, 1], "texture": "#4"},
				"south": {"uv": [0, 0, 1, 1], "texture": "#4"},
				"west": {"uv": [0, 0, 1, 1], "texture": "#4"},
				"up": {"uv": [0, 0, 1, 1], "texture": "#4"},
				"down": {"uv": [0, 0, 1, 1], "texture": "#4"}
			}
		},
		{
			"name": "hexadecagon",
			"from": [7.3, 1.44033, 11.7],
			"to": [8.7, 1.55967, 11.75],
			"rotation": {"angle": 22.5, "axis": "x", "origin": [8, 1.5, 12]},
			"faces": {
				"north": {"uv": [0, 0, 1, 1], "texture": "#4"},
				"east": {"uv": [0, 0, 1, 1], "texture": "#4"},
				"south": {"uv": [0, 0, 1, 1], "texture": "#4"},
				"west": {"uv": [0, 0, 1, 1], "texture": "#4"},
				"up": {"uv": [0, 0, 1, 1], "texture": "#4"},
				"down": {"uv": [0, 0, 1, 1], "texture": "#4"}
			}
		},
		{
			"name": "hexadecagon",
			"from": [7.3, 1.44033, 11.7],
			"to": [8.7, 1.55967, 11.75],
			"rotation": {"angle": 45, "axis": "x", "origin": [8, 1.5, 12]},
			"faces": {
				"north": {"uv": [0, 0, 1, 1], "texture": "#4"},
				"east": {"uv": [0, 0, 1, 1], "texture": "#4"},
				"south": {"uv": [0, 0, 1, 1], "texture": "#4"},
				"west": {"uv": [0, 0, 1, 1], "texture": "#4"},
				"up": {"uv": [0, 0, 1, 1], "texture": "#4"},
				"down": {"uv": [0, 0, 1, 1], "texture": "#4"}
			}
		},
		{
			"name": "hexadecagon",
			"from": [7.3, 1.44033, 12.25],
			"to": [8.7, 1.55967, 12.3],
			"rotation": {"angle": -45, "axis": "x", "origin": [8, 1.5, 12]},
			"faces": {
				"north": {"uv": [0, 0, 1, 1], "texture": "#4"},
				"east": {"uv": [0, 0, 1, 1], "texture": "#4"},
				"south": {"uv": [0, 0, 1, 1], "texture": "#4"},
				"west": {"uv": [0, 0, 1, 1], "texture": "#4"},
				"up": {"uv": [0, 0, 1, 1], "texture": "#4"},
				"down": {"uv": [0, 0, 1, 1], "texture": "#4"}
			}
		},
		{
			"name": "hexadecagon",
			"from": [7.3, 1.44033, 12.25],
			"to": [8.7, 1.55967, 12.3],
			"rotation": {"angle": -22.5, "axis": "x", "origin": [8, 1.5, 12]},
			"faces": {
				"north": {"uv": [0, 0, 1, 1], "texture": "#4"},
				"east": {"uv": [0, 0, 1, 1], "texture": "#4"},
				"south": {"uv": [0, 0, 1, 1], "texture": "#4"},
				"west": {"uv": [0, 0, 1, 1], "texture": "#4"},
				"up": {"uv": [0, 0, 1, 1], "texture": "#4"},
				"down": {"uv": [0, 0, 1, 1], "texture": "#4"}
			}
		},
		{
			"name": "hexadecagon",
			"from": [7.3, 1.44033, 12.25],
			"to": [8.7, 1.55967, 12.3],
			"faces": {
				"north": {"uv": [0, 0, 1, 1], "texture": "#4"},
				"east": {"uv": [0, 0, 1, 1], "texture": "#4"},
				"south": {"uv": [0, 0, 1, 1], "texture": "#4"},
				"west": {"uv": [0, 0, 1, 1], "texture": "#4"},
				"up": {"uv": [0, 0, 1, 1], "texture": "#4"},
				"down": {"uv": [0, 0, 1, 1], "texture": "#4"}
			}
		},
		{
			"name": "hexadecagon",
			"from": [7.3, 1.44033, 12.25],
			"to": [8.7, 1.55967, 12.3],
			"rotation": {"angle": 22.5, "axis": "x", "origin": [8, 1.5, 12]},
			"faces": {
				"north": {"uv": [0, 0, 1, 1], "texture": "#4"},
				"east": {"uv": [0, 0, 1, 1], "texture": "#4"},
				"south": {"uv": [0, 0, 1, 1], "texture": "#4"},
				"west": {"uv": [0, 0, 1, 1], "texture": "#4"},
				"up": {"uv": [0, 0, 1, 1], "texture": "#4"},
				"down": {"uv": [0, 0, 1, 1], "texture": "#4"}
			}
		},
		{
			"name": "hexadecagon",
			"from": [7.3, 1.44033, 12.25],
			"to": [8.7, 1.55967, 12.3],
			"rotation": {"angle": 45, "axis": "x", "origin": [8, 1.5, 12]},
			"faces": {
				"north": {"uv": [0, 0, 1, 1], "texture": "#4"},
				"east": {"uv": [0, 0, 1, 1], "texture": "#4"},
				"south": {"uv": [0, 0, 1, 1], "texture": "#4"},
				"west": {"uv": [0, 0, 1, 1], "texture": "#4"},
				"up": {"uv": [0, 0, 1, 1], "texture": "#4"},
				"down": {"uv": [0, 0, 1, 1], "texture": "#4"}
			}
		},
		{
			"name": "hexadecagon",
			"from": [7.3, 1.2, 11.94033],
			"to": [8.7, 1.25, 12.05967],
			"rotation": {"angle": -22.5, "axis": "x", "origin": [8, 1.5, 12]},
			"faces": {
				"north": {"uv": [0, 0, 1, 1], "texture": "#4"},
				"east": {"uv": [0, 0, 1, 1], "texture": "#4"},
				"south": {"uv": [0, 0, 1, 1], "texture": "#4"},
				"west": {"uv": [0, 0, 1, 1], "texture": "#4"},
				"up": {"uv": [0, 0, 1, 1], "texture": "#4"},
				"down": {"uv": [0, 0, 1, 1], "texture": "#4"}
			}
		},
		{
			"name": "hexadecagon",
			"from": [7.3, 1.2, 11.94033],
			"to": [8.7, 1.25, 12.05967],
			"faces": {
				"north": {"uv": [0, 0, 1, 1], "texture": "#4"},
				"east": {"uv": [0, 0, 1, 1], "texture": "#4"},
				"south": {"uv": [0, 0, 1, 1], "texture": "#4"},
				"west": {"uv": [0, 0, 1, 1], "texture": "#4"},
				"up": {"uv": [0, 0, 1, 1], "texture": "#4"},
				"down": {"uv": [0, 0, 1, 1], "texture": "#4"}
			}
		},
		{
			"name": "hexadecagon",
			"from": [7.3, 1.2, 11.94033],
			"to": [8.7, 1.25, 12.05967],
			"rotation": {"angle": 22.5, "axis": "x", "origin": [8, 1.5, 12]},
			"faces": {
				"north": {"uv": [0, 0, 1, 1], "texture": "#4"},
				"east": {"uv": [0, 0, 1, 1], "texture": "#4"},
				"south": {"uv": [0, 0, 1, 1], "texture": "#4"},
				"west": {"uv": [0, 0, 1, 1], "texture": "#4"},
				"up": {"uv": [0, 0, 1, 1], "texture": "#4"},
				"down": {"uv": [0, 0, 1, 1], "texture": "#4"}
			}
		},
		{
			"name": "hexadecagon",
			"from": [7.3, 1.75, 11.94033],
			"to": [8.7, 1.8, 12.05967],
			"rotation": {"angle": -22.5, "axis": "x", "origin": [8, 1.5, 12]},
			"faces": {
				"north": {"uv": [0, 0, 1, 1], "texture": "#4"},
				"east": {"uv": [0, 0, 1, 1], "texture": "#4"},
				"south": {"uv": [0, 0, 1, 1], "texture": "#4"},
				"west": {"uv": [0, 0, 1, 1], "texture": "#4"},
				"up": {"uv": [0, 0, 1, 1], "texture": "#4"},
				"down": {"uv": [0, 0, 1, 1], "texture": "#4"}
			}
		},
		{
			"name": "hexadecagon",
			"from": [7.3, 1.75, 11.94033],
			"to": [8.7, 1.8, 12.15967],
			"faces": {
				"north": {"uv": [0, 0, 1, 1], "texture": "#4"},
				"east": {"uv": [0, 0, 1, 1], "texture": "#4"},
				"south": {"uv": [0, 0, 1, 1], "texture": "#4"},
				"west": {"uv": [0, 0, 1, 1], "texture": "#4"},
				"up": {"uv": [0, 0, 1, 1], "texture": "#4"},
				"down": {"uv": [0, 0, 1, 1], "texture": "#4"}
			}
		},
		{
			"name": "hexadecagon",
			"from": [7.3, 1.75, 11.94033],
			"to": [8.7, 1.8, 12.05967],
			"rotation": {"angle": 22.5, "axis": "x", "origin": [8, 1.5, 12]},
			"faces": {
				"north": {"uv": [0, 0, 1, 1], "texture": "#4"},
				"east": {"uv": [0, 0, 1, 1], "texture": "#4"},
				"south": {"uv": [0, 0, 1, 1], "texture": "#4"},
				"west": {"uv": [0, 0, 1, 1], "texture": "#4"},
				"up": {"uv": [0, 0, 1, 1], "texture": "#4"},
				"down": {"uv": [0, 0, 1, 1], "texture": "#4"}
			}
		},
		{
			"name": "hexadecagon",
			"from": [7.3, 1.49033, 12.25],
			"to": [7.4, 1.65967, 12.9],
			"faces": {
				"north": {"uv": [0, 0, 1, 1], "texture": "#4"},
				"east": {"uv": [0, 0, 1, 1], "texture": "#4"},
				"south": {"uv": [0, 0, 1, 1], "texture": "#4"},
				"west": {"uv": [0, 0, 1, 1], "texture": "#4"},
				"up": {"uv": [0, 0, 1, 1], "texture": "#4"},
				"down": {"uv": [0, 0, 1, 1], "texture": "#4"}
			}
		},
		{
			"name": "hexadecagon",
			"from": [7.3, 1.64033, 12.25],
			"to": [7.4, 1.74033, 12.9],
			"faces": {
				"north": {"uv": [0, 0, 1, 1], "texture": "#4"},
				"east": {"uv": [0, 0, 1, 1], "texture": "#4"},
				"south": {"uv": [0, 0, 1, 1], "texture": "#4"},
				"west": {"uv": [0, 0, 1, 1], "texture": "#4"},
				"up": {"uv": [0, 0, 1, 1], "texture": "#4"},
				"down": {"uv": [0, 0, 1, 1], "texture": "#4"}
			}
		},
		{
			"name": "hexadecagon",
			"from": [7.3, 1.64033, 12.3],
			"to": [7.4, 1.74033, 12.9],
			"faces": {
				"north": {"uv": [0, 0, 1, 1], "texture": "#4"},
				"east": {"uv": [0, 0, 1, 1], "texture": "#4"},
				"south": {"uv": [0, 0, 1, 1], "texture": "#4"},
				"west": {"uv": [0, 0, 1, 1], "texture": "#4"},
				"up": {"uv": [0, 0, 1, 1], "texture": "#4"},
				"down": {"uv": [0, 0, 1, 1], "texture": "#4"}
			}
		},
		{
			"name": "hexadecagon",
			"from": [7.3, 1.74033, 12.1],
			"to": [7.4, 1.79033, 12.9],
			"faces": {
				"north": {"uv": [0, 0, 1, 1], "texture": "#4"},
				"east": {"uv": [0, 0, 1, 1], "texture": "#4"},
				"south": {"uv": [0, 0, 1, 1], "texture": "#4"},
				"west": {"uv": [0, 0, 1, 1], "texture": "#4"},
				"up": {"uv": [0, 0, 1, 1], "texture": "#4"},
				"down": {"uv": [0, 0, 1, 1], "texture": "#4"}
			}
		},
		{
			"name": "hexadecagon",
			"from": [7.30082, 1.60722, 12.84307],
			"to": [7.40082, 1.92657, 13.29307],
			"rotation": {"angle": -22.5, "axis": "x", "origin": [7.35082, 1.69189, 13.16807]},
			"faces": {
				"north": {"uv": [0, 0, 1, 1], "texture": "#4"},
				"east": {"uv": [0, 0, 1, 1], "texture": "#4"},
				"south": {"uv": [0, 0, 1, 1], "texture": "#4"},
				"west": {"uv": [0, 0, 1, 1], "texture": "#4"},
				"up": {"uv": [0, 0, 1, 1], "texture": "#4"},
				"down": {"uv": [0, 0, 1, 1], "texture": "#4"}
			}
		},
		{
			"name": "hexadecagon",
			"from": [7.30093, 1.86595, 13.16134],
			"to": [7.40093, 2.1853, 13.81134],
			"rotation": {"angle": -45, "axis": "x", "origin": [7.35093, 1.95063, 13.48634]},
			"faces": {
				"north": {"uv": [0, 0, 1, 1], "texture": "#4"},
				"east": {"uv": [0, 0, 1, 1], "texture": "#4"},
				"south": {"uv": [0, 0, 1, 1], "texture": "#4"},
				"west": {"uv": [0, 0, 1, 1], "texture": "#4"},
				"up": {"uv": [0, 0, 1, 1], "texture": "#4"},
				"down": {"uv": [0, 0, 1, 1], "texture": "#4"}
			}
		},
		{
			"name": "hexadecagon",
			"from": [7.30092, 2.12798, 13.58774],
			"to": [8.70092, 2.27798, 13.90709],
			"rotation": {"angle": 22.5, "axis": "x", "origin": [7.35092, 2.45298, 13.82242]},
			"faces": {
				"north": {"uv": [0, 0, 1, 1], "rotation": 180, "texture": "#4"},
				"east": {"uv": [0, 0, 1, 1], "rotation": 90, "texture": "#4"},
				"south": {"uv": [0, 0, 1, 1], "texture": "#4"},
				"west": {"uv": [0, 0, 1, 1], "rotation": 270, "texture": "#4"},
				"up": {"uv": [0, 0, 1, 1], "texture": "#4"},
				"down": {"uv": [0, 0, 1, 1], "rotation": 180, "texture": "#4"}
			}
		},
		{
			"name": "hexadecagon",
			"from": [8.6, 1.64033, 12.25],
			"to": [8.7, 1.74033, 12.9],
			"faces": {
				"north": {"uv": [0, 0, 1, 1], "texture": "#4"},
				"east": {"uv": [0, 0, 1, 1], "texture": "#4"},
				"south": {"uv": [0, 0, 1, 1], "texture": "#4"},
				"west": {"uv": [0, 0, 1, 1], "texture": "#4"},
				"up": {"uv": [0, 0, 1, 1], "texture": "#4"},
				"down": {"uv": [0, 0, 1, 1], "texture": "#4"}
			}
		},
		{
			"name": "hexadecagon",
			"from": [8.6, 1.74033, 12.1],
			"to": [8.7, 1.79033, 12.9],
			"faces": {
				"north": {"uv": [0, 0, 1, 1], "texture": "#4"},
				"east": {"uv": [0, 0, 1, 1], "texture": "#4"},
				"south": {"uv": [0, 0, 1, 1], "texture": "#4"},
				"west": {"uv": [0, 0, 1, 1], "texture": "#4"},
				"up": {"uv": [0, 0, 1, 1], "texture": "#4"},
				"down": {"uv": [0, 0, 1, 1], "texture": "#4"}
			}
		},
		{
			"name": "hexadecagon",
			"from": [8.6, 1.49033, 12.25],
			"to": [8.7, 1.65967, 12.9],
			"faces": {
				"north": {"uv": [0, 0, 1, 1], "texture": "#4"},
				"east": {"uv": [0, 0, 1, 1], "texture": "#4"},
				"south": {"uv": [0, 0, 1, 1], "texture": "#4"},
				"west": {"uv": [0, 0, 1, 1], "texture": "#4"},
				"up": {"uv": [0, 0, 1, 1], "texture": "#4"},
				"down": {"uv": [0, 0, 1, 1], "texture": "#4"}
			}
		},
		{
			"name": "hexadecagon",
			"from": [8.6, 1.64033, 12.3],
			"to": [8.7, 1.74033, 12.9],
			"faces": {
				"north": {"uv": [0, 0, 1, 1], "texture": "#4"},
				"east": {"uv": [0, 0, 1, 1], "texture": "#4"},
				"south": {"uv": [0, 0, 1, 1], "texture": "#4"},
				"west": {"uv": [0, 0, 1, 1], "texture": "#4"},
				"up": {"uv": [0, 0, 1, 1], "texture": "#4"},
				"down": {"uv": [0, 0, 1, 1], "texture": "#4"}
			}
		},
		{
			"name": "hexadecagon",
			"from": [8.60082, 1.60722, 12.84307],
			"to": [8.70082, 1.92657, 13.29307],
			"rotation": {"angle": -22.5, "axis": "x", "origin": [8.65082, 1.69189, 13.16807]},
			"faces": {
				"north": {"uv": [0, 0, 1, 1], "texture": "#4"},
				"east": {"uv": [0, 0, 1, 1], "texture": "#4"},
				"south": {"uv": [0, 0, 1, 1], "texture": "#4"},
				"west": {"uv": [0, 0, 1, 1], "texture": "#4"},
				"up": {"uv": [0, 0, 1, 1], "texture": "#4"},
				"down": {"uv": [0, 0, 1, 1], "texture": "#4"}
			}
		},
		{
			"name": "hexadecagon",
			"from": [8.60093, 1.86595, 13.16134],
			"to": [8.70093, 2.1853, 13.81134],
			"rotation": {"angle": -45, "axis": "x", "origin": [8.65093, 1.95063, 13.48634]},
			"faces": {
				"north": {"uv": [0, 0, 1, 1], "texture": "#4"},
				"east": {"uv": [0, 0, 1, 1], "texture": "#4"},
				"south": {"uv": [0, 0, 1, 1], "texture": "#4"},
				"west": {"uv": [0, 0, 1, 1], "texture": "#4"},
				"up": {"uv": [0, 0, 1, 1], "texture": "#4"},
				"down": {"uv": [0, 0, 1, 1], "texture": "#4"}
			}
		},
		{
			"name": "hexadecagon",
			"from": [7.3, 1.44033, 12.25],
			"to": [7.4, 1.55967, 12.35],
			"rotation": {"angle": -45, "axis": "x", "origin": [8, 1.5, 12]},
			"faces": {
				"north": {"uv": [0, 0, 1, 1], "texture": "#4"},
				"east": {"uv": [0, 0, 1, 1], "texture": "#4"},
				"south": {"uv": [0, 0, 1, 1], "texture": "#4"},
				"west": {"uv": [0, 0, 1, 1], "texture": "#4"},
				"up": {"uv": [0, 0, 1, 1], "texture": "#4"},
				"down": {"uv": [0, 0, 1, 1], "texture": "#4"}
			}
		},
		{
			"name": "hexadecagon",
			"from": [8.6, 1.44033, 12.25],
			"to": [8.7, 1.55967, 12.35],
			"rotation": {"angle": -45, "axis": "x", "origin": [9.3, 1.5, 12]},
			"faces": {
				"north": {"uv": [0, 0, 1, 1], "texture": "#4"},
				"east": {"uv": [0, 0, 1, 1], "texture": "#4"},
				"south": {"uv": [0, 0, 1, 1], "texture": "#4"},
				"west": {"uv": [0, 0, 1, 1], "texture": "#4"},
				"up": {"uv": [0, 0, 1, 1], "texture": "#4"},
				"down": {"uv": [0, 0, 1, 1], "texture": "#4"}
			}
		},
		{
			"name": "hexadecagon",
			"from": [7.3, 1.46022, 11.8],
			"to": [8.7, 1.53978, 12.2],
			"rotation": {"angle": -45, "axis": "x", "origin": [8, 1.5, 12]},
			"faces": {
				"north": {"uv": [0, 0, 1, 1], "texture": "#4"},
				"east": {"uv": [0, 0, 1, 1], "texture": "#4"},
				"south": {"uv": [0, 0, 1, 1], "texture": "#4"},
				"west": {"uv": [0, 0, 1, 1], "texture": "#4"},
				"up": {"uv": [0, 0, 1, 1], "texture": "#4"},
				"down": {"uv": [0, 0, 1, 1], "texture": "#4"}
			}
		},
		{
			"name": "hexadecagon",
			"from": [7.3, 1.46022, 11.8],
			"to": [8.7, 1.53978, 12.2],
			"rotation": {"angle": -22.5, "axis": "x", "origin": [8, 1.5, 12]},
			"faces": {
				"north": {"uv": [0, 0, 1, 1], "texture": "#4"},
				"east": {"uv": [0, 0, 1, 1], "texture": "#4"},
				"south": {"uv": [0, 0, 1, 1], "texture": "#4"},
				"west": {"uv": [0, 0, 1, 1], "texture": "#4"},
				"up": {"uv": [0, 0, 1, 1], "texture": "#4"},
				"down": {"uv": [0, 0, 1, 1], "texture": "#4"}
			}
		},
		{
			"name": "hexadecagon",
			"from": [7.3, 1.46022, 11.8],
			"to": [8.7, 1.53978, 12.2],
			"faces": {
				"north": {"uv": [0, 0, 1, 1], "texture": "#4"},
				"east": {"uv": [0, 0, 1, 1], "texture": "#4"},
				"south": {"uv": [0, 0, 1, 1], "texture": "#4"},
				"west": {"uv": [0, 0, 1, 1], "texture": "#4"},
				"up": {"uv": [0, 0, 1, 1], "texture": "#4"},
				"down": {"uv": [0, 0, 1, 1], "texture": "#4"}
			}
		},
		{
			"name": "hexadecagon",
			"from": [7.3, 1.46022, 11.8],
			"to": [8.7, 1.53978, 12.2],
			"rotation": {"angle": 22.5, "axis": "x", "origin": [8, 1.5, 12]},
			"faces": {
				"north": {"uv": [0, 0, 1, 1], "texture": "#4"},
				"east": {"uv": [0, 0, 1, 1], "texture": "#4"},
				"south": {"uv": [0, 0, 1, 1], "texture": "#4"},
				"west": {"uv": [0, 0, 1, 1], "texture": "#4"},
				"up": {"uv": [0, 0, 1, 1], "texture": "#4"},
				"down": {"uv": [0, 0, 1, 1], "texture": "#4"}
			}
		},
		{
			"name": "hexadecagon",
			"from": [7.3, 1.46022, 11.8],
			"to": [8.7, 1.53978, 12.2],
			"rotation": {"angle": 45, "axis": "x", "origin": [8, 1.5, 12]},
			"faces": {
				"north": {"uv": [0, 0, 1, 1], "texture": "#4"},
				"east": {"uv": [0, 0, 1, 1], "texture": "#4"},
				"south": {"uv": [0, 0, 1, 1], "texture": "#4"},
				"west": {"uv": [0, 0, 1, 1], "texture": "#4"},
				"up": {"uv": [0, 0, 1, 1], "texture": "#4"},
				"down": {"uv": [0, 0, 1, 1], "texture": "#4"}
			}
		},
		{
			"name": "hexadecagon",
			"from": [7.3, 1.3, 11.96022],
			"to": [8.7, 1.7, 12.03978],
			"rotation": {"angle": -22.5, "axis": "x", "origin": [8, 1.5, 12]},
			"faces": {
				"north": {"uv": [0, 0, 1, 1], "texture": "#4"},
				"east": {"uv": [0, 0, 1, 1], "texture": "#4"},
				"south": {"uv": [0, 0, 1, 1], "texture": "#4"},
				"west": {"uv": [0, 0, 1, 1], "texture": "#4"},
				"up": {"uv": [0, 0, 1, 1], "texture": "#4"},
				"down": {"uv": [0, 0, 1, 1], "texture": "#4"}
			}
		},
		{
			"name": "hexadecagon",
			"from": [7.3, 1.3, 11.96022],
			"to": [8.7, 1.7, 12.03978],
			"faces": {
				"north": {"uv": [0, 0, 1, 1], "texture": "#4"},
				"east": {"uv": [0, 0, 1, 1], "texture": "#4"},
				"south": {"uv": [0, 0, 1, 1], "texture": "#4"},
				"west": {"uv": [0, 0, 1, 1], "texture": "#4"},
				"up": {"uv": [0, 0, 1, 1], "texture": "#4"},
				"down": {"uv": [0, 0, 1, 1], "texture": "#4"}
			}
		},
		{
			"name": "hexadecagon",
			"from": [7.3, 1.3, 11.96022],
			"to": [8.7, 1.7, 12.03978],
			"rotation": {"angle": 22.5, "axis": "x", "origin": [8, 1.5, 12]},
			"faces": {
				"north": {"uv": [0, 0, 1, 1], "texture": "#4"},
				"east": {"uv": [0, 0, 1, 1], "texture": "#4"},
				"south": {"uv": [0, 0, 1, 1], "texture": "#4"},
				"west": {"uv": [0, 0, 1, 1], "texture": "#4"},
				"up": {"uv": [0, 0, 1, 1], "texture": "#4"},
				"down": {"uv": [0, 0, 1, 1], "texture": "#4"}
			}
		},
		{
			"from": [7.25793, -0.69942, 11.07394],
			"to": [8.75793, -0.39942, 12.27394],
			"rotation": {"angle": 22.5, "axis": "x", "origin": [8.00793, 0.25058, 11.37394]},
			"faces": {
				"north": {"uv": [0, 0, 1.5, 0.3], "texture": "#3"},
				"east": {"uv": [0, 0, 2, 0.3], "texture": "#3"},
				"south": {"uv": [0, 0, 1.5, 0.3], "texture": "#3"},
				"west": {"uv": [0, 0, 2, 0.3], "texture": "#3"},
				"up": {"uv": [0, 0, 1.5, 2], "texture": "#3"},
				"down": {"uv": [0, 0, 1.5, 2], "texture": "#3"}
			}
		},
		{
			"name": "hexadecagon",
			"from": [7.94033, 0.6, 1.4],
			"to": [8.05967, 0.65, 2.4],
			"rotation": {"angle": -45, "axis": "z", "origin": [8, 0.9, 1.9]},
			"faces": {
				"north": {"uv": [0, 0, 1, 1], "texture": "#2"},
				"east": {"uv": [0, 0, 1, 1], "texture": "#2"},
				"south": {"uv": [0, 0, 1, 1], "texture": "#2"},
				"west": {"uv": [0, 0, 1, 1], "texture": "#2"},
				"up": {"uv": [0, 0, 1, 1], "texture": "#2"},
				"down": {"uv": [0, 0, 1, 1], "texture": "#2"}
			}
		},
		{
			"name": "hexadecagon",
			"from": [7.94033, 0.6, 1.4],
			"to": [8.05967, 0.65, 2.4],
			"rotation": {"angle": -22.5, "axis": "z", "origin": [8, 0.9, 1.9]},
			"faces": {
				"north": {"uv": [0, 0, 1, 1], "texture": "#2"},
				"east": {"uv": [0, 0, 1, 1], "texture": "#2"},
				"south": {"uv": [0, 0, 1, 1], "texture": "#2"},
				"west": {"uv": [0, 0, 1, 1], "texture": "#2"},
				"up": {"uv": [0, 0, 1, 1], "texture": "#2"},
				"down": {"uv": [0, 0, 1, 1], "texture": "#2"}
			}
		},
		{
			"name": "hexadecagon",
			"from": [7.94033, 0.6, 1.4],
			"to": [8.05967, 0.65, 2.4],
			"faces": {
				"north": {"uv": [0, 0, 1, 1], "texture": "#2"},
				"east": {"uv": [0, 0, 1, 1], "texture": "#2"},
				"south": {"uv": [0, 0, 1, 1], "texture": "#2"},
				"west": {"uv": [0, 0, 1, 1], "texture": "#2"},
				"up": {"uv": [0, 0, 1, 1], "texture": "#2"},
				"down": {"uv": [0, 0, 1, 1], "texture": "#2"}
			}
		},
		{
			"name": "hexadecagon",
			"from": [7.94033, 0.6, 1.4],
			"to": [8.05967, 0.65, 2.4],
			"rotation": {"angle": 22.5, "axis": "z", "origin": [8, 0.9, 1.9]},
			"faces": {
				"north": {"uv": [0, 0, 1, 1], "texture": "#2"},
				"east": {"uv": [0, 0, 1, 1], "texture": "#2"},
				"south": {"uv": [0, 0, 1, 1], "texture": "#2"},
				"west": {"uv": [0, 0, 1, 1], "texture": "#2"},
				"up": {"uv": [0, 0, 1, 1], "texture": "#2"},
				"down": {"uv": [0, 0, 1, 1], "texture": "#2"}
			}
		},
		{
			"name": "hexadecagon",
			"from": [7.94033, 0.6, 1.4],
			"to": [8.05967, 0.65, 2.4],
			"rotation": {"angle": 45, "axis": "z", "origin": [8, 0.9, 1.9]},
			"faces": {
				"north": {"uv": [0, 0, 1, 1], "texture": "#2"},
				"east": {"uv": [0, 0, 1, 1], "texture": "#2"},
				"south": {"uv": [0, 0, 1, 1], "texture": "#2"},
				"west": {"uv": [0, 0, 1, 1], "texture": "#2"},
				"up": {"uv": [0, 0, 1, 1], "texture": "#2"},
				"down": {"uv": [0, 0, 1, 1], "texture": "#2"}
			}
		},
		{
			"name": "hexadecagon",
			"from": [7.94033, 1.15, 1.4],
			"to": [8.05967, 1.2, 2.4],
			"rotation": {"angle": -45, "axis": "z", "origin": [8, 0.9, 1.9]},
			"faces": {
				"north": {"uv": [0, 0, 1, 1], "texture": "#2"},
				"east": {"uv": [0, 0, 1, 1], "texture": "#2"},
				"south": {"uv": [0, 0, 1, 1], "texture": "#2"},
				"west": {"uv": [0, 0, 1, 1], "texture": "#2"},
				"up": {"uv": [0, 0, 1, 1], "texture": "#2"},
				"down": {"uv": [0, 0, 1, 1], "texture": "#2"}
			}
		},
		{
			"name": "hexadecagon",
			"from": [7.94033, 1.15, 1.4],
			"to": [8.05967, 1.2, 2.4],
			"rotation": {"angle": -22.5, "axis": "z", "origin": [8, 0.9, 1.9]},
			"faces": {
				"north": {"uv": [0, 0, 1, 1], "texture": "#2"},
				"east": {"uv": [0, 0, 1, 1], "texture": "#2"},
				"south": {"uv": [0, 0, 1, 1], "texture": "#2"},
				"west": {"uv": [0, 0, 1, 1], "texture": "#2"},
				"up": {"uv": [0, 0, 1, 1], "texture": "#2"},
				"down": {"uv": [0, 0, 1, 1], "texture": "#2"}
			}
		},
		{
			"name": "hexadecagon",
			"from": [7.94033, 1.15, 1.4],
			"to": [8.05967, 1.2, 2.4],
			"faces": {
				"north": {"uv": [0, 0, 1, 1], "texture": "#2"},
				"east": {"uv": [0, 0, 1, 1], "texture": "#2"},
				"south": {"uv": [0, 0, 1, 1], "texture": "#2"},
				"west": {"uv": [0, 0, 1, 1], "texture": "#2"},
				"up": {"uv": [0, 0, 1, 1], "texture": "#2"},
				"down": {"uv": [0, 0, 1, 1], "texture": "#2"}
			}
		},
		{
			"name": "hexadecagon",
			"from": [7.94033, 1.15, 1.4],
			"to": [8.05967, 1.2, 2.4],
			"rotation": {"angle": 22.5, "axis": "z", "origin": [8, 0.9, 1.9]},
			"faces": {
				"north": {"uv": [0, 0, 1, 1], "texture": "#2"},
				"east": {"uv": [0, 0, 1, 1], "texture": "#2"},
				"south": {"uv": [0, 0, 1, 1], "texture": "#2"},
				"west": {"uv": [0, 0, 1, 1], "texture": "#2"},
				"up": {"uv": [0, 0, 1, 1], "texture": "#2"},
				"down": {"uv": [0, 0, 1, 1], "texture": "#2"}
			}
		},
		{
			"name": "hexadecagon",
			"from": [7.94033, 1.15, 1.4],
			"to": [8.05967, 1.2, 2.4],
			"rotation": {"angle": 45, "axis": "z", "origin": [8, 0.9, 1.9]},
			"faces": {
				"north": {"uv": [0, 0, 1, 1], "texture": "#2"},
				"east": {"uv": [0, 0, 1, 1], "texture": "#2"},
				"south": {"uv": [0, 0, 1, 1], "texture": "#2"},
				"west": {"uv": [0, 0, 1, 1], "texture": "#2"},
				"up": {"uv": [0, 0, 1, 1], "texture": "#2"},
				"down": {"uv": [0, 0, 1, 1], "texture": "#2"}
			}
		},
		{
			"name": "hexadecagon",
			"from": [7.7, 0.84033, 1.4],
			"to": [7.75, 0.95967, 2.4],
			"rotation": {"angle": -22.5, "axis": "z", "origin": [8, 0.9, 1.9]},
			"faces": {
				"north": {"uv": [0, 0, 1, 1], "texture": "#2"},
				"east": {"uv": [0, 0, 1, 1], "texture": "#2"},
				"south": {"uv": [0, 0, 1, 1], "texture": "#2"},
				"west": {"uv": [0, 0, 1, 1], "texture": "#2"},
				"up": {"uv": [0, 0, 1, 1], "texture": "#2"},
				"down": {"uv": [0, 0, 1, 1], "texture": "#2"}
			}
		},
		{
			"name": "hexadecagon",
			"from": [7.7, 0.84033, 1.4],
			"to": [7.75, 0.95967, 2.4],
			"faces": {
				"north": {"uv": [0, 0, 1, 1], "texture": "#2"},
				"east": {"uv": [0, 0, 1, 1], "texture": "#2"},
				"south": {"uv": [0, 0, 1, 1], "texture": "#2"},
				"west": {"uv": [0, 0, 1, 1], "texture": "#2"},
				"up": {"uv": [0, 0, 1, 1], "texture": "#2"},
				"down": {"uv": [0, 0, 1, 1], "texture": "#2"}
			}
		},
		{
			"name": "hexadecagon",
			"from": [7.7, 0.84033, 1.4],
			"to": [7.75, 0.95967, 2.4],
			"rotation": {"angle": 22.5, "axis": "z", "origin": [8, 0.9, 1.9]},
			"faces": {
				"north": {"uv": [0, 0, 1, 1], "texture": "#2"},
				"east": {"uv": [0, 0, 1, 1], "texture": "#2"},
				"south": {"uv": [0, 0, 1, 1], "texture": "#2"},
				"west": {"uv": [0, 0, 1, 1], "texture": "#2"},
				"up": {"uv": [0, 0, 1, 1], "texture": "#2"},
				"down": {"uv": [0, 0, 1, 1], "texture": "#2"}
			}
		},
		{
			"name": "hexadecagon",
			"from": [8.25, 0.84033, 1.4],
			"to": [8.3, 0.95967, 2.4],
			"rotation": {"angle": -22.5, "axis": "z", "origin": [8, 0.9, 1.9]},
			"faces": {
				"north": {"uv": [0, 0, 1, 1], "texture": "#2"},
				"east": {"uv": [0, 0, 1, 1], "texture": "#2"},
				"south": {"uv": [0, 0, 1, 1], "texture": "#2"},
				"west": {"uv": [0, 0, 1, 1], "texture": "#2"},
				"up": {"uv": [0, 0, 1, 1], "texture": "#2"},
				"down": {"uv": [0, 0, 1, 1], "texture": "#2"}
			}
		},
		{
			"name": "hexadecagon",
			"from": [8.25, 0.84033, 1.4],
			"to": [8.3, 0.95967, 2.4],
			"faces": {
				"north": {"uv": [0, 0, 1, 1], "texture": "#2"},
				"east": {"uv": [0, 0, 1, 1], "texture": "#2"},
				"south": {"uv": [0, 0, 1, 1], "texture": "#2"},
				"west": {"uv": [0, 0, 1, 1], "texture": "#2"},
				"up": {"uv": [0, 0, 1, 1], "texture": "#2"},
				"down": {"uv": [0, 0, 1, 1], "texture": "#2"}
			}
		},
		{
			"name": "hexadecagon",
			"from": [8.25, 0.84033, 1.4],
			"to": [8.3, 0.95967, 2.4],
			"rotation": {"angle": 22.5, "axis": "z", "origin": [8, 0.9, 1.9]},
			"faces": {
				"north": {"uv": [0, 0, 1, 1], "texture": "#2"},
				"east": {"uv": [0, 0, 1, 1], "texture": "#2"},
				"south": {"uv": [0, 0, 1, 1], "texture": "#2"},
				"west": {"uv": [0, 0, 1, 1], "texture": "#2"},
				"up": {"uv": [0, 0, 1, 1], "texture": "#2"},
				"down": {"uv": [0, 0, 1, 1], "texture": "#2"}
			}
		}
	],
	"display": {
		"thirdperson_righthand": {
			"translation": [0, 5.5, -2.5],
			"scale": [0.71, 0.71, 0.74]
		},
		"thirdperson_lefthand": {
			"translation": [0, 5.5, -2.5],
			"scale": [0.7, 0.71, 0.74]
		},
		"firstperson_righthand": {
			"translation": [-1.75, 9.25, -2.25]
		},
		"firstperson_lefthand": {
			"translation": [-1.75, 8.5, -2.25]
		},
		"gui": {
			"rotation": [22, 61, 0],
			"translation": [0, 7.5, 0]
		},
		"fixed": {
			"rotation": [89, -56, 89],
			"translation": [-5.5, 8.5, -0.75],
			"scale": [1.43, 1.37, 1.4]
		}
	},
	"groups": [0, 1, 2, 3, 4, 5, 6, 7, 8, 9, 10, 11, 12, 13, 14, 15, 16, 17, 18, 19, 20, 21, 22, 23, 24, 25, 26, 27, 28, 29,
		{
			"name": "group",
			"children": [30, 31, 32, 33, 34, 35, 36, 37, 38, 39, 40, 41, 42, 43, 44, 45, 46, 47, 48, 49, 50, 51, 52, 53, 54, 55, 56, 57, 58, 59, 60, 61, 62, 63, 64, 65, 66, 67, 68, 69, 70, 71]
		},
		{
			"name": "group",
			"children": [72, 73, 74, 75, 76, 77, 78, 79, 80, 81, 82, 83, 84, 85, 86, 87, 88, 89, 90, 91, 92, 93, 94, 95, 96, 97]
		}, 98, 99, 100, 101, 102, 103, 104,
		{
			"name": "hexadecagon",
			"children": [105, 106, 107, 108, 109, 110, 111, 112, 113, 114, 115, 116, 117, 118, 119, 120,
				{
					"name": "group",
					"children": [121, 122, 123, 124, 125, 126, 127, 128, 129, 130, 131, 132, 133]
				}, 134, 135]
		},
		{
			"name": "hexadecagon",
			"children": [136, 137, 138, 139, 140, 141, 142, 143]
		}, 144,
		{
			"name": "hexadecagon",
			"children": [145, 146, 147, 148, 149, 150, 151, 152, 153, 154, 155, 156, 157, 158, 159, 160]
		}
	]
}