{
	"credit": "Made with Blockbench",
	"textures": {
		"1": "custom/nothingness1/mg3",
		"2": "custom/nothingness1/black3",
		"3": "custom/nothingness1/sawed",
		"4": "custom/nothingness1/de",
		"5": "custom/nothingness1/gray2"
	},
	"elements": [
		{
			"from": [7.4, 2, 4.6],
			"to": [8.6, 2.8, 8.55],
			"faces": {
				"north": {"uv": [0, 0, 1.2, 0.8], "texture": "#1"},
				"east": {"uv": [0, 0, 3.95, 0.8], "texture": "#1"},
				"south": {"uv": [0, 0, 1.2, 0.8], "texture": "#1"},
				"west": {"uv": [0, 0, 3.95, 0.8], "texture": "#1"},
				"up": {"uv": [0, 0, 1.2, 3.95], "texture": "#1"},
				"down": {"uv": [0, 0, 1.2, 3.95], "texture": "#1"}
			}
		},
		{
			"from": [7.6, 2, 4.6],
			"to": [8.4, 3, 8.55],
			"faces": {
				"north": {"uv": [0, 0, 0.8, 1], "texture": "#1"},
				"east": {"uv": [0, 0, 3.95, 1], "texture": "#1"},
				"south": {"uv": [0, 0, 0.8, 1], "texture": "#1"},
				"west": {"uv": [0, 0, 3.95, 1], "texture": "#1"},
				"up": {"uv": [0, 0, 0.8, 3.95], "texture": "#1"},
				"down": {"uv": [0, 0, 0.8, 3.95], "texture": "#1"}
			}
		},
		{
			"from": [7.54853, 3.24142, 4.6],
			"to": [7.82853, 3.44142, 13.95],
			"rotation": {"angle": 45, "axis": "z", "origin": [8.24853, 2.94142, 5.1]},
			"faces": {
				"north": {"uv": [0, 0, 0.28, 0.2], "texture": "#1"},
				"east": {"uv": [0, 0, 9.35, 0.2], "texture": "#1"},
				"south": {"uv": [0, 0, 0.28, 0.2], "texture": "#1"},
				"west": {"uv": [0, 0, 9.35, 0.2], "texture": "#1"},
				"up": {"uv": [0, 0, 0.28, 9.35], "texture": "#1"},
				"down": {"uv": [0, 0, 0.28, 9.35], "texture": "#1"}
			}
		},
		{
			"from": [7.84343, 2.44946, 4.6],
			"to": [8.12343, 2.64946, 8.55],
			"rotation": {"angle": -45, "axis": "z", "origin": [8.54343, 2.14946, 5.1]},
			"faces": {
				"north": {"uv": [0, 0, 0.28, 0.2], "texture": "#1"},
				"east": {"uv": [0, 0, 3.95, 0.2], "texture": "#1"},
				"south": {"uv": [0, 0, 0.28, 0.2], "texture": "#1"},
				"west": {"uv": [0, 0, 3.95, 0.2], "texture": "#1"},
				"up": {"uv": [0, 0, 0.28, 3.95], "texture": "#1"},
				"down": {"uv": [0, 0, 0.28, 3.95], "texture": "#1"}
			}
		},
		{
			"from": [7.6, 4.14385, 1.38879],
			"to": [8.4, 4.54385, 2.18879],
			"rotation": {"angle": -22.5, "axis": "x", "origin": [7.8, 11.34385, 9.38879]},
			"faces": {
				"north": {"uv": [0, 0, 0.8, 0.4], "texture": "#1"},
				"east": {"uv": [0, 0, 0.8, 0.4], "texture": "#1"},
				"south": {"uv": [0, 0, 0.8, 0.4], "texture": "#1"},
				"west": {"uv": [0, 0, 0.8, 0.4], "texture": "#1"},
				"up": {"uv": [0, 0, 0.8, 0.8], "texture": "#1"},
				"down": {"uv": [0, 0, 0.8, 0.8], "texture": "#1"}
			}
		},
		{
			"from": [7.6, 1.3683, 4.67109],
			"to": [8.4, 2.0683, 6.57109],
			"faces": {
				"north": {"uv": [0, 0, 0.8, 0.7], "texture": "#1"},
				"east": {"uv": [0, 0, 1.9, 0.7], "texture": "#1"},
				"south": {"uv": [0, 0, 0.8, 0.7], "texture": "#1"},
				"west": {"uv": [0, 0, 1.9, 0.7], "texture": "#1"},
				"up": {"uv": [0, 0, 0.8, 1.9], "texture": "#1"},
				"down": {"uv": [0, 0, 0.8, 1.9], "texture": "#1"}
			}
		},
		{
			"from": [7.68076, 0.82185, 4.67109],
			"to": [7.88076, 1.02185, 6.57109],
			"rotation": {"angle": 45, "axis": "z", "origin": [7.48076, 1.72185, 5.07109]},
			"faces": {
				"north": {"uv": [0, 0, 0.2, 0.2], "texture": "#1"},
				"east": {"uv": [0, 0, 1.9, 0.2], "texture": "#1"},
				"south": {"uv": [0, 0, 0.2, 0.2], "texture": "#1"},
				"west": {"uv": [0, 0, 1.9, 0.2], "texture": "#1"},
				"up": {"uv": [0, 0, 0.2, 1.9], "texture": "#1"},
				"down": {"uv": [0, 0, 0.2, 1.9], "texture": "#1"}
			}
		},
		{
			"from": [7.1636, 0.82185, 4.67109],
			"to": [7.3636, 1.02185, 6.57109],
			"rotation": {"angle": 45, "axis": "z", "origin": [6.9636, 1.72185, 5.07109]},
			"faces": {
				"north": {"uv": [0, 0, 0.2, 0.2], "texture": "#1"},
				"east": {"uv": [0, 0, 1.9, 0.2], "texture": "#1"},
				"south": {"uv": [0, 0, 0.2, 0.2], "texture": "#1"},
				"west": {"uv": [0, 0, 1.9, 0.2], "texture": "#1"},
				"up": {"uv": [0, 0, 0.2, 1.9], "texture": "#1"},
				"down": {"uv": [0, 0, 0.2, 1.9], "texture": "#1"}
			}
		},
		{
			"from": [7.74142, 1.22688, 4.67109],
			"to": [8.26142, 1.42688, 6.57109],
			"faces": {
				"north": {"uv": [0, 0, 0.2, 0.52], "rotation": 90, "texture": "#1"},
				"east": {"uv": [0, 0, 0.2, 1.9], "rotation": 270, "texture": "#1"},
				"south": {"uv": [0, 0, 0.2, 0.52], "rotation": 270, "texture": "#1"},
				"west": {"uv": [0, 0, 0.2, 1.9], "rotation": 90, "texture": "#1"},
				"up": {"uv": [0, 0, 1.9, 0.52], "rotation": 270, "texture": "#1"},
				"down": {"uv": [0, 0, 1.9, 0.52], "rotation": 270, "texture": "#1"}
			}
		},
		{
			"from": [6.90277, 1.06683, 4.725],
			"to": [7.15277, 1.31683, 5],
			"rotation": {"angle": 45, "axis": "z", "origin": [7.40277, 1.95433, 7.8625]},
			"faces": {
				"north": {"uv": [0, 0, 0.25, 0.25], "texture": "#1"},
				"east": {"uv": [0, 0, 0.275, 0.25], "texture": "#1"},
				"south": {"uv": [0, 0, 0.25, 0.25], "texture": "#1"},
				"west": {"uv": [0, 0, 0.275, 0.25], "texture": "#1"},
				"up": {"uv": [0, 0, 0.25, 0.275], "texture": "#1"},
				"down": {"uv": [0, 0, 0.25, 0.275], "texture": "#1"}
			}
		},
		{
			"from": [8.62756, 0.5365, 4.725],
			"to": [8.87756, 0.7865, 5],
			"rotation": {"angle": -45, "axis": "z", "origin": [9.12756, 1.424, 7.8625]},
			"faces": {
				"north": {"uv": [0, 0, 0.25, 0.25], "texture": "#1"},
				"east": {"uv": [0, 0, 0.275, 0.25], "texture": "#1"},
				"south": {"uv": [0, 0, 0.25, 0.25], "texture": "#1"},
				"west": {"uv": [0, 0, 0.275, 0.25], "texture": "#1"},
				"up": {"uv": [0, 0, 0.25, 0.275], "texture": "#1"},
				"down": {"uv": [0, 0, 0.25, 0.275], "texture": "#1"}
			}
		},
		{
			"from": [7.67678, 0.97322, 4.725],
			"to": [8.32178, 1.22322, 5],
			"faces": {
				"north": {"uv": [0, 0, 0.25, 0.645], "rotation": 90, "texture": "#1"},
				"east": {"uv": [0, 0, 0.25, 0.275], "rotation": 270, "texture": "#1"},
				"south": {"uv": [0, 0, 0.25, 0.645], "rotation": 270, "texture": "#1"},
				"west": {"uv": [0, 0, 0.25, 0.275], "rotation": 90, "texture": "#1"},
				"up": {"uv": [0, 0, 0.275, 0.645], "rotation": 270, "texture": "#1"},
				"down": {"uv": [0, 0, 0.275, 0.645], "rotation": 270, "texture": "#1"}
			}
		},
		{
			"from": [8.62756, 0.5365, 5.225],
			"to": [8.87756, 0.7865, 5.5],
			"rotation": {"angle": -45, "axis": "z", "origin": [9.12756, 1.424, 8.3625]},
			"faces": {
				"north": {"uv": [0, 0, 0.25, 0.25], "texture": "#1"},
				"east": {"uv": [0, 0, 0.275, 0.25], "texture": "#1"},
				"south": {"uv": [0, 0, 0.25, 0.25], "texture": "#1"},
				"west": {"uv": [0, 0, 0.275, 0.25], "texture": "#1"},
				"up": {"uv": [0, 0, 0.25, 0.275], "texture": "#1"},
				"down": {"uv": [0, 0, 0.25, 0.275], "texture": "#1"}
			}
		},
		{
			"from": [7.67678, 0.97322, 5.225],
			"to": [8.32178, 1.22322, 5.5],
			"faces": {
				"north": {"uv": [0, 0, 0.25, 0.645], "rotation": 90, "texture": "#1"},
				"east": {"uv": [0, 0, 0.25, 0.275], "rotation": 270, "texture": "#1"},
				"south": {"uv": [0, 0, 0.25, 0.645], "rotation": 270, "texture": "#1"},
				"west": {"uv": [0, 0, 0.25, 0.275], "rotation": 90, "texture": "#1"},
				"up": {"uv": [0, 0, 0.275, 0.645], "rotation": 270, "texture": "#1"},
				"down": {"uv": [0, 0, 0.275, 0.645], "rotation": 270, "texture": "#1"}
			}
		},
		{
			"from": [6.90277, 1.06683, 5.225],
			"to": [7.15277, 1.31683, 5.5],
			"rotation": {"angle": 45, "axis": "z", "origin": [7.40277, 1.95433, 8.3625]},
			"faces": {
				"north": {"uv": [0, 0, 0.25, 0.25], "texture": "#1"},
				"east": {"uv": [0, 0, 0.275, 0.25], "texture": "#1"},
				"south": {"uv": [0, 0, 0.25, 0.25], "texture": "#1"},
				"west": {"uv": [0, 0, 0.275, 0.25], "texture": "#1"},
				"up": {"uv": [0, 0, 0.25, 0.275], "texture": "#1"},
				"down": {"uv": [0, 0, 0.25, 0.275], "texture": "#1"}
			}
		},
		{
			"from": [8.62756, 0.5365, 5.725],
			"to": [8.87756, 0.7865, 6],
			"rotation": {"angle": -45, "axis": "z", "origin": [9.12756, 1.424, 8.8625]},
			"faces": {
				"north": {"uv": [0, 0, 0.25, 0.25], "texture": "#1"},
				"east": {"uv": [0, 0, 0.275, 0.25], "texture": "#1"},
				"south": {"uv": [0, 0, 0.25, 0.25], "texture": "#1"},
				"west": {"uv": [0, 0, 0.275, 0.25], "texture": "#1"},
				"up": {"uv": [0, 0, 0.25, 0.275], "texture": "#1"},
				"down": {"uv": [0, 0, 0.25, 0.275], "texture": "#1"}
			}
		},
		{
			"from": [7.67678, 0.97322, 5.725],
			"to": [8.32178, 1.22322, 6],
			"faces": {
				"north": {"uv": [0, 0, 0.25, 0.645], "rotation": 90, "texture": "#1"},
				"east": {"uv": [0, 0, 0.25, 0.275], "rotation": 270, "texture": "#1"},
				"south": {"uv": [0, 0, 0.25, 0.645], "rotation": 270, "texture": "#1"},
				"west": {"uv": [0, 0, 0.25, 0.275], "rotation": 90, "texture": "#1"},
				"up": {"uv": [0, 0, 0.275, 0.645], "rotation": 270, "texture": "#1"},
				"down": {"uv": [0, 0, 0.275, 0.645], "rotation": 270, "texture": "#1"}
			}
		},
		{
			"from": [6.90277, 1.06683, 5.725],
			"to": [7.15277, 1.31683, 6],
			"rotation": {"angle": 45, "axis": "z", "origin": [7.40277, 1.95433, 8.8625]},
			"faces": {
				"north": {"uv": [0, 0, 0.25, 0.25], "texture": "#1"},
				"east": {"uv": [0, 0, 0.275, 0.25], "texture": "#1"},
				"south": {"uv": [0, 0, 0.25, 0.25], "texture": "#1"},
				"west": {"uv": [0, 0, 0.275, 0.25], "texture": "#1"},
				"up": {"uv": [0, 0, 0.25, 0.275], "texture": "#1"},
				"down": {"uv": [0, 0, 0.25, 0.275], "texture": "#1"}
			}
		},
		{
			"from": [8.62756, 0.5365, 6.225],
			"to": [8.87756, 0.7865, 6.5],
			"rotation": {"angle": -45, "axis": "z", "origin": [9.12756, 1.424, 9.3625]},
			"faces": {
				"north": {"uv": [0, 0, 0.25, 0.25], "texture": "#1"},
				"east": {"uv": [0, 0, 0.275, 0.25], "texture": "#1"},
				"south": {"uv": [0, 0, 0.25, 0.25], "texture": "#1"},
				"west": {"uv": [0, 0, 0.275, 0.25], "texture": "#1"},
				"up": {"uv": [0, 0, 0.25, 0.275], "texture": "#1"},
				"down": {"uv": [0, 0, 0.25, 0.275], "texture": "#1"}
			}
		},
		{
			"from": [7.67678, 0.97322, 6.225],
			"to": [8.32178, 1.22322, 6.5],
			"faces": {
				"north": {"uv": [0, 0, 0.25, 0.645], "rotation": 90, "texture": "#1"},
				"east": {"uv": [0, 0, 0.25, 0.275], "rotation": 270, "texture": "#1"},
				"south": {"uv": [0, 0, 0.25, 0.645], "rotation": 270, "texture": "#1"},
				"west": {"uv": [0, 0, 0.25, 0.275], "rotation": 90, "texture": "#1"},
				"up": {"uv": [0, 0, 0.275, 0.645], "rotation": 270, "texture": "#1"},
				"down": {"uv": [0, 0, 0.275, 0.645], "rotation": 270, "texture": "#1"}
			}
		},
		{
			"from": [6.90277, 1.06683, 6.225],
			"to": [7.15277, 1.31683, 6.5],
			"rotation": {"angle": 45, "axis": "z", "origin": [7.40277, 1.95433, 9.3625]},
			"faces": {
				"north": {"uv": [0, 0, 0.25, 0.25], "texture": "#1"},
				"east": {"uv": [0, 0, 0.275, 0.25], "texture": "#1"},
				"south": {"uv": [0, 0, 0.25, 0.25], "texture": "#1"},
				"west": {"uv": [0, 0, 0.275, 0.25], "texture": "#1"},
				"up": {"uv": [0, 0, 0.25, 0.275], "texture": "#1"},
				"down": {"uv": [0, 0, 0.25, 0.275], "texture": "#1"}
			}
		},
		{
			"from": [8.62756, 0.5365, 6.775],
			"to": [8.87756, 0.7865, 7.8],
			"rotation": {"angle": -45, "axis": "z", "origin": [9.12756, 1.424, 10.1125]},
			"faces": {
				"north": {"uv": [0, 0, 0.25, 0.25], "texture": "#1"},
				"east": {"uv": [0, 0, 1.025, 0.25], "texture": "#1"},
				"south": {"uv": [0, 0, 0.25, 0.25], "texture": "#1"},
				"west": {"uv": [0, 0, 1.025, 0.25], "texture": "#1"},
				"up": {"uv": [0, 0, 0.25, 1.025], "texture": "#1"},
				"down": {"uv": [0, 0, 0.25, 1.025], "texture": "#1"}
			}
		},
		{
			"from": [7.67678, 0.97322, 6.775],
			"to": [8.32178, 1.22322, 7.8],
			"faces": {
				"north": {"uv": [0, 0, 0.25, 0.645], "rotation": 90, "texture": "#1"},
				"east": {"uv": [0, 0, 0.25, 1.025], "rotation": 270, "texture": "#1"},
				"south": {"uv": [0, 0, 0.25, 0.645], "rotation": 270, "texture": "#1"},
				"west": {"uv": [0, 0, 0.25, 1.025], "rotation": 90, "texture": "#1"},
				"up": {"uv": [0, 0, 1.025, 0.645], "rotation": 270, "texture": "#1"},
				"down": {"uv": [0, 0, 1.025, 0.645], "rotation": 270, "texture": "#1"}
			}
		},
		{
			"from": [6.90277, 1.06683, 6.775],
			"to": [7.15277, 1.31683, 7.8],
			"rotation": {"angle": 45, "axis": "z", "origin": [7.40277, 1.95433, 10.1125]},
			"faces": {
				"north": {"uv": [0, 0, 0.25, 0.25], "texture": "#1"},
				"east": {"uv": [0, 0, 1.025, 0.25], "texture": "#1"},
				"south": {"uv": [0, 0, 0.25, 0.25], "texture": "#1"},
				"west": {"uv": [0, 0, 1.025, 0.25], "texture": "#1"},
				"up": {"uv": [0, 0, 0.25, 1.025], "texture": "#1"},
				"down": {"uv": [0, 0, 0.25, 1.025], "texture": "#1"}
			}
		},
		{
			"from": [7.5, 1.15, 5.225],
			"to": [8.5, 1.225, 6.5],
			"faces": {
				"north": {"uv": [0, 0, 0.075, 1], "rotation": 90, "texture": "#1"},
				"east": {"uv": [0, 0, 0.075, 1.275], "rotation": 270, "texture": "#1"},
				"south": {"uv": [0, 0, 0.075, 1], "rotation": 270, "texture": "#1"},
				"west": {"uv": [0, 0, 0.075, 1.275], "rotation": 90, "texture": "#1"},
				"up": {"uv": [0, 0, 1.275, 1], "rotation": 270, "texture": "#1"},
				"down": {"uv": [0, 0, 1.275, 1], "rotation": 270, "texture": "#1"}
			}
		},
		{
			"from": [7.5, 1.15, 4.725],
			"to": [8.5, 1.225, 6],
			"faces": {
				"north": {"uv": [0, 0, 0.075, 1], "rotation": 90, "texture": "#1"},
				"east": {"uv": [0, 0, 0.075, 1.275], "rotation": 270, "texture": "#1"},
				"south": {"uv": [0, 0, 0.075, 1], "rotation": 270, "texture": "#1"},
				"west": {"uv": [0, 0, 0.075, 1.275], "rotation": 90, "texture": "#1"},
				"up": {"uv": [0, 0, 1.275, 1], "rotation": 270, "texture": "#1"},
				"down": {"uv": [0, 0, 1.275, 1], "rotation": 270, "texture": "#1"}
			}
		},
		{
			"from": [7.5, 1.15, 5.725],
			"to": [8.5, 1.225, 7.8],
			"faces": {
				"north": {"uv": [0, 0, 0.075, 1], "rotation": 90, "texture": "#1"},
				"east": {"uv": [0, 0, 0.075, 2.075], "rotation": 270, "texture": "#1"},
				"south": {"uv": [0, 0, 0.075, 1], "rotation": 270, "texture": "#1"},
				"west": {"uv": [0, 0, 0.075, 2.075], "rotation": 90, "texture": "#1"},
				"up": {"uv": [0, 0, 2.075, 1], "rotation": 270, "texture": "#1"},
				"down": {"uv": [0, 0, 2.075, 1], "rotation": 270, "texture": "#1"}
			}
		},
		{
			"from": [7.5, 1.15, 6.225],
			"to": [8.5, 1.225, 6.5],
			"faces": {
				"north": {"uv": [0, 0, 0.075, 1], "rotation": 90, "texture": "#1"},
				"east": {"uv": [0, 0, 0.075, 0.275], "rotation": 270, "texture": "#1"},
				"south": {"uv": [0, 0, 0.075, 1], "rotation": 270, "texture": "#1"},
				"west": {"uv": [0, 0, 0.075, 0.275], "rotation": 90, "texture": "#1"},
				"up": {"uv": [0, 0, 0.275, 1], "rotation": 270, "texture": "#1"},
				"down": {"uv": [0, 0, 0.275, 1], "rotation": 270, "texture": "#1"}
			}
		},
		{
			"from": [7.5, 1.15, 6.725],
			"to": [8.5, 1.225, 7],
			"faces": {
				"north": {"uv": [0, 0, 0.075, 1], "rotation": 90, "texture": "#1"},
				"east": {"uv": [0, 0, 0.075, 0.275], "rotation": 270, "texture": "#1"},
				"south": {"uv": [0, 0, 0.075, 1], "rotation": 270, "texture": "#1"},
				"west": {"uv": [0, 0, 0.075, 0.275], "rotation": 90, "texture": "#1"},
				"up": {"uv": [0, 0, 0.275, 1], "rotation": 270, "texture": "#1"},
				"down": {"uv": [0, 0, 0.275, 1], "rotation": 270, "texture": "#1"}
			}
		},
		{
			"from": [7.6, 1.2, 4.725],
			"to": [8.4, 2.9, 7.775],
			"faces": {
				"north": {"uv": [0, 0, 0.8, 1.7], "texture": "#1"},
				"east": {"uv": [0, 0, 3.05, 1.7], "texture": "#1"},
				"south": {"uv": [0, 0, 0.8, 1.7], "texture": "#1"},
				"west": {"uv": [0, 0, 3.05, 1.7], "texture": "#1"},
				"up": {"uv": [0, 0, 0.8, 3.05], "texture": "#1"},
				"down": {"uv": [0, 0, 0.8, 3.05], "texture": "#1"}
			}
		},
		{
			"from": [7.5, 1.325, 4.725],
			"to": [8.5, 2.8, 7.775],
			"faces": {
				"north": {"uv": [0, 0, 1, 1.475], "texture": "#1"},
				"east": {"uv": [0, 0, 3.05, 1.475], "texture": "#1"},
				"south": {"uv": [0, 0, 1, 1.475], "texture": "#1"},
				"west": {"uv": [0, 0, 3.05, 1.475], "texture": "#1"},
				"up": {"uv": [0, 0, 1, 3.05], "texture": "#1"},
				"down": {"uv": [0, 0, 1, 3.05], "texture": "#1"}
			}
		},
		{
			"from": [7.00277, 1.26683, 4.725],
			"to": [7.15277, 1.31683, 7.025],
			"rotation": {"angle": 45, "axis": "z", "origin": [7.40277, 1.95433, 7.8625]},
			"faces": {
				"north": {"uv": [0, 0, 0.15, 0.05], "texture": "#1"},
				"east": {"uv": [0, 0, 2.3, 0.05], "texture": "#1"},
				"south": {"uv": [0, 0, 0.15, 0.05], "texture": "#1"},
				"west": {"uv": [0, 0, 2.3, 0.05], "texture": "#1"},
				"up": {"uv": [0, 0, 0.15, 2.3], "texture": "#1"},
				"down": {"uv": [0, 0, 0.15, 2.3], "texture": "#1"}
			}
		},
		{
			"from": [8.62756, 0.7365, 4.725],
			"to": [8.77756, 0.7865, 7.025],
			"rotation": {"angle": -45, "axis": "z", "origin": [9.12756, 1.424, 7.8625]},
			"faces": {
				"north": {"uv": [0, 0, 0.15, 0.05], "texture": "#1"},
				"east": {"uv": [0, 0, 2.3, 0.05], "texture": "#1"},
				"south": {"uv": [0, 0, 0.15, 0.05], "texture": "#1"},
				"west": {"uv": [0, 0, 2.3, 0.05], "texture": "#1"},
				"up": {"uv": [0, 0, 0.15, 2.3], "texture": "#1"},
				"down": {"uv": [0, 0, 0.15, 2.3], "texture": "#1"}
			}
		},
		{
			"from": [1.78509, 1.325, 2.77202],
			"to": [1.98509, 2, 2.99702],
			"rotation": {"angle": -45, "axis": "y", "origin": [2.28509, 9.8, 10.64702]},
			"faces": {
				"north": {"uv": [0, 0, 0.2, 0.675], "texture": "#1"},
				"east": {"uv": [0, 0, 0.225, 0.675], "texture": "#1"},
				"south": {"uv": [0, 0, 0.2, 0.675], "texture": "#1"},
				"west": {"uv": [0, 0, 0.225, 0.675], "texture": "#1"},
				"up": {"uv": [0, 0, 0.2, 0.225], "texture": "#1"},
				"down": {"uv": [0, 0, 0.2, 0.225], "texture": "#1"}
			}
		},
		{
			"from": [7.3409, 1.325, 4.8841],
			"to": [7.5409, 2, 7.8091],
			"faces": {
				"north": {"uv": [0, 0, 0.2, 0.675], "texture": "#1"},
				"east": {"uv": [0, 0, 2.925, 0.675], "texture": "#1"},
				"south": {"uv": [0, 0, 0.2, 0.675], "texture": "#1"},
				"west": {"uv": [0, 0, 2.925, 0.675], "texture": "#1"},
				"up": {"uv": [0, 0, 0.2, 2.925], "texture": "#1"},
				"down": {"uv": [0, 0, 0.2, 2.925], "texture": "#1"}
			}
		},
		{
			"from": [14.01491, 1.325, 2.77202],
			"to": [14.21491, 2, 2.99702],
			"rotation": {"angle": 45, "axis": "y", "origin": [13.71491, 9.8, 10.64702]},
			"faces": {
				"north": {"uv": [0.2, 0, 0.4, 0.675], "texture": "#1"},
				"east": {"uv": [0.225, 0, 0.45, 0.675], "texture": "#1"},
				"south": {"uv": [0.2, 0, 0.4, 0.675], "texture": "#1"},
				"west": {"uv": [0.225, 0, 0.45, 0.675], "texture": "#1"},
				"up": {"uv": [0.2, 0, 0.4, 0.225], "texture": "#1"},
				"down": {"uv": [0.2, 0, 0.4, 0.225], "texture": "#1"}
			}
		},
		{
			"from": [7.3409, 2.24565, 8.28646],
			"to": [7.5409, 2.72065, 8.51146],
			"rotation": {"angle": 45, "axis": "x", "origin": [7.4409, 2.63315, 7.04896]},
			"faces": {
				"north": {"uv": [0, 0, 0.2, 0.475], "texture": "#1"},
				"east": {"uv": [0, 0, 0.225, 0.475], "texture": "#1"},
				"south": {"uv": [0, 0, 0.2, 0.475], "texture": "#1"},
				"west": {"uv": [0, 0, 0.225, 0.475], "texture": "#1"},
				"up": {"uv": [0, 0, 0.2, 0.225], "texture": "#1"},
				"down": {"uv": [0, 0, 0.2, 0.225], "texture": "#1"}
			}
		},
		{
			"from": [7.3409, 1.22065, 7.36146],
			"to": [7.5409, 1.44565, 7.93646],
			"rotation": {"angle": -22.5, "axis": "x", "origin": [7.4409, 2.53315, 7.04896]},
			"faces": {
				"north": {"uv": [0, 0, 0.2, 0.225], "rotation": 180, "texture": "#1"},
				"east": {"uv": [0, 0, 0.225, 0.575], "rotation": 270, "texture": "#1"},
				"south": {"uv": [0, 0, 0.2, 0.225], "texture": "#1"},
				"west": {"uv": [0, 0, 0.225, 0.575], "rotation": 90, "texture": "#1"},
				"up": {"uv": [0, 0, 0.2, 0.575], "rotation": 180, "texture": "#1"},
				"down": {"uv": [0, 0, 0.2, 0.575], "texture": "#1"}
			}
		},
		{
			"from": [7.3409, 1.62065, 7.36146],
			"to": [7.5409, 2.09565, 13.36146],
			"faces": {
				"north": {"uv": [0, 0, 0.2, 0.475], "rotation": 180, "texture": "#1"},
				"east": {"uv": [0, 0, 0.475, 6], "rotation": 270, "texture": "#1"},
				"south": {"uv": [0, 0, 0.2, 0.475], "texture": "#1"},
				"west": {"uv": [0, 0, 0.475, 6], "rotation": 90, "texture": "#1"},
				"up": {"uv": [0, 0, 0.2, 6], "rotation": 180, "texture": "#1"},
				"down": {"uv": [0, 0, 0.2, 6], "texture": "#1"}
			}
		},
		{
			"from": [8.4591, 1.325, 4.8841],
			"to": [8.6591, 2, 7.8091],
			"faces": {
				"north": {"uv": [0.2, 0, 0.4, 0.675], "texture": "#1"},
				"east": {"uv": [2.925, 0, 5.85, 0.675], "texture": "#1"},
				"south": {"uv": [0.2, 0, 0.4, 0.675], "texture": "#1"},
				"west": {"uv": [2.925, 0, 5.85, 0.675], "texture": "#1"},
				"up": {"uv": [0.2, 0, 0.4, 2.925], "texture": "#1"},
				"down": {"uv": [0.2, 0, 0.4, 2.925], "texture": "#1"}
			}
		},
		{
			"from": [7.4591, 2.24565, 8.28646],
			"to": [8.6591, 2.72065, 8.51146],
			"rotation": {"angle": 45, "axis": "x", "origin": [8.5591, 2.63315, 7.04896]},
			"faces": {
				"north": {"uv": [0.2, 0, 1.4, 0.475], "texture": "#1"},
				"east": {"uv": [0.225, 0, 0.45, 0.475], "texture": "#1"},
				"south": {"uv": [0.2, 0, 1.4, 0.475], "texture": "#1"},
				"west": {"uv": [0.225, 0, 0.45, 0.475], "texture": "#1"},
				"up": {"uv": [0.2, 0, 1.4, 0.225], "texture": "#1"},
				"down": {"uv": [0.2, 0, 1.4, 0.225], "texture": "#1"}
			}
		},
		{
			"from": [7.4591, 1.22065, 7.36146],
			"to": [8.6591, 1.44565, 7.93646],
			"rotation": {"angle": -22.5, "axis": "x", "origin": [8.5591, 2.63315, 7.04896]},
			"faces": {
				"north": {"uv": [0.2, 0, 1.4, 0.225], "rotation": 180, "texture": "#1"},
				"east": {"uv": [0, 0.575, 0.225, 1.15], "rotation": 90, "texture": "#1"},
				"south": {"uv": [0.2, 0, 1.4, 0.225], "texture": "#1"},
				"west": {"uv": [0, 0.575, 0.225, 1.15], "rotation": 270, "texture": "#1"},
				"up": {"uv": [0.2, 0, 1.4, 0.575], "rotation": 180, "texture": "#1"},
				"down": {"uv": [0.2, 0, 1.4, 0.575], "texture": "#1"}
			}
		},
		{
			"from": [7.4591, 1.62065, 7.36146],
			"to": [8.6591, 2.09565, 11.96146],
			"faces": {
				"north": {"uv": [0.2, 0, 1.4, 0.475], "rotation": 180, "texture": "#1"},
				"east": {"uv": [0, 2.6, 0.475, 7.2], "rotation": 90, "texture": "#1"},
				"south": {"uv": [0.2, 0, 1.4, 0.475], "texture": "#1"},
				"west": {"uv": [0, 2.6, 0.475, 7.2], "rotation": 270, "texture": "#1"},
				"up": {"uv": [0.2, 0, 1.4, 4.6], "rotation": 180, "texture": "#1"},
				"down": {"uv": [0.2, 0, 1.4, 4.6], "texture": "#1"}
			}
		},
		{
			"from": [7.67678, 1.09822, 6.775],
			"to": [8.32178, 2.34822, 12.375],
			"faces": {
				"north": {"uv": [0, 0, 1.25, 0.645], "rotation": 90, "texture": "#1"},
				"east": {"uv": [0, 0, 1.25, 5.6], "rotation": 270, "texture": "#1"},
				"south": {"uv": [0, 0, 1.25, 0.645], "rotation": 270, "texture": "#1"},
				"west": {"uv": [0, 0, 1.25, 5.6], "rotation": 90, "texture": "#1"},
				"up": {"uv": [0, 0, 5.6, 0.645], "rotation": 270, "texture": "#1"},
				"down": {"uv": [0, 0, 5.6, 0.645], "rotation": 270, "texture": "#1"}
			}
		},
		{
			"from": [7.342, 1.92065, 7.36146],
			"to": [7.757, 2.09565, 13.91146],
			"faces": {
				"north": {"uv": [0.2, 0, 0.615, 0.175], "rotation": 180, "texture": "#1"},
				"east": {"uv": [0, 2.6, 0.175, 9.15], "rotation": 90, "texture": "#1"},
				"south": {"uv": [0.2, 0, 0.615, 0.175], "texture": "#1"},
				"west": {"uv": [0, 2.6, 0.175, 9.15], "rotation": 270, "texture": "#1"},
				"up": {"uv": [0.2, 0, 0.615, 6.55], "rotation": 180, "texture": "#1"},
				"down": {"uv": [0.2, 0, 0.615, 6.55], "texture": "#1"}
			}
		},
		{
			"from": [7.342, -0.77128, 13.60325],
			"to": [7.757, -0.59628, 14.20325],
			"rotation": {"angle": -22.5, "axis": "x", "origin": [8.5591, -0.15878, 7.29075]},
			"faces": {
				"north": {"uv": [0.2, 0, 0.615, 0.175], "rotation": 180, "texture": "#1"},
				"east": {"uv": [0, 2.6, 0.175, 3.2], "rotation": 90, "texture": "#1"},
				"south": {"uv": [0.2, 0, 0.615, 0.175], "texture": "#1"},
				"west": {"uv": [0, 2.6, 0.175, 3.2], "rotation": 270, "texture": "#1"},
				"up": {"uv": [0.2, 0, 0.615, 0.6], "rotation": 180, "texture": "#1"},
				"down": {"uv": [0.2, 0, 0.615, 0.6], "texture": "#1"}
			}
		},
		{
			"from": [7.342, -3.2383, 14.55543],
			"to": [8.657, -2.8633, 15.15543],
			"rotation": {"angle": -45, "axis": "x", "origin": [8.5591, -2.6258, 8.24293]},
			"faces": {
				"north": {"uv": [0.2, 0, 1.515, 0.375], "rotation": 180, "texture": "#1"},
				"east": {"uv": [0, 2.6, 0.375, 3.2], "rotation": 90, "texture": "#1"},
				"south": {"uv": [0.2, 0, 1.515, 0.375], "texture": "#1"},
				"west": {"uv": [0, 2.6, 0.375, 3.2], "rotation": 270, "texture": "#1"},
				"up": {"uv": [0.2, 0, 1.515, 0.6], "rotation": 180, "texture": "#1"},
				"down": {"uv": [0.2, 0, 1.515, 0.6], "texture": "#1"}
			}
		},
		{
			"from": [7.342, 1.27206, 9.9039],
			"to": [8.657, 2.57206, 10.6789],
			"rotation": {"angle": 22.5, "axis": "x", "origin": [8.5591, -4.54044, 10.0664]},
			"faces": {
				"north": {"uv": [0.2, 0, 1.515, 1.3], "texture": "#1"},
				"east": {"uv": [0, 2.6, 0.775, 3.9], "rotation": 180, "texture": "#1"},
				"south": {"uv": [0.2, 0, 1.515, 1.3], "texture": "#1"},
				"west": {"uv": [0, 2.6, 0.775, 3.9], "rotation": 180, "texture": "#1"},
				"up": {"uv": [0.2, 0, 1.515, 0.775], "texture": "#1"},
				"down": {"uv": [0.2, 0, 1.515, 0.775], "texture": "#1"}
			}
		},
		{
			"from": [7.342, 0.14208, 12.16249],
			"to": [8.657, 1.34208, 12.93749],
			"faces": {
				"north": {"uv": [0.2, 0, 1.515, 1.2], "texture": "#1"},
				"east": {"uv": [0, 2.6, 0.775, 3.8], "rotation": 180, "texture": "#1"},
				"south": {"uv": [0.2, 0, 1.515, 1.2], "texture": "#1"},
				"west": {"uv": [0, 2.6, 0.775, 3.8], "rotation": 180, "texture": "#1"},
				"up": {"uv": [0.2, 0, 1.515, 0.775], "texture": "#1"},
				"down": {"uv": [0.2, 0, 1.515, 0.775], "texture": "#1"}
			}
		},
		{
			"from": [7.342, 1.72065, 7.36146],
			"to": [8.657, 2.09565, 13.11146],
			"faces": {
				"north": {"uv": [0.2, 0, 1.515, 0.375], "rotation": 180, "texture": "#1"},
				"east": {"uv": [0, 2.6, 0.375, 8.35], "rotation": 90, "texture": "#1"},
				"south": {"uv": [0.2, 0, 1.515, 0.375], "texture": "#1"},
				"west": {"uv": [0, 2.6, 0.375, 8.35], "rotation": 270, "texture": "#1"},
				"up": {"uv": [0.2, 0, 1.515, 5.75], "rotation": 180, "texture": "#1"},
				"down": {"uv": [0.2, 0, 1.515, 5.75], "texture": "#1"}
			}
		},
		{
			"from": [8.242, 1.92065, 7.36146],
			"to": [8.657, 2.09565, 13.91146],
			"faces": {
				"north": {"uv": [0.2, 0, 0.615, 0.175], "rotation": 180, "texture": "#1"},
				"east": {"uv": [0, 2.6, 0.175, 9.15], "rotation": 90, "texture": "#1"},
				"south": {"uv": [0.2, 0, 0.615, 0.175], "texture": "#1"},
				"west": {"uv": [0, 2.6, 0.175, 9.15], "rotation": 270, "texture": "#1"},
				"up": {"uv": [0.2, 0, 0.615, 6.55], "rotation": 180, "texture": "#1"},
				"down": {"uv": [0.2, 0, 0.615, 6.55], "texture": "#1"}
			}
		},
		{
			"from": [8.242, -0.77128, 13.60325],
			"to": [8.657, -0.59628, 14.20325],
			"rotation": {"angle": -22.5, "axis": "x", "origin": [9.4591, -0.15878, 7.29075]},
			"faces": {
				"north": {"uv": [0.2, 0, 0.615, 0.175], "rotation": 180, "texture": "#1"},
				"east": {"uv": [0, 2.6, 0.175, 3.2], "rotation": 90, "texture": "#1"},
				"south": {"uv": [0.2, 0, 0.615, 0.175], "texture": "#1"},
				"west": {"uv": [0, 2.6, 0.175, 3.2], "rotation": 270, "texture": "#1"},
				"up": {"uv": [0.2, 0, 0.615, 0.6], "rotation": 180, "texture": "#1"},
				"down": {"uv": [0.2, 0, 0.615, 0.6], "texture": "#1"}
			}
		},
		{
			"from": [7.3409, 2.92065, 9.96146],
			"to": [8.6559, 3.39565, 11.58646],
			"rotation": {"angle": 22.5, "axis": "x", "origin": [7.4409, 2.63315, 6.64896]},
			"faces": {
				"north": {"uv": [0, 0, 1.315, 0.475], "rotation": 180, "texture": "#1"},
				"east": {"uv": [0, 0, 0.475, 1.625], "rotation": 270, "texture": "#1"},
				"south": {"uv": [0, 0, 1.315, 0.475], "texture": "#1"},
				"west": {"uv": [0, 0, 0.475, 1.625], "rotation": 90, "texture": "#1"},
				"up": {"uv": [0, 0, 1.315, 1.625], "rotation": 180, "texture": "#1"},
				"down": {"uv": [0, 0, 1.315, 1.625], "texture": "#1"}
			}
		},
		{
			"from": [7.3409, 4.32065, 9.76146],
			"to": [8.6559, 4.79565, 11.38646],
			"rotation": {"angle": 45, "axis": "x", "origin": [7.4409, 2.63315, 6.64896]},
			"faces": {
				"north": {"uv": [0, 0, 1.315, 0.475], "rotation": 180, "texture": "#1"},
				"east": {"uv": [0, 0, 0.475, 1.625], "rotation": 270, "texture": "#1"},
				"south": {"uv": [0, 0, 1.315, 0.475], "texture": "#1"},
				"west": {"uv": [0, 0, 0.475, 1.625], "rotation": 90, "texture": "#1"},
				"up": {"uv": [0, 0, 1.315, 1.625], "rotation": 180, "texture": "#1"},
				"down": {"uv": [0, 0, 1.315, 1.625], "texture": "#1"}
			}
		},
		{
			"from": [7.3409, -3.30435, 9.63646],
			"to": [8.6559, 0.22065, 10.71146],
			"rotation": {"angle": -22.5, "axis": "x", "origin": [7.4409, 2.63315, 6.64896]},
			"faces": {
				"north": {"uv": [0, 0, 1.315, 3.525], "rotation": 180, "texture": "#1"},
				"east": {"uv": [0, 0, 1.075, 3.525], "rotation": 180, "texture": "#1"},
				"south": {"uv": [0, 0, 1.315, 3.525], "rotation": 180, "texture": "#1"},
				"west": {"uv": [0, 0, 1.075, 3.525], "rotation": 180, "texture": "#1"},
				"up": {"uv": [0, 0, 1.315, 1.075], "texture": "#1"},
				"down": {"uv": [0, 0, 1.315, 1.075], "texture": "#1"}
			}
		},
		{
			"from": [7.3409, -4.80435, 9.63646],
			"to": [8.6559, -0.07935, 11.76146],
			"rotation": {"angle": -22.5, "axis": "x", "origin": [7.4409, 2.63315, 6.64896]},
			"faces": {
				"north": {"uv": [0, 0, 1.315, 4.725], "rotation": 180, "texture": "#1"},
				"east": {"uv": [0, 0, 2.125, 4.725], "rotation": 180, "texture": "#1"},
				"south": {"uv": [0, 0, 1.315, 4.725], "rotation": 180, "texture": "#1"},
				"west": {"uv": [0, 0, 2.125, 4.725], "rotation": 180, "texture": "#1"},
				"up": {"uv": [0, 0, 1.315, 2.125], "texture": "#1"},
				"down": {"uv": [0, 0, 1.315, 2.125], "texture": "#1"}
			}
		},
		{
			"from": [7.2409, -4.70435, 9.96146],
			"to": [8.7559, -0.17935, 10.23646],
			"rotation": {"angle": -22.5, "axis": "x", "origin": [7.4409, 2.93315, 6.57396]},
			"faces": {
				"north": {"uv": [0, 0, 1.515, 4.525], "rotation": 180, "texture": "#3"},
				"east": {"uv": [0, 0, 0.275, 4.525], "rotation": 180, "texture": "#3"},
				"south": {"uv": [0, 0, 1.515, 4.525], "rotation": 180, "texture": "#3"},
				"west": {"uv": [0, 0, 0.275, 4.525], "rotation": 180, "texture": "#3"},
				"up": {"uv": [0, 0, 1.515, 0.275], "texture": "#3"},
				"down": {"uv": [0, 0, 1.515, 0.275], "texture": "#3"}
			}
		},
		{
			"from": [7.2409, 0.83415, 11.14877],
			"to": [8.7559, 1.45915, 11.92377],
			"faces": {
				"north": {"uv": [0, 0, 1.515, 0.625], "rotation": 180, "texture": "#3"},
				"east": {"uv": [0, 0, 0.775, 0.625], "rotation": 180, "texture": "#3"},
				"south": {"uv": [0, 0, 1.515, 0.625], "rotation": 180, "texture": "#3"},
				"west": {"uv": [0, 0, 0.775, 0.625], "rotation": 180, "texture": "#3"},
				"up": {"uv": [0, 0, 1.515, 0.775], "texture": "#3"},
				"down": {"uv": [0, 0, 1.515, 0.775], "texture": "#3"}
			}
		},
		{
			"from": [7.2409, 1.68491, 13.41079],
			"to": [8.7559, 2.70991, 14.18579],
			"rotation": {"angle": 22.5, "axis": "x", "origin": [7.4409, 5.82241, 9.52329]},
			"faces": {
				"north": {"uv": [0, 0, 1.515, 1.025], "rotation": 180, "texture": "#3"},
				"east": {"uv": [0, 0, 0.775, 1.025], "rotation": 180, "texture": "#3"},
				"south": {"uv": [0, 0, 1.515, 1.025], "rotation": 180, "texture": "#3"},
				"west": {"uv": [0, 0, 0.775, 1.025], "rotation": 180, "texture": "#3"},
				"up": {"uv": [0, 0, 1.515, 0.775], "texture": "#3"},
				"down": {"uv": [0, 0, 1.515, 0.775], "texture": "#3"}
			}
		},
		{
			"from": [7.2409, 2.38193, 16.27216],
			"to": [8.7559, 3.70693, 17.77216],
			"rotation": {"angle": 45, "axis": "x", "origin": [7.4409, 6.81943, 11.38466]},
			"faces": {
				"north": {"uv": [0, 0, 1.515, 1.325], "rotation": 180, "texture": "#3"},
				"east": {"uv": [0, 0, 1.5, 1.325], "rotation": 180, "texture": "#3"},
				"south": {"uv": [0, 0, 1.515, 1.325], "rotation": 180, "texture": "#3"},
				"west": {"uv": [0, 0, 1.5, 1.325], "rotation": 180, "texture": "#3"},
				"up": {"uv": [0, 0, 1.515, 1.5], "texture": "#3"},
				"down": {"uv": [0, 0, 1.515, 1.5], "texture": "#3"}
			}
		},
		{
			"from": [7.2409, -1.03231, 9.52527],
			"to": [8.7559, 0.86769, 11.32527],
			"rotation": {"angle": -22.5, "axis": "x", "origin": [7.4409, 6.45519, 14.43777]},
			"faces": {
				"north": {"uv": [0, 0, 1.515, 1.9], "rotation": 180, "texture": "#3"},
				"east": {"uv": [0, 0, 1.9, 1.8], "rotation": 90, "texture": "#3"},
				"south": {"uv": [0, 0, 1.515, 1.9], "texture": "#3"},
				"west": {"uv": [0, 0, 1.9, 1.8], "rotation": 270, "texture": "#3"},
				"up": {"uv": [0, 0, 1.515, 1.8], "texture": "#3"},
				"down": {"uv": [0, 0, 1.515, 1.8], "rotation": 180, "texture": "#3"}
			}
		},
		{
			"from": [7.2409, -3.32846, 12.30254],
			"to": [8.7559, -1.65346, 14.42754],
			"faces": {
				"north": {"uv": [0, 0, 1.515, 1.675], "rotation": 180, "texture": "#3"},
				"east": {"uv": [0, 0, 1.675, 2.125], "rotation": 90, "texture": "#3"},
				"south": {"uv": [0, 0, 1.515, 1.675], "texture": "#3"},
				"west": {"uv": [0, 0, 1.675, 2.125], "rotation": 270, "texture": "#3"},
				"up": {"uv": [0, 0, 1.515, 2.125], "texture": "#3"},
				"down": {"uv": [0, 0, 1.515, 2.125], "rotation": 180, "texture": "#3"}
			}
		},
		{
			"from": [7.3409, -3.24372, 11.91698],
			"to": [8.6559, -0.81872, 12.64198],
			"faces": {
				"north": {"uv": [0, 0, 1.315, 2.425], "rotation": 180, "texture": "#1"},
				"east": {"uv": [0, 0, 0.725, 2.425], "rotation": 180, "texture": "#1"},
				"south": {"uv": [0, 0, 1.315, 2.425], "rotation": 180, "texture": "#1"},
				"west": {"uv": [0, 0, 0.725, 2.425], "rotation": 180, "texture": "#1"},
				"up": {"uv": [0, 0, 1.315, 0.725], "texture": "#1"},
				"down": {"uv": [0, 0, 1.315, 0.725], "texture": "#1"}
			}
		},
		{
			"from": [7.2409, -4.70435, 10.16146],
			"to": [8.7559, -0.67935, 10.73646],
			"rotation": {"angle": -22.5, "axis": "x", "origin": [7.4409, 2.93315, 6.57396]},
			"faces": {
				"north": {"uv": [0, 0, 1.515, 4.025], "rotation": 180, "texture": "#3"},
				"east": {"uv": [0, 0, 0.575, 4.025], "rotation": 180, "texture": "#3"},
				"south": {"uv": [0, 0, 1.515, 4.025], "rotation": 180, "texture": "#3"},
				"west": {"uv": [0, 0, 0.575, 4.025], "rotation": 180, "texture": "#3"},
				"up": {"uv": [0, 0, 1.515, 0.575], "texture": "#3"},
				"down": {"uv": [0, 0, 1.515, 0.575], "texture": "#3"}
			}
		},
		{
			"from": [7.3409, 0.92065, 11.26146],
			"to": [7.5409, 2.09565, 12.86146],
			"faces": {
				"north": {"uv": [0, 0, 0.2, 1.175], "rotation": 180, "texture": "#1"},
				"east": {"uv": [0, 0, 1.175, 1.6], "rotation": 270, "texture": "#1"},
				"south": {"uv": [0, 0, 0.2, 1.175], "texture": "#1"},
				"west": {"uv": [0, 0, 1.175, 1.6], "rotation": 90, "texture": "#1"},
				"up": {"uv": [0, 0, 0.2, 1.6], "rotation": 180, "texture": "#1"},
				"down": {"uv": [0, 0, 0.2, 1.6], "texture": "#1"}
			}
		},
		{
			"from": [7.6, 2.7, 10.2],
			"to": [8.4, 3, 13.95],
			"faces": {
				"north": {"uv": [0, 0, 0.8, 0.3], "texture": "#1"},
				"east": {"uv": [0, 0, 3.75, 0.3], "texture": "#1"},
				"south": {"uv": [0, 0, 0.8, 0.3], "texture": "#1"},
				"west": {"uv": [0, 0, 3.75, 0.3], "texture": "#1"},
				"up": {"uv": [0, 0, 0.8, 3.75], "texture": "#1"},
				"down": {"uv": [0, 0, 0.8, 3.75], "texture": "#1"}
			}
		},
		{
			"from": [8.2, 2, 11],
			"to": [8.6, 2.8, 13.95],
			"faces": {
				"north": {"uv": [0, 0, 0.4, 0.8], "texture": "#1"},
				"east": {"uv": [0, 0, 2.95, 0.8], "texture": "#1"},
				"south": {"uv": [0, 0, 0.4, 0.8], "texture": "#1"},
				"west": {"uv": [0, 0, 2.95, 0.8], "texture": "#1"},
				"up": {"uv": [0, 0, 0.4, 2.95], "texture": "#1"},
				"down": {"uv": [0, 0, 0.4, 2.95], "texture": "#1"}
			}
		},
		{
			"from": [7.4, 2, 4.6],
			"to": [7.8, 2.8, 13.95],
			"faces": {
				"north": {"uv": [0, 0, 0.4, 0.8], "texture": "#1"},
				"east": {"uv": [0, 0, 9.35, 0.8], "texture": "#1"},
				"south": {"uv": [0, 0, 0.4, 0.8], "texture": "#1"},
				"west": {"uv": [0, 0, 9.35, 0.8], "texture": "#1"},
				"up": {"uv": [0, 0, 0.4, 9.35], "texture": "#1"},
				"down": {"uv": [0, 0, 0.4, 9.35], "texture": "#1"}
			}
		},
		{
			"from": [7.5, 1.7, 9.3],
			"to": [7.8, 2.3, 10.8],
			"rotation": {"angle": -22.5, "axis": "x", "origin": [7.3, 9.8, 12.6]},
			"faces": {
				"north": {"uv": [0, 0, 0.3, 0.6], "texture": "#1"},
				"east": {"uv": [0, 0, 1.5, 0.6], "texture": "#1"},
				"south": {"uv": [0, 0, 0.3, 0.6], "texture": "#1"},
				"west": {"uv": [0, 0, 1.5, 0.6], "texture": "#1"},
				"up": {"uv": [0, 0, 0.3, 1.5], "texture": "#1"},
				"down": {"uv": [0, 0, 0.3, 1.5], "texture": "#1"}
			}
		},
		{
			"from": [7.5, 2.75, 6.3],
			"to": [7.8, 3.35, 7.8],
			"rotation": {"angle": -45, "axis": "x", "origin": [7.3, 9.9, 12.525]},
			"faces": {
				"north": {"uv": [0, 0, 0.3, 0.6], "texture": "#1"},
				"east": {"uv": [0, 0, 1.5, 0.6], "texture": "#1"},
				"south": {"uv": [0, 0, 0.3, 0.6], "texture": "#1"},
				"west": {"uv": [0, 0, 1.5, 0.6], "texture": "#1"},
				"up": {"uv": [0, 0, 0.3, 1.5], "texture": "#1"},
				"down": {"uv": [0, 0, 0.3, 1.5], "texture": "#1"}
			}
		},
		{
			"from": [7.5, 2.425, 16.9],
			"to": [7.8, 2.875, 17.5],
			"rotation": {"angle": 22.5, "axis": "x", "origin": [7.3, 9.9, 12.4]},
			"faces": {
				"north": {"uv": [0, 0, 0.3, 0.45], "rotation": 180, "texture": "#1"},
				"east": {"uv": [0, 0, 0.45, 0.6], "rotation": 90, "texture": "#1"},
				"south": {"uv": [0, 0, 0.3, 0.45], "texture": "#1"},
				"west": {"uv": [0, 0, 0.45, 0.6], "rotation": 270, "texture": "#1"},
				"up": {"uv": [0, 0, 0.3, 0.6], "texture": "#1"},
				"down": {"uv": [0, 0, 0.3, 0.6], "rotation": 180, "texture": "#1"}
			}
		},
		{
			"from": [7.5, 1.2, 14],
			"to": [7.8, 1.5, 14.75],
			"faces": {
				"north": {"uv": [0, 0, 0.3, 0.3], "rotation": 180, "texture": "#1"},
				"east": {"uv": [0, 0, 0.3, 0.75], "rotation": 90, "texture": "#1"},
				"south": {"uv": [0, 0, 0.3, 0.3], "texture": "#1"},
				"west": {"uv": [0, 0, 0.3, 0.75], "rotation": 270, "texture": "#1"},
				"up": {"uv": [0, 0, 0.3, 0.75], "texture": "#1"},
				"down": {"uv": [0, 0, 0.3, 0.75], "rotation": 180, "texture": "#1"}
			}
		},
		{
			"from": [7.5, -0.41711, 10.49526],
			"to": [7.8, -0.26711, 11.67026],
			"rotation": {"angle": -22.5, "axis": "x", "origin": [7.3, 8.13289, 9.14526]},
			"faces": {
				"north": {"uv": [0, 0, 0.3, 0.15], "rotation": 180, "texture": "#1"},
				"east": {"uv": [0, 0, 0.15, 1.175], "rotation": 90, "texture": "#1"},
				"south": {"uv": [0, 0, 0.3, 0.15], "texture": "#1"},
				"west": {"uv": [0, 0, 0.15, 1.175], "rotation": 270, "texture": "#1"},
				"up": {"uv": [0, 0, 0.3, 1.175], "texture": "#1"},
				"down": {"uv": [0, 0, 0.3, 1.175], "rotation": 180, "texture": "#1"}
			}
		},
		{
			"from": [7.5, -0.49211, 6.39526],
			"to": [7.8, 0.10789, 7.97026],
			"rotation": {"angle": -45, "axis": "x", "origin": [7.3, 8.13289, 9.14526]},
			"faces": {
				"north": {"uv": [0, 0, 0.3, 0.6], "rotation": 180, "texture": "#1"},
				"east": {"uv": [0, 0, 0.6, 1.575], "rotation": 90, "texture": "#1"},
				"south": {"uv": [0, 0, 0.3, 0.6], "texture": "#1"},
				"west": {"uv": [0, 0, 0.6, 1.575], "rotation": 270, "texture": "#1"},
				"up": {"uv": [0, 0, 0.3, 1.575], "texture": "#1"},
				"down": {"uv": [0, 0, 0.3, 1.575], "rotation": 180, "texture": "#1"}
			}
		},
		{
			"from": [7.5, 2.53289, 15.82026],
			"to": [7.8, 3.73289, 16.04526],
			"rotation": {"angle": 22.5, "axis": "x", "origin": [7.3, 8.03289, 9.52026]},
			"faces": {
				"north": {"uv": [0, 0, 0.3, 1.2], "rotation": 180, "texture": "#1"},
				"east": {"uv": [0, 0, 0.225, 1.2], "rotation": 180, "texture": "#1"},
				"south": {"uv": [0, 0, 0.3, 1.2], "rotation": 180, "texture": "#1"},
				"west": {"uv": [0, 0, 0.225, 1.2], "rotation": 180, "texture": "#1"},
				"up": {"uv": [0, 0, 0.3, 0.225], "texture": "#1"},
				"down": {"uv": [0, 0, 0.3, 0.225], "texture": "#1"}
			}
		},
		{
			"from": [7.5, 2.10789, 16.09526],
			"to": [7.8, 3.30789, 16.32026],
			"rotation": {"angle": 22.5, "axis": "x", "origin": [7.3, 8.13289, 9.14526]},
			"faces": {
				"north": {"uv": [0, 0, 0.3, 1.2], "rotation": 180, "texture": "#1"},
				"east": {"uv": [0, 0, 0.225, 1.2], "rotation": 180, "texture": "#1"},
				"south": {"uv": [0, 0, 0.3, 1.2], "rotation": 180, "texture": "#1"},
				"west": {"uv": [0, 0, 0.225, 1.2], "rotation": 180, "texture": "#1"},
				"up": {"uv": [0, 0, 0.3, 0.225], "texture": "#1"},
				"down": {"uv": [0, 0, 0.3, 0.225], "texture": "#1"}
			}
		},
		{
			"from": [7.7, 2.10789, 16.09526],
			"to": [8.5, 3.30789, 16.32026],
			"rotation": {"angle": 22.5, "axis": "x", "origin": [8, 8.13289, 9.14526]},
			"faces": {
				"north": {"uv": [0, 0, 0.8, 1.2], "rotation": 180, "texture": "#1"},
				"east": {"uv": [0, 0, 0.225, 1.2], "rotation": 180, "texture": "#1"},
				"south": {"uv": [0, 0, 0.8, 1.2], "rotation": 180, "texture": "#1"},
				"west": {"uv": [0, 0, 0.225, 1.2], "rotation": 180, "texture": "#1"},
				"up": {"uv": [0, 0, 0.8, 0.225], "texture": "#1"},
				"down": {"uv": [0, 0, 0.8, 0.225], "texture": "#1"}
			}
		},
		{
			"from": [8.2, 1.7, 9.3],
			"to": [8.5, 2.3, 10.8],
			"rotation": {"angle": -22.5, "axis": "x", "origin": [8, 9.8, 12.6]},
			"faces": {
				"north": {"uv": [0, 0, 0.3, 0.6], "texture": "#1"},
				"east": {"uv": [0, 0, 1.5, 0.6], "texture": "#1"},
				"south": {"uv": [0, 0, 0.3, 0.6], "texture": "#1"},
				"west": {"uv": [0, 0, 1.5, 0.6], "texture": "#1"},
				"up": {"uv": [0, 0, 0.3, 1.5], "texture": "#1"},
				"down": {"uv": [0, 0, 0.3, 1.5], "texture": "#1"}
			}
		},
		{
			"from": [8.2, 2.75, 6.3],
			"to": [8.5, 3.35, 7.8],
			"rotation": {"angle": -45, "axis": "x", "origin": [8, 9.9, 12.525]},
			"faces": {
				"north": {"uv": [0, 0, 0.3, 0.6], "texture": "#1"},
				"east": {"uv": [0, 0, 1.5, 0.6], "texture": "#1"},
				"south": {"uv": [0, 0, 0.3, 0.6], "texture": "#1"},
				"west": {"uv": [0, 0, 1.5, 0.6], "texture": "#1"},
				"up": {"uv": [0, 0, 0.3, 1.5], "texture": "#1"},
				"down": {"uv": [0, 0, 0.3, 1.5], "texture": "#1"}
			}
		},
		{
			"from": [8.2, 2.425, 16.9],
			"to": [8.5, 2.875, 17.5],
			"rotation": {"angle": 22.5, "axis": "x", "origin": [8, 9.9, 12.4]},
			"faces": {
				"north": {"uv": [0, 0, 0.3, 0.45], "rotation": 180, "texture": "#1"},
				"east": {"uv": [0, 0, 0.45, 0.6], "rotation": 90, "texture": "#1"},
				"south": {"uv": [0, 0, 0.3, 0.45], "texture": "#1"},
				"west": {"uv": [0, 0, 0.45, 0.6], "rotation": 270, "texture": "#1"},
				"up": {"uv": [0, 0, 0.3, 0.6], "texture": "#1"},
				"down": {"uv": [0, 0, 0.3, 0.6], "rotation": 180, "texture": "#1"}
			}
		},
		{
			"from": [8.2, 1.2, 14],
			"to": [8.5, 1.5, 14.75],
			"faces": {
				"north": {"uv": [0, 0, 0.3, 0.3], "rotation": 180, "texture": "#1"},
				"east": {"uv": [0, 0, 0.3, 0.75], "rotation": 90, "texture": "#1"},
				"south": {"uv": [0, 0, 0.3, 0.3], "texture": "#1"},
				"west": {"uv": [0, 0, 0.3, 0.75], "rotation": 270, "texture": "#1"},
				"up": {"uv": [0, 0, 0.3, 0.75], "texture": "#1"},
				"down": {"uv": [0, 0, 0.3, 0.75], "rotation": 180, "texture": "#1"}
			}
		},
		{
			"from": [7.7, -0.41711, 10.49526],
			"to": [8.5, -0.26711, 11.67026],
			"rotation": {"angle": -22.5, "axis": "x", "origin": [8, 8.13289, 9.14526]},
			"faces": {
				"north": {"uv": [0, 0, 0.8, 0.15], "rotation": 180, "texture": "#1"},
				"east": {"uv": [0, 0, 0.15, 1.175], "rotation": 90, "texture": "#1"},
				"south": {"uv": [0, 0, 0.8, 0.15], "texture": "#1"},
				"west": {"uv": [0, 0, 0.15, 1.175], "rotation": 270, "texture": "#1"},
				"up": {"uv": [0, 0, 0.8, 1.175], "texture": "#1"},
				"down": {"uv": [0, 0, 0.8, 1.175], "rotation": 180, "texture": "#1"}
			}
		},
		{
			"from": [7.7, -0.49211, 6.39526],
			"to": [8.5, -0.09211, 7.97026],
			"rotation": {"angle": -45, "axis": "x", "origin": [8, 8.13289, 9.14526]},
			"faces": {
				"north": {"uv": [0, 0, 0.8, 0.4], "rotation": 180, "texture": "#1"},
				"east": {"uv": [0, 0, 0.4, 1.575], "rotation": 90, "texture": "#1"},
				"south": {"uv": [0, 0, 0.8, 0.4], "texture": "#1"},
				"west": {"uv": [0, 0, 0.4, 1.575], "rotation": 270, "texture": "#1"},
				"up": {"uv": [0, 0, 0.8, 1.575], "texture": "#1"},
				"down": {"uv": [0, 0, 0.8, 1.575], "rotation": 180, "texture": "#1"}
			}
		},
		{
			"from": [8.2, 2.53289, 15.82026],
			"to": [8.5, 3.73289, 16.04526],
			"rotation": {"angle": 22.5, "axis": "x", "origin": [8, 8.03289, 9.52026]},
			"faces": {
				"north": {"uv": [0, 0, 0.3, 1.2], "rotation": 180, "texture": "#1"},
				"east": {"uv": [0, 0, 0.225, 1.2], "rotation": 180, "texture": "#1"},
				"south": {"uv": [0, 0, 0.3, 1.2], "rotation": 180, "texture": "#1"},
				"west": {"uv": [0, 0, 0.225, 1.2], "rotation": 180, "texture": "#1"},
				"up": {"uv": [0, 0, 0.3, 0.225], "texture": "#1"},
				"down": {"uv": [0, 0, 0.3, 0.225], "texture": "#1"}
			}
		},
		{
			"from": [7.8, 1.7, 9],
			"to": [8.3, 2.5, 10.65],
			"rotation": {"angle": -22.5, "axis": "x", "origin": [8, 9.8, 12.6]},
			"faces": {
				"north": {"uv": [0, 0, 0.5, 0.8], "texture": "#1"},
				"east": {"uv": [0, 0, 1.65, 0.8], "texture": "#1"},
				"south": {"uv": [0, 0, 0.5, 0.8], "texture": "#1"},
				"west": {"uv": [0, 0, 1.65, 0.8], "texture": "#1"},
				"up": {"uv": [0, 0, 0.5, 1.65], "texture": "#1"},
				"down": {"uv": [0, 0, 0.5, 1.65], "texture": "#1"}
			}
		},
		{
			"from": [7.8, 2.7, 6.1],
			"to": [8.3, 3.1, 7.75],
			"rotation": {"angle": -45, "axis": "x", "origin": [8, 9.8, 12.6]},
			"faces": {
				"north": {"uv": [0, 0, 0.5, 0.4], "texture": "#1"},
				"east": {"uv": [0, 0, 1.65, 0.4], "texture": "#1"},
				"south": {"uv": [0, 0, 0.5, 0.4], "texture": "#1"},
				"west": {"uv": [0, 0, 1.65, 0.4], "texture": "#1"},
				"up": {"uv": [0, 0, 0.5, 1.65], "texture": "#1"},
				"down": {"uv": [0, 0, 0.5, 1.65], "texture": "#1"}
			}
		},
		{
			"from": [7.825, 1.9, 8.825],
			"to": [8.175, 2.1, 11.275],
			"rotation": {"angle": -22.5, "axis": "x", "origin": [8, 9.8, 12.425]},
			"faces": {
				"north": {"uv": [0, 0, 0.35, 0.2], "texture": "#2"},
				"east": {"uv": [0, 0, 2.45, 0.2], "texture": "#2"},
				"south": {"uv": [0, 0, 0.35, 0.2], "texture": "#2"},
				"west": {"uv": [0, 0, 2.45, 0.2], "texture": "#2"},
				"up": {"uv": [0, 0, 0.35, 2.45], "texture": "#2"},
				"down": {"uv": [0, 0, 0.35, 2.45], "texture": "#2"}
			}
		},
		{
			"from": [7.825, 2.29299, 7.74518],
			"to": [8.175, 2.49299, 7.89518],
			"rotation": {"angle": -45, "axis": "x", "origin": [8, 10.19299, 11.34518]},
			"faces": {
				"north": {"uv": [0, 0, 0.35, 0.2], "texture": "#2"},
				"east": {"uv": [0, 0, 0.15, 0.2], "texture": "#2"},
				"south": {"uv": [0, 0, 0.35, 0.2], "texture": "#2"},
				"west": {"uv": [0, 0, 0.15, 0.2], "texture": "#2"},
				"up": {"uv": [0, 0, 0.35, 0.15], "texture": "#2"},
				"down": {"uv": [0, 0, 0.35, 0.15], "texture": "#2"}
			}
		},
		{
			"from": [7.825, 2.19989, 14.32812],
			"to": [8.175, 2.39989, 14.52812],
			"rotation": {"angle": 22.5, "axis": "x", "origin": [8, 2.27489, 14.42812]},
			"faces": {
				"north": {"uv": [0, 0, 0.35, 0.2], "rotation": 180, "texture": "#2"},
				"east": {"uv": [0, 0, 0.2, 0.2], "rotation": 90, "texture": "#2"},
				"south": {"uv": [0, 0, 0.35, 0.2], "texture": "#2"},
				"west": {"uv": [0, 0, 0.2, 0.2], "rotation": 270, "texture": "#2"},
				"up": {"uv": [0, 0, 0.35, 0.2], "texture": "#2"},
				"down": {"uv": [0, 0, 0.35, 0.2], "rotation": 180, "texture": "#2"}
			}
		},
		{
			"from": [7.825, 2.30813, 14.34725],
			"to": [8.175, 2.63313, 14.54725],
			"rotation": {"angle": -22.5, "axis": "x", "origin": [8, 2.38313, 14.44725]},
			"faces": {
				"north": {"uv": [0, 0, 0.35, 0.325], "rotation": 180, "texture": "#2"},
				"east": {"uv": [0, 0, 0.325, 0.2], "rotation": 90, "texture": "#2"},
				"south": {"uv": [0, 0, 0.35, 0.325], "texture": "#2"},
				"west": {"uv": [0, 0, 0.325, 0.2], "rotation": 270, "texture": "#2"},
				"up": {"uv": [0, 0, 0.35, 0.2], "texture": "#2"},
				"down": {"uv": [0, 0, 0.35, 0.2], "rotation": 180, "texture": "#2"}
			}
		},
		{
			"from": [7.825, 2.50813, 13.42225],
			"to": [8.175, 2.70813, 14.47225],
			"rotation": {"angle": -22.5, "axis": "x", "origin": [8, 2.38313, 14.44725]},
			"faces": {
				"north": {"uv": [0, 0, 0.35, 0.2], "rotation": 180, "texture": "#2"},
				"east": {"uv": [0, 0, 0.2, 1.05], "rotation": 90, "texture": "#2"},
				"south": {"uv": [0, 0, 0.35, 0.2], "texture": "#2"},
				"west": {"uv": [0, 0, 0.2, 1.05], "rotation": 270, "texture": "#2"},
				"up": {"uv": [0, 0, 0.35, 1.05], "texture": "#2"},
				"down": {"uv": [0, 0, 0.35, 1.05], "rotation": 180, "texture": "#2"}
			}
		},
		{
			"from": [7.825, 2.23313, 13.42225],
			"to": [8.175, 2.70813, 13.99725],
			"rotation": {"angle": -22.5, "axis": "x", "origin": [8, 2.38313, 14.44725]},
			"faces": {
				"north": {"uv": [0, 0, 0.35, 0.475], "rotation": 180, "texture": "#2"},
				"east": {"uv": [0, 0, 0.475, 0.575], "rotation": 90, "texture": "#2"},
				"south": {"uv": [0, 0, 0.35, 0.475], "texture": "#2"},
				"west": {"uv": [0, 0, 0.475, 0.575], "rotation": 270, "texture": "#2"},
				"up": {"uv": [0, 0, 0.35, 0.575], "texture": "#2"},
				"down": {"uv": [0, 0, 0.35, 0.575], "rotation": 180, "texture": "#2"}
			}
		},
		{
			"from": [7.6, 2.7, 13.5],
			"to": [8.4, 3.175, 13.65],
			"faces": {
				"north": {"uv": [0, 0, 0.8, 0.475], "texture": "#1"},
				"east": {"uv": [0, 0, 0.15, 0.475], "texture": "#1"},
				"south": {"uv": [0, 0, 0.8, 0.475], "texture": "#1"},
				"west": {"uv": [0, 0, 0.15, 0.475], "texture": "#1"},
				"up": {"uv": [0, 0, 0.8, 0.15], "texture": "#1"},
				"down": {"uv": [0, 0, 0.8, 0.15], "texture": "#1"}
			}
		},
		{
			"from": [7.7, 2.7, 13.5],
			"to": [7.9, 3.275, 13.65],
			"faces": {
				"north": {"uv": [0, 0, 0.2, 0.575], "texture": "#1"},
				"east": {"uv": [0, 0, 0.15, 0.575], "texture": "#1"},
				"south": {"uv": [0, 0, 0.2, 0.575], "texture": "#1"},
				"west": {"uv": [0, 0, 0.15, 0.575], "texture": "#1"},
				"up": {"uv": [0, 0, 0.2, 0.15], "texture": "#1"},
				"down": {"uv": [0, 0, 0.2, 0.15], "texture": "#1"}
			}
		},
		{
			"from": [8.1, 2.69445, 12.87211],
			"to": [8.3, 3.26945, 13.62211],
			"rotation": {"angle": -22.5, "axis": "x", "origin": [8, 2.96529, 13.54711]},
			"faces": {
				"north": {"uv": [0, 0, 0.2, 0.575], "texture": "#1"},
				"east": {"uv": [0, 0, 0.75, 0.575], "texture": "#1"},
				"south": {"uv": [0, 0, 0.2, 0.575], "texture": "#1"},
				"west": {"uv": [0, 0, 0.75, 0.575], "texture": "#1"},
				"up": {"uv": [0, 0, 0.2, 0.75], "texture": "#1"},
				"down": {"uv": [0, 0, 0.2, 0.75], "texture": "#1"}
			}
		},
		{
			"from": [8.1, 2.7, 13.5],
			"to": [8.3, 3.275, 13.65],
			"faces": {
				"north": {"uv": [0, 0, 0.2, 0.575], "texture": "#1"},
				"east": {"uv": [0, 0, 0.15, 0.575], "texture": "#1"},
				"south": {"uv": [0, 0, 0.2, 0.575], "texture": "#1"},
				"west": {"uv": [0, 0, 0.15, 0.575], "texture": "#1"},
				"up": {"uv": [0, 0, 0.2, 0.15], "texture": "#1"},
				"down": {"uv": [0, 0, 0.2, 0.15], "texture": "#1"}
			}
		},
		{
			"from": [7.7, 2.69445, 12.87211],
			"to": [7.9, 3.26945, 13.62211],
			"rotation": {"angle": -22.5, "axis": "x", "origin": [8, 2.96529, 13.54711]},
			"faces": {
				"north": {"uv": [0, 0, 0.2, 0.575], "texture": "#1"},
				"east": {"uv": [0, 0, 0.75, 0.575], "texture": "#1"},
				"south": {"uv": [0, 0, 0.2, 0.575], "texture": "#1"},
				"west": {"uv": [0, 0, 0.75, 0.575], "texture": "#1"},
				"up": {"uv": [0, 0, 0.2, 0.75], "texture": "#1"},
				"down": {"uv": [0, 0, 0.2, 0.75], "texture": "#1"}
			}
		},
		{
			"from": [7.6, 2.68684, 12.83384],
			"to": [8.4, 3.16184, 13.58384],
			"rotation": {"angle": -22.5, "axis": "x", "origin": [8, 2.95767, 13.50884]},
			"faces": {
				"north": {"uv": [0, 0, 0.8, 0.475], "texture": "#1"},
				"east": {"uv": [0, 0, 0.75, 0.475], "texture": "#1"},
				"south": {"uv": [0, 0, 0.8, 0.475], "texture": "#1"},
				"west": {"uv": [0, 0, 0.75, 0.475], "texture": "#1"},
				"up": {"uv": [0, 0, 0.8, 0.75], "texture": "#1"},
				"down": {"uv": [0, 0, 0.8, 0.75], "texture": "#1"}
			}
		},
		{
			"from": [7.9, 2, 4.8],
			"to": [8.1, 3.175, 5.65],
			"faces": {
				"north": {"uv": [0, 0, 0.2, 1.175], "texture": "#1"},
				"east": {"uv": [0, 0, 0.85, 1.175], "texture": "#1"},
				"south": {"uv": [0, 0, 0.2, 1.175], "texture": "#1"},
				"west": {"uv": [0, 0, 0.85, 1.175], "texture": "#1"},
				"up": {"uv": [0, 0, 0.2, 0.85], "texture": "#1"},
				"down": {"uv": [0, 0, 0.2, 0.85], "texture": "#1"}
			}
		},
		{
			"from": [8.15, 3.15, 13.5],
			"to": [8.25, 3.25, 13.7],
			"faces": {
				"north": {"uv": [0, 0, 0.1, 0.1], "texture": "#4"},
				"east": {"uv": [0, 0, 0.2, 0.1], "texture": "#4"},
				"south": {"uv": [0, 0, 0.1, 0.1], "texture": "#4"},
				"west": {"uv": [0, 0, 0.2, 0.1], "texture": "#4"},
				"up": {"uv": [0, 0, 0.1, 0.2], "texture": "#4"},
				"down": {"uv": [0, 0, 0.1, 0.2], "texture": "#4"}
			}
		},
		{
			"from": [7.75, 3.15, 13.5],
			"to": [7.85, 3.25, 13.7],
			"faces": {
				"north": {"uv": [0, 0, 0.1, 0.1], "texture": "#4"},
				"east": {"uv": [0, 0, 0.2, 0.1], "texture": "#4"},
				"south": {"uv": [0, 0, 0.1, 0.1], "texture": "#4"},
				"west": {"uv": [0, 0, 0.2, 0.1], "texture": "#4"},
				"up": {"uv": [0, 0, 0.1, 0.2], "texture": "#4"},
				"down": {"uv": [0, 0, 0.1, 0.2], "texture": "#4"}
			}
		},
		{
			"from": [7.4, 2, 10.2],
			"to": [8.6, 2.8, 13.95],
			"faces": {
				"north": {"uv": [0, 0, 1.2, 0.8], "texture": "#1"},
				"east": {"uv": [0, 0, 3.75, 0.8], "texture": "#1"},
				"south": {"uv": [0, 0, 1.2, 0.8], "texture": "#1"},
				"west": {"uv": [0, 0, 3.75, 0.8], "texture": "#1"},
				"up": {"uv": [0, 0, 1.2, 3.75], "texture": "#1"},
				"down": {"uv": [0, 0, 1.2, 3.75], "texture": "#1"}
			}
		},
		{
			"from": [7.84343, 2.44946, 10.2],
			"to": [8.12343, 2.64946, 13.95],
			"rotation": {"angle": -45, "axis": "z", "origin": [8.54343, 2.14946, 10.5]},
			"faces": {
				"north": {"uv": [0, 0, 0.28, 0.2], "texture": "#1"},
				"east": {"uv": [0, 0, 3.75, 0.2], "texture": "#1"},
				"south": {"uv": [0, 0, 0.28, 0.2], "texture": "#1"},
				"west": {"uv": [0, 0, 3.75, 0.2], "texture": "#1"},
				"up": {"uv": [0, 0, 0.28, 3.75], "texture": "#1"},
				"down": {"uv": [0, 0, 0.28, 3.75], "texture": "#1"}
			}
		},
		{
			"from": [7.6, 2.7, 7.6],
			"to": [8, 3, 13.95],
			"faces": {
				"north": {"uv": [0, 0, 0.4, 0.3], "texture": "#1"},
				"east": {"uv": [0, 0, 6.35, 0.3], "texture": "#1"},
				"south": {"uv": [0, 0, 0.4, 0.3], "texture": "#1"},
				"west": {"uv": [0, 0, 6.35, 0.3], "texture": "#1"},
				"up": {"uv": [0, 0, 0.4, 6.35], "texture": "#1"},
				"down": {"uv": [0, 0, 0.4, 6.35], "texture": "#1"}
			}
		},
		{
			"from": [7.67678, 1.89822, 6.775],
			"to": [8.42178, 2.94822, 12.375],
			"faces": {
				"north": {"uv": [0, 0, 1.05, 0.745], "rotation": 90, "texture": "#5"},
				"east": {"uv": [0, 0, 1.05, 5.6], "rotation": 270, "texture": "#5"},
				"south": {"uv": [0, 0, 1.05, 0.745], "rotation": 270, "texture": "#5"},
				"west": {"uv": [0, 0, 1.05, 5.6], "rotation": 90, "texture": "#5"},
				"up": {"uv": [0, 0, 5.6, 0.745], "rotation": 270, "texture": "#5"},
				"down": {"uv": [0, 0, 5.6, 0.745], "rotation": 270, "texture": "#5"}
			}
		},
		{
			"from": [7.67678, 1.89822, 6.775],
			"to": [8.52178, 2.84822, 12.375],
			"faces": {
				"north": {"uv": [0, 0, 0.95, 0.845], "rotation": 90, "texture": "#5"},
				"east": {"uv": [0, 0, 0.95, 5.6], "rotation": 270, "texture": "#5"},
				"south": {"uv": [0, 0, 0.95, 0.845], "rotation": 270, "texture": "#5"},
				"west": {"uv": [0, 0, 0.95, 5.6], "rotation": 90, "texture": "#5"},
				"up": {"uv": [0, 0, 5.6, 0.845], "rotation": 270, "texture": "#5"},
				"down": {"uv": [0, 0, 5.6, 0.845], "rotation": 270, "texture": "#5"}
			}
		},
		{
			"name": "hexadecagon",
			"from": [7.75398, 0.12916, 10.46826],
			"to": [8.25618, 0.73366, 11.07276],
			"rotation": {"angle": 22.5, "axis": "x", "origin": [8.00508, -0.19634, 10.16601]},
			"faces": {
				"north": {"uv": [8, 0, 16, 8], "rotation": 90, "texture": "#2"},
				"east": {"uv": [8, 0, 16, 8], "rotation": 90, "texture": "#2"},
				"south": {"uv": [8, 0, 16, 8], "rotation": 90, "texture": "#2"},
				"west": {"uv": [8, 0, 16, 8], "rotation": 90, "texture": "#2"},
				"up": {"uv": [8, 0, 16, 8], "rotation": 90, "texture": "#2"},
				"down": {"uv": [8, 0, 16, 8], "rotation": 90, "texture": "#2"}
			}
		},
		{
			"name": "hexadecagon",
			"from": [7.7457, -0.60318, 8.6935],
			"to": [8.2479, -0.41718, 12.5065],
			"rotation": {"angle": -22.5, "axis": "x", "origin": [8.34968, 3.07032, 8.6935]},
			"faces": {
				"north": {"uv": [8, 0, 16, 8], "rotation": 90, "texture": "#2"},
				"east": {"uv": [8, 0, 16, 8], "rotation": 90, "texture": "#2"},
				"south": {"uv": [8, 0, 16, 8], "rotation": 90, "texture": "#2"},
				"west": {"uv": [8, 0, 16, 8], "rotation": 90, "texture": "#2"},
				"up": {"uv": [8, 0, 16, 8], "rotation": 90, "texture": "#2"},
				"down": {"uv": [8, 0, 16, 8], "rotation": 90, "texture": "#2"}
			}
		},
		{
			"name": "hexadecagon",
			"from": [7.74676, -0.32513, 9.26277],
			"to": [8.24896, -0.13913, 10.09977],
			"faces": {
				"north": {"uv": [8, 0, 16, 8], "rotation": 90, "texture": "#2"},
				"east": {"uv": [8, 0, 16, 8], "rotation": 90, "texture": "#2"},
				"south": {"uv": [8, 0, 16, 8], "rotation": 90, "texture": "#2"},
				"west": {"uv": [8, 0, 16, 8], "rotation": 90, "texture": "#2"},
				"up": {"uv": [8, 0, 16, 8], "rotation": 90, "texture": "#2"},
				"down": {"uv": [8, 0, 16, 8], "rotation": 90, "texture": "#2"}
			}
		},
		{
			"name": "hexadecagon",
			"from": [7.7455, 0.79787, 10.40771],
			"to": [8.2477, 0.98386, 11.24471],
			"rotation": {"angle": 22.5, "axis": "x", "origin": [8.34949, 5.21537, 7.43171]},
			"faces": {
				"north": {"uv": [8, 0, 16, 8], "rotation": 90, "texture": "#2"},
				"east": {"uv": [8, 0, 16, 8], "rotation": 90, "texture": "#2"},
				"south": {"uv": [8, 0, 16, 8], "rotation": 90, "texture": "#2"},
				"west": {"uv": [8, 0, 16, 8], "rotation": 90, "texture": "#2"},
				"up": {"uv": [8, 0, 16, 8], "rotation": 90, "texture": "#2"},
				"down": {"uv": [8, 0, 16, 8], "rotation": 90, "texture": "#2"}
			}
		},
		{
			"name": "hexadecagon",
			"from": [7.7455, -0.17864, 6.59471],
			"to": [8.2477, 0.75136, 6.73421],
			"rotation": {"angle": -22.5, "axis": "x", "origin": [8.34949, 5.21537, 7.43171]},
			"faces": {
				"north": {"uv": [8, 0, 16, 8], "rotation": 90, "texture": "#2"},
				"east": {"uv": [8, 0, 16, 8], "rotation": 90, "texture": "#2"},
				"south": {"uv": [8, 0, 16, 8], "rotation": 90, "texture": "#2"},
				"west": {"uv": [8, 0, 16, 8], "rotation": 90, "texture": "#2"},
				"up": {"uv": [8, 0, 16, 8], "rotation": 90, "texture": "#2"},
				"down": {"uv": [8, 0, 16, 8], "rotation": 90, "texture": "#2"}
			}
		},
		{
			"name": "hexadecagon",
			"from": [7.7455, 0.00736, 8.54771],
			"to": [8.2477, 0.37936, 8.64071],
			"faces": {
				"north": {"uv": [8, 0, 16, 8], "rotation": 90, "texture": "#2"},
				"east": {"uv": [8, 0, 16, 8], "rotation": 90, "texture": "#2"},
				"south": {"uv": [8, 0, 16, 8], "rotation": 90, "texture": "#2"},
				"west": {"uv": [8, 0, 16, 8], "rotation": 90, "texture": "#2"},
				"up": {"uv": [8, 0, 16, 8], "rotation": 90, "texture": "#2"},
				"down": {"uv": [8, 0, 16, 8], "rotation": 90, "texture": "#2"}
			}
		},
		{
			"name": "hexadecagon",
			"from": [7.7455, 0.28636, 8.54771],
			"to": [8.2477, 1.26287, 8.64071],
			"faces": {
				"north": {"uv": [8, 0, 16, 8], "rotation": 90, "texture": "#2"},
				"east": {"uv": [8, 0, 16, 8], "rotation": 90, "texture": "#2"},
				"south": {"uv": [8, 0, 16, 8], "rotation": 90, "texture": "#2"},
				"west": {"uv": [8, 0, 16, 8], "rotation": 90, "texture": "#2"},
				"up": {"uv": [8, 0, 16, 8], "rotation": 90, "texture": "#2"},
				"down": {"uv": [8, 0, 16, 8], "rotation": 90, "texture": "#2"}
			}
		},
		{
			"name": "hexadecagon",
			"from": [7.7455, 1.35586, 10.08221],
			"to": [8.2477, 2.23936, 10.17521],
			"rotation": {"angle": 22.5, "axis": "x", "origin": [8.34949, 5.07587, 7.43171]},
			"faces": {
				"north": {"uv": [8, 0, 16, 8], "rotation": 90, "texture": "#2"},
				"east": {"uv": [8, 0, 16, 8], "rotation": 90, "texture": "#2"},
				"south": {"uv": [8, 0, 16, 8], "rotation": 90, "texture": "#2"},
				"west": {"uv": [8, 0, 16, 8], "rotation": 90, "texture": "#2"},
				"up": {"uv": [8, 0, 16, 8], "rotation": 90, "texture": "#2"},
				"down": {"uv": [8, 0, 16, 8], "rotation": 90, "texture": "#2"}
			}
		},
		{
			"name": "hexadecagon",
			"from": [7.7455, 1.26287, 5.01371],
			"to": [8.2477, 2.19286, 5.24621],
			"rotation": {"angle": -45, "axis": "x", "origin": [8.34949, 5.07587, 7.43171]},
			"faces": {
				"north": {"uv": [8, 0, 16, 8], "rotation": 90, "texture": "#2"},
				"east": {"uv": [8, 0, 16, 8], "rotation": 90, "texture": "#2"},
				"south": {"uv": [8, 0, 16, 8], "rotation": 90, "texture": "#2"},
				"west": {"uv": [8, 0, 16, 8], "rotation": 90, "texture": "#2"},
				"up": {"uv": [8, 0, 16, 8], "rotation": 90, "texture": "#2"},
				"down": {"uv": [8, 0, 16, 8], "rotation": 90, "texture": "#2"}
			}
		},
		{
			"name": "hexadecagon",
			"from": [7.7455, 1.58836, 9.10571],
			"to": [8.2477, 2.23936, 10.17521],
			"rotation": {"angle": 22.5, "axis": "x", "origin": [8.34949, 5.07587, 7.43171]},
			"faces": {
				"north": {"uv": [8, 0, 16, 8], "rotation": 90, "texture": "#2"},
				"east": {"uv": [8, 0, 16, 8], "rotation": 90, "texture": "#2"},
				"south": {"uv": [8, 0, 16, 8], "rotation": 90, "texture": "#2"},
				"west": {"uv": [8, 0, 16, 8], "rotation": 90, "texture": "#2"},
				"up": {"uv": [8, 0, 16, 8], "rotation": 90, "texture": "#2"},
				"down": {"uv": [8, 0, 16, 8], "rotation": 90, "texture": "#2"}
			}
		}
	],
	"display": {
		"thirdperson_righthand": {
			"translation": [0, 5.25, -1],
			"scale": [0.72, 0.72, 0.72]
		},
		"firstperson_righthand": {
			"translation": [-3.5, 8.5, -2.75]
		},
		"gui": {
			"rotation": [25, 52, 0],
			"translation": [-1.5, 11.25, 0],
			"scale": [1.39, 1.39, 1.39]
		},
		"fixed": {
			"rotation": [89, -45, 87],
			"translation": [-6, 12, -1.25],
			"scale": [1.63, 1.63, 1.63]
		}
	},
	"groups": [0, 1, 2, 3, 4, 5, 6, 7, 8, 9, 10, 11, 12, 13, 14, 15, 16, 17, 18, 19, 20, 21, 22, 23, 24, 25, 26, 27, 28, 29, 30, 31, 32, 33, 34, 35, 36, 37, 38, 39, 40, 41, 42, 43,
		{
			"name": "group",
			"children": [44, 45, 46, 47, 48, 49, 50, 51]
		}, 52, 53, 54, 55, 56, 57, 58, 59, 60, 61, 62, 63, 64, 65, 66, 67, 68, 69, 70, 71, 72, 73, 74, 75, 76, 77, 78, 79, 80, 81, 82, 83, 84, 85, 86, 87, 88, 89, 90, 91, 92, 93, 94, 95, 96, 97, 98, 99, 100, 101, 102, 103, 104, 105,
		{
			"name": "beretta",
			"children": [
				{
					"name": "hexadecagon",
					"children": [
						{
							"name": "group",
							"children": [106, 107, 108, 109, 110, 111, 112, 113, 114, 115]
						}
					]
				}
			]
		}
	]
}