{
	"credit": "Made with Blockbench",
	"textures": {
		"1": "custom/nothingness1/gray3",
		"2": "custom/nothingness1/mg3",
		"3": "custom/nothingness1/gray2",
		"particle": "custom/nothingness1/gray2"
	},
	"elements": [
		{
			"from": [7.24909, 0.36983, 12.09756],
			"to": [8.74909, 1.36983, 16.04756],
			"faces": {
				"north": {"uv": [0, 0, 1.5, 1], "texture": "#1"},
				"east": {"uv": [0, 0, 3.95, 1], "texture": "#1"},
				"south": {"uv": [0, 0, 1.5, 1], "texture": "#1"},
				"west": {"uv": [0, 0, 3.95, 1], "texture": "#1"},
				"up": {"uv": [0, 0, 1.5, 3.95], "texture": "#1"},
				"down": {"uv": [0, 0, 1.5, 3.95], "texture": "#1"}
			}
		},
		{
			"from": [7.25, -1.3, 16],
			"to": [8.75, 1, 16.2],
			"faces": {
				"north": {"uv": [0, 0, 1.5, 2.3], "texture": "#1"},
				"east": {"uv": [0, 0, 0.2, 2.3], "texture": "#1"},
				"south": {"uv": [0, 0, 1.5, 2.3], "texture": "#1"},
				"west": {"uv": [0, 0, 0.2, 2.3], "texture": "#1"},
				"up": {"uv": [0, 0, 1.5, 0.2], "texture": "#1"},
				"down": {"uv": [0, 0, 1.5, 0.2], "texture": "#1"}
			}
		},
		{
			"from": [7.25328, -0.74603, 16.01083],
			"to": [8.75328, -0.54603, 19.01083],
			"rotation": {"angle": -22.5, "axis": "x", "origin": [8.00328, -0.54603, 17.51083]},
			"faces": {
				"north": {"uv": [0, 0, 1.5, 0.2], "rotation": 180, "texture": "#1"},
				"east": {"uv": [0, 0, 0.2, 3], "rotation": 270, "texture": "#1"},
				"south": {"uv": [0, 0, 1.5, 0.2], "texture": "#1"},
				"west": {"uv": [0, 0, 0.2, 3], "rotation": 90, "texture": "#1"},
				"up": {"uv": [0, 0, 1.5, 3], "rotation": 180, "texture": "#1"},
				"down": {"uv": [0, 0, 1.5, 3], "texture": "#1"}
			}
		},
		{
			"from": [7.25327, -0.15679, 16.0732],
			"to": [8.75327, 2.14321, 21.2732],
			"faces": {
				"north": {"uv": [0, 0, 1.5, 2.3], "texture": "#1"},
				"east": {"uv": [0, 0, 5.2, 2.3], "texture": "#1"},
				"south": {"uv": [0, 0, 1.5, 2.3], "texture": "#1"},
				"west": {"uv": [0, 0, 5.2, 2.3], "texture": "#1"},
				"up": {"uv": [0, 0, 1.5, 5.2], "texture": "#1"},
				"down": {"uv": [0, 0, 1.5, 5.2], "texture": "#1"}
			}
		},
		{
			"from": [7.25328, -0.74603, 16.11083],
			"to": [8.75328, -0.04603, 19.01083],
			"rotation": {"angle": -22.5, "axis": "x", "origin": [8.00328, -0.54603, 17.51083]},
			"faces": {
				"north": {"uv": [0, 0, 1.5, 0.7], "rotation": 180, "texture": "#1"},
				"east": {"uv": [0, 0, 0.7, 2.9], "rotation": 270, "texture": "#1"},
				"south": {"uv": [0, 0, 1.5, 0.7], "texture": "#1"},
				"west": {"uv": [0, 0, 0.7, 2.9], "rotation": 90, "texture": "#1"},
				"up": {"uv": [0, 0, 1.5, 2.9], "rotation": 180, "texture": "#1"},
				"down": {"uv": [0, 0, 1.5, 2.9], "texture": "#1"}
			}
		},
		{
			"from": [7.25, -1.1, 16],
			"to": [8.75, 1, 16.6],
			"faces": {
				"north": {"uv": [0, 0, 1.5, 2.1], "texture": "#1"},
				"east": {"uv": [0, 0, 0.6, 2.1], "texture": "#1"},
				"south": {"uv": [0, 0, 1.5, 2.1], "texture": "#1"},
				"west": {"uv": [0, 0, 0.6, 2.1], "texture": "#1"},
				"up": {"uv": [0, 0, 1.5, 0.6], "texture": "#1"},
				"down": {"uv": [0, 0, 1.5, 0.6], "texture": "#1"}
			}
		},
		{
			"from": [7.25, -0.4, 16],
			"to": [8.75, 1, 17.5],
			"faces": {
				"north": {"uv": [0, 0, 1.5, 1.4], "texture": "#1"},
				"east": {"uv": [0, 0, 1.5, 1.4], "texture": "#1"},
				"south": {"uv": [0, 0, 1.5, 1.4], "texture": "#1"},
				"west": {"uv": [0, 0, 1.5, 1.4], "texture": "#1"},
				"up": {"uv": [0, 0, 1.5, 1.5], "texture": "#1"},
				"down": {"uv": [0, 0, 1.5, 1.5], "texture": "#1"}
			}
		},
		{
			"from": [7.24681, 0.76633, 12.18652],
			"to": [8.74681, 2.66633, 21.23652],
			"faces": {
				"north": {"uv": [0, 0, 1.5, 1.9], "texture": "#1"},
				"east": {"uv": [0, 0, 9.05, 1.9], "texture": "#1"},
				"south": {"uv": [0, 0, 1.5, 1.9], "texture": "#1"},
				"west": {"uv": [0, 0, 9.05, 1.9], "texture": "#1"},
				"up": {"uv": [0, 0, 1.5, 9.05], "texture": "#1"},
				"down": {"uv": [0, 0, 1.5, 9.05], "texture": "#1"}
			}
		},
		{
			"from": [7.25326, -2.37628, 19.97554],
			"to": [8.75326, 1.12372, 21.47554],
			"rotation": {"angle": -45, "axis": "x", "origin": [8.00326, -1.07628, 20.17554]},
			"faces": {
				"north": {"uv": [0, 0, 1.5, 3.5], "rotation": 180, "texture": "#1"},
				"east": {"uv": [0, 0, 1.5, 3.5], "rotation": 180, "texture": "#1"},
				"south": {"uv": [0, 0, 1.5, 3.5], "rotation": 180, "texture": "#1"},
				"west": {"uv": [0, 0, 1.5, 3.5], "rotation": 180, "texture": "#1"},
				"up": {"uv": [0, 0, 1.5, 1.5], "texture": "#1"},
				"down": {"uv": [0, 0, 1.5, 1.5], "texture": "#1"}
			}
		},
		{
			"from": [7.25524, -2.03793, 20.95238],
			"to": [8.75524, 3.46207, 22.80238],
			"faces": {
				"north": {"uv": [0, 0, 1.5, 5.5], "rotation": 180, "texture": "#1"},
				"east": {"uv": [0, 0, 5.5, 1.85], "rotation": 90, "texture": "#1"},
				"south": {"uv": [0, 0, 1.5, 5.5], "texture": "#1"},
				"west": {"uv": [0, 0, 5.5, 1.85], "rotation": 270, "texture": "#1"},
				"up": {"uv": [0, 0, 1.5, 1.85], "texture": "#1"},
				"down": {"uv": [0, 0, 1.5, 1.85], "rotation": 180, "texture": "#1"}
			}
		},
		{
			"from": [7.34895, -1.70018, 15.45122],
			"to": [8.64895, -1.50018, 16.10122],
			"faces": {
				"north": {"uv": [0, 0, 1.3, 0.2], "texture": "#1"},
				"east": {"uv": [0, 0, 0.65, 0.2], "texture": "#1"},
				"south": {"uv": [0, 0, 1.3, 0.2], "texture": "#1"},
				"west": {"uv": [0, 0, 0.65, 0.2], "texture": "#1"},
				"up": {"uv": [0, 0, 1.3, 0.65], "texture": "#1"},
				"down": {"uv": [0, 0, 1.3, 0.65], "texture": "#1"}
			}
		},
		{
			"from": [7.34852, -1.67499, 15.37683],
			"to": [8.64852, -0.82499, 15.57683],
			"rotation": {"angle": -22.5, "axis": "x", "origin": [7.99852, -1.49999, 15.47683]},
			"faces": {
				"north": {"uv": [0, 0, 1.3, 0.85], "rotation": 180, "texture": "#1"},
				"east": {"uv": [0, 0, 0.85, 0.2], "rotation": 270, "texture": "#1"},
				"south": {"uv": [0, 0, 1.3, 0.85], "texture": "#1"},
				"west": {"uv": [0, 0, 0.85, 0.2], "rotation": 90, "texture": "#1"},
				"up": {"uv": [0, 0, 1.3, 0.2], "rotation": 180, "texture": "#1"},
				"down": {"uv": [0, 0, 1.3, 0.2], "texture": "#1"}
			}
		},
		{
			"from": [7.34607, -1.03664, 13.8619],
			"to": [8.64607, -0.83664, 15.3119],
			"faces": {
				"north": {"uv": [0, 0, 1.3, 0.2], "rotation": 180, "texture": "#1"},
				"east": {"uv": [0, 0, 1.45, 0.2], "rotation": 180, "texture": "#1"},
				"south": {"uv": [0, 0, 1.3, 0.2], "rotation": 180, "texture": "#1"},
				"west": {"uv": [0, 0, 1.45, 0.2], "rotation": 180, "texture": "#1"},
				"up": {"uv": [0, 0, 1.3, 1.45], "texture": "#1"},
				"down": {"uv": [0, 0, 1.3, 1.45], "texture": "#1"}
			}
		},
		{
			"from": [7.34503, -1.28629, 12.45154],
			"to": [8.64503, -1.08629, 13.95154],
			"rotation": {"angle": -22.5, "axis": "x", "origin": [7.99503, -1.18629, 13.27654]},
			"faces": {
				"north": {"uv": [0, 0, 1.3, 0.2], "rotation": 180, "texture": "#1"},
				"east": {"uv": [0, 0, 1.5, 0.2], "rotation": 180, "texture": "#1"},
				"south": {"uv": [0, 0, 1.3, 0.2], "rotation": 180, "texture": "#1"},
				"west": {"uv": [0, 0, 1.5, 0.2], "rotation": 180, "texture": "#1"},
				"up": {"uv": [0, 0, 1.3, 1.5], "texture": "#1"},
				"down": {"uv": [0, 0, 1.3, 1.5], "texture": "#1"}
			}
		},
		{
			"from": [7.44503, -1.28629, 12.45154],
			"to": [8.54503, 0.61371, 13.95154],
			"rotation": {"angle": -22.5, "axis": "x", "origin": [7.99503, -1.18629, 13.27654]},
			"faces": {
				"north": {"uv": [0, 0, 1.1, 1.9], "rotation": 180, "texture": "#1"},
				"east": {"uv": [0, 0, 1.5, 1.9], "rotation": 180, "texture": "#1"},
				"south": {"uv": [0, 0, 1.1, 1.9], "rotation": 180, "texture": "#1"},
				"west": {"uv": [0, 0, 1.5, 1.9], "rotation": 180, "texture": "#1"},
				"up": {"uv": [0, 0, 1.1, 1.5], "texture": "#1"},
				"down": {"uv": [0, 0, 1.1, 1.5], "texture": "#1"}
			}
		},
		{
			"from": [7.44607, -1.03664, 13.3619],
			"to": [8.54607, 0.96336, 16.1119],
			"faces": {
				"north": {"uv": [0, 0, 1.1, 1.2], "rotation": 180, "texture": "#1"},
				"east": {"uv": [0, 0, 2.75, 1.2], "rotation": 180, "texture": "#1"},
				"south": {"uv": [0, 0, 1.1, 1.2], "rotation": 180, "texture": "#1"},
				"west": {"uv": [0, 0, 2.75, 1.2], "rotation": 180, "texture": "#1"},
				"up": {"uv": [0, 0, 1.1, 2.75], "texture": "#1"},
				"down": {"uv": [0, 0, 1.1, 2.75], "texture": "#1"}
			}
		},
		{
			"from": [7.44852, -1.67499, 15.67683],
			"to": [8.54852, -0.92499, 16.37683],
			"rotation": {"angle": -22.5, "axis": "x", "origin": [7.99852, -2.09999, 15.47683]},
			"faces": {
				"north": {"uv": [0, 0, 1.1, 0.75], "rotation": 180, "texture": "#1"},
				"east": {"uv": [0, 0, 0.75, 0.7], "rotation": 270, "texture": "#1"},
				"south": {"uv": [0, 0, 1.1, 0.75], "texture": "#1"},
				"west": {"uv": [0, 0, 0.75, 0.7], "rotation": 90, "texture": "#1"},
				"up": {"uv": [0, 0, 1.1, 0.7], "rotation": 180, "texture": "#1"},
				"down": {"uv": [0, 0, 1.1, 0.7], "texture": "#1"}
			}
		},
		{
			"from": [7.64607, -3.53664, 12.7619],
			"to": [8.44607, -1.03664, 15.7119],
			"faces": {
				"north": {"uv": [0, 0, 0.7, 2.5], "rotation": 180, "texture": "#2"},
				"east": {"uv": [0, 0, 3.15, 2.5], "rotation": 180, "texture": "#2"},
				"south": {"uv": [0, 0, 0.7, 2.5], "rotation": 180, "texture": "#2"},
				"west": {"uv": [0, 0, 3.15, 2.5], "rotation": 180, "texture": "#2"},
				"up": {"uv": [0, 0, 0.7, 3.15], "texture": "#2"},
				"down": {"uv": [0, 0, 0.7, 3.15], "texture": "#2"}
			}
		},
		{
			"from": [7.64363, -6.80076, 13.32845],
			"to": [8.44363, -3.30076, 16.27845],
			"rotation": {"angle": 22.5, "axis": "x", "origin": [7.99363, -2.00076, 15.40345]},
			"faces": {
				"north": {"uv": [0, 0, 0.7, 4.8], "rotation": 180, "texture": "#2"},
				"east": {"uv": [0, 0, 3.15, 4.8], "rotation": 180, "texture": "#2"},
				"south": {"uv": [0, 0, 0.7, 4.8], "rotation": 180, "texture": "#2"},
				"west": {"uv": [0, 0, 3.15, 4.8], "rotation": 180, "texture": "#2"},
				"up": {"uv": [0, 0, 0.7, 3.15], "texture": "#2"},
				"down": {"uv": [0, 0, 0.7, 3.15], "texture": "#2"}
			}
		},
		{
			"from": [7.54607, -3.53664, 15.2619],
			"to": [8.54607, -1.03664, 16.0119],
			"faces": {
				"north": {"uv": [0, 0, 0.9, 2.5], "rotation": 180, "texture": "#2"},
				"east": {"uv": [0, 0, 0.75, 2.5], "rotation": 180, "texture": "#2"},
				"south": {"uv": [0, 0, 0.9, 2.5], "rotation": 180, "texture": "#2"},
				"west": {"uv": [0, 0, 0.75, 2.5], "rotation": 180, "texture": "#2"},
				"up": {"uv": [0, 0, 0.9, 0.75], "texture": "#2"},
				"down": {"uv": [0, 0, 0.9, 0.75], "texture": "#2"}
			}
		},
		{
			"from": [7.54363, -6.80076, 15.82845],
			"to": [8.54363, -3.20076, 16.57845],
			"rotation": {"angle": 22.5, "axis": "x", "origin": [7.99363, -2.00076, 15.40345]},
			"faces": {
				"north": {"uv": [0, 0, 0.9, 4.9], "rotation": 180, "texture": "#2"},
				"east": {"uv": [0, 0, 0.75, 4.9], "rotation": 180, "texture": "#2"},
				"south": {"uv": [0, 0, 0.9, 4.9], "rotation": 180, "texture": "#2"},
				"west": {"uv": [0, 0, 0.75, 4.9], "rotation": 180, "texture": "#2"},
				"up": {"uv": [0, 0, 0.9, 0.75], "texture": "#2"},
				"down": {"uv": [0, 0, 0.9, 0.75], "texture": "#2"}
			}
		},
		{
			"from": [7.54607, -3.23664, 14.4619],
			"to": [8.54607, -0.93664, 15.0119],
			"faces": {
				"north": {"uv": [0, 0, 0.9, 2.5], "rotation": 180, "texture": "#2"},
				"east": {"uv": [0, 0, 0.55, 2.5], "rotation": 180, "texture": "#2"},
				"south": {"uv": [0, 0, 0.9, 2.5], "rotation": 180, "texture": "#2"},
				"west": {"uv": [0, 0, 0.55, 2.5], "rotation": 180, "texture": "#2"},
				"up": {"uv": [0, 0, 0.9, 0.55], "texture": "#2"},
				"down": {"uv": [0, 0, 0.9, 0.55], "texture": "#2"}
			}
		},
		{
			"from": [7.54363, -6.50076, 15.02845],
			"to": [8.54363, -3.00076, 15.57845],
			"rotation": {"angle": 22.5, "axis": "x", "origin": [7.99363, -1.70076, 14.70345]},
			"faces": {
				"north": {"uv": [0, 0, 0.9, 4.8], "rotation": 180, "texture": "#2"},
				"east": {"uv": [0, 0, 0.55, 4.8], "rotation": 180, "texture": "#2"},
				"south": {"uv": [0, 0, 0.9, 4.8], "rotation": 180, "texture": "#2"},
				"west": {"uv": [0, 0, 0.55, 4.8], "rotation": 180, "texture": "#2"},
				"up": {"uv": [0, 0, 0.9, 0.55], "texture": "#2"},
				"down": {"uv": [0, 0, 0.9, 0.55], "texture": "#2"}
			}
		},
		{
			"from": [7.54607, -2.93664, 13.7119],
			"to": [8.54607, -0.93664, 14.2619],
			"faces": {
				"north": {"uv": [0, 0, 0.9, 2.5], "rotation": 180, "texture": "#2"},
				"east": {"uv": [0, 0, 0.55, 2.5], "rotation": 180, "texture": "#2"},
				"south": {"uv": [0, 0, 0.9, 2.5], "rotation": 180, "texture": "#2"},
				"west": {"uv": [0, 0, 0.55, 2.5], "rotation": 180, "texture": "#2"},
				"up": {"uv": [0, 0, 0.9, 0.55], "texture": "#2"},
				"down": {"uv": [0, 0, 0.9, 0.55], "texture": "#2"}
			}
		},
		{
			"from": [7.54363, -6.20076, 14.27845],
			"to": [8.54363, -2.70076, 14.82845],
			"rotation": {"angle": 22.5, "axis": "x", "origin": [7.99363, -1.40076, 13.95345]},
			"faces": {
				"north": {"uv": [0, 0, 0.9, 4.8], "rotation": 180, "texture": "#2"},
				"east": {"uv": [0, 0, 0.55, 4.8], "rotation": 180, "texture": "#2"},
				"south": {"uv": [0, 0, 0.9, 4.8], "rotation": 180, "texture": "#2"},
				"west": {"uv": [0, 0, 0.55, 4.8], "rotation": 180, "texture": "#2"},
				"up": {"uv": [0, 0, 0.9, 0.55], "texture": "#2"},
				"down": {"uv": [0, 0, 0.9, 0.55], "texture": "#2"}
			}
		},
		{
			"from": [7.04751, -1.10402, 24.45836],
			"to": [8.94751, -0.40402, 26.20836],
			"rotation": {"angle": 45, "axis": "x", "origin": [7.99751, 8.19598, 25.70836]},
			"faces": {
				"north": {"uv": [0, 0, 1.9, 0.7], "texture": "#3"},
				"east": {"uv": [0, 0, 1.75, 0.7], "texture": "#3"},
				"south": {"uv": [0, 0, 1.9, 0.7], "texture": "#3"},
				"west": {"uv": [0, 0, 1.75, 0.7], "texture": "#3"},
				"up": {"uv": [0, 0, 1.9, 1.75], "texture": "#3"},
				"down": {"uv": [0, 0, 1.9, 1.75], "texture": "#3"}
			}
		},
		{
			"from": [7.04681, 2.36633, 11.73652],
			"to": [8.94681, 3.16633, 21.23652],
			"faces": {
				"north": {"uv": [0, 0, 1.9, 0.8], "texture": "#3"},
				"east": {"uv": [0, 0, 10.2, 0.8], "texture": "#3"},
				"south": {"uv": [0, 0, 1.9, 0.8], "texture": "#3"},
				"west": {"uv": [0, 0, 10.2, 0.8], "texture": "#3"},
				"up": {"uv": [0, 0, 1.9, 10.2], "texture": "#3"},
				"down": {"uv": [0, 0, 1.9, 10.2], "texture": "#3"}
			}
		},
		{
			"from": [7.70328, -1.54603, 16.61083],
			"to": [8.30328, 0.65397, 17.81083],
			"rotation": {"angle": 22.5, "axis": "x", "origin": [8.00328, -0.54603, 17.51083]},
			"faces": {
				"north": {"uv": [0, 0, 0.6, 2.2], "texture": "#2"},
				"east": {"uv": [0, 0, 1.2, 2.2], "texture": "#2"},
				"south": {"uv": [0, 0, 0.6, 2.2], "texture": "#2"},
				"west": {"uv": [0, 0, 1.2, 2.2], "texture": "#2"},
				"up": {"uv": [0, 0, 0.6, 1.2], "texture": "#2"},
				"down": {"uv": [0, 0, 0.6, 1.2], "texture": "#2"}
			}
		},
		{
			"from": [7.04681, 1.26633, 19.48652],
			"to": [8.94681, 2.56633, 21.23652],
			"faces": {
				"north": {"uv": [0, 0, 1.9, 1.3], "texture": "#3"},
				"east": {"uv": [0, 0, 1.75, 1.3], "texture": "#3"},
				"south": {"uv": [0, 0, 1.9, 1.3], "texture": "#3"},
				"west": {"uv": [0, 0, 1.75, 1.3], "texture": "#3"},
				"up": {"uv": [0, 0, 1.9, 1.75], "texture": "#3"},
				"down": {"uv": [0, 0, 1.9, 1.75], "texture": "#3"}
			}
		},
		{
			"from": [7.04786, -0.70507, 25.15905],
			"to": [8.94786, -0.00507, 26.20905],
			"rotation": {"angle": 45, "axis": "x", "origin": [7.99786, 8.59493, 25.70905]},
			"faces": {
				"north": {"uv": [0, 0, 1.9, 0.7], "texture": "#3"},
				"east": {"uv": [0, 0, 1.05, 0.7], "texture": "#3"},
				"south": {"uv": [0, 0, 1.9, 0.7], "texture": "#3"},
				"west": {"uv": [0, 0, 1.05, 0.7], "texture": "#3"},
				"up": {"uv": [0, 0, 1.9, 1.05], "texture": "#3"},
				"down": {"uv": [0, 0, 1.9, 1.05], "texture": "#3"}
			}
		},
		{
			"from": [7.04874, 0.84158, 3.34489],
			"to": [8.94874, 1.64158, 11.89489],
			"faces": {
				"north": {"uv": [2, 0, 3.9, 0.8], "texture": "#3"},
				"east": {"uv": [1.75, 0, 12.8, 0.8], "texture": "#3"},
				"south": {"uv": [2, 0, 3.9, 0.8], "texture": "#3"},
				"west": {"uv": [1.75, 0, 12.8, 0.8], "texture": "#3"},
				"up": {"uv": [0, 1.75, 1.9, 12.8], "texture": "#3"},
				"down": {"uv": [0, 1.75, 1.9, 12.8], "texture": "#3"}
			}
		},
		{
			"from": [7.04751, -1.60402, 4.79025],
			"to": [8.94751, -0.40402, 6.64025],
			"rotation": {"angle": -45, "axis": "x", "origin": [7.99751, 8.19598, 5.39025]},
			"faces": {
				"north": {"uv": [2, 0, 3.9, 1.2], "texture": "#3"},
				"east": {"uv": [1.05, 0, 2.9, 1.2], "texture": "#3"},
				"south": {"uv": [2, 0, 3.9, 1.2], "texture": "#3"},
				"west": {"uv": [1.05, 0, 2.9, 1.2], "texture": "#3"},
				"up": {"uv": [0, 1.05, 1.9, 2.9], "texture": "#3"},
				"down": {"uv": [0, 1.05, 1.9, 2.9], "texture": "#3"}
			}
		},
		{
			"from": [7.04681, 1.26633, 3.83652],
			"to": [8.94681, 3.16633, 7.13652],
			"faces": {
				"north": {"uv": [0, 0, 1.9, 1.9], "texture": "#3"},
				"east": {"uv": [0, 0, 3.3, 1.9], "texture": "#3"},
				"south": {"uv": [0, 0, 1.9, 1.9], "texture": "#3"},
				"west": {"uv": [0, 0, 3.3, 1.9], "texture": "#3"},
				"up": {"uv": [0, 0, 1.9, 3.3], "texture": "#3"},
				"down": {"uv": [0, 0, 1.9, 3.3], "texture": "#3"}
			}
		},
		{
			"from": [7.44681, 2.36633, 16.93652],
			"to": [8.54681, 3.06633, 22.43652],
			"faces": {
				"north": {"uv": [0, 0, 1.1, 0.7], "texture": "#1"},
				"east": {"uv": [0, 0, 5.5, 0.7], "texture": "#1"},
				"south": {"uv": [0, 0, 1.1, 0.7], "texture": "#1"},
				"west": {"uv": [0, 0, 5.5, 0.7], "texture": "#1"},
				"up": {"uv": [0, 0, 1.1, 5.5], "texture": "#1"},
				"down": {"uv": [0, 0, 1.1, 5.5], "texture": "#1"}
			}
		},
		{
			"from": [7.04751, -1.60402, 4.79025],
			"to": [8.94751, -1.00402, 7.24025],
			"rotation": {"angle": -45, "axis": "x", "origin": [7.99751, 8.19598, 5.39025]},
			"faces": {
				"north": {"uv": [2, 0, 3.9, 0.6], "texture": "#3"},
				"east": {"uv": [1.05, 0, 3.5, 0.6], "texture": "#3"},
				"south": {"uv": [2, 0, 3.9, 0.6], "texture": "#3"},
				"west": {"uv": [1.05, 0, 3.5, 0.6], "texture": "#3"},
				"up": {"uv": [0, 1.05, 1.9, 3.5], "texture": "#3"},
				"down": {"uv": [0, 1.05, 1.9, 3.5], "texture": "#3"}
			}
		},
		{
			"from": [7.24874, 0.84158, -2.75511],
			"to": [8.74874, 2.54158, 4.39489],
			"faces": {
				"north": {"uv": [2, 0, 3.5, 1.7], "texture": "#1"},
				"east": {"uv": [0, 0, 7.15, 1.7], "texture": "#1"},
				"south": {"uv": [2, 0, 3.5, 1.7], "texture": "#1"},
				"west": {"uv": [0, 0, 7.15, 1.7], "texture": "#1"},
				"up": {"uv": [0, 0, 1.5, 7.15], "texture": "#1"},
				"down": {"uv": [0, 0, 1.5, 7.15], "texture": "#1"}
			}
		},
		{
			"from": [7.73399, -0.15606, 7.07179],
			"to": [8.33399, 1.24394, 9.67179],
			"color": 3,
			"faces": {
				"north": {"uv": [0, 0, 0.6, 1.4], "rotation": 180, "texture": "#missing"},
				"east": {"uv": [0, 0, 1.4, 2.6], "rotation": 90, "texture": "#missing"},
				"south": {"uv": [0, 0, 0.6, 1.4], "texture": "#missing"},
				"west": {"uv": [0, 0, 1.4, 2.6], "rotation": 270, "texture": "#missing"},
				"up": {"uv": [0, 0, 0.6, 2.6], "texture": "#missing"},
				"down": {"uv": [0, 0, 0.6, 2.6], "rotation": 180, "texture": "#missing"}
			}
		},
		{
			"from": [7.04358, 2.367, 1.33908],
			"to": [8.94358, 3.167, 4.63908],
			"faces": {
				"north": {"uv": [0, 0, 1.9, 0.8], "rotation": 180, "texture": "#3"},
				"east": {"uv": [0, 0, 0.8, 3.3], "rotation": 270, "texture": "#3"},
				"south": {"uv": [0, 0, 1.9, 0.8], "texture": "#3"},
				"west": {"uv": [0, 0, 0.8, 3.3], "rotation": 90, "texture": "#3"},
				"up": {"uv": [0, 0, 1.9, 3.3], "rotation": 180, "texture": "#3"},
				"down": {"uv": [0, 0, 1.9, 3.3], "texture": "#3"}
			}
		},
		{
			"from": [7.04358, 2.667, 0.33908],
			"to": [8.94358, 3.067, 4.63908],
			"faces": {
				"north": {"uv": [0, 0, 1.9, 0.4], "rotation": 180, "texture": "#3"},
				"east": {"uv": [0, 0, 0.4, 4.3], "rotation": 270, "texture": "#3"},
				"south": {"uv": [0, 0, 1.9, 0.4], "texture": "#3"},
				"west": {"uv": [0, 0, 0.4, 4.3], "rotation": 90, "texture": "#3"},
				"up": {"uv": [0, 0, 1.9, 4.3], "rotation": 180, "texture": "#3"},
				"down": {"uv": [0, 0, 1.9, 4.3], "texture": "#3"}
			}
		},
		{
			"from": [7.04358, 2.667, -0.76092],
			"to": [8.94358, 2.967, 4.63908],
			"faces": {
				"north": {"uv": [0, 0, 1.9, 0.3], "rotation": 180, "texture": "#3"},
				"east": {"uv": [0, 0, 0.3, 5.4], "rotation": 270, "texture": "#3"},
				"south": {"uv": [0, 0, 1.9, 0.3], "texture": "#3"},
				"west": {"uv": [0, 0, 0.3, 5.4], "rotation": 90, "texture": "#3"},
				"up": {"uv": [0, 0, 1.9, 5.4], "rotation": 180, "texture": "#3"},
				"down": {"uv": [0, 0, 1.9, 5.4], "texture": "#3"}
			}
		},
		{
			"from": [7.04358, 2.367, -1.76092],
			"to": [8.94358, 2.867, 2.53908],
			"faces": {
				"north": {"uv": [0, 0, 1.9, 0.5], "rotation": 180, "texture": "#3"},
				"east": {"uv": [0, 0, 0.5, 4.3], "rotation": 270, "texture": "#3"},
				"south": {"uv": [0, 0, 1.9, 0.5], "texture": "#3"},
				"west": {"uv": [0, 0, 0.5, 4.3], "rotation": 90, "texture": "#3"},
				"up": {"uv": [0, 0, 1.9, 4.3], "rotation": 180, "texture": "#3"},
				"down": {"uv": [0, 0, 1.9, 4.3], "texture": "#3"}
			}
		},
		{
			"from": [7.04358, 2.367, -2.86092],
			"to": [8.94358, 2.767, 2.53908],
			"faces": {
				"north": {"uv": [0, 0, 1.9, 0.4], "rotation": 180, "texture": "#3"},
				"east": {"uv": [0, 0, 0.4, 5.4], "rotation": 270, "texture": "#3"},
				"south": {"uv": [0, 0, 1.9, 0.4], "texture": "#3"},
				"west": {"uv": [0, 0, 0.4, 5.4], "rotation": 90, "texture": "#3"},
				"up": {"uv": [0, 0, 1.9, 5.4], "rotation": 180, "texture": "#3"},
				"down": {"uv": [0, 0, 1.9, 5.4], "texture": "#3"}
			}
		},
		{
			"from": [7.04286, 1.68873, -3.45647],
			"to": [8.94286, 2.78873, -2.85647],
			"rotation": {"angle": 22.5, "axis": "x", "origin": [7.99286, 1.28873, -3.20647]},
			"faces": {
				"north": {"uv": [0, 0, 1.9, 1.1], "rotation": 180, "texture": "#3"},
				"east": {"uv": [0, 0, 0.6, 1.1], "rotation": 180, "texture": "#3"},
				"south": {"uv": [0, 0, 1.9, 1.1], "rotation": 180, "texture": "#3"},
				"west": {"uv": [0, 0, 0.6, 1.1], "rotation": 180, "texture": "#3"},
				"up": {"uv": [0, 0, 1.9, 0.6], "texture": "#3"},
				"down": {"uv": [0, 0, 1.9, 0.6], "texture": "#3"}
			}
		},
		{
			"from": [7.04271, 1.45444, -3.28469],
			"to": [8.94271, 1.75444, 2.11531],
			"faces": {
				"north": {"uv": [0, 0, 1.9, 0.3], "rotation": 180, "texture": "#3"},
				"east": {"uv": [0, 0, 0.3, 5.4], "rotation": 270, "texture": "#3"},
				"south": {"uv": [0, 0, 1.9, 0.3], "texture": "#3"},
				"west": {"uv": [0, 0, 0.3, 5.4], "rotation": 90, "texture": "#3"},
				"up": {"uv": [0, 0, 1.9, 5.4], "rotation": 180, "texture": "#3"},
				"down": {"uv": [0, 0, 1.9, 5.4], "texture": "#3"}
			}
		},
		{
			"from": [7.15351, -1.88872, 4.69357],
			"to": [9.05351, 1.16128, 5.59357],
			"rotation": {"angle": 22.5, "axis": "x", "origin": [8.10351, 1.83628, 5.74357]},
			"faces": {
				"north": {"uv": [0, 1.75, 1.9, 4.6], "rotation": 180, "texture": "#1"},
				"east": {"uv": [1.75, 0, 4.6, 0.9], "rotation": 270, "texture": "#1"},
				"south": {"uv": [0, 1.75, 1.9, 4.6], "texture": "#1"},
				"west": {"uv": [1.75, 0, 4.6, 0.9], "rotation": 90, "texture": "#1"},
				"up": {"uv": [2, 0, 3.9, 0.9], "rotation": 180, "texture": "#1"},
				"down": {"uv": [2, 0, 3.9, 0.9], "texture": "#1"}
			}
		},
		{
			"from": [7.15638, -1.55058, -1.67057],
			"to": [8.85638, 0.84942, 4.17943],
			"faces": {
				"north": {"uv": [2, 0, 3.7, 2.4], "rotation": 180, "texture": "#1"},
				"east": {"uv": [1.75, 0, 8.8, 2.4], "rotation": 180, "texture": "#1"},
				"south": {"uv": [2, 0, 3.7, 2.4], "rotation": 180, "texture": "#1"},
				"west": {"uv": [1.75, 0, 8.8, 2.4], "rotation": 180, "texture": "#1"},
				"up": {"uv": [0, 1.75, 1.7, 8.8], "texture": "#1"},
				"down": {"uv": [0, 1.75, 1.7, 8.8], "texture": "#1"}
			}
		},
		{
			"from": [7.04874, 0.74158, -2.75511],
			"to": [8.94874, 1.74158, 6.09489],
			"faces": {
				"north": {"uv": [2, 0, 3.9, 1], "texture": "#3"},
				"east": {"uv": [1.75, 0, 10.6, 1], "texture": "#3"},
				"south": {"uv": [2, 0, 3.9, 1], "texture": "#3"},
				"west": {"uv": [1.75, 0, 10.6, 1], "texture": "#3"},
				"up": {"uv": [0, 1.75, 1.9, 10.6], "texture": "#3"},
				"down": {"uv": [0, 1.75, 1.9, 10.6], "texture": "#3"}
			}
		},
		{
			"from": [7.15553, -0.16327, -1.20045],
			"to": [8.85553, 2.58673, 0.49955],
			"rotation": {"angle": -22.5, "axis": "x", "origin": [8.00553, -2.03827, 2.04955]},
			"faces": {
				"north": {"uv": [0, 1.75, 1.7, 4.5], "rotation": 180, "texture": "#1"},
				"east": {"uv": [1.75, 0, 4.5, 1.7], "rotation": 90, "texture": "#1"},
				"south": {"uv": [0, 1.75, 1.7, 4.5], "texture": "#1"},
				"west": {"uv": [1.75, 0, 4.5, 1.7], "rotation": 270, "texture": "#1"},
				"up": {"uv": [2, 0, 3.7, 1.7], "texture": "#1"},
				"down": {"uv": [2, 0, 3.7, 1.7], "rotation": 180, "texture": "#1"}
			}
		},
		{
			"from": [7.04874, 0.74158, -3.25511],
			"to": [8.94874, 1.54158, 6.09489],
			"faces": {
				"north": {"uv": [2, 0, 3.9, 0.8], "texture": "#3"},
				"east": {"uv": [1.75, 0, 11.1, 0.8], "texture": "#3"},
				"south": {"uv": [2, 0, 3.9, 0.8], "texture": "#3"},
				"west": {"uv": [1.75, 0, 11.1, 0.8], "texture": "#3"},
				"up": {"uv": [0, 1.75, 1.9, 11.1], "texture": "#3"},
				"down": {"uv": [0, 1.75, 1.9, 11.1], "texture": "#3"}
			}
		},
		{
			"name": "hexadecagon",
			"from": [7.90054, 0, -4.3],
			"to": [8.09946, 0.07, -1.9],
			"rotation": {"angle": -45, "axis": "z", "origin": [8, 0.5, -2.4]},
			"faces": {
				"north": {"uv": [0, 0, 1, 1], "texture": "#1"},
				"east": {"uv": [0, 0, 1, 1], "texture": "#1"},
				"south": {"uv": [0, 0, 1, 1], "texture": "#1"},
				"west": {"uv": [0, 0, 1, 1], "texture": "#1"},
				"up": {"uv": [0, 0, 1, 1], "texture": "#1"},
				"down": {"uv": [0, 0, 1, 1], "texture": "#1"}
			}
		},
		{
			"name": "hexadecagon",
			"from": [7.90054, 0, -4.3],
			"to": [8.09946, 0.07, -1.9],
			"rotation": {"angle": -22.5, "axis": "z", "origin": [8, 0.5, -2.4]},
			"faces": {
				"north": {"uv": [0, 0, 1, 1], "texture": "#1"},
				"east": {"uv": [0, 0, 1, 1], "texture": "#1"},
				"south": {"uv": [0, 0, 1, 1], "texture": "#1"},
				"west": {"uv": [0, 0, 1, 1], "texture": "#1"},
				"up": {"uv": [0, 0, 1, 1], "texture": "#1"},
				"down": {"uv": [0, 0, 1, 1], "texture": "#1"}
			}
		},
		{
			"name": "hexadecagon",
			"from": [7.90054, 0, -4.3],
			"to": [8.09946, 0.07, -1.9],
			"faces": {
				"north": {"uv": [0, 0, 1, 1], "texture": "#1"},
				"east": {"uv": [0, 0, 1, 1], "texture": "#1"},
				"south": {"uv": [0, 0, 1, 1], "texture": "#1"},
				"west": {"uv": [0, 0, 1, 1], "texture": "#1"},
				"up": {"uv": [0, 0, 1, 1], "texture": "#1"},
				"down": {"uv": [0, 0, 1, 1], "texture": "#1"}
			}
		},
		{
			"name": "hexadecagon",
			"from": [7.90054, 0, -4.3],
			"to": [8.09946, 0.07, -1.9],
			"rotation": {"angle": 22.5, "axis": "z", "origin": [8, 0.5, -2.4]},
			"faces": {
				"north": {"uv": [0, 0, 1, 1], "texture": "#1"},
				"east": {"uv": [0, 0, 1, 1], "texture": "#1"},
				"south": {"uv": [0, 0, 1, 1], "texture": "#1"},
				"west": {"uv": [0, 0, 1, 1], "texture": "#1"},
				"up": {"uv": [0, 0, 1, 1], "texture": "#1"},
				"down": {"uv": [0, 0, 1, 1], "texture": "#1"}
			}
		},
		{
			"name": "hexadecagon",
			"from": [7.90054, 0, -4.3],
			"to": [8.09946, 0.07, -1.9],
			"rotation": {"angle": 45, "axis": "z", "origin": [8, 0.5, -2.4]},
			"faces": {
				"north": {"uv": [0, 0, 1, 1], "texture": "#1"},
				"east": {"uv": [0, 0, 1, 1], "texture": "#1"},
				"south": {"uv": [0, 0, 1, 1], "texture": "#1"},
				"west": {"uv": [0, 0, 1, 1], "texture": "#1"},
				"up": {"uv": [0, 0, 1, 1], "texture": "#1"},
				"down": {"uv": [0, 0, 1, 1], "texture": "#1"}
			}
		},
		{
			"name": "hexadecagon",
			"from": [7.90054, 0.93, -4.3],
			"to": [8.09946, 1, -1.9],
			"rotation": {"angle": -45, "axis": "z", "origin": [8, 0.5, -2.4]},
			"faces": {
				"north": {"uv": [0, 0, 1, 1], "texture": "#1"},
				"east": {"uv": [0, 0, 1, 1], "texture": "#1"},
				"south": {"uv": [0, 0, 1, 1], "texture": "#1"},
				"west": {"uv": [0, 0, 1, 1], "texture": "#1"},
				"up": {"uv": [0, 0, 1, 1], "texture": "#1"},
				"down": {"uv": [0, 0, 1, 1], "texture": "#1"}
			}
		},
		{
			"name": "hexadecagon",
			"from": [7.90054, 0.93, -4.3],
			"to": [8.09946, 1, -1.9],
			"rotation": {"angle": -22.5, "axis": "z", "origin": [8, 0.5, -2.4]},
			"faces": {
				"north": {"uv": [0, 0, 1, 1], "texture": "#1"},
				"east": {"uv": [0, 0, 1, 1], "texture": "#1"},
				"south": {"uv": [0, 0, 1, 1], "texture": "#1"},
				"west": {"uv": [0, 0, 1, 1], "texture": "#1"},
				"up": {"uv": [0, 0, 1, 1], "texture": "#1"},
				"down": {"uv": [0, 0, 1, 1], "texture": "#1"}
			}
		},
		{
			"name": "hexadecagon",
			"from": [7.90054, 0.93, -4.3],
			"to": [8.09946, 1, -1.9],
			"faces": {
				"north": {"uv": [0, 0, 1, 1], "texture": "#1"},
				"east": {"uv": [0, 0, 1, 1], "texture": "#1"},
				"south": {"uv": [0, 0, 1, 1], "texture": "#1"},
				"west": {"uv": [0, 0, 1, 1], "texture": "#1"},
				"up": {"uv": [0, 0, 1, 1], "texture": "#1"},
				"down": {"uv": [0, 0, 1, 1], "texture": "#1"}
			}
		},
		{
			"name": "hexadecagon",
			"from": [7.90054, 0.93, -4.3],
			"to": [8.09946, 1, -1.9],
			"rotation": {"angle": 22.5, "axis": "z", "origin": [8, 0.5, -2.4]},
			"faces": {
				"north": {"uv": [0, 0, 1, 1], "texture": "#1"},
				"east": {"uv": [0, 0, 1, 1], "texture": "#1"},
				"south": {"uv": [0, 0, 1, 1], "texture": "#1"},
				"west": {"uv": [0, 0, 1, 1], "texture": "#1"},
				"up": {"uv": [0, 0, 1, 1], "texture": "#1"},
				"down": {"uv": [0, 0, 1, 1], "texture": "#1"}
			}
		},
		{
			"name": "hexadecagon",
			"from": [7.90054, 0.93, -4.3],
			"to": [8.09946, 1, -1.9],
			"rotation": {"angle": 45, "axis": "z", "origin": [8, 0.5, -2.4]},
			"faces": {
				"north": {"uv": [0, 0, 1, 1], "texture": "#1"},
				"east": {"uv": [0, 0, 1, 1], "texture": "#1"},
				"south": {"uv": [0, 0, 1, 1], "texture": "#1"},
				"west": {"uv": [0, 0, 1, 1], "texture": "#1"},
				"up": {"uv": [0, 0, 1, 1], "texture": "#1"},
				"down": {"uv": [0, 0, 1, 1], "texture": "#1"}
			}
		},
		{
			"name": "hexadecagon",
			"from": [7.5, 0.40054, -4.3],
			"to": [7.57, 0.59946, -1.9],
			"rotation": {"angle": -22.5, "axis": "z", "origin": [8, 0.5, -2.4]},
			"faces": {
				"north": {"uv": [0, 0, 1, 1], "texture": "#1"},
				"east": {"uv": [0, 0, 1, 1], "texture": "#1"},
				"south": {"uv": [0, 0, 1, 1], "texture": "#1"},
				"west": {"uv": [0, 0, 1, 1], "texture": "#1"},
				"up": {"uv": [0, 0, 1, 1], "texture": "#1"},
				"down": {"uv": [0, 0, 1, 1], "texture": "#1"}
			}
		},
		{
			"name": "hexadecagon",
			"from": [7.5, 0.40054, -4.3],
			"to": [7.57, 0.59946, -1.9],
			"faces": {
				"north": {"uv": [0, 0, 1, 1], "texture": "#1"},
				"east": {"uv": [0, 0, 1, 1], "texture": "#1"},
				"south": {"uv": [0, 0, 1, 1], "texture": "#1"},
				"west": {"uv": [0, 0, 1, 1], "texture": "#1"},
				"up": {"uv": [0, 0, 1, 1], "texture": "#1"},
				"down": {"uv": [0, 0, 1, 1], "texture": "#1"}
			}
		},
		{
			"name": "hexadecagon",
			"from": [7.5, 0.40054, -4.3],
			"to": [7.57, 0.59946, -1.9],
			"rotation": {"angle": 22.5, "axis": "z", "origin": [8, 0.5, -2.4]},
			"faces": {
				"north": {"uv": [0, 0, 1, 1], "texture": "#1"},
				"east": {"uv": [0, 0, 1, 1], "texture": "#1"},
				"south": {"uv": [0, 0, 1, 1], "texture": "#1"},
				"west": {"uv": [0, 0, 1, 1], "texture": "#1"},
				"up": {"uv": [0, 0, 1, 1], "texture": "#1"},
				"down": {"uv": [0, 0, 1, 1], "texture": "#1"}
			}
		},
		{
			"name": "hexadecagon",
			"from": [8.43, 0.40054, -4.3],
			"to": [8.5, 0.59946, -1.9],
			"rotation": {"angle": -22.5, "axis": "z", "origin": [8, 0.5, -2.4]},
			"faces": {
				"north": {"uv": [0, 0, 1, 1], "texture": "#1"},
				"east": {"uv": [0, 0, 1, 1], "texture": "#1"},
				"south": {"uv": [0, 0, 1, 1], "texture": "#1"},
				"west": {"uv": [0, 0, 1, 1], "texture": "#1"},
				"up": {"uv": [0, 0, 1, 1], "texture": "#1"},
				"down": {"uv": [0, 0, 1, 1], "texture": "#1"}
			}
		},
		{
			"name": "hexadecagon",
			"from": [8.43, 0.40054, -4.3],
			"to": [8.5, 0.59946, -1.9],
			"faces": {
				"north": {"uv": [0, 0, 1, 1], "texture": "#1"},
				"east": {"uv": [0, 0, 1, 1], "texture": "#1"},
				"south": {"uv": [0, 0, 1, 1], "texture": "#1"},
				"west": {"uv": [0, 0, 1, 1], "texture": "#1"},
				"up": {"uv": [0, 0, 1, 1], "texture": "#1"},
				"down": {"uv": [0, 0, 1, 1], "texture": "#1"}
			}
		},
		{
			"name": "hexadecagon",
			"from": [8.43, 0.40054, -4.3],
			"to": [8.5, 0.59946, -1.9],
			"rotation": {"angle": 22.5, "axis": "z", "origin": [8, 0.5, -2.4]},
			"faces": {
				"north": {"uv": [0, 0, 1, 1], "texture": "#1"},
				"east": {"uv": [0, 0, 1, 1], "texture": "#1"},
				"south": {"uv": [0, 0, 1, 1], "texture": "#1"},
				"west": {"uv": [0, 0, 1, 1], "texture": "#1"},
				"up": {"uv": [0, 0, 1, 1], "texture": "#1"},
				"down": {"uv": [0, 0, 1, 1], "texture": "#1"}
			}
		},
		{
			"from": [7.24874, -0.15842, 3.64489],
			"to": [8.74874, 1.54158, 12.39489],
			"faces": {
				"north": {"uv": [2, 0, 3.5, 1.7], "texture": "#1"},
				"east": {"uv": [0, 0, 8.95, 1.7], "texture": "#1"},
				"south": {"uv": [2, 0, 3.5, 1.7], "texture": "#1"},
				"west": {"uv": [0, 0, 8.95, 1.7], "texture": "#1"},
				"up": {"uv": [0, 0, 1.5, 8.95], "texture": "#1"},
				"down": {"uv": [0, 0, 1.5, 8.95], "texture": "#1"}
			}
		},
		{
			"name": "hexadecagon",
			"from": [7.88065, -0.1, -4.5],
			"to": [8.11935, 0, -3.5],
			"rotation": {"angle": -45, "axis": "z", "origin": [8, 0.5, -4]},
			"faces": {
				"north": {"uv": [0, 0, 1, 1], "texture": "#1"},
				"east": {"uv": [0, 0, 1, 1], "texture": "#1"},
				"south": {"uv": [0, 0, 1, 1], "texture": "#1"},
				"west": {"uv": [0, 0, 1, 1], "texture": "#1"},
				"up": {"uv": [0, 0, 1, 1], "texture": "#1"},
				"down": {"uv": [0, 0, 1, 1], "texture": "#1"}
			}
		},
		{
			"name": "hexadecagon",
			"from": [7.88065, -0.1, -6.3],
			"to": [8.11935, 0, -3.5],
			"rotation": {"angle": -22.5, "axis": "z", "origin": [8, 0.5, -4]},
			"faces": {
				"north": {"uv": [0, 0, 1, 1], "texture": "#1"},
				"east": {"uv": [0, 0, 1, 1], "texture": "#1"},
				"south": {"uv": [0, 0, 1, 1], "texture": "#1"},
				"west": {"uv": [0, 0, 1, 1], "texture": "#1"},
				"up": {"uv": [0, 0, 1, 1], "texture": "#1"},
				"down": {"uv": [0, 0, 1, 1], "texture": "#1"}
			}
		},
		{
			"name": "hexadecagon",
			"from": [7.88065, -0.1, -4.5],
			"to": [8.11935, 0, -3.5],
			"faces": {
				"north": {"uv": [0, 0, 1, 1], "texture": "#1"},
				"east": {"uv": [0, 0, 1, 1], "texture": "#1"},
				"south": {"uv": [0, 0, 1, 1], "texture": "#1"},
				"west": {"uv": [0, 0, 1, 1], "texture": "#1"},
				"up": {"uv": [0, 0, 1, 1], "texture": "#1"},
				"down": {"uv": [0, 0, 1, 1], "texture": "#1"}
			}
		},
		{
			"name": "hexadecagon",
			"from": [7.88065, -0.1, -6.3],
			"to": [8.11935, 0, -3.5],
			"rotation": {"angle": 22.5, "axis": "z", "origin": [8, 0.5, -4]},
			"faces": {
				"north": {"uv": [0, 0, 1, 1], "texture": "#1"},
				"east": {"uv": [0, 0, 1, 1], "texture": "#1"},
				"south": {"uv": [0, 0, 1, 1], "texture": "#1"},
				"west": {"uv": [0, 0, 1, 1], "texture": "#1"},
				"up": {"uv": [0, 0, 1, 1], "texture": "#1"},
				"down": {"uv": [0, 0, 1, 1], "texture": "#1"}
			}
		},
		{
			"name": "hexadecagon",
			"from": [7.88065, -0.1, -4.5],
			"to": [8.11935, 0, -3.5],
			"rotation": {"angle": 45, "axis": "z", "origin": [8, 0.5, -4]},
			"faces": {
				"north": {"uv": [0, 0, 1, 1], "texture": "#1"},
				"east": {"uv": [0, 0, 1, 1], "texture": "#1"},
				"south": {"uv": [0, 0, 1, 1], "texture": "#1"},
				"west": {"uv": [0, 0, 1, 1], "texture": "#1"},
				"up": {"uv": [0, 0, 1, 1], "texture": "#1"},
				"down": {"uv": [0, 0, 1, 1], "texture": "#1"}
			}
		},
		{
			"name": "hexadecagon",
			"from": [7.88065, 1, -4.5],
			"to": [8.11935, 1.1, -3.5],
			"rotation": {"angle": -45, "axis": "z", "origin": [8, 0.5, -4]},
			"faces": {
				"north": {"uv": [0, 0, 1, 1], "texture": "#1"},
				"east": {"uv": [0, 0, 1, 1], "texture": "#1"},
				"south": {"uv": [0, 0, 1, 1], "texture": "#1"},
				"west": {"uv": [0, 0, 1, 1], "texture": "#1"},
				"up": {"uv": [0, 0, 1, 1], "texture": "#1"},
				"down": {"uv": [0, 0, 1, 1], "texture": "#1"}
			}
		},
		{
			"name": "hexadecagon",
			"from": [7.88065, 1, -6.3],
			"to": [8.11935, 1.1, -3.5],
			"rotation": {"angle": -22.5, "axis": "z", "origin": [8, 0.5, -4]},
			"faces": {
				"north": {"uv": [0, 0, 1, 1], "texture": "#1"},
				"east": {"uv": [0, 0, 1, 1], "texture": "#1"},
				"south": {"uv": [0, 0, 1, 1], "texture": "#1"},
				"west": {"uv": [0, 0, 1, 1], "texture": "#1"},
				"up": {"uv": [0, 0, 1, 1], "texture": "#1"},
				"down": {"uv": [0, 0, 1, 1], "texture": "#1"}
			}
		},
		{
			"name": "hexadecagon",
			"from": [7.88065, 1, -4.5],
			"to": [8.11935, 1.1, -3.5],
			"faces": {
				"north": {"uv": [0, 0, 1, 1], "texture": "#1"},
				"east": {"uv": [0, 0, 1, 1], "texture": "#1"},
				"south": {"uv": [0, 0, 1, 1], "texture": "#1"},
				"west": {"uv": [0, 0, 1, 1], "texture": "#1"},
				"up": {"uv": [0, 0, 1, 1], "texture": "#1"},
				"down": {"uv": [0, 0, 1, 1], "texture": "#1"}
			}
		},
		{
			"name": "hexadecagon",
			"from": [7.88065, 1, -6.3],
			"to": [8.11935, 1.1, -3.5],
			"rotation": {"angle": 22.5, "axis": "z", "origin": [8, 0.5, -4]},
			"faces": {
				"north": {"uv": [0, 0, 1, 1], "texture": "#1"},
				"east": {"uv": [0, 0, 1, 1], "texture": "#1"},
				"south": {"uv": [0, 0, 1, 1], "texture": "#1"},
				"west": {"uv": [0, 0, 1, 1], "texture": "#1"},
				"up": {"uv": [0, 0, 1, 1], "texture": "#1"},
				"down": {"uv": [0, 0, 1, 1], "texture": "#1"}
			}
		},
		{
			"name": "hexadecagon",
			"from": [7.88065, 1, -4.5],
			"to": [8.11935, 1.1, -3.5],
			"rotation": {"angle": 45, "axis": "z", "origin": [8, 0.5, -4]},
			"faces": {
				"north": {"uv": [0, 0, 1, 1], "texture": "#1"},
				"east": {"uv": [0, 0, 1, 1], "texture": "#1"},
				"south": {"uv": [0, 0, 1, 1], "texture": "#1"},
				"west": {"uv": [0, 0, 1, 1], "texture": "#1"},
				"up": {"uv": [0, 0, 1, 1], "texture": "#1"},
				"down": {"uv": [0, 0, 1, 1], "texture": "#1"}
			}
		},
		{
			"name": "hexadecagon",
			"from": [7.4, 0.38065, -6.3],
			"to": [7.5, 0.61935, -3.5],
			"rotation": {"angle": -22.5, "axis": "z", "origin": [8, 0.5, -4]},
			"faces": {
				"north": {"uv": [0, 0, 1, 1], "texture": "#1"},
				"east": {"uv": [0, 0, 1, 1], "texture": "#1"},
				"south": {"uv": [0, 0, 1, 1], "texture": "#1"},
				"west": {"uv": [0, 0, 1, 1], "texture": "#1"},
				"up": {"uv": [0, 0, 1, 1], "texture": "#1"},
				"down": {"uv": [0, 0, 1, 1], "texture": "#1"}
			}
		},
		{
			"name": "hexadecagon",
			"from": [7.4, 0.38065, -4.5],
			"to": [7.5, 0.61935, -3.5],
			"faces": {
				"north": {"uv": [0, 0, 1, 1], "texture": "#1"},
				"east": {"uv": [0, 0, 1, 1], "texture": "#1"},
				"south": {"uv": [0, 0, 1, 1], "texture": "#1"},
				"west": {"uv": [0, 0, 1, 1], "texture": "#1"},
				"up": {"uv": [0, 0, 1, 1], "texture": "#1"},
				"down": {"uv": [0, 0, 1, 1], "texture": "#1"}
			}
		},
		{
			"name": "hexadecagon",
			"from": [7.4, 0.38065, -6.3],
			"to": [7.5, 0.61935, -3.5],
			"rotation": {"angle": 22.5, "axis": "z", "origin": [8, 0.5, -4]},
			"faces": {
				"north": {"uv": [0, 0, 1, 1], "texture": "#1"},
				"east": {"uv": [0, 0, 1, 1], "texture": "#1"},
				"south": {"uv": [0, 0, 1, 1], "texture": "#1"},
				"west": {"uv": [0, 0, 1, 1], "texture": "#1"},
				"up": {"uv": [0, 0, 1, 1], "texture": "#1"},
				"down": {"uv": [0, 0, 1, 1], "texture": "#1"}
			}
		},
		{
			"name": "hexadecagon",
			"from": [8.5, 0.38065, -6.3],
			"to": [8.6, 0.61935, -3.5],
			"rotation": {"angle": -22.5, "axis": "z", "origin": [8, 0.5, -4]},
			"faces": {
				"north": {"uv": [0, 0, 1, 1], "texture": "#1"},
				"east": {"uv": [0, 0, 1, 1], "texture": "#1"},
				"south": {"uv": [0, 0, 1, 1], "texture": "#1"},
				"west": {"uv": [0, 0, 1, 1], "texture": "#1"},
				"up": {"uv": [0, 0, 1, 1], "texture": "#1"},
				"down": {"uv": [0, 0, 1, 1], "texture": "#1"}
			}
		},
		{
			"name": "hexadecagon",
			"from": [8.5, 0.38065, -4.5],
			"to": [8.6, 0.61935, -3.5],
			"faces": {
				"north": {"uv": [0, 0, 1, 1], "texture": "#1"},
				"east": {"uv": [0, 0, 1, 1], "texture": "#1"},
				"south": {"uv": [0, 0, 1, 1], "texture": "#1"},
				"west": {"uv": [0, 0, 1, 1], "texture": "#1"},
				"up": {"uv": [0, 0, 1, 1], "texture": "#1"},
				"down": {"uv": [0, 0, 1, 1], "texture": "#1"}
			}
		},
		{
			"name": "hexadecagon",
			"from": [8.5, 0.38065, -6.3],
			"to": [8.6, 0.61935, -3.5],
			"rotation": {"angle": 22.5, "axis": "z", "origin": [8, 0.5, -4]},
			"faces": {
				"north": {"uv": [0, 0, 1, 1], "texture": "#1"},
				"east": {"uv": [0, 0, 1, 1], "texture": "#1"},
				"south": {"uv": [0, 0, 1, 1], "texture": "#1"},
				"west": {"uv": [0, 0, 1, 1], "texture": "#1"},
				"up": {"uv": [0, 0, 1, 1], "texture": "#1"},
				"down": {"uv": [0, 0, 1, 1], "texture": "#1"}
			}
		},
		{
			"from": [7.15524, -2.33793, 22.80238],
			"to": [8.85524, 3.46207, 23.40238],
			"faces": {
				"north": {"uv": [0, 0, 1.7, 5.8], "rotation": 180, "texture": "#1"},
				"east": {"uv": [0, 0, 5.8, 0.6], "rotation": 90, "texture": "#1"},
				"south": {"uv": [0, 0, 1.7, 5.8], "texture": "#1"},
				"west": {"uv": [0, 0, 5.8, 0.6], "rotation": 270, "texture": "#1"},
				"up": {"uv": [0, 0, 1.7, 0.6], "texture": "#1"},
				"down": {"uv": [0, 0, 1.7, 0.6], "rotation": 180, "texture": "#1"}
			}
		},
		{
			"from": [7.15638, -0.55058, -1.67057],
			"to": [8.85638, 0.84942, 4.37943],
			"faces": {
				"north": {"uv": [2, 0, 3.7, 1.4], "rotation": 180, "texture": "#1"},
				"east": {"uv": [1.75, 0, 9.3, 1.4], "rotation": 180, "texture": "#1"},
				"south": {"uv": [2, 0, 3.7, 1.4], "rotation": 180, "texture": "#1"},
				"west": {"uv": [1.75, 0, 9.3, 1.4], "rotation": 180, "texture": "#1"},
				"up": {"uv": [0, 1.75, 1.7, 9.3], "texture": "#1"},
				"down": {"uv": [0, 1.75, 1.7, 9.3], "texture": "#1"}
			}
		},
		{
			"name": "hexadecagon",
			"from": [7.05, 1.55027, 7.15],
			"to": [8.95, 2.04973, 7.2],
			"rotation": {"angle": -45, "axis": "x", "origin": [8, 2, 7.4]},
			"faces": {
				"north": {"uv": [0, 0, 1, 1], "texture": "#3"},
				"east": {"uv": [0, 0, 1, 1], "texture": "#3"},
				"south": {"uv": [0, 0, 1, 1], "texture": "#3"},
				"west": {"uv": [0, 0, 1, 1], "texture": "#3"},
				"up": {"uv": [0, 0, 1, 1], "texture": "#3"},
				"down": {"uv": [0, 0, 1, 1], "texture": "#3"}
			}
		},
		{
			"name": "hexadecagon",
			"from": [7.05, 1.55027, 6.85],
			"to": [8.95, 2.04973, 7.2],
			"rotation": {"angle": -22.5, "axis": "x", "origin": [8, 2, 7.4]},
			"faces": {
				"north": {"uv": [0, 0, 1, 1], "texture": "#3"},
				"east": {"uv": [0, 0, 1, 1], "texture": "#3"},
				"south": {"uv": [0, 0, 1, 1], "texture": "#3"},
				"west": {"uv": [0, 0, 1, 1], "texture": "#3"},
				"up": {"uv": [0, 0, 1, 1], "texture": "#3"},
				"down": {"uv": [0, 0, 1, 1], "texture": "#3"}
			}
		},
		{
			"name": "hexadecagon",
			"from": [7.05, 1.55027, 7.15],
			"to": [8.95, 2.04973, 7.2],
			"faces": {
				"north": {"uv": [0, 0, 1, 1], "texture": "#3"},
				"east": {"uv": [0, 0, 1, 1], "texture": "#3"},
				"south": {"uv": [0, 0, 1, 1], "texture": "#3"},
				"west": {"uv": [0, 0, 1, 1], "texture": "#3"},
				"up": {"uv": [0, 0, 1, 1], "texture": "#3"},
				"down": {"uv": [0, 0, 1, 1], "texture": "#3"}
			}
		},
		{
			"name": "hexadecagon",
			"from": [7.05, 1.15027, 6.95],
			"to": [8.95, 2.04973, 7.2],
			"rotation": {"angle": 22.5, "axis": "x", "origin": [8, 2, 7.4]},
			"faces": {
				"north": {"uv": [0, 0, 1, 1], "texture": "#3"},
				"east": {"uv": [0, 0, 1, 1], "texture": "#3"},
				"south": {"uv": [0, 0, 1, 1], "texture": "#3"},
				"west": {"uv": [0, 0, 1, 1], "texture": "#3"},
				"up": {"uv": [0, 0, 1, 1], "texture": "#3"},
				"down": {"uv": [0, 0, 1, 1], "texture": "#3"}
			}
		},
		{
			"name": "hexadecagon",
			"from": [7.05, 1.95027, 7.15],
			"to": [8.95, 2.04973, 7.2],
			"rotation": {"angle": 45, "axis": "x", "origin": [8, 2, 7.4]},
			"faces": {
				"north": {"uv": [0, 0, 1, 1], "texture": "#3"},
				"east": {"uv": [0, 0, 1, 1], "texture": "#3"},
				"south": {"uv": [0, 0, 1, 1], "texture": "#3"},
				"west": {"uv": [0, 0, 1, 1], "texture": "#3"},
				"up": {"uv": [0, 0, 1, 1], "texture": "#3"},
				"down": {"uv": [0, 0, 1, 1], "texture": "#3"}
			}
		},
		{
			"name": "hexadecagon",
			"from": [7.05, 1.95027, 7.6],
			"to": [8.95, 2.04973, 7.65],
			"rotation": {"angle": 45, "axis": "x", "origin": [8, 2, 7.4]},
			"faces": {
				"north": {"uv": [0, 0, 1, 1], "texture": "#3"},
				"east": {"uv": [0, 0, 1, 1], "texture": "#3"},
				"south": {"uv": [0, 0, 1, 1], "texture": "#3"},
				"west": {"uv": [0, 0, 1, 1], "texture": "#3"},
				"up": {"uv": [0, 0, 1, 1], "texture": "#3"},
				"down": {"uv": [0, 0, 1, 1], "texture": "#3"}
			}
		},
		{
			"name": "hexadecagon",
			"from": [7.05, 1.35, 7.35027],
			"to": [8.95, 1.8, 7.44973],
			"rotation": {"angle": -22.5, "axis": "x", "origin": [8, 2, 7.4]},
			"faces": {
				"north": {"uv": [0, 0, 1, 1], "texture": "#3"},
				"east": {"uv": [0, 0, 1, 1], "texture": "#3"},
				"south": {"uv": [0, 0, 1, 1], "texture": "#3"},
				"west": {"uv": [0, 0, 1, 1], "texture": "#3"},
				"up": {"uv": [0, 0, 1, 1], "texture": "#3"},
				"down": {"uv": [0, 0, 1, 1], "texture": "#3"}
			}
		},
		{
			"name": "hexadecagon",
			"from": [7.05, 1.35, 7.15027],
			"to": [8.95, 1.8, 7.44973],
			"faces": {
				"north": {"uv": [0, 0, 1, 1], "texture": "#3"},
				"east": {"uv": [0, 0, 1, 1], "texture": "#3"},
				"south": {"uv": [0, 0, 1, 1], "texture": "#3"},
				"west": {"uv": [0, 0, 1, 1], "texture": "#3"},
				"up": {"uv": [0, 0, 1, 1], "texture": "#3"},
				"down": {"uv": [0, 0, 1, 1], "texture": "#3"}
			}
		},
		{
			"name": "hexadecagon",
			"from": [7.05, 1.35, 7.35027],
			"to": [8.95, 1.8, 7.44973],
			"rotation": {"angle": 22.5, "axis": "x", "origin": [8, 2, 7.4]},
			"faces": {
				"north": {"uv": [0, 0, 1, 1], "texture": "#3"},
				"east": {"uv": [0, 0, 1, 1], "texture": "#3"},
				"south": {"uv": [0, 0, 1, 1], "texture": "#3"},
				"west": {"uv": [0, 0, 1, 1], "texture": "#3"},
				"up": {"uv": [0, 0, 1, 1], "texture": "#3"},
				"down": {"uv": [0, 0, 1, 1], "texture": "#3"}
			}
		},
		{
			"name": "hexadecagon",
			"from": [7.05, 0.55027, 7.5],
			"to": [8.95, 2.69973, 8.1],
			"rotation": {"angle": 45, "axis": "x", "origin": [8, 2.9, 8.3]},
			"faces": {
				"north": {"uv": [0, 0, 1, 1], "texture": "#3"},
				"east": {"uv": [0, 0, 1, 1], "texture": "#3"},
				"south": {"uv": [0, 0, 1, 1], "texture": "#3"},
				"west": {"uv": [0, 0, 1, 1], "texture": "#3"},
				"up": {"uv": [0, 0, 1, 1], "texture": "#3"},
				"down": {"uv": [0, 0, 1, 1], "texture": "#3"}
			}
		},
		{
			"name": "hexadecagon",
			"from": [7.05, 2.6738, 8.32291],
			"to": [8.95, 2.77326, 8.87291],
			"rotation": {"angle": -45, "axis": "x", "origin": [8, 2.72353, 8.12291]},
			"faces": {
				"north": {"uv": [0, 0, 1, 1], "texture": "#3"},
				"east": {"uv": [0, 0, 1, 1], "texture": "#3"},
				"south": {"uv": [0, 0, 1, 1], "texture": "#3"},
				"west": {"uv": [0, 0, 1, 1], "texture": "#3"},
				"up": {"uv": [0, 0, 1, 1], "texture": "#3"},
				"down": {"uv": [0, 0, 1, 1], "texture": "#3"}
			}
		},
		{
			"name": "hexadecagon",
			"from": [7.05, 2.5738, 8.32291],
			"to": [8.95, 2.97326, 8.87291],
			"rotation": {"angle": -22.5, "axis": "x", "origin": [8, 2.72353, 8.12291]},
			"faces": {
				"north": {"uv": [0, 0, 1, 1], "texture": "#3"},
				"east": {"uv": [0, 0, 1, 1], "texture": "#3"},
				"south": {"uv": [0, 0, 1, 1], "texture": "#3"},
				"west": {"uv": [0, 0, 1, 1], "texture": "#3"},
				"up": {"uv": [0, 0, 1, 1], "texture": "#3"},
				"down": {"uv": [0, 0, 1, 1], "texture": "#3"}
			}
		},
		{
			"name": "hexadecagon",
			"from": [7.05, 2.6738, 8.32291],
			"to": [8.95, 2.77326, 8.37291],
			"faces": {
				"north": {"uv": [0, 0, 1, 1], "texture": "#3"},
				"east": {"uv": [0, 0, 1, 1], "texture": "#3"},
				"south": {"uv": [0, 0, 1, 1], "texture": "#3"},
				"west": {"uv": [0, 0, 1, 1], "texture": "#3"},
				"up": {"uv": [0, 0, 1, 1], "texture": "#3"},
				"down": {"uv": [0, 0, 1, 1], "texture": "#3"}
			}
		},
		{
			"name": "hexadecagon",
			"from": [7.05, 2.6738, 8.32291],
			"to": [8.95, 2.77326, 8.37291],
			"rotation": {"angle": 22.5, "axis": "x", "origin": [8, 2.72353, 8.12291]},
			"faces": {
				"north": {"uv": [0, 0, 1, 1], "texture": "#3"},
				"east": {"uv": [0, 0, 1, 1], "texture": "#3"},
				"south": {"uv": [0, 0, 1, 1], "texture": "#3"},
				"west": {"uv": [0, 0, 1, 1], "texture": "#3"},
				"up": {"uv": [0, 0, 1, 1], "texture": "#3"},
				"down": {"uv": [0, 0, 1, 1], "texture": "#3"}
			}
		},
		{
			"name": "hexadecagon",
			"from": [7.05, 1.65027, 8.5],
			"to": [8.95, 2.69973, 8.55],
			"rotation": {"angle": 45, "axis": "x", "origin": [8, 2.9, 8.3]},
			"faces": {
				"north": {"uv": [0, 0, 1, 1], "texture": "#3"},
				"east": {"uv": [0, 0, 1, 1], "texture": "#3"},
				"south": {"uv": [0, 0, 1, 1], "texture": "#3"},
				"west": {"uv": [0, 0, 1, 1], "texture": "#3"},
				"up": {"uv": [0, 0, 1, 1], "texture": "#3"},
				"down": {"uv": [0, 0, 1, 1], "texture": "#3"}
			}
		},
		{
			"name": "hexadecagon",
			"from": [7.05, 2.92353, 7.97319],
			"to": [8.95, 3.07353, 8.17264],
			"rotation": {"angle": -22.5, "axis": "x", "origin": [8, 2.72353, 8.12291]},
			"faces": {
				"north": {"uv": [0, 0, 1, 1], "texture": "#3"},
				"east": {"uv": [0, 0, 1, 1], "texture": "#3"},
				"south": {"uv": [0, 0, 1, 1], "texture": "#3"},
				"west": {"uv": [0, 0, 1, 1], "texture": "#3"},
				"up": {"uv": [0, 0, 1, 1], "texture": "#3"},
				"down": {"uv": [0, 0, 1, 1], "texture": "#3"}
			}
		},
		{
			"name": "hexadecagon",
			"from": [7.05, 2.92353, 8.07319],
			"to": [8.95, 2.97353, 8.17264],
			"faces": {
				"north": {"uv": [0, 0, 1, 1], "texture": "#3"},
				"east": {"uv": [0, 0, 1, 1], "texture": "#3"},
				"south": {"uv": [0, 0, 1, 1], "texture": "#3"},
				"west": {"uv": [0, 0, 1, 1], "texture": "#3"},
				"up": {"uv": [0, 0, 1, 1], "texture": "#3"},
				"down": {"uv": [0, 0, 1, 1], "texture": "#3"}
			}
		},
		{
			"name": "hexadecagon",
			"from": [7.05, 2.92353, 8.07319],
			"to": [8.95, 3.07353, 8.17264],
			"rotation": {"angle": 22.5, "axis": "x", "origin": [8, 2.72353, 8.12291]},
			"faces": {
				"north": {"uv": [0, 0, 1, 1], "texture": "#3"},
				"east": {"uv": [0, 0, 1, 1], "texture": "#3"},
				"south": {"uv": [0, 0, 1, 1], "texture": "#3"},
				"west": {"uv": [0, 0, 1, 1], "texture": "#3"},
				"up": {"uv": [0, 0, 1, 1], "texture": "#3"},
				"down": {"uv": [0, 0, 1, 1], "texture": "#3"}
			}
		},
		{
			"name": "hexadecagon",
			"from": [7.05, 2.92353, 9.07319],
			"to": [8.95, 3.07353, 9.17264],
			"rotation": {"angle": 22.5, "axis": "x", "origin": [8, 2.72353, 9.12291]},
			"faces": {
				"north": {"uv": [0, 0, 1, 1], "texture": "#3"},
				"east": {"uv": [0, 0, 1, 1], "texture": "#3"},
				"south": {"uv": [0, 0, 1, 1], "texture": "#3"},
				"west": {"uv": [0, 0, 1, 1], "texture": "#3"},
				"up": {"uv": [0, 0, 1, 1], "texture": "#3"},
				"down": {"uv": [0, 0, 1, 1], "texture": "#3"}
			}
		},
		{
			"name": "hexadecagon",
			"from": [7.05, 2.92353, 9.07319],
			"to": [8.95, 2.97353, 9.17264],
			"faces": {
				"north": {"uv": [0, 0, 1, 1], "texture": "#3"},
				"east": {"uv": [0, 0, 1, 1], "texture": "#3"},
				"south": {"uv": [0, 0, 1, 1], "texture": "#3"},
				"west": {"uv": [0, 0, 1, 1], "texture": "#3"},
				"up": {"uv": [0, 0, 1, 1], "texture": "#3"},
				"down": {"uv": [0, 0, 1, 1], "texture": "#3"}
			}
		},
		{
			"name": "hexadecagon",
			"from": [7.05, 2.92353, 8.97319],
			"to": [8.95, 3.07353, 9.17264],
			"rotation": {"angle": -22.5, "axis": "x", "origin": [8, 2.72353, 9.12291]},
			"faces": {
				"north": {"uv": [0, 0, 1, 1], "texture": "#3"},
				"east": {"uv": [0, 0, 1, 1], "texture": "#3"},
				"south": {"uv": [0, 0, 1, 1], "texture": "#3"},
				"west": {"uv": [0, 0, 1, 1], "texture": "#3"},
				"up": {"uv": [0, 0, 1, 1], "texture": "#3"},
				"down": {"uv": [0, 0, 1, 1], "texture": "#3"}
			}
		},
		{
			"name": "hexadecagon",
			"from": [7.05, 1.65027, 9.5],
			"to": [8.95, 2.69973, 9.55],
			"rotation": {"angle": 45, "axis": "x", "origin": [8, 2.9, 9.3]},
			"faces": {
				"north": {"uv": [0, 0, 1, 1], "texture": "#3"},
				"east": {"uv": [0, 0, 1, 1], "texture": "#3"},
				"south": {"uv": [0, 0, 1, 1], "texture": "#3"},
				"west": {"uv": [0, 0, 1, 1], "texture": "#3"},
				"up": {"uv": [0, 0, 1, 1], "texture": "#3"},
				"down": {"uv": [0, 0, 1, 1], "texture": "#3"}
			}
		},
		{
			"name": "hexadecagon",
			"from": [7.05, 2.6738, 9.32291],
			"to": [8.95, 2.77326, 9.37291],
			"rotation": {"angle": 22.5, "axis": "x", "origin": [8, 2.72353, 9.12291]},
			"faces": {
				"north": {"uv": [0, 0, 1, 1], "texture": "#3"},
				"east": {"uv": [0, 0, 1, 1], "texture": "#3"},
				"south": {"uv": [0, 0, 1, 1], "texture": "#3"},
				"west": {"uv": [0, 0, 1, 1], "texture": "#3"},
				"up": {"uv": [0, 0, 1, 1], "texture": "#3"},
				"down": {"uv": [0, 0, 1, 1], "texture": "#3"}
			}
		},
		{
			"name": "hexadecagon",
			"from": [7.05, 2.6738, 9.32291],
			"to": [8.95, 2.77326, 9.67291],
			"faces": {
				"north": {"uv": [0, 0, 1, 1], "texture": "#3"},
				"east": {"uv": [0, 0, 1, 1], "texture": "#3"},
				"south": {"uv": [0, 0, 1, 1], "texture": "#3"},
				"west": {"uv": [0, 0, 1, 1], "texture": "#3"},
				"up": {"uv": [0, 0, 1, 1], "texture": "#3"},
				"down": {"uv": [0, 0, 1, 1], "texture": "#3"}
			}
		},
		{
			"name": "hexadecagon",
			"from": [7.05, 2.5738, 9.32291],
			"to": [8.95, 3.07326, 9.77291],
			"rotation": {"angle": -22.5, "axis": "x", "origin": [8, 2.72353, 9.12291]},
			"faces": {
				"north": {"uv": [0, 0, 1, 1], "texture": "#3"},
				"east": {"uv": [0, 0, 1, 1], "texture": "#3"},
				"south": {"uv": [0, 0, 1, 1], "texture": "#3"},
				"west": {"uv": [0, 0, 1, 1], "texture": "#3"},
				"up": {"uv": [0, 0, 1, 1], "texture": "#3"},
				"down": {"uv": [0, 0, 1, 1], "texture": "#3"}
			}
		},
		{
			"name": "hexadecagon",
			"from": [7.05, 2.6738, 9.32291],
			"to": [8.95, 2.77326, 9.37291],
			"rotation": {"angle": -45, "axis": "x", "origin": [8, 2.72353, 9.12291]},
			"faces": {
				"north": {"uv": [0, 0, 1, 1], "texture": "#3"},
				"east": {"uv": [0, 0, 1, 1], "texture": "#3"},
				"south": {"uv": [0, 0, 1, 1], "texture": "#3"},
				"west": {"uv": [0, 0, 1, 1], "texture": "#3"},
				"up": {"uv": [0, 0, 1, 1], "texture": "#3"},
				"down": {"uv": [0, 0, 1, 1], "texture": "#3"}
			}
		},
		{
			"name": "hexadecagon",
			"from": [7.05, 0.55027, 8.8],
			"to": [8.95, 2.69973, 9.1],
			"rotation": {"angle": 45, "axis": "x", "origin": [8, 2.9, 9.3]},
			"faces": {
				"north": {"uv": [0, 0, 1, 1], "texture": "#3"},
				"east": {"uv": [0, 0, 1, 1], "texture": "#3"},
				"south": {"uv": [0, 0, 1, 1], "texture": "#3"},
				"west": {"uv": [0, 0, 1, 1], "texture": "#3"},
				"up": {"uv": [0, 0, 1, 1], "texture": "#3"},
				"down": {"uv": [0, 0, 1, 1], "texture": "#3"}
			}
		},
		{
			"name": "hexadecagon",
			"from": [7.05, 1.75, 8.35027],
			"to": [8.95, 1.8, 8.44973],
			"rotation": {"angle": 22.5, "axis": "x", "origin": [8, 2, 8.4]},
			"faces": {
				"north": {"uv": [0, 0, 1, 1], "texture": "#3"},
				"east": {"uv": [0, 0, 1, 1], "texture": "#3"},
				"south": {"uv": [0, 0, 1, 1], "texture": "#3"},
				"west": {"uv": [0, 0, 1, 1], "texture": "#3"},
				"up": {"uv": [0, 0, 1, 1], "texture": "#3"},
				"down": {"uv": [0, 0, 1, 1], "texture": "#3"}
			}
		},
		{
			"name": "hexadecagon",
			"from": [7.05, 1.55, 8.05027],
			"to": [8.95, 1.8, 8.44973],
			"faces": {
				"north": {"uv": [0, 0, 1, 1], "texture": "#3"},
				"east": {"uv": [0, 0, 1, 1], "texture": "#3"},
				"south": {"uv": [0, 0, 1, 1], "texture": "#3"},
				"west": {"uv": [0, 0, 1, 1], "texture": "#3"},
				"up": {"uv": [0, 0, 1, 1], "texture": "#3"},
				"down": {"uv": [0, 0, 1, 1], "texture": "#3"}
			}
		},
		{
			"name": "hexadecagon",
			"from": [7.05, 1.75, 8.35027],
			"to": [8.95, 1.8, 8.44973],
			"rotation": {"angle": -22.5, "axis": "x", "origin": [8, 2, 8.4]},
			"faces": {
				"north": {"uv": [0, 0, 1, 1], "texture": "#3"},
				"east": {"uv": [0, 0, 1, 1], "texture": "#3"},
				"south": {"uv": [0, 0, 1, 1], "texture": "#3"},
				"west": {"uv": [0, 0, 1, 1], "texture": "#3"},
				"up": {"uv": [0, 0, 1, 1], "texture": "#3"},
				"down": {"uv": [0, 0, 1, 1], "texture": "#3"}
			}
		},
		{
			"name": "hexadecagon",
			"from": [7.05, 1.95027, 8.6],
			"to": [8.95, 2.04973, 8.65],
			"rotation": {"angle": 45, "axis": "x", "origin": [8, 2, 8.4]},
			"faces": {
				"north": {"uv": [0, 0, 1, 1], "texture": "#3"},
				"east": {"uv": [0, 0, 1, 1], "texture": "#3"},
				"south": {"uv": [0, 0, 1, 1], "texture": "#3"},
				"west": {"uv": [0, 0, 1, 1], "texture": "#3"},
				"up": {"uv": [0, 0, 1, 1], "texture": "#3"},
				"down": {"uv": [0, 0, 1, 1], "texture": "#3"}
			}
		},
		{
			"name": "hexadecagon",
			"from": [7.05, 1.95027, 8.15],
			"to": [8.95, 2.04973, 8.2],
			"rotation": {"angle": 45, "axis": "x", "origin": [8, 2, 8.4]},
			"faces": {
				"north": {"uv": [0, 0, 1, 1], "texture": "#3"},
				"east": {"uv": [0, 0, 1, 1], "texture": "#3"},
				"south": {"uv": [0, 0, 1, 1], "texture": "#3"},
				"west": {"uv": [0, 0, 1, 1], "texture": "#3"},
				"up": {"uv": [0, 0, 1, 1], "texture": "#3"},
				"down": {"uv": [0, 0, 1, 1], "texture": "#3"}
			}
		},
		{
			"name": "hexadecagon",
			"from": [7.05, 1.15027, 7.95],
			"to": [8.95, 2.04973, 8.2],
			"rotation": {"angle": 22.5, "axis": "x", "origin": [8, 2, 8.4]},
			"faces": {
				"north": {"uv": [0, 0, 1, 1], "texture": "#3"},
				"east": {"uv": [0, 0, 1, 1], "texture": "#3"},
				"south": {"uv": [0, 0, 1, 1], "texture": "#3"},
				"west": {"uv": [0, 0, 1, 1], "texture": "#3"},
				"up": {"uv": [0, 0, 1, 1], "texture": "#3"},
				"down": {"uv": [0, 0, 1, 1], "texture": "#3"}
			}
		},
		{
			"name": "hexadecagon",
			"from": [7.05, 1.95027, 8.15],
			"to": [8.95, 2.04973, 8.2],
			"faces": {
				"north": {"uv": [0, 0, 1, 1], "texture": "#3"},
				"east": {"uv": [0, 0, 1, 1], "texture": "#3"},
				"south": {"uv": [0, 0, 1, 1], "texture": "#3"},
				"west": {"uv": [0, 0, 1, 1], "texture": "#3"},
				"up": {"uv": [0, 0, 1, 1], "texture": "#3"},
				"down": {"uv": [0, 0, 1, 1], "texture": "#3"}
			}
		},
		{
			"name": "hexadecagon",
			"from": [7.05, 1.55027, 7.75],
			"to": [8.95, 2.04973, 8.2],
			"rotation": {"angle": -22.5, "axis": "x", "origin": [8, 2, 8.4]},
			"faces": {
				"north": {"uv": [0, 0, 1, 1], "texture": "#3"},
				"east": {"uv": [0, 0, 1, 1], "texture": "#3"},
				"south": {"uv": [0, 0, 1, 1], "texture": "#3"},
				"west": {"uv": [0, 0, 1, 1], "texture": "#3"},
				"up": {"uv": [0, 0, 1, 1], "texture": "#3"},
				"down": {"uv": [0, 0, 1, 1], "texture": "#3"}
			}
		},
		{
			"name": "hexadecagon",
			"from": [7.05, 1.95027, 7.75],
			"to": [8.95, 2.04973, 8.2],
			"rotation": {"angle": -45, "axis": "x", "origin": [8, 2, 8.4]},
			"faces": {
				"north": {"uv": [0, 0, 1, 1], "texture": "#3"},
				"east": {"uv": [0, 0, 1, 1], "texture": "#3"},
				"south": {"uv": [0, 0, 1, 1], "texture": "#3"},
				"west": {"uv": [0, 0, 1, 1], "texture": "#3"},
				"up": {"uv": [0, 0, 1, 1], "texture": "#3"},
				"down": {"uv": [0, 0, 1, 1], "texture": "#3"}
			}
		},
		{
			"name": "hexadecagon",
			"from": [7.05, 2.92353, 10.07319],
			"to": [8.95, 3.07353, 10.17264],
			"rotation": {"angle": 22.5, "axis": "x", "origin": [8, 2.72353, 10.12291]},
			"faces": {
				"north": {"uv": [0, 0, 1, 1], "texture": "#3"},
				"east": {"uv": [0, 0, 1, 1], "texture": "#3"},
				"south": {"uv": [0, 0, 1, 1], "texture": "#3"},
				"west": {"uv": [0, 0, 1, 1], "texture": "#3"},
				"up": {"uv": [0, 0, 1, 1], "texture": "#3"},
				"down": {"uv": [0, 0, 1, 1], "texture": "#3"}
			}
		},
		{
			"name": "hexadecagon",
			"from": [7.05, 2.92353, 10.07319],
			"to": [8.95, 2.97353, 10.17264],
			"faces": {
				"north": {"uv": [0, 0, 1, 1], "texture": "#3"},
				"east": {"uv": [0, 0, 1, 1], "texture": "#3"},
				"south": {"uv": [0, 0, 1, 1], "texture": "#3"},
				"west": {"uv": [0, 0, 1, 1], "texture": "#3"},
				"up": {"uv": [0, 0, 1, 1], "texture": "#3"},
				"down": {"uv": [0, 0, 1, 1], "texture": "#3"}
			}
		},
		{
			"name": "hexadecagon",
			"from": [7.05, 2.92353, 9.87319],
			"to": [8.95, 3.07353, 10.17264],
			"rotation": {"angle": -22.5, "axis": "x", "origin": [8, 2.72353, 10.12291]},
			"faces": {
				"north": {"uv": [0, 0, 1, 1], "texture": "#3"},
				"east": {"uv": [0, 0, 1, 1], "texture": "#3"},
				"south": {"uv": [0, 0, 1, 1], "texture": "#3"},
				"west": {"uv": [0, 0, 1, 1], "texture": "#3"},
				"up": {"uv": [0, 0, 1, 1], "texture": "#3"},
				"down": {"uv": [0, 0, 1, 1], "texture": "#3"}
			}
		},
		{
			"name": "hexadecagon",
			"from": [7.05, 1.65027, 10.5],
			"to": [8.95, 2.69973, 10.55],
			"rotation": {"angle": 45, "axis": "x", "origin": [8, 2.9, 10.3]},
			"faces": {
				"north": {"uv": [0, 0, 1, 1], "texture": "#3"},
				"east": {"uv": [0, 0, 1, 1], "texture": "#3"},
				"south": {"uv": [0, 0, 1, 1], "texture": "#3"},
				"west": {"uv": [0, 0, 1, 1], "texture": "#3"},
				"up": {"uv": [0, 0, 1, 1], "texture": "#3"},
				"down": {"uv": [0, 0, 1, 1], "texture": "#3"}
			}
		},
		{
			"name": "hexadecagon",
			"from": [7.05, 2.6738, 10.32291],
			"to": [8.95, 2.77326, 10.37291],
			"rotation": {"angle": 22.5, "axis": "x", "origin": [8, 2.72353, 10.12291]},
			"faces": {
				"north": {"uv": [0, 0, 1, 1], "texture": "#3"},
				"east": {"uv": [0, 0, 1, 1], "texture": "#3"},
				"south": {"uv": [0, 0, 1, 1], "texture": "#3"},
				"west": {"uv": [0, 0, 1, 1], "texture": "#3"},
				"up": {"uv": [0, 0, 1, 1], "texture": "#3"},
				"down": {"uv": [0, 0, 1, 1], "texture": "#3"}
			}
		},
		{
			"name": "hexadecagon",
			"from": [7.05, 2.6738, 10.32291],
			"to": [8.95, 2.77326, 10.47291],
			"faces": {
				"north": {"uv": [0, 0, 1, 1], "texture": "#3"},
				"east": {"uv": [0, 0, 1, 1], "texture": "#3"},
				"south": {"uv": [0, 0, 1, 1], "texture": "#3"},
				"west": {"uv": [0, 0, 1, 1], "texture": "#3"},
				"up": {"uv": [0, 0, 1, 1], "texture": "#3"},
				"down": {"uv": [0, 0, 1, 1], "texture": "#3"}
			}
		},
		{
			"name": "hexadecagon",
			"from": [7.05, 2.4738, 10.32291],
			"to": [8.95, 3.07326, 10.77291],
			"rotation": {"angle": -22.5, "axis": "x", "origin": [8, 2.72353, 10.12291]},
			"faces": {
				"north": {"uv": [0, 0, 1, 1], "texture": "#3"},
				"east": {"uv": [0, 0, 1, 1], "texture": "#3"},
				"south": {"uv": [0, 0, 1, 1], "texture": "#3"},
				"west": {"uv": [0, 0, 1, 1], "texture": "#3"},
				"up": {"uv": [0, 0, 1, 1], "texture": "#3"},
				"down": {"uv": [0, 0, 1, 1], "texture": "#3"}
			}
		},
		{
			"name": "hexadecagon",
			"from": [7.05, 2.6738, 10.32291],
			"to": [8.95, 2.77326, 10.37291],
			"rotation": {"angle": -45, "axis": "x", "origin": [8, 2.72353, 10.12291]},
			"faces": {
				"north": {"uv": [0, 0, 1, 1], "texture": "#3"},
				"east": {"uv": [0, 0, 1, 1], "texture": "#3"},
				"south": {"uv": [0, 0, 1, 1], "texture": "#3"},
				"west": {"uv": [0, 0, 1, 1], "texture": "#3"},
				"up": {"uv": [0, 0, 1, 1], "texture": "#3"},
				"down": {"uv": [0, 0, 1, 1], "texture": "#3"}
			}
		},
		{
			"name": "hexadecagon",
			"from": [7.05, 0.55027, 9.8],
			"to": [8.95, 2.69973, 10.1],
			"rotation": {"angle": 45, "axis": "x", "origin": [8, 2.9, 10.3]},
			"faces": {
				"north": {"uv": [0, 0, 1, 1], "texture": "#3"},
				"east": {"uv": [0, 0, 1, 1], "texture": "#3"},
				"south": {"uv": [0, 0, 1, 1], "texture": "#3"},
				"west": {"uv": [0, 0, 1, 1], "texture": "#3"},
				"up": {"uv": [0, 0, 1, 1], "texture": "#3"},
				"down": {"uv": [0, 0, 1, 1], "texture": "#3"}
			}
		},
		{
			"name": "hexadecagon",
			"from": [7.05, 1.35, 9.15027],
			"to": [8.95, 1.8, 9.54973],
			"rotation": {"angle": 22.5, "axis": "x", "origin": [8, 2, 9.4]},
			"faces": {
				"north": {"uv": [0, 0, 1, 1], "texture": "#3"},
				"east": {"uv": [0, 0, 1, 1], "texture": "#3"},
				"south": {"uv": [0, 0, 1, 1], "texture": "#3"},
				"west": {"uv": [0, 0, 1, 1], "texture": "#3"},
				"up": {"uv": [0, 0, 1, 1], "texture": "#3"},
				"down": {"uv": [0, 0, 1, 1], "texture": "#3"}
			}
		},
		{
			"name": "hexadecagon",
			"from": [7.05, 1.35, 9.35027],
			"to": [8.95, 1.8, 9.44973],
			"faces": {
				"north": {"uv": [0, 0, 1, 1], "texture": "#3"},
				"east": {"uv": [0, 0, 1, 1], "texture": "#3"},
				"south": {"uv": [0, 0, 1, 1], "texture": "#3"},
				"west": {"uv": [0, 0, 1, 1], "texture": "#3"},
				"up": {"uv": [0, 0, 1, 1], "texture": "#3"},
				"down": {"uv": [0, 0, 1, 1], "texture": "#3"}
			}
		},
		{
			"name": "hexadecagon",
			"from": [7.05, 1.35, 9.35027],
			"to": [8.95, 1.8, 9.44973],
			"rotation": {"angle": -22.5, "axis": "x", "origin": [8, 2, 9.4]},
			"faces": {
				"north": {"uv": [0, 0, 1, 1], "texture": "#3"},
				"east": {"uv": [0, 0, 1, 1], "texture": "#3"},
				"south": {"uv": [0, 0, 1, 1], "texture": "#3"},
				"west": {"uv": [0, 0, 1, 1], "texture": "#3"},
				"up": {"uv": [0, 0, 1, 1], "texture": "#3"},
				"down": {"uv": [0, 0, 1, 1], "texture": "#3"}
			}
		},
		{
			"name": "hexadecagon",
			"from": [7.05, 1.95027, 9.6],
			"to": [8.95, 2.04973, 9.65],
			"rotation": {"angle": 45, "axis": "x", "origin": [8, 2, 9.4]},
			"faces": {
				"north": {"uv": [0, 0, 1, 1], "texture": "#3"},
				"east": {"uv": [0, 0, 1, 1], "texture": "#3"},
				"south": {"uv": [0, 0, 1, 1], "texture": "#3"},
				"west": {"uv": [0, 0, 1, 1], "texture": "#3"},
				"up": {"uv": [0, 0, 1, 1], "texture": "#3"},
				"down": {"uv": [0, 0, 1, 1], "texture": "#3"}
			}
		},
		{
			"name": "hexadecagon",
			"from": [7.05, 1.95027, 9.15],
			"to": [8.95, 2.04973, 9.2],
			"rotation": {"angle": 45, "axis": "x", "origin": [8, 2, 9.4]},
			"faces": {
				"north": {"uv": [0, 0, 1, 1], "texture": "#3"},
				"east": {"uv": [0, 0, 1, 1], "texture": "#3"},
				"south": {"uv": [0, 0, 1, 1], "texture": "#3"},
				"west": {"uv": [0, 0, 1, 1], "texture": "#3"},
				"up": {"uv": [0, 0, 1, 1], "texture": "#3"},
				"down": {"uv": [0, 0, 1, 1], "texture": "#3"}
			}
		},
		{
			"name": "hexadecagon",
			"from": [7.05, 1.15027, 8.95],
			"to": [8.95, 2.04973, 9.2],
			"rotation": {"angle": 22.5, "axis": "x", "origin": [8, 2, 9.4]},
			"faces": {
				"north": {"uv": [0, 0, 1, 1], "texture": "#3"},
				"east": {"uv": [0, 0, 1, 1], "texture": "#3"},
				"south": {"uv": [0, 0, 1, 1], "texture": "#3"},
				"west": {"uv": [0, 0, 1, 1], "texture": "#3"},
				"up": {"uv": [0, 0, 1, 1], "texture": "#3"},
				"down": {"uv": [0, 0, 1, 1], "texture": "#3"}
			}
		},
		{
			"name": "hexadecagon",
			"from": [7.05, 1.95027, 9.15],
			"to": [8.95, 2.04973, 9.2],
			"faces": {
				"north": {"uv": [0, 0, 1, 1], "texture": "#3"},
				"east": {"uv": [0, 0, 1, 1], "texture": "#3"},
				"south": {"uv": [0, 0, 1, 1], "texture": "#3"},
				"west": {"uv": [0, 0, 1, 1], "texture": "#3"},
				"up": {"uv": [0, 0, 1, 1], "texture": "#3"},
				"down": {"uv": [0, 0, 1, 1], "texture": "#3"}
			}
		},
		{
			"name": "hexadecagon",
			"from": [7.05, 1.55027, 9.05],
			"to": [8.95, 2.04973, 9.2],
			"rotation": {"angle": -22.5, "axis": "x", "origin": [8, 2, 9.4]},
			"faces": {
				"north": {"uv": [0, 0, 1, 1], "texture": "#3"},
				"east": {"uv": [0, 0, 1, 1], "texture": "#3"},
				"south": {"uv": [0, 0, 1, 1], "texture": "#3"},
				"west": {"uv": [0, 0, 1, 1], "texture": "#3"},
				"up": {"uv": [0, 0, 1, 1], "texture": "#3"},
				"down": {"uv": [0, 0, 1, 1], "texture": "#3"}
			}
		},
		{
			"name": "hexadecagon",
			"from": [7.05, 1.55027, 9.15],
			"to": [8.95, 2.04973, 9.2],
			"rotation": {"angle": -45, "axis": "x", "origin": [8, 2, 9.4]},
			"faces": {
				"north": {"uv": [0, 0, 1, 1], "texture": "#3"},
				"east": {"uv": [0, 0, 1, 1], "texture": "#3"},
				"south": {"uv": [0, 0, 1, 1], "texture": "#3"},
				"west": {"uv": [0, 0, 1, 1], "texture": "#3"},
				"up": {"uv": [0, 0, 1, 1], "texture": "#3"},
				"down": {"uv": [0, 0, 1, 1], "texture": "#3"}
			}
		},
		{
			"name": "hexadecagon",
			"from": [7.05, 2.92353, 11.07319],
			"to": [8.95, 3.07353, 11.17264],
			"rotation": {"angle": 22.5, "axis": "x", "origin": [8, 2.72353, 11.12291]},
			"faces": {
				"north": {"uv": [0, 0, 1, 1], "texture": "#3"},
				"east": {"uv": [0, 0, 1, 1], "texture": "#3"},
				"south": {"uv": [0, 0, 1, 1], "texture": "#3"},
				"west": {"uv": [0, 0, 1, 1], "texture": "#3"},
				"up": {"uv": [0, 0, 1, 1], "texture": "#3"},
				"down": {"uv": [0, 0, 1, 1], "texture": "#3"}
			}
		},
		{
			"name": "hexadecagon",
			"from": [7.05, 2.92353, 11.07319],
			"to": [8.95, 2.97353, 11.17264],
			"faces": {
				"north": {"uv": [0, 0, 1, 1], "texture": "#3"},
				"east": {"uv": [0, 0, 1, 1], "texture": "#3"},
				"south": {"uv": [0, 0, 1, 1], "texture": "#3"},
				"west": {"uv": [0, 0, 1, 1], "texture": "#3"},
				"up": {"uv": [0, 0, 1, 1], "texture": "#3"},
				"down": {"uv": [0, 0, 1, 1], "texture": "#3"}
			}
		},
		{
			"name": "hexadecagon",
			"from": [7.05, 2.92353, 11.07319],
			"to": [8.95, 2.97353, 11.17264],
			"rotation": {"angle": -22.5, "axis": "x", "origin": [8, 2.72353, 11.12291]},
			"faces": {
				"north": {"uv": [0, 0, 1, 1], "texture": "#3"},
				"east": {"uv": [0, 0, 1, 1], "texture": "#3"},
				"south": {"uv": [0, 0, 1, 1], "texture": "#3"},
				"west": {"uv": [0, 0, 1, 1], "texture": "#3"},
				"up": {"uv": [0, 0, 1, 1], "texture": "#3"},
				"down": {"uv": [0, 0, 1, 1], "texture": "#3"}
			}
		},
		{
			"name": "hexadecagon",
			"from": [7.05, 1.35027, 11.5],
			"to": [8.95, 2.69973, 12.25],
			"rotation": {"angle": 45, "axis": "x", "origin": [8, 2.9, 11.3]},
			"faces": {
				"north": {"uv": [0, 0, 1, 1], "texture": "#3"},
				"east": {"uv": [0, 0, 1, 1], "texture": "#3"},
				"south": {"uv": [0, 0, 1, 1], "texture": "#3"},
				"west": {"uv": [0, 0, 1, 1], "texture": "#3"},
				"up": {"uv": [0, 0, 1, 1], "texture": "#3"},
				"down": {"uv": [0, 0, 1, 1], "texture": "#3"}
			}
		},
		{
			"name": "hexadecagon",
			"from": [7.05, 2.5738, 11.32291],
			"to": [8.95, 2.77326, 11.47291],
			"rotation": {"angle": 22.5, "axis": "x", "origin": [8, 2.72353, 11.12291]},
			"faces": {
				"north": {"uv": [0, 0, 1, 1], "texture": "#3"},
				"east": {"uv": [0, 0, 1, 1], "texture": "#3"},
				"south": {"uv": [0, 0, 1, 1], "texture": "#3"},
				"west": {"uv": [0, 0, 1, 1], "texture": "#3"},
				"up": {"uv": [0, 0, 1, 1], "texture": "#3"},
				"down": {"uv": [0, 0, 1, 1], "texture": "#3"}
			}
		},
		{
			"name": "hexadecagon",
			"from": [7.05, 2.6738, 11.32291],
			"to": [8.95, 2.77326, 11.37291],
			"faces": {
				"north": {"uv": [0, 0, 1, 1], "texture": "#3"},
				"east": {"uv": [0, 0, 1, 1], "texture": "#3"},
				"south": {"uv": [0, 0, 1, 1], "texture": "#3"},
				"west": {"uv": [0, 0, 1, 1], "texture": "#3"},
				"up": {"uv": [0, 0, 1, 1], "texture": "#3"},
				"down": {"uv": [0, 0, 1, 1], "texture": "#3"}
			}
		},
		{
			"name": "hexadecagon",
			"from": [7.05, 2.6738, 11.32291],
			"to": [8.95, 2.77326, 11.37291],
			"rotation": {"angle": -22.5, "axis": "x", "origin": [8, 2.72353, 11.12291]},
			"faces": {
				"north": {"uv": [0, 0, 1, 1], "texture": "#3"},
				"east": {"uv": [0, 0, 1, 1], "texture": "#3"},
				"south": {"uv": [0, 0, 1, 1], "texture": "#3"},
				"west": {"uv": [0, 0, 1, 1], "texture": "#3"},
				"up": {"uv": [0, 0, 1, 1], "texture": "#3"},
				"down": {"uv": [0, 0, 1, 1], "texture": "#3"}
			}
		},
		{
			"name": "hexadecagon",
			"from": [7.05, 2.3738, 11.32291],
			"to": [8.95, 2.87326, 11.47291],
			"rotation": {"angle": -45, "axis": "x", "origin": [8, 2.72353, 11.12291]},
			"faces": {
				"north": {"uv": [0, 0, 1, 1], "texture": "#3"},
				"east": {"uv": [0, 0, 1, 1], "texture": "#3"},
				"south": {"uv": [0, 0, 1, 1], "texture": "#3"},
				"west": {"uv": [0, 0, 1, 1], "texture": "#3"},
				"up": {"uv": [0, 0, 1, 1], "texture": "#3"},
				"down": {"uv": [0, 0, 1, 1], "texture": "#3"}
			}
		},
		{
			"name": "hexadecagon",
			"from": [7.05, 0.55027, 10.8],
			"to": [8.95, 2.99973, 11.1],
			"rotation": {"angle": 45, "axis": "x", "origin": [8, 2.9, 11.3]},
			"faces": {
				"north": {"uv": [0, 0, 1, 1], "texture": "#3"},
				"east": {"uv": [0, 0, 1, 1], "texture": "#3"},
				"south": {"uv": [0, 0, 1, 1], "texture": "#3"},
				"west": {"uv": [0, 0, 1, 1], "texture": "#3"},
				"up": {"uv": [0, 0, 1, 1], "texture": "#3"},
				"down": {"uv": [0, 0, 1, 1], "texture": "#3"}
			}
		},
		{
			"name": "hexadecagon",
			"from": [7.05, 1.35, 10.05027],
			"to": [8.95, 1.8, 10.44973],
			"rotation": {"angle": 22.5, "axis": "x", "origin": [8, 2, 10.4]},
			"faces": {
				"north": {"uv": [0, 0, 1, 1], "texture": "#3"},
				"east": {"uv": [0, 0, 1, 1], "texture": "#3"},
				"south": {"uv": [0, 0, 1, 1], "texture": "#3"},
				"west": {"uv": [0, 0, 1, 1], "texture": "#3"},
				"up": {"uv": [0, 0, 1, 1], "texture": "#3"},
				"down": {"uv": [0, 0, 1, 1], "texture": "#3"}
			}
		},
		{
			"name": "hexadecagon",
			"from": [7.05, 1.35, 10.35027],
			"to": [8.95, 1.8, 10.44973],
			"faces": {
				"north": {"uv": [0, 0, 1, 1], "texture": "#3"},
				"east": {"uv": [0, 0, 1, 1], "texture": "#3"},
				"south": {"uv": [0, 0, 1, 1], "texture": "#3"},
				"west": {"uv": [0, 0, 1, 1], "texture": "#3"},
				"up": {"uv": [0, 0, 1, 1], "texture": "#3"},
				"down": {"uv": [0, 0, 1, 1], "texture": "#3"}
			}
		},
		{
			"name": "hexadecagon",
			"from": [7.05, 1.35, 10.05027],
			"to": [8.95, 1.8, 10.44973],
			"rotation": {"angle": -22.5, "axis": "x", "origin": [8, 2, 10.4]},
			"faces": {
				"north": {"uv": [0, 0, 1, 1], "texture": "#3"},
				"east": {"uv": [0, 0, 1, 1], "texture": "#3"},
				"south": {"uv": [0, 0, 1, 1], "texture": "#3"},
				"west": {"uv": [0, 0, 1, 1], "texture": "#3"},
				"up": {"uv": [0, 0, 1, 1], "texture": "#3"},
				"down": {"uv": [0, 0, 1, 1], "texture": "#3"}
			}
		},
		{
			"name": "hexadecagon",
			"from": [7.05, 1.95027, 10.6],
			"to": [8.95, 2.04973, 10.65],
			"rotation": {"angle": 45, "axis": "x", "origin": [8, 2, 10.4]},
			"faces": {
				"north": {"uv": [0, 0, 1, 1], "texture": "#3"},
				"east": {"uv": [0, 0, 1, 1], "texture": "#3"},
				"south": {"uv": [0, 0, 1, 1], "texture": "#3"},
				"west": {"uv": [0, 0, 1, 1], "texture": "#3"},
				"up": {"uv": [0, 0, 1, 1], "texture": "#3"},
				"down": {"uv": [0, 0, 1, 1], "texture": "#3"}
			}
		},
		{
			"name": "hexadecagon",
			"from": [7.05, 1.95027, 10.15],
			"to": [8.95, 2.04973, 10.2],
			"rotation": {"angle": 45, "axis": "x", "origin": [8, 2, 10.4]},
			"faces": {
				"north": {"uv": [0, 0, 1, 1], "texture": "#3"},
				"east": {"uv": [0, 0, 1, 1], "texture": "#3"},
				"south": {"uv": [0, 0, 1, 1], "texture": "#3"},
				"west": {"uv": [0, 0, 1, 1], "texture": "#3"},
				"up": {"uv": [0, 0, 1, 1], "texture": "#3"},
				"down": {"uv": [0, 0, 1, 1], "texture": "#3"}
			}
		},
		{
			"name": "hexadecagon",
			"from": [7.05, 1.15027, 9.95],
			"to": [8.95, 2.04973, 10.2],
			"rotation": {"angle": 22.5, "axis": "x", "origin": [8, 2, 10.4]},
			"faces": {
				"north": {"uv": [0, 0, 1, 1], "texture": "#3"},
				"east": {"uv": [0, 0, 1, 1], "texture": "#3"},
				"south": {"uv": [0, 0, 1, 1], "texture": "#3"},
				"west": {"uv": [0, 0, 1, 1], "texture": "#3"},
				"up": {"uv": [0, 0, 1, 1], "texture": "#3"},
				"down": {"uv": [0, 0, 1, 1], "texture": "#3"}
			}
		},
		{
			"name": "hexadecagon",
			"from": [7.05, 1.95027, 10.15],
			"to": [8.95, 2.04973, 10.2],
			"faces": {
				"north": {"uv": [0, 0, 1, 1], "texture": "#3"},
				"east": {"uv": [0, 0, 1, 1], "texture": "#3"},
				"south": {"uv": [0, 0, 1, 1], "texture": "#3"},
				"west": {"uv": [0, 0, 1, 1], "texture": "#3"},
				"up": {"uv": [0, 0, 1, 1], "texture": "#3"},
				"down": {"uv": [0, 0, 1, 1], "texture": "#3"}
			}
		},
		{
			"name": "hexadecagon",
			"from": [7.05, 1.55027, 9.95],
			"to": [8.95, 2.04973, 10.2],
			"rotation": {"angle": -22.5, "axis": "x", "origin": [8, 2, 10.4]},
			"faces": {
				"north": {"uv": [0, 0, 1, 1], "texture": "#3"},
				"east": {"uv": [0, 0, 1, 1], "texture": "#3"},
				"south": {"uv": [0, 0, 1, 1], "texture": "#3"},
				"west": {"uv": [0, 0, 1, 1], "texture": "#3"},
				"up": {"uv": [0, 0, 1, 1], "texture": "#3"},
				"down": {"uv": [0, 0, 1, 1], "texture": "#3"}
			}
		},
		{
			"name": "hexadecagon",
			"from": [7.05, 1.55027, 10.15],
			"to": [8.95, 2.04973, 10.2],
			"rotation": {"angle": -45, "axis": "x", "origin": [8, 2, 10.4]},
			"faces": {
				"north": {"uv": [0, 0, 1, 1], "texture": "#3"},
				"east": {"uv": [0, 0, 1, 1], "texture": "#3"},
				"south": {"uv": [0, 0, 1, 1], "texture": "#3"},
				"west": {"uv": [0, 0, 1, 1], "texture": "#3"},
				"up": {"uv": [0, 0, 1, 1], "texture": "#3"},
				"down": {"uv": [0, 0, 1, 1], "texture": "#3"}
			}
		},
		{
			"name": "hexadecagon",
			"from": [7.05, 0.55027, 7.3],
			"to": [8.95, 2.39973, 8.1],
			"rotation": {"angle": 45, "axis": "x", "origin": [8, 2.9, 8.3]},
			"faces": {
				"north": {"uv": [0, 0, 1, 1], "texture": "#3"},
				"east": {"uv": [0, 0, 1, 1], "texture": "#3"},
				"south": {"uv": [0, 0, 1, 1], "texture": "#3"},
				"west": {"uv": [0, 0, 1, 1], "texture": "#3"},
				"up": {"uv": [0, 0, 1, 1], "texture": "#3"},
				"down": {"uv": [0, 0, 1, 1], "texture": "#3"}
			}
		},
		{
			"from": [7.04681, 2.96633, 3.83652],
			"to": [8.94681, 3.46633, 21.23652],
			"faces": {
				"north": {"uv": [0, 0, 1.9, 0.4], "texture": "#3"},
				"east": {"uv": [0, 0, 11, 0.4], "texture": "#3"},
				"south": {"uv": [0, 0, 1.9, 0.4], "texture": "#3"},
				"west": {"uv": [0, 0, 11, 0.4], "texture": "#3"},
				"up": {"uv": [0, 0, 1.9, 11], "texture": "#3"},
				"down": {"uv": [0, 0, 1.9, 11], "texture": "#3"}
			}
		},
		{
			"from": [7.04874, 0.84158, 11.34489],
			"to": [8.94874, 3.24158, 11.89489],
			"faces": {
				"north": {"uv": [2, 0, 3.9, 2.4], "texture": "#3"},
				"east": {"uv": [1.75, 0, 4.8, 2.4], "texture": "#3"},
				"south": {"uv": [2, 0, 3.9, 2.4], "texture": "#3"},
				"west": {"uv": [1.75, 0, 4.8, 2.4], "texture": "#3"},
				"up": {"uv": [0, 1.75, 1.9, 4.8], "texture": "#3"},
				"down": {"uv": [0, 1.75, 1.9, 4.8], "texture": "#3"}
			}
		},
		{
			"from": [5.94874, 1.84158, -2.05511],
			"to": [8.74874, 2.24158, -1.50511],
			"faces": {
				"north": {"uv": [2, 0, 5.4, 0.4], "texture": "#1"},
				"east": {"uv": [0, 0, 0.55, 0.4], "texture": "#1"},
				"south": {"uv": [2, 0, 5.4, 0.4], "texture": "#1"},
				"west": {"uv": [0, 0, 0.55, 0.4], "texture": "#1"},
				"up": {"uv": [0, 0, 3.4, 0.55], "texture": "#1"},
				"down": {"uv": [0, 0, 3.4, 0.55], "texture": "#1"}
			}
		},
		{
			"from": [7.34895, -1.70018, 15.95122],
			"to": [8.64895, -1.00018, 16.20122],
			"faces": {
				"north": {"uv": [0, 0, 1.3, 0.2], "texture": "#1"},
				"east": {"uv": [0, 0, 0.65, 0.2], "texture": "#1"},
				"south": {"uv": [0, 0, 1.3, 0.2], "texture": "#1"},
				"west": {"uv": [0, 0, 0.65, 0.2], "texture": "#1"},
				"up": {"uv": [0, 0, 1.3, 0.65], "texture": "#1"},
				"down": {"uv": [0, 0, 1.3, 0.65], "texture": "#1"}
			}
		},
		{
			"from": [7.24874, -3.25842, 5.14489],
			"to": [8.74874, 1.54158, 6.69489],
			"rotation": {"angle": 22.5, "axis": "x", "origin": [8, 0.5, 8]},
			"faces": {
				"north": {"uv": [2, 0, 3.5, 1.7], "texture": "#1"},
				"east": {"uv": [0, 0, 8.95, 1.7], "texture": "#1"},
				"south": {"uv": [2, 0, 3.5, 1.7], "texture": "#1"},
				"west": {"uv": [0, 0, 8.95, 1.7], "texture": "#1"},
				"up": {"uv": [0, 0, 1.5, 8.95], "texture": "#1"},
				"down": {"uv": [0, 0, 1.5, 8.95], "texture": "#1"}
			}
		},
		{
			"from": [7.24874, -0.55842, 3.64489],
			"to": [8.74874, 1.54158, 8.89489],
			"faces": {
				"north": {"uv": [2, 0, 3.5, 1.7], "texture": "#1"},
				"east": {"uv": [0, 0, 8.95, 1.7], "texture": "#1"},
				"south": {"uv": [2, 0, 3.5, 1.7], "texture": "#1"},
				"west": {"uv": [0, 0, 8.95, 1.7], "texture": "#1"},
				"up": {"uv": [0, 0, 1.5, 8.95], "texture": "#1"},
				"down": {"uv": [0, 0, 1.5, 8.95], "texture": "#1"}
			}
		},
		{
			"from": [7.24872, 0.45361, 8.27254],
			"to": [8.74872, 1.35361, 12.02254],
			"rotation": {"angle": -22.5, "axis": "x", "origin": [7.99998, 1.51203, 11.12765]},
			"faces": {
				"north": {"uv": [2, 0, 3.5, 1.7], "texture": "#1"},
				"east": {"uv": [0, 0, 8.95, 1.7], "texture": "#1"},
				"south": {"uv": [2, 0, 3.5, 1.7], "texture": "#1"},
				"west": {"uv": [0, 0, 8.95, 1.7], "texture": "#1"},
				"up": {"uv": [0, 0, 1.5, 8.95], "texture": "#1"},
				"down": {"uv": [0, 0, 1.5, 8.95], "texture": "#1"}
			}
		},
		{
			"from": [7.24872, -2.88286, 7.36923],
			"to": [8.74872, 1.26714, 8.56923],
			"rotation": {"angle": -22.5, "axis": "x", "origin": [7.99998, 1.51203, 11.12765]},
			"faces": {
				"north": {"uv": [0, 0, 1.5, 8.95], "rotation": 180, "texture": "#1"},
				"east": {"uv": [0, 0, 8.95, 1.7], "rotation": 270, "texture": "#1"},
				"south": {"uv": [0, 0, 1.5, 8.95], "texture": "#1"},
				"west": {"uv": [0, 0, 8.95, 1.7], "rotation": 90, "texture": "#1"},
				"up": {"uv": [2, 0, 3.5, 1.7], "rotation": 180, "texture": "#1"},
				"down": {"uv": [2, 0, 3.5, 1.7], "texture": "#1"}
			}
		},
		{
			"from": [7.24892, -5.69892, 9.32974],
			"to": [8.74892, -4.44892, 10.52974],
			"rotation": {"angle": 22.5, "axis": "x", "origin": [8.00018, -4.20403, 13.08816]},
			"faces": {
				"north": {"uv": [0, 0, 1.5, 8.95], "rotation": 180, "texture": "#1"},
				"east": {"uv": [0, 0, 8.95, 1.7], "rotation": 270, "texture": "#1"},
				"south": {"uv": [0, 0, 1.5, 8.95], "texture": "#1"},
				"west": {"uv": [0, 0, 8.95, 1.7], "rotation": 90, "texture": "#1"},
				"up": {"uv": [2, 0, 3.5, 1.7], "rotation": 180, "texture": "#1"},
				"down": {"uv": [2, 0, 3.5, 1.7], "texture": "#1"}
			}
		},
		{
			"from": [7.26357, -4.39382, 7.8631],
			"to": [8.76357, -3.69382, 11.1131],
			"rotation": {"angle": -22.5, "axis": "x", "origin": [8.01483, -6.95224, 11.15799]},
			"faces": {
				"north": {"uv": [2, 0, 3.5, 1.7], "rotation": 180, "texture": "#1"},
				"east": {"uv": [0, 0, 8.95, 1.7], "rotation": 180, "texture": "#1"},
				"south": {"uv": [2, 0, 3.5, 1.7], "rotation": 180, "texture": "#1"},
				"west": {"uv": [0, 0, 8.95, 1.7], "rotation": 180, "texture": "#1"},
				"up": {"uv": [0, 0, 1.5, 8.95], "texture": "#1"},
				"down": {"uv": [0, 0, 1.5, 8.95], "texture": "#1"}
			}
		},
		{
			"from": [7.26193, -6.17817, 9.13467],
			"to": [8.76193, -4.52817, 9.83467],
			"rotation": {"angle": 22.5, "axis": "x", "origin": [8.01319, -4.28328, 12.89309]},
			"faces": {
				"north": {"uv": [0, 0, 1.5, 8.95], "rotation": 180, "texture": "#1"},
				"east": {"uv": [0, 0, 8.95, 1.7], "rotation": 270, "texture": "#1"},
				"south": {"uv": [0, 0, 1.5, 8.95], "texture": "#1"},
				"west": {"uv": [0, 0, 8.95, 1.7], "rotation": 90, "texture": "#1"},
				"up": {"uv": [2, 0, 3.5, 1.7], "rotation": 180, "texture": "#1"},
				"down": {"uv": [2, 0, 3.5, 1.7], "texture": "#1"}
			}
		},
		{
			"from": [7.26357, -4.39382, 7.8631],
			"to": [8.76357, -0.39382, 8.5131],
			"rotation": {"angle": -22.5, "axis": "x", "origin": [8.01483, -6.95224, 11.15799]},
			"faces": {
				"north": {"uv": [2, 0, 3.5, 1.7], "rotation": 180, "texture": "#1"},
				"east": {"uv": [0, 0, 8.95, 1.7], "rotation": 180, "texture": "#1"},
				"south": {"uv": [2, 0, 3.5, 1.7], "rotation": 180, "texture": "#1"},
				"west": {"uv": [0, 0, 8.95, 1.7], "rotation": 180, "texture": "#1"},
				"up": {"uv": [0, 0, 1.5, 8.95], "texture": "#1"},
				"down": {"uv": [0, 0, 1.5, 8.95], "texture": "#1"}
			}
		},
		{
			"from": [7.25244, 0.71656, 6.59798],
			"to": [8.75244, 1.71656, 7.24798],
			"rotation": {"angle": -45, "axis": "x", "origin": [8.0037, -1.84186, 9.89287]},
			"faces": {
				"north": {"uv": [2, 0, 3.5, 1.7], "rotation": 180, "texture": "#1"},
				"east": {"uv": [0, 0, 8.95, 1.7], "rotation": 180, "texture": "#1"},
				"south": {"uv": [2, 0, 3.5, 1.7], "rotation": 180, "texture": "#1"},
				"west": {"uv": [0, 0, 8.95, 1.7], "rotation": 180, "texture": "#1"},
				"up": {"uv": [0, 0, 1.5, 8.95], "texture": "#1"},
				"down": {"uv": [0, 0, 1.5, 8.95], "texture": "#1"}
			}
		},
		{
			"from": [7.24872, -1.68286, 9.36923],
			"to": [8.74872, -0.13286, 10.36923],
			"rotation": {"angle": 22.5, "axis": "x", "origin": [7.99998, 1.51203, 11.12765]},
			"faces": {
				"north": {"uv": [0, 0, 1.5, 8.95], "rotation": 180, "texture": "#1"},
				"east": {"uv": [0, 0, 8.95, 1.7], "rotation": 270, "texture": "#1"},
				"south": {"uv": [0, 0, 1.5, 8.95], "texture": "#1"},
				"west": {"uv": [0, 0, 8.95, 1.7], "rotation": 90, "texture": "#1"},
				"up": {"uv": [2, 0, 3.5, 1.7], "rotation": 180, "texture": "#1"},
				"down": {"uv": [2, 0, 3.5, 1.7], "texture": "#1"}
			}
		},
		{
			"from": [7.24872, -2.88286, 7.36923],
			"to": [8.74872, -1.33286, 8.76923],
			"rotation": {"angle": -22.5, "axis": "x", "origin": [7.99998, 1.51203, 11.12765]},
			"faces": {
				"north": {"uv": [0, 0, 1.5, 8.95], "rotation": 180, "texture": "#1"},
				"east": {"uv": [0, 0, 8.95, 1.7], "rotation": 270, "texture": "#1"},
				"south": {"uv": [0, 0, 1.5, 8.95], "texture": "#1"},
				"west": {"uv": [0, 0, 8.95, 1.7], "rotation": 90, "texture": "#1"},
				"up": {"uv": [2, 0, 3.5, 1.7], "rotation": 180, "texture": "#1"},
				"down": {"uv": [2, 0, 3.5, 1.7], "texture": "#1"}
			}
		},
		{
			"from": [7.24213, -1.634, 5.54121],
			"to": [8.74213, -0.084, 6.24121],
			"rotation": {"angle": -45, "axis": "x", "origin": [7.99339, 2.76089, 8.59963]},
			"faces": {
				"north": {"uv": [0, 0, 1.5, 8.95], "rotation": 180, "texture": "#1"},
				"east": {"uv": [0, 0, 8.95, 1.7], "rotation": 270, "texture": "#1"},
				"south": {"uv": [0, 0, 1.5, 8.95], "texture": "#1"},
				"west": {"uv": [0, 0, 8.95, 1.7], "rotation": 90, "texture": "#1"},
				"up": {"uv": [2, 0, 3.5, 1.7], "rotation": 180, "texture": "#1"},
				"down": {"uv": [2, 0, 3.5, 1.7], "texture": "#1"}
			}
		}
	],
	"display": {
		"thirdperson_righthand": {
			"translation": [0, 5.25, -0.25],
			"scale": [0.58, 0.61, 0.6]
		},
		"thirdperson_lefthand": {
			"translation": [0, 1.75, 5.75],
			"scale": [0.56, 0.52, 0.54]
		},
		"firstperson_righthand": {
			"translation": [-1.75, 7.75, -3.5],
			"scale": [1, 1, 0.74]
		},
		"gui": {
			"rotation": [17, 51, 0],
			"translation": [-0.5, 5.75, 0],
			"scale": [0.62, 0.65, 0.68]
		},
		"fixed": {
			"rotation": [95, -50, 96],
			"translation": [-3.75, 6.75, -3.75]
		}
	},
	"groups": [0, 1, 2, 3, 4, 5, 6, 7, 8, 9, 10, 11, 12, 13, 14, 15, 16, 17, 18, 19, 20, 21, 22, 23, 24, 25, 26, 27, 28, 29, 30, 31, 32, 33, 34, 35, 36, 37, 38, 39, 40, 41, 42, 43, 44, 45, 46, 47, 48,
		{
			"name": "hexadecagon",
			"children": [49, 50, 51, 52, 53, 54, 55, 56, 57, 58, 59, 60, 61, 62, 63, 64]
		}, 65,
		{
			"name": "hexadecagon",
			"children": [66, 67, 68, 69, 70, 71, 72, 73, 74, 75, 76, 77, 78, 79, 80, 81]
		}, 82, 83,
		{
			"name": "hexadecagon",
			"children": []
		},
		{
			"name": "hexadecagon",
			"children": [
				{
					"name": "group",
					"children": [84, 85, 86, 87, 88, 89, 90, 91, 92, 93, 94, 95, 96, 97, 98, 99, 100, 101, 102, 103, 104, 105, 106, 107, 108, 109, 110, 111, 112, 113, 114, 115, 116, 117, 118, 119, 120, 121, 122, 123, 124, 125, 126, 127, 128, 129, 130, 131, 132, 133, 134, 135, 136, 137, 138, 139, 140, 141, 142, 143, 144, 145, 146, 147, 148, 149, 150, 151, 152, 153, 154, 155, 156]
				}
			]
		},
		{
			"name": "hexadecagon2",
			"children": []
		}, 157, 158, 159, 160, 161, 162, 163, 164, 165, 166, 167, 168, 169, 170, 171, 172]
}