{
	"credit": "Made with Blockbench",
	"textures": {
		"0": "custom/nothingness1/gray1",
		"1": "custom/nothingness1/gray3",
		"2": "custom/nothingness1/ak",
		"particle": "custom/nothingness1/gray1"
	},
	"elements": [
		{
			"from": [7.38025, 0.01641, 5.00337],
			"to": [8.58025, 1.26641, 13.00337],
			"faces": {
				"north": {"uv": [0, 0, 1.2, 1.25], "texture": "#1"},
				"east": {"uv": [0, 0, 8, 1.25], "texture": "#1"},
				"south": {"uv": [0, 0, 1.2, 1.25], "texture": "#1"},
				"west": {"uv": [0, 0, 8, 1.25], "texture": "#1"},
				"up": {"uv": [0, 0, 1.2, 8], "texture": "#1"},
				"down": {"uv": [0, 0, 1.2, 8], "texture": "#1"}
			}
		},
		{
			"from": [7.38027, 1.89181, 4.87525],
			"to": [8.58027, 3.14181, 5.57525],
			"rotation": {"angle": 22.5, "axis": "x", "origin": [7.98027, 2.39181, 0.57525]},
			"faces": {
				"north": {"uv": [0, 0, 1.2, 1.25], "texture": "#1"},
				"east": {"uv": [0, 0, 0.7, 1.25], "texture": "#1"},
				"south": {"uv": [0, 0, 1.2, 1.25], "texture": "#1"},
				"west": {"uv": [0, 0, 0.7, 1.25], "texture": "#1"},
				"up": {"uv": [0, 0, 1.2, 0.7], "texture": "#1"},
				"down": {"uv": [0, 0, 1.2, 0.7], "texture": "#1"}
			}
		},
		{
			"from": [7.37961, 3.67399, 5.1747],
			"to": [8.57961, 4.67399, 6.1747],
			"rotation": {"angle": 45, "axis": "x", "origin": [7.97961, 4.17399, 1.1747]},
			"faces": {
				"north": {"uv": [0, 0, 1.2, 1], "texture": "#1"},
				"east": {"uv": [0, 0, 1, 1], "texture": "#1"},
				"south": {"uv": [0, 0, 1.2, 1], "texture": "#1"},
				"west": {"uv": [0, 0, 1, 1], "texture": "#1"},
				"up": {"uv": [0, 0, 1.2, 1], "texture": "#1"},
				"down": {"uv": [0, 0, 1.2, 1], "texture": "#1"}
			}
		},
		{
			"from": [7.37889, 2.65095, 3.34631],
			"to": [8.57889, 3.65095, 4.54631],
			"rotation": {"angle": 22.5, "axis": "x", "origin": [7.97889, 3.15095, -0.45369]},
			"faces": {
				"north": {"uv": [0, 0, 1.2, 1], "texture": "#1"},
				"east": {"uv": [0, 0, 1.2, 1], "texture": "#1"},
				"south": {"uv": [0, 0, 1.2, 1], "texture": "#1"},
				"west": {"uv": [0, 0, 1.2, 1], "texture": "#1"},
				"up": {"uv": [0, 0, 1.2, 1.2], "texture": "#1"},
				"down": {"uv": [0, 0, 1.2, 1.2], "texture": "#1"}
			}
		},
		{
			"from": [7.37817, 1.15905, 2.74875],
			"to": [8.57817, 3.15905, 12.99875],
			"faces": {
				"north": {"uv": [0, 0, 1.2, 2], "texture": "#1"},
				"east": {"uv": [0, 0, 10.25, 2], "texture": "#1"},
				"south": {"uv": [0, 0, 1.2, 2], "texture": "#1"},
				"west": {"uv": [0, 0, 10.25, 2], "texture": "#1"},
				"up": {"uv": [0, 0, 1.2, 10.25], "texture": "#1"},
				"down": {"uv": [0, 0, 1.2, 10.25], "texture": "#1"}
			}
		},
		{
			"from": [7.18025, -0.18359, 11.80337],
			"to": [8.78025, 0.01641, 14.00337],
			"faces": {
				"north": {"uv": [0, 0, 1.6, 0.2], "texture": "#1"},
				"east": {"uv": [0, 0, 2.2, 0.2], "texture": "#1"},
				"south": {"uv": [0, 0, 1.6, 0.2], "texture": "#1"},
				"west": {"uv": [0, 0, 2.2, 0.2], "texture": "#1"},
				"up": {"uv": [0, 0, 1.6, 2.2], "texture": "#1"},
				"down": {"uv": [0, 0, 1.6, 2.2], "texture": "#1"}
			}
		},
		{
			"from": [8.58025, -0.18359, 11.80337],
			"to": [8.78025, 0.21641, 14.00337],
			"faces": {
				"north": {"uv": [0, 0, 0.2, 0.4], "texture": "#1"},
				"east": {"uv": [0, 0, 2.2, 0.4], "texture": "#1"},
				"south": {"uv": [0, 0, 0.2, 0.4], "texture": "#1"},
				"west": {"uv": [0, 0, 2.2, 0.4], "texture": "#1"},
				"up": {"uv": [0, 0, 0.2, 2.2], "texture": "#1"},
				"down": {"uv": [0, 0, 0.2, 2.2], "texture": "#1"}
			}
		},
		{
			"from": [7.18025, -0.18359, 11.80337],
			"to": [7.38025, 0.21641, 14.00337],
			"faces": {
				"north": {"uv": [0, 0, 0.2, 0.4], "texture": "#1"},
				"east": {"uv": [0, 0, 2.2, 0.4], "texture": "#1"},
				"south": {"uv": [0, 0, 0.2, 0.4], "texture": "#1"},
				"west": {"uv": [0, 0, 2.2, 0.4], "texture": "#1"},
				"up": {"uv": [0, 0, 0.2, 2.2], "texture": "#1"},
				"down": {"uv": [0, 0, 0.2, 2.2], "texture": "#1"}
			}
		},
		{
			"from": [7.18023, 1.51877, 15.54504],
			"to": [7.38023, 1.91877, 17.44504],
			"rotation": {"angle": 22.5, "axis": "x", "origin": [7.98023, 9.71877, 11.44504]},
			"faces": {
				"north": {"uv": [0, 0, 0.2, 0.4], "texture": "#1"},
				"east": {"uv": [0, 0, 1.9, 0.4], "texture": "#1"},
				"south": {"uv": [0, 0, 0.2, 0.4], "texture": "#1"},
				"west": {"uv": [0, 0, 1.9, 0.4], "texture": "#1"},
				"up": {"uv": [0, 0, 0.2, 1.9], "texture": "#1"},
				"down": {"uv": [0, 0, 0.2, 1.9], "texture": "#1"}
			}
		},
		{
			"from": [8.58023, 1.51877, 15.24504],
			"to": [8.78023, 1.91877, 17.44504],
			"rotation": {"angle": 22.5, "axis": "x", "origin": [7.98023, 9.71877, 11.44504]},
			"faces": {
				"north": {"uv": [0, 0, 0.2, 0.4], "texture": "#1"},
				"east": {"uv": [0, 0, 2.2, 0.4], "texture": "#1"},
				"south": {"uv": [0, 0, 0.2, 0.4], "texture": "#1"},
				"west": {"uv": [0, 0, 2.2, 0.4], "texture": "#1"},
				"up": {"uv": [0, 0, 0.2, 2.2], "texture": "#1"},
				"down": {"uv": [0, 0, 0.2, 2.2], "texture": "#1"}
			}
		},
		{
			"from": [7.18023, 4.26877, 18.74504],
			"to": [7.38023, 4.66877, 19.64504],
			"rotation": {"angle": 45, "axis": "x", "origin": [7.98023, 9.71877, 11.44504]},
			"faces": {
				"north": {"uv": [0, 0, 0.2, 0.4], "texture": "#1"},
				"east": {"uv": [0, 0, 0.9, 0.4], "texture": "#1"},
				"south": {"uv": [0, 0, 0.2, 0.4], "texture": "#1"},
				"west": {"uv": [0, 0, 0.9, 0.4], "texture": "#1"},
				"up": {"uv": [0, 0, 0.2, 0.9], "texture": "#1"},
				"down": {"uv": [0, 0, 0.2, 0.9], "texture": "#1"}
			}
		},
		{
			"from": [8.58023, 4.26877, 17.44504],
			"to": [8.78023, 4.66877, 19.64504],
			"rotation": {"angle": 45, "axis": "x", "origin": [7.98023, 9.71877, 11.44504]},
			"faces": {
				"north": {"uv": [0, 0, 0.2, 0.4], "texture": "#1"},
				"east": {"uv": [0, 0, 2.2, 0.4], "texture": "#1"},
				"south": {"uv": [0, 0, 0.2, 0.4], "texture": "#1"},
				"west": {"uv": [0, 0, 2.2, 0.4], "texture": "#1"},
				"up": {"uv": [0, 0, 0.2, 2.2], "texture": "#1"},
				"down": {"uv": [0, 0, 0.2, 2.2], "texture": "#1"}
			}
		},
		{
			"from": [7.18023, 0.31877, 12.79504],
			"to": [7.38023, 2.51877, 13.14504],
			"faces": {
				"north": {"uv": [0, 0, 0.2, 2.2], "rotation": 180, "texture": "#1"},
				"east": {"uv": [0, 0, 2.2, 0.35], "rotation": 270, "texture": "#1"},
				"south": {"uv": [0, 0, 0.2, 2.2], "texture": "#1"},
				"west": {"uv": [0, 0, 2.2, 0.35], "rotation": 90, "texture": "#1"},
				"up": {"uv": [0, 0, 0.2, 0.35], "rotation": 180, "texture": "#1"},
				"down": {"uv": [0, 0, 0.2, 0.35], "texture": "#1"}
			}
		},
		{
			"from": [8.58023, 0.31877, 12.79504],
			"to": [8.78023, 2.51877, 13.14504],
			"faces": {
				"north": {"uv": [0, 0, 0.2, 2.2], "rotation": 180, "texture": "#1"},
				"east": {"uv": [0, 0, 2.2, 0.35], "rotation": 270, "texture": "#1"},
				"south": {"uv": [0, 0, 0.2, 2.2], "texture": "#1"},
				"west": {"uv": [0, 0, 2.2, 0.35], "rotation": 90, "texture": "#1"},
				"up": {"uv": [0, 0, 0.2, 0.35], "rotation": 180, "texture": "#1"},
				"down": {"uv": [0, 0, 0.2, 0.35], "texture": "#1"}
			}
		},
		{
			"from": [7.18025, -0.18359, 7.30337],
			"to": [8.78025, 1.21641, 13.00337],
			"faces": {
				"north": {"uv": [0, 0, 1.6, 1.4], "texture": "#1"},
				"east": {"uv": [0, 0, 5.7, 1.4], "texture": "#1"},
				"south": {"uv": [0, 0, 1.6, 1.4], "texture": "#1"},
				"west": {"uv": [0, 0, 5.7, 1.4], "texture": "#1"},
				"up": {"uv": [0, 0, 1.6, 5.7], "texture": "#1"},
				"down": {"uv": [0, 0, 1.6, 5.7], "texture": "#1"}
			}
		},
		{
			"from": [7.18025, 0.51641, 5.90337],
			"to": [8.78025, 1.01641, 13.00337],
			"faces": {
				"north": {"uv": [0, 0, 1.6, 0.5], "texture": "#1"},
				"east": {"uv": [0, 0, 7.1, 0.5], "texture": "#1"},
				"south": {"uv": [0, 0, 1.6, 0.5], "texture": "#1"},
				"west": {"uv": [0, 0, 7.1, 0.5], "texture": "#1"},
				"up": {"uv": [0, 0, 1.6, 7.1], "texture": "#1"},
				"down": {"uv": [0, 0, 1.6, 7.1], "texture": "#1"}
			}
		},
		{
			"from": [7.18025, 1.15893, 8.60408],
			"to": [8.78025, 1.25893, 10.55408],
			"rotation": {"angle": 22.5, "axis": "x", "origin": [7.98025, 8.65893, 5.55408]},
			"faces": {
				"north": {"uv": [0, 0, 1.6, 0.1], "texture": "#1"},
				"east": {"uv": [0, 0, 1.95, 0.1], "texture": "#1"},
				"south": {"uv": [0, 0, 1.6, 0.1], "texture": "#1"},
				"west": {"uv": [0, 0, 1.95, 0.1], "texture": "#1"},
				"up": {"uv": [0, 0, 1.6, 1.95], "texture": "#1"},
				"down": {"uv": [0, 0, 1.6, 1.95], "texture": "#1"}
			}
		},
		{
			"from": [7.18027, 0.55505, 5.54004],
			"to": [8.78027, 0.65505, 7.49004],
			"faces": {
				"north": {"uv": [0, 0, 1.6, 0.1], "texture": "#1"},
				"east": {"uv": [0, 0, 1.95, 0.1], "texture": "#1"},
				"south": {"uv": [0, 0, 1.6, 0.1], "texture": "#1"},
				"west": {"uv": [0, 0, 1.95, 0.1], "texture": "#1"},
				"up": {"uv": [0, 0, 1.6, 1.95], "texture": "#1"},
				"down": {"uv": [0, 0, 1.6, 1.95], "texture": "#1"}
			}
		},
		{
			"from": [7.18025, 1.15893, 9.10408],
			"to": [8.78025, 1.80893, 10.55408],
			"rotation": {"angle": 22.5, "axis": "x", "origin": [7.98025, 8.65893, 5.55408]},
			"faces": {
				"north": {"uv": [0, 0, 1.6, 0.65], "texture": "#1"},
				"east": {"uv": [0, 0, 1.45, 0.65], "texture": "#1"},
				"south": {"uv": [0, 0, 1.6, 0.65], "texture": "#1"},
				"west": {"uv": [0, 0, 1.45, 0.65], "texture": "#1"},
				"up": {"uv": [0, 0, 1.6, 1.45], "texture": "#1"},
				"down": {"uv": [0, 0, 1.6, 1.45], "texture": "#1"}
			}
		},
		{
			"from": [7.18025, 1.15893, 8.85408],
			"to": [8.78025, 1.35893, 10.55408],
			"rotation": {"angle": 22.5, "axis": "x", "origin": [7.98025, 8.65893, 5.55408]},
			"faces": {
				"north": {"uv": [0, 0, 1.6, 0.2], "texture": "#1"},
				"east": {"uv": [0, 0, 1.7, 0.2], "texture": "#1"},
				"south": {"uv": [0, 0, 1.6, 0.2], "texture": "#1"},
				"west": {"uv": [0, 0, 1.7, 0.2], "texture": "#1"},
				"up": {"uv": [0, 0, 1.6, 1.7], "texture": "#1"},
				"down": {"uv": [0, 0, 1.6, 1.7], "texture": "#1"}
			}
		},
		{
			"from": [7.18025, 0.31641, 8.80337],
			"to": [8.78025, 0.71641, 9.70337],
			"rotation": {"angle": 22.5, "axis": "x", "origin": [7.98025, 8.01641, 8.00337]},
			"faces": {
				"north": {"uv": [0, 0, 1.6, 0.4], "texture": "#1"},
				"east": {"uv": [0, 0, 0.9, 0.4], "texture": "#1"},
				"south": {"uv": [0, 0, 1.6, 0.4], "texture": "#1"},
				"west": {"uv": [0, 0, 0.9, 0.4], "texture": "#1"},
				"up": {"uv": [0, 0, 1.6, 0.9], "texture": "#1"},
				"down": {"uv": [0, 0, 1.6, 0.9], "texture": "#1"}
			}
		},
		{
			"from": [7.02817, 1.85905, 12.84875],
			"to": [8.92817, 3.25905, 13.29875],
			"faces": {
				"north": {"uv": [0, 0, 1.9, 1.4], "texture": "#1"},
				"east": {"uv": [0, 0, 0.45, 1.4], "texture": "#1"},
				"south": {"uv": [0, 0, 1.9, 1.4], "texture": "#1"},
				"west": {"uv": [0, 0, 0.45, 1.4], "texture": "#1"},
				"up": {"uv": [0, 0, 1.9, 0.45], "texture": "#1"},
				"down": {"uv": [0, 0, 1.9, 0.45], "texture": "#1"}
			}
		},
		{
			"from": [8.41751, 2.42621, 12.84875],
			"to": [8.81751, 2.77621, 13.29875],
			"rotation": {"angle": 45, "axis": "z", "origin": [7.86751, 2.97621, 13.12375]},
			"faces": {
				"north": {"uv": [0, 0, 0.4, 0.35], "texture": "#1"},
				"east": {"uv": [0, 0, 0.45, 0.35], "texture": "#1"},
				"south": {"uv": [0, 0, 0.4, 0.35], "texture": "#1"},
				"west": {"uv": [0, 0, 0.45, 0.35], "texture": "#1"},
				"up": {"uv": [0, 0, 0.4, 0.45], "texture": "#1"},
				"down": {"uv": [0, 0, 0.4, 0.45], "texture": "#1"}
			}
		},
		{
			"from": [7.11835, 3.03897, 12.85114],
			"to": [7.46835, 3.43897, 13.30114],
			"rotation": {"angle": 45, "axis": "z", "origin": [7.29335, 3.23897, 13.12614]},
			"faces": {
				"north": {"uv": [0, 0, 0.4, 0.35], "rotation": 90, "texture": "#1"},
				"east": {"uv": [0, 0, 0.4, 0.45], "rotation": 270, "texture": "#1"},
				"south": {"uv": [0, 0, 0.4, 0.35], "rotation": 270, "texture": "#1"},
				"west": {"uv": [0, 0, 0.4, 0.45], "rotation": 90, "texture": "#1"},
				"up": {"uv": [0, 0, 0.45, 0.35], "rotation": 270, "texture": "#1"},
				"down": {"uv": [0, 0, 0.45, 0.35], "rotation": 270, "texture": "#1"}
			}
		},
		{
			"from": [7.28025, 2.4061, 12.84962],
			"to": [8.68025, 3.5061, 13.29962],
			"faces": {
				"north": {"uv": [0, 0, 1.4, 1.1], "texture": "#1"},
				"east": {"uv": [0, 0, 0.45, 1.1], "texture": "#1"},
				"south": {"uv": [0, 0, 1.4, 1.1], "texture": "#1"},
				"west": {"uv": [0, 0, 0.45, 1.1], "texture": "#1"},
				"up": {"uv": [0, 0, 1.4, 0.45], "texture": "#1"},
				"down": {"uv": [0, 0, 1.4, 0.45], "texture": "#1"}
			}
		},
		{
			"from": [7.0287, 0.83217, 12.87939],
			"to": [8.9287, 2.03217, 13.32939],
			"rotation": {"angle": 45, "axis": "x", "origin": [7.9787, 1.98217, 13.10439]},
			"faces": {
				"north": {"uv": [0, 0, 1.9, 1.2], "texture": "#1"},
				"east": {"uv": [0, 0, 0.45, 1.2], "texture": "#1"},
				"south": {"uv": [0, 0, 1.9, 1.2], "texture": "#1"},
				"west": {"uv": [0, 0, 0.45, 1.2], "texture": "#1"},
				"up": {"uv": [0, 0, 1.9, 0.45], "texture": "#1"},
				"down": {"uv": [0, 0, 1.9, 0.45], "texture": "#1"}
			}
		},
		{
			"from": [7.02782, 1.01141, 11.54969],
			"to": [8.92782, 1.36141, 12.44969],
			"faces": {
				"north": {"uv": [0, 0, 1.9, 0.35], "rotation": 180, "texture": "#1"},
				"east": {"uv": [0, 0, 0.35, 0.9], "rotation": 270, "texture": "#1"},
				"south": {"uv": [0, 0, 1.9, 0.35], "texture": "#1"},
				"west": {"uv": [0, 0, 0.35, 0.9], "rotation": 90, "texture": "#1"},
				"up": {"uv": [0, 0, 1.9, 0.9], "rotation": 180, "texture": "#1"},
				"down": {"uv": [0, 0, 1.9, 0.9], "texture": "#1"}
			}
		},
		{
			"from": [8.21786, 2.22621, 10.8484],
			"to": [8.61786, 2.57621, 11.1984],
			"rotation": {"angle": 45, "axis": "z", "origin": [7.66786, 2.77621, 11.1234]},
			"faces": {
				"north": {"uv": [0, 0, 0.4, 0.35], "texture": "#1"},
				"east": {"uv": [0, 0, 0.35, 0.35], "texture": "#1"},
				"south": {"uv": [0, 0, 0.4, 0.35], "texture": "#1"},
				"west": {"uv": [0, 0, 0.35, 0.35], "texture": "#1"},
				"up": {"uv": [0, 0, 0.4, 0.35], "texture": "#1"},
				"down": {"uv": [0, 0, 0.4, 0.35], "texture": "#1"}
			}
		},
		{
			"from": [7.22817, 1.85905, 10.84875],
			"to": [8.72817, 3.05905, 11.19875],
			"faces": {
				"north": {"uv": [0, 0, 1.5, 1.2], "texture": "#1"},
				"east": {"uv": [0, 0, 0.35, 1.2], "texture": "#1"},
				"south": {"uv": [0, 0, 1.5, 1.2], "texture": "#1"},
				"west": {"uv": [0, 0, 0.35, 1.2], "texture": "#1"},
				"up": {"uv": [0, 0, 1.5, 0.35], "texture": "#1"},
				"down": {"uv": [0, 0, 1.5, 0.35], "texture": "#1"}
			}
		},
		{
			"from": [7.31868, 2.84207, 10.84771],
			"to": [7.66868, 3.24207, 11.19771],
			"rotation": {"angle": 45, "axis": "z", "origin": [7.49368, 3.04207, 11.12271]},
			"faces": {
				"north": {"uv": [0, 0, 0.4, 0.35], "rotation": 90, "texture": "#1"},
				"east": {"uv": [0, 0, 0.4, 0.35], "rotation": 270, "texture": "#1"},
				"south": {"uv": [0, 0, 0.4, 0.35], "rotation": 270, "texture": "#1"},
				"west": {"uv": [0, 0, 0.4, 0.35], "rotation": 90, "texture": "#1"},
				"up": {"uv": [0, 0, 0.35, 0.35], "rotation": 270, "texture": "#1"},
				"down": {"uv": [0, 0, 0.35, 0.35], "rotation": 270, "texture": "#1"}
			}
		},
		{
			"from": [7.48016, 2.70444, 10.85137],
			"to": [8.48016, 3.30444, 11.20137],
			"faces": {
				"north": {"uv": [0, 0, 1, 0.6], "texture": "#1"},
				"east": {"uv": [0, 0, 0.35, 0.6], "texture": "#1"},
				"south": {"uv": [0, 0, 1, 0.6], "texture": "#1"},
				"west": {"uv": [0, 0, 0.35, 0.6], "texture": "#1"},
				"up": {"uv": [0, 0, 1, 0.35], "texture": "#1"},
				"down": {"uv": [0, 0, 1, 0.35], "texture": "#1"}
			}
		},
		{
			"from": [8.21786, 2.22621, 9.5984],
			"to": [8.61786, 2.57621, 9.9484],
			"rotation": {"angle": 45, "axis": "z", "origin": [7.66786, 2.77621, 9.8734]},
			"faces": {
				"north": {"uv": [0, 0, 0.4, 0.35], "texture": "#1"},
				"east": {"uv": [0, 0, 0.35, 0.35], "texture": "#1"},
				"south": {"uv": [0, 0, 0.4, 0.35], "texture": "#1"},
				"west": {"uv": [0, 0, 0.35, 0.35], "texture": "#1"},
				"up": {"uv": [0, 0, 0.4, 0.35], "texture": "#1"},
				"down": {"uv": [0, 0, 0.4, 0.35], "texture": "#1"}
			}
		},
		{
			"from": [7.22817, 1.85905, 9.59875],
			"to": [8.72817, 3.05905, 9.94875],
			"faces": {
				"north": {"uv": [0, 0, 1.5, 1.2], "texture": "#1"},
				"east": {"uv": [0, 0, 0.35, 1.2], "texture": "#1"},
				"south": {"uv": [0, 0, 1.5, 1.2], "texture": "#1"},
				"west": {"uv": [0, 0, 0.35, 1.2], "texture": "#1"},
				"up": {"uv": [0, 0, 1.5, 0.35], "texture": "#1"},
				"down": {"uv": [0, 0, 1.5, 0.35], "texture": "#1"}
			}
		},
		{
			"from": [7.31868, 2.84207, 9.59771],
			"to": [7.66868, 3.24207, 9.94771],
			"rotation": {"angle": 45, "axis": "z", "origin": [7.49368, 3.04207, 9.87271]},
			"faces": {
				"north": {"uv": [0, 0, 0.4, 0.35], "rotation": 90, "texture": "#1"},
				"east": {"uv": [0, 0, 0.4, 0.35], "rotation": 270, "texture": "#1"},
				"south": {"uv": [0, 0, 0.4, 0.35], "rotation": 270, "texture": "#1"},
				"west": {"uv": [0, 0, 0.4, 0.35], "rotation": 90, "texture": "#1"},
				"up": {"uv": [0, 0, 0.35, 0.35], "rotation": 270, "texture": "#1"},
				"down": {"uv": [0, 0, 0.35, 0.35], "rotation": 270, "texture": "#1"}
			}
		},
		{
			"from": [7.48016, 2.70444, 9.60137],
			"to": [8.48016, 3.30444, 9.95137],
			"faces": {
				"north": {"uv": [0, 0, 1, 0.6], "texture": "#1"},
				"east": {"uv": [0, 0, 0.35, 0.6], "texture": "#1"},
				"south": {"uv": [0, 0, 1, 0.6], "texture": "#1"},
				"west": {"uv": [0, 0, 0.35, 0.6], "texture": "#1"},
				"up": {"uv": [0, 0, 1, 0.35], "texture": "#1"},
				"down": {"uv": [0, 0, 1, 0.35], "texture": "#1"}
			}
		},
		{
			"from": [7.27817, 1.85905, 2.74875],
			"to": [8.67817, 2.95905, 12.99875],
			"faces": {
				"north": {"uv": [0, 0, 1.4, 1.1], "texture": "#1"},
				"east": {"uv": [0, 0, 10.25, 1.1], "texture": "#1"},
				"south": {"uv": [0, 0, 1.4, 1.1], "texture": "#1"},
				"west": {"uv": [0, 0, 10.25, 1.1], "texture": "#1"},
				"up": {"uv": [0, 0, 1.4, 10.25], "texture": "#1"},
				"down": {"uv": [0, 0, 1.4, 10.25], "texture": "#1"}
			}
		},
		{
			"name": "hexadecagon",
			"from": [7.2, 1.72044, 3.5],
			"to": [8.75, 1.87956, 4.3],
			"rotation": {"angle": -45, "axis": "x", "origin": [8, 1.8, 3.9]},
			"faces": {
				"north": {"uv": [0, 0, 1, 1], "texture": "#0"},
				"east": {"uv": [0, 0, 1, 1], "texture": "#0"},
				"south": {"uv": [0, 0, 1, 1], "texture": "#0"},
				"west": {"uv": [0, 0, 1, 1], "texture": "#0"},
				"up": {"uv": [0, 0, 1, 1], "texture": "#0"},
				"down": {"uv": [0, 0, 1, 1], "texture": "#0"}
			}
		},
		{
			"name": "hexadecagon",
			"from": [7.2, 1.72044, 3.5],
			"to": [8.75, 1.87956, 4.3],
			"rotation": {"angle": -22.5, "axis": "x", "origin": [8, 1.8, 3.9]},
			"faces": {
				"north": {"uv": [0, 0, 1, 1], "texture": "#0"},
				"east": {"uv": [0, 0, 1, 1], "texture": "#0"},
				"south": {"uv": [0, 0, 1, 1], "texture": "#0"},
				"west": {"uv": [0, 0, 1, 1], "texture": "#0"},
				"up": {"uv": [0, 0, 1, 1], "texture": "#0"},
				"down": {"uv": [0, 0, 1, 1], "texture": "#0"}
			}
		},
		{
			"name": "hexadecagon",
			"from": [7.2, 1.72044, 3.5],
			"to": [8.75, 1.87956, 4.3],
			"faces": {
				"north": {"uv": [0, 0, 1, 1], "texture": "#0"},
				"east": {"uv": [0, 0, 1, 1], "texture": "#0"},
				"south": {"uv": [0, 0, 1, 1], "texture": "#0"},
				"west": {"uv": [0, 0, 1, 1], "texture": "#0"},
				"up": {"uv": [0, 0, 1, 1], "texture": "#0"},
				"down": {"uv": [0, 0, 1, 1], "texture": "#0"}
			}
		},
		{
			"name": "hexadecagon",
			"from": [7.2, 1.72044, 3.5],
			"to": [8.75, 1.87956, 4.3],
			"rotation": {"angle": 22.5, "axis": "x", "origin": [8, 1.8, 3.9]},
			"faces": {
				"north": {"uv": [0, 0, 1, 1], "texture": "#0"},
				"east": {"uv": [0, 0, 1, 1], "texture": "#0"},
				"south": {"uv": [0, 0, 1, 1], "texture": "#0"},
				"west": {"uv": [0, 0, 1, 1], "texture": "#0"},
				"up": {"uv": [0, 0, 1, 1], "texture": "#0"},
				"down": {"uv": [0, 0, 1, 1], "texture": "#0"}
			}
		},
		{
			"name": "hexadecagon",
			"from": [7.2, 1.72044, 3.5],
			"to": [8.75, 1.87956, 4.3],
			"rotation": {"angle": 45, "axis": "x", "origin": [8, 1.8, 3.9]},
			"faces": {
				"north": {"uv": [0, 0, 1, 1], "texture": "#0"},
				"east": {"uv": [0, 0, 1, 1], "texture": "#0"},
				"south": {"uv": [0, 0, 1, 1], "texture": "#0"},
				"west": {"uv": [0, 0, 1, 1], "texture": "#0"},
				"up": {"uv": [0, 0, 1, 1], "texture": "#0"},
				"down": {"uv": [0, 0, 1, 1], "texture": "#0"}
			}
		},
		{
			"name": "hexadecagon",
			"from": [7.2, 1.4, 3.82044],
			"to": [8.75, 2.2, 3.97956],
			"rotation": {"angle": -22.5, "axis": "x", "origin": [8, 1.8, 3.9]},
			"faces": {
				"north": {"uv": [0, 0, 1, 1], "texture": "#0"},
				"east": {"uv": [0, 0, 1, 1], "texture": "#0"},
				"south": {"uv": [0, 0, 1, 1], "texture": "#0"},
				"west": {"uv": [0, 0, 1, 1], "texture": "#0"},
				"up": {"uv": [0, 0, 1, 1], "texture": "#0"},
				"down": {"uv": [0, 0, 1, 1], "texture": "#0"}
			}
		},
		{
			"name": "hexadecagon",
			"from": [7.2, 1.4, 3.82044],
			"to": [8.75, 2.2, 3.97956],
			"faces": {
				"north": {"uv": [0, 0, 1, 1], "texture": "#0"},
				"east": {"uv": [0, 0, 1, 1], "texture": "#0"},
				"south": {"uv": [0, 0, 1, 1], "texture": "#0"},
				"west": {"uv": [0, 0, 1, 1], "texture": "#0"},
				"up": {"uv": [0, 0, 1, 1], "texture": "#0"},
				"down": {"uv": [0, 0, 1, 1], "texture": "#0"}
			}
		},
		{
			"name": "hexadecagon",
			"from": [7.2, 1.4, 3.82044],
			"to": [8.75, 2.2, 3.97956],
			"rotation": {"angle": 22.5, "axis": "x", "origin": [8, 1.8, 3.9]},
			"faces": {
				"north": {"uv": [0, 0, 1, 1], "texture": "#0"},
				"east": {"uv": [0, 0, 1, 1], "texture": "#0"},
				"south": {"uv": [0, 0, 1, 1], "texture": "#0"},
				"west": {"uv": [0, 0, 1, 1], "texture": "#0"},
				"up": {"uv": [0, 0, 1, 1], "texture": "#0"},
				"down": {"uv": [0, 0, 1, 1], "texture": "#0"}
			}
		},
		{
			"name": "hexadecagon",
			"from": [7.87632, 1.2776, 1.95648],
			"to": [8.12368, 2.52112, 3.51088],
			"rotation": {"angle": -45, "axis": "z", "origin": [8, 1.89936, 2.73368]},
			"faces": {
				"north": {"uv": [0, 0, 1, 1], "texture": "#1"},
				"east": {"uv": [0, 0, 1, 1], "texture": "#1"},
				"south": {"uv": [0, 0, 1, 1], "texture": "#1"},
				"west": {"uv": [0, 0, 1, 1], "texture": "#1"},
				"up": {"uv": [0, 0, 1, 1], "texture": "#1"},
				"down": {"uv": [0, 0, 1, 1], "texture": "#1"}
			}
		},
		{
			"name": "hexadecagon",
			"from": [7.87632, 1.2776, 1.95648],
			"to": [8.12368, 2.52112, 3.51088],
			"rotation": {"angle": -22.5, "axis": "z", "origin": [8, 1.89936, 2.73368]},
			"faces": {
				"north": {"uv": [0, 0, 1, 1], "texture": "#1"},
				"east": {"uv": [0, 0, 1, 1], "texture": "#1"},
				"south": {"uv": [0, 0, 1, 1], "texture": "#1"},
				"west": {"uv": [0, 0, 1, 1], "texture": "#1"},
				"up": {"uv": [0, 0, 1, 1], "texture": "#1"},
				"down": {"uv": [0, 0, 1, 1], "texture": "#1"}
			}
		},
		{
			"name": "hexadecagon",
			"from": [7.87632, 1.2776, 1.95648],
			"to": [8.12368, 2.52112, 3.51088],
			"faces": {
				"north": {"uv": [0, 0, 1, 1], "texture": "#1"},
				"east": {"uv": [0, 0, 1, 1], "texture": "#1"},
				"south": {"uv": [0, 0, 1, 1], "texture": "#1"},
				"west": {"uv": [0, 0, 1, 1], "texture": "#1"},
				"up": {"uv": [0, 0, 1, 1], "texture": "#1"},
				"down": {"uv": [0, 0, 1, 1], "texture": "#1"}
			}
		},
		{
			"name": "hexadecagon",
			"from": [7.87632, 1.2776, 1.95648],
			"to": [8.12368, 2.52112, 3.51088],
			"rotation": {"angle": 22.5, "axis": "z", "origin": [8, 1.89936, 2.73368]},
			"faces": {
				"north": {"uv": [0, 0, 1, 1], "texture": "#1"},
				"east": {"uv": [0, 0, 1, 1], "texture": "#1"},
				"south": {"uv": [0, 0, 1, 1], "texture": "#1"},
				"west": {"uv": [0, 0, 1, 1], "texture": "#1"},
				"up": {"uv": [0, 0, 1, 1], "texture": "#1"},
				"down": {"uv": [0, 0, 1, 1], "texture": "#1"}
			}
		},
		{
			"name": "hexadecagon",
			"from": [7.87632, 1.2776, 1.95648],
			"to": [8.12368, 2.52112, 3.51088],
			"rotation": {"angle": 45, "axis": "z", "origin": [8, 1.89936, 2.73368]},
			"faces": {
				"north": {"uv": [0, 0, 1, 1], "texture": "#1"},
				"east": {"uv": [0, 0, 1, 1], "texture": "#1"},
				"south": {"uv": [0, 0, 1, 1], "texture": "#1"},
				"west": {"uv": [0, 0, 1, 1], "texture": "#1"},
				"up": {"uv": [0, 0, 1, 1], "texture": "#1"},
				"down": {"uv": [0, 0, 1, 1], "texture": "#1"}
			}
		},
		{
			"name": "hexadecagon",
			"from": [7.37824, 1.77568, 1.95648],
			"to": [8.62176, 2.02304, 3.51088],
			"rotation": {"angle": -22.5, "axis": "z", "origin": [8, 1.89936, 2.73368]},
			"faces": {
				"north": {"uv": [0, 0, 1, 1], "texture": "#1"},
				"east": {"uv": [0, 0, 1, 1], "texture": "#1"},
				"south": {"uv": [0, 0, 1, 1], "texture": "#1"},
				"west": {"uv": [0, 0, 1, 1], "texture": "#1"},
				"up": {"uv": [0, 0, 1, 1], "texture": "#1"},
				"down": {"uv": [0, 0, 1, 1], "texture": "#1"}
			}
		},
		{
			"name": "hexadecagon",
			"from": [7.37824, 1.77568, 1.95648],
			"to": [8.62176, 2.02304, 3.51088],
			"faces": {
				"north": {"uv": [0, 0, 1, 1], "texture": "#1"},
				"east": {"uv": [0, 0, 1, 1], "texture": "#1"},
				"south": {"uv": [0, 0, 1, 1], "texture": "#1"},
				"west": {"uv": [0, 0, 1, 1], "texture": "#1"},
				"up": {"uv": [0, 0, 1, 1], "texture": "#1"},
				"down": {"uv": [0, 0, 1, 1], "texture": "#1"}
			}
		},
		{
			"name": "hexadecagon",
			"from": [7.37824, 1.77568, 1.95648],
			"to": [8.62176, 2.02304, 3.51088],
			"rotation": {"angle": 22.5, "axis": "z", "origin": [8, 1.89936, 2.73368]},
			"faces": {
				"north": {"uv": [0, 0, 1, 1], "texture": "#1"},
				"east": {"uv": [0, 0, 1, 1], "texture": "#1"},
				"south": {"uv": [0, 0, 1, 1], "texture": "#1"},
				"west": {"uv": [0, 0, 1, 1], "texture": "#1"},
				"up": {"uv": [0, 0, 1, 1], "texture": "#1"},
				"down": {"uv": [0, 0, 1, 1], "texture": "#1"}
			}
		},
		{
			"name": "hexadecagon",
			"from": [7.93933, 1.553, -0.1],
			"to": [8.06067, 1.614, 2.59],
			"rotation": {"angle": -45, "axis": "z", "origin": [8, 1.858, 1.98]},
			"faces": {
				"north": {"uv": [0, 0, 1, 1], "texture": "#1"},
				"east": {"uv": [0, 0, 1, 1], "texture": "#1"},
				"south": {"uv": [0, 0, 1, 1], "texture": "#1"},
				"west": {"uv": [0, 0, 1, 1], "texture": "#1"},
				"up": {"uv": [0, 0, 1, 1], "texture": "#1"},
				"down": {"uv": [0, 0, 1, 1], "texture": "#1"}
			}
		},
		{
			"name": "hexadecagon",
			"from": [7.93933, 1.553, -0.1],
			"to": [8.06067, 1.614, 2.59],
			"rotation": {"angle": -22.5, "axis": "z", "origin": [8, 1.858, 1.98]},
			"faces": {
				"north": {"uv": [0, 0, 1, 1], "texture": "#1"},
				"east": {"uv": [0, 0, 1, 1], "texture": "#1"},
				"south": {"uv": [0, 0, 1, 1], "texture": "#1"},
				"west": {"uv": [0, 0, 1, 1], "texture": "#1"},
				"up": {"uv": [0, 0, 1, 1], "texture": "#1"},
				"down": {"uv": [0, 0, 1, 1], "texture": "#1"}
			}
		},
		{
			"name": "hexadecagon",
			"from": [7.93933, 1.553, -0.1],
			"to": [8.06067, 1.614, 2.59],
			"faces": {
				"north": {"uv": [0, 0, 1, 1], "texture": "#1"},
				"east": {"uv": [0, 0, 1, 1], "texture": "#1"},
				"south": {"uv": [0, 0, 1, 1], "texture": "#1"},
				"west": {"uv": [0, 0, 1, 1], "texture": "#1"},
				"up": {"uv": [0, 0, 1, 1], "texture": "#1"},
				"down": {"uv": [0, 0, 1, 1], "texture": "#1"}
			}
		},
		{
			"name": "hexadecagon",
			"from": [7.93933, 1.553, -0.1],
			"to": [8.06067, 1.614, 2.59],
			"rotation": {"angle": 22.5, "axis": "z", "origin": [8, 1.858, 1.98]},
			"faces": {
				"north": {"uv": [0, 0, 1, 1], "texture": "#1"},
				"east": {"uv": [0, 0, 1, 1], "texture": "#1"},
				"south": {"uv": [0, 0, 1, 1], "texture": "#1"},
				"west": {"uv": [0, 0, 1, 1], "texture": "#1"},
				"up": {"uv": [0, 0, 1, 1], "texture": "#1"},
				"down": {"uv": [0, 0, 1, 1], "texture": "#1"}
			}
		},
		{
			"name": "hexadecagon",
			"from": [7.93933, 1.553, -0.1],
			"to": [8.06067, 1.614, 2.59],
			"rotation": {"angle": 45, "axis": "z", "origin": [8, 1.858, 1.98]},
			"faces": {
				"north": {"uv": [0, 0, 1, 1], "texture": "#1"},
				"east": {"uv": [0, 0, 1, 1], "texture": "#1"},
				"south": {"uv": [0, 0, 1, 1], "texture": "#1"},
				"west": {"uv": [0, 0, 1, 1], "texture": "#1"},
				"up": {"uv": [0, 0, 1, 1], "texture": "#1"},
				"down": {"uv": [0, 0, 1, 1], "texture": "#1"}
			}
		},
		{
			"name": "hexadecagon",
			"from": [7.93933, 2.102, -0.1],
			"to": [8.06067, 2.163, 2.59],
			"rotation": {"angle": -45, "axis": "z", "origin": [8, 1.858, 1.98]},
			"faces": {
				"north": {"uv": [0, 0, 1, 1], "texture": "#1"},
				"east": {"uv": [0, 0, 1, 1], "texture": "#1"},
				"south": {"uv": [0, 0, 1, 1], "texture": "#1"},
				"west": {"uv": [0, 0, 1, 1], "texture": "#1"},
				"up": {"uv": [0, 0, 1, 1], "texture": "#1"},
				"down": {"uv": [0, 0, 1, 1], "texture": "#1"}
			}
		},
		{
			"name": "hexadecagon",
			"from": [7.93933, 2.102, -0.1],
			"to": [8.06067, 2.163, 2.59],
			"rotation": {"angle": -22.5, "axis": "z", "origin": [8, 1.858, 1.98]},
			"faces": {
				"north": {"uv": [0, 0, 1, 1], "texture": "#1"},
				"east": {"uv": [0, 0, 1, 1], "texture": "#1"},
				"south": {"uv": [0, 0, 1, 1], "texture": "#1"},
				"west": {"uv": [0, 0, 1, 1], "texture": "#1"},
				"up": {"uv": [0, 0, 1, 1], "texture": "#1"},
				"down": {"uv": [0, 0, 1, 1], "texture": "#1"}
			}
		},
		{
			"name": "hexadecagon",
			"from": [7.93933, 2.102, -0.1],
			"to": [8.06067, 2.163, 2.59],
			"faces": {
				"north": {"uv": [0, 0, 1, 1], "texture": "#1"},
				"east": {"uv": [0, 0, 1, 1], "texture": "#1"},
				"south": {"uv": [0, 0, 1, 1], "texture": "#1"},
				"west": {"uv": [0, 0, 1, 1], "texture": "#1"},
				"up": {"uv": [0, 0, 1, 1], "texture": "#1"},
				"down": {"uv": [0, 0, 1, 1], "texture": "#1"}
			}
		},
		{
			"name": "hexadecagon",
			"from": [7.93933, 2.102, -0.1],
			"to": [8.06067, 2.163, 2.59],
			"rotation": {"angle": 22.5, "axis": "z", "origin": [8, 1.858, 1.98]},
			"faces": {
				"north": {"uv": [0, 0, 1, 1], "texture": "#1"},
				"east": {"uv": [0, 0, 1, 1], "texture": "#1"},
				"south": {"uv": [0, 0, 1, 1], "texture": "#1"},
				"west": {"uv": [0, 0, 1, 1], "texture": "#1"},
				"up": {"uv": [0, 0, 1, 1], "texture": "#1"},
				"down": {"uv": [0, 0, 1, 1], "texture": "#1"}
			}
		},
		{
			"name": "hexadecagon",
			"from": [7.93933, 2.102, -0.1],
			"to": [8.06067, 2.163, 2.59],
			"rotation": {"angle": 45, "axis": "z", "origin": [8, 1.858, 1.98]},
			"faces": {
				"north": {"uv": [0, 0, 1, 1], "texture": "#1"},
				"east": {"uv": [0, 0, 1, 1], "texture": "#1"},
				"south": {"uv": [0, 0, 1, 1], "texture": "#1"},
				"west": {"uv": [0, 0, 1, 1], "texture": "#1"},
				"up": {"uv": [0, 0, 1, 1], "texture": "#1"},
				"down": {"uv": [0, 0, 1, 1], "texture": "#1"}
			}
		},
		{
			"name": "hexadecagon",
			"from": [7.695, 1.79733, -0.1],
			"to": [7.756, 1.91867, 2.59],
			"rotation": {"angle": -22.5, "axis": "z", "origin": [8, 1.858, 1.98]},
			"faces": {
				"north": {"uv": [0, 0, 1, 1], "texture": "#1"},
				"east": {"uv": [0, 0, 1, 1], "texture": "#1"},
				"south": {"uv": [0, 0, 1, 1], "texture": "#1"},
				"west": {"uv": [0, 0, 1, 1], "texture": "#1"},
				"up": {"uv": [0, 0, 1, 1], "texture": "#1"},
				"down": {"uv": [0, 0, 1, 1], "texture": "#1"}
			}
		},
		{
			"name": "hexadecagon",
			"from": [7.695, 1.79733, -0.1],
			"to": [7.756, 1.91867, 2.59],
			"faces": {
				"north": {"uv": [0, 0, 1, 1], "texture": "#1"},
				"east": {"uv": [0, 0, 1, 1], "texture": "#1"},
				"south": {"uv": [0, 0, 1, 1], "texture": "#1"},
				"west": {"uv": [0, 0, 1, 1], "texture": "#1"},
				"up": {"uv": [0, 0, 1, 1], "texture": "#1"},
				"down": {"uv": [0, 0, 1, 1], "texture": "#1"}
			}
		},
		{
			"name": "hexadecagon",
			"from": [7.695, 1.79733, -0.1],
			"to": [7.756, 1.91867, 2.59],
			"rotation": {"angle": 22.5, "axis": "z", "origin": [8, 1.858, 1.98]},
			"faces": {
				"north": {"uv": [0, 0, 1, 1], "texture": "#1"},
				"east": {"uv": [0, 0, 1, 1], "texture": "#1"},
				"south": {"uv": [0, 0, 1, 1], "texture": "#1"},
				"west": {"uv": [0, 0, 1, 1], "texture": "#1"},
				"up": {"uv": [0, 0, 1, 1], "texture": "#1"},
				"down": {"uv": [0, 0, 1, 1], "texture": "#1"}
			}
		},
		{
			"name": "hexadecagon",
			"from": [8.244, 1.79733, -0.1],
			"to": [8.305, 1.91867, 2.59],
			"rotation": {"angle": -22.5, "axis": "z", "origin": [8, 1.858, 1.98]},
			"faces": {
				"north": {"uv": [0, 0, 1, 1], "texture": "#1"},
				"east": {"uv": [0, 0, 1, 1], "texture": "#1"},
				"south": {"uv": [0, 0, 1, 1], "texture": "#1"},
				"west": {"uv": [0, 0, 1, 1], "texture": "#1"},
				"up": {"uv": [0, 0, 1, 1], "texture": "#1"},
				"down": {"uv": [0, 0, 1, 1], "texture": "#1"}
			}
		},
		{
			"name": "hexadecagon",
			"from": [8.244, 1.79733, -0.1],
			"to": [8.305, 1.91867, 2.59],
			"faces": {
				"north": {"uv": [0, 0, 1, 1], "texture": "#1"},
				"east": {"uv": [0, 0, 1, 1], "texture": "#1"},
				"south": {"uv": [0, 0, 1, 1], "texture": "#1"},
				"west": {"uv": [0, 0, 1, 1], "texture": "#1"},
				"up": {"uv": [0, 0, 1, 1], "texture": "#1"},
				"down": {"uv": [0, 0, 1, 1], "texture": "#1"}
			}
		},
		{
			"name": "hexadecagon",
			"from": [8.244, 1.79733, -0.1],
			"to": [8.305, 1.91867, 2.59],
			"rotation": {"angle": 22.5, "axis": "z", "origin": [8, 1.858, 1.98]},
			"faces": {
				"north": {"uv": [0, 0, 1, 1], "texture": "#1"},
				"east": {"uv": [0, 0, 1, 1], "texture": "#1"},
				"south": {"uv": [0, 0, 1, 1], "texture": "#1"},
				"west": {"uv": [0, 0, 1, 1], "texture": "#1"},
				"up": {"uv": [0, 0, 1, 1], "texture": "#1"},
				"down": {"uv": [0, 0, 1, 1], "texture": "#1"}
			}
		},
		{
			"from": [7.43025, -1.53359, 10.60337],
			"to": [8.53025, 0.11641, 12.70337],
			"faces": {
				"north": {"uv": [0, 0, 1.1, 1.65], "texture": "#2"},
				"east": {"uv": [0, 0, 2.1, 1.65], "texture": "#2"},
				"south": {"uv": [0, 0, 1.1, 1.65], "texture": "#2"},
				"west": {"uv": [0, 0, 2.1, 1.65], "texture": "#2"},
				"up": {"uv": [0, 0, 1.1, 2.1], "texture": "#2"},
				"down": {"uv": [0, 0, 1.1, 2.1], "texture": "#2"}
			}
		},
		{
			"from": [7.43025, -1.68359, 6.70337],
			"to": [8.53025, 1.21641, 8.50337],
			"faces": {
				"north": {"uv": [0, 0, 1.1, 2.9], "texture": "#1"},
				"east": {"uv": [0, 0, 1.8, 2.9], "texture": "#1"},
				"south": {"uv": [0, 0, 1.1, 2.9], "texture": "#1"},
				"west": {"uv": [0, 0, 1.8, 2.9], "texture": "#1"},
				"up": {"uv": [0, 0, 1.1, 1.8], "texture": "#1"},
				"down": {"uv": [0, 0, 1.1, 1.8], "texture": "#1"}
			}
		},
		{
			"from": [7.43025, -4.43359, 11.20337],
			"to": [8.53025, 0.11641, 12.90337],
			"faces": {
				"north": {"uv": [0, 0, 1.1, 4.55], "texture": "#2"},
				"east": {"uv": [0, 0, 1.7, 4.55], "texture": "#2"},
				"south": {"uv": [0, 0, 1.1, 4.55], "texture": "#2"},
				"west": {"uv": [0, 0, 1.7, 4.55], "texture": "#2"},
				"up": {"uv": [0, 0, 1.1, 1.7], "texture": "#2"},
				"down": {"uv": [0, 0, 1.1, 1.7], "texture": "#2"}
			}
		},
		{
			"from": [7.43147, -5.31998, 8.04598],
			"to": [8.53147, -2.26998, 9.04598],
			"rotation": {"angle": -22.5, "axis": "x", "origin": [7.98147, 7.33002, 8.24598]},
			"faces": {
				"north": {"uv": [0, 0, 1.1, 3.05], "texture": "#2"},
				"east": {"uv": [0, 0, 1, 3.05], "texture": "#2"},
				"south": {"uv": [0, 0, 1.1, 3.05], "texture": "#2"},
				"west": {"uv": [0, 0, 1, 3.05], "texture": "#2"},
				"up": {"uv": [0, 0, 1.1, 1], "texture": "#2"},
				"down": {"uv": [0, 0, 1.1, 1], "texture": "#2"}
			}
		},
		{
			"from": [7.43651, -1.27229, 14.45637],
			"to": [8.53651, 0.37771, 15.65637],
			"rotation": {"angle": 22.5, "axis": "x", "origin": [7.98651, 8.27771, 11.85637]},
			"faces": {
				"north": {"uv": [0, 0, 1.1, 1.65], "texture": "#2"},
				"east": {"uv": [0, 0, 1.2, 1.65], "texture": "#2"},
				"south": {"uv": [0, 0, 1.1, 1.65], "texture": "#2"},
				"west": {"uv": [0, 0, 1.2, 1.65], "texture": "#2"},
				"up": {"uv": [0, 0, 1.1, 1.2], "texture": "#2"},
				"down": {"uv": [0, 0, 1.1, 1.2], "texture": "#2"}
			}
		},
		{
			"from": [7.43651, 0.57771, 18.05637],
			"to": [8.53651, 1.27771, 18.85637],
			"rotation": {"angle": 45, "axis": "x", "origin": [7.98651, 8.27771, 11.85637]},
			"faces": {
				"north": {"uv": [0, 0, 1.1, 0.7], "texture": "#2"},
				"east": {"uv": [0, 0, 0.8, 0.7], "texture": "#2"},
				"south": {"uv": [0, 0, 1.1, 0.7], "texture": "#2"},
				"west": {"uv": [0, 0, 0.8, 0.7], "texture": "#2"},
				"up": {"uv": [0, 0, 1.1, 0.8], "texture": "#2"},
				"down": {"uv": [0, 0, 1.1, 0.8], "texture": "#2"}
			}
		},
		{
			"from": [7.44092, -6.02051, 9.2766],
			"to": [8.54092, -2.32051, 11.0766],
			"rotation": {"angle": 22.5, "axis": "x", "origin": [7.99092, 4.47949, 11.3766]},
			"faces": {
				"north": {"uv": [0, 0, 1.1, 3.7], "texture": "#1"},
				"east": {"uv": [0, 0, 1.8, 3.7], "texture": "#1"},
				"south": {"uv": [0, 0, 1.1, 3.7], "texture": "#1"},
				"west": {"uv": [0, 0, 1.8, 3.7], "texture": "#1"},
				"up": {"uv": [0, 0, 1.1, 1.8], "texture": "#1"},
				"down": {"uv": [0, 0, 1.1, 1.8], "texture": "#1"}
			}
		},
		{
			"from": [8.82817, 3.55905, 3.24875],
			"to": [9.12817, 3.85905, 12.79875],
			"faces": {
				"north": {"uv": [0, 0, 0.3, 0.3], "texture": "#0"},
				"east": {"uv": [0, 0, 9.55, 0.3], "texture": "#0"},
				"south": {"uv": [0, 0, 0.3, 0.3], "texture": "#0"},
				"west": {"uv": [0, 0, 9.55, 0.3], "texture": "#0"},
				"up": {"uv": [0, 0, 0.3, 9.55], "texture": "#0"},
				"down": {"uv": [0, 0, 0.3, 9.55], "texture": "#0"}
			}
		},
		{
			"from": [8.82887, -2.03357, 4.68627],
			"to": [9.12887, -1.73357, 5.23627],
			"rotation": {"angle": -22.5, "axis": "x", "origin": [7.97887, -3.93357, -9.81373]},
			"faces": {
				"north": {"uv": [0, 0, 0.3, 0.3], "texture": "#0"},
				"east": {"uv": [0, 0, 0.55, 0.3], "texture": "#0"},
				"south": {"uv": [0, 0, 0.3, 0.3], "texture": "#0"},
				"west": {"uv": [0, 0, 0.55, 0.3], "texture": "#0"},
				"up": {"uv": [0, 0, 0.3, 0.55], "texture": "#0"},
				"down": {"uv": [0, 0, 0.3, 0.55], "texture": "#0"}
			}
		},
		{
			"from": [8.82858, 3.19806, 2.37682],
			"to": [9.12858, 3.49806, 2.92682],
			"rotation": {"angle": -45, "axis": "x", "origin": [8.97858, 3.34806, 2.65182]},
			"faces": {
				"north": {"uv": [0, 0, 0.3, 0.3], "texture": "#0"},
				"east": {"uv": [0, 0, 0.55, 0.3], "texture": "#0"},
				"south": {"uv": [0, 0, 0.3, 0.3], "texture": "#0"},
				"west": {"uv": [0, 0, 0.55, 0.3], "texture": "#0"},
				"up": {"uv": [0, 0, 0.3, 0.55], "texture": "#0"},
				"down": {"uv": [0, 0, 0.3, 0.55], "texture": "#0"}
			}
		},
		{
			"from": [8.82881, 2.67367, 2.23394],
			"to": [9.12881, 3.22367, 2.53394],
			"rotation": {"angle": 22.5, "axis": "x", "origin": [8.97881, 2.94867, 2.38394]},
			"faces": {
				"north": {"uv": [0, 0, 0.3, 0.55], "rotation": 180, "texture": "#0"},
				"east": {"uv": [0, 0, 0.55, 0.3], "rotation": 90, "texture": "#0"},
				"south": {"uv": [0, 0, 0.3, 0.55], "texture": "#0"},
				"west": {"uv": [0, 0, 0.55, 0.3], "rotation": 270, "texture": "#0"},
				"up": {"uv": [0, 0, 0.3, 0.3], "texture": "#0"},
				"down": {"uv": [0, 0, 0.3, 0.3], "rotation": 180, "texture": "#0"}
			}
		},
		{
			"from": [8.82947, -0.04783, 2.1393],
			"to": [9.12947, 2.75217, 2.4393],
			"faces": {
				"north": {"uv": [0, 0, 0.3, 2.8], "rotation": 180, "texture": "#0"},
				"east": {"uv": [0, 0, 2.8, 0.3], "rotation": 90, "texture": "#0"},
				"south": {"uv": [0, 0, 0.3, 2.8], "texture": "#0"},
				"west": {"uv": [0, 0, 2.8, 0.3], "rotation": 270, "texture": "#0"},
				"up": {"uv": [0, 0, 0.3, 0.3], "texture": "#0"},
				"down": {"uv": [0, 0, 0.3, 0.3], "rotation": 180, "texture": "#0"}
			}
		},
		{
			"from": [8.82831, 4.7622, -0.23604],
			"to": [9.12831, 5.0622, 0.11396],
			"rotation": {"angle": -22.5, "axis": "x", "origin": [7.97831, 6.9622, 14.61396]},
			"faces": {
				"north": {"uv": [0.3, 0.3, 0.6, 0.6], "texture": "#0"},
				"east": {"uv": [0.55, 0.3, 0.9, 0.6], "texture": "#0"},
				"south": {"uv": [0.3, 0.3, 0.6, 0.6], "texture": "#0"},
				"west": {"uv": [0.55, 0.3, 0.9, 0.6], "texture": "#0"},
				"up": {"uv": [0, 0, 0.3, 0.35], "texture": "#0"},
				"down": {"uv": [0, 0, 0.3, 0.35], "texture": "#0"}
			}
		},
		{
			"from": [8.82849, -0.60977, 1.93101],
			"to": [9.12849, -0.30977, 2.28101],
			"rotation": {"angle": -45, "axis": "x", "origin": [8.97849, -0.45977, 2.00601]},
			"faces": {
				"north": {"uv": [0.3, 0.3, 0.6, 0.6], "texture": "#0"},
				"east": {"uv": [0.55, 0.3, 0.9, 0.6], "texture": "#0"},
				"south": {"uv": [0.3, 0.3, 0.6, 0.6], "texture": "#0"},
				"west": {"uv": [0.55, 0.3, 0.9, 0.6], "texture": "#0"},
				"up": {"uv": [0, 0, 0.3, 0.35], "texture": "#0"},
				"down": {"uv": [0, 0, 0.3, 0.35], "texture": "#0"}
			}
		},
		{
			"from": [8.82868, -0.31955, 2.04632],
			"to": [9.12868, 0.03045, 2.34632],
			"rotation": {"angle": 22.5, "axis": "x", "origin": [8.97868, -0.24455, 2.19632]},
			"faces": {
				"north": {"uv": [0.3, 0.55, 0.6, 0.9], "texture": "#0"},
				"east": {"uv": [0.55, 0.3, 0.9, 0.6], "rotation": 90, "texture": "#0"},
				"south": {"uv": [0.3, 0.55, 0.6, 0.9], "rotation": 180, "texture": "#0"},
				"west": {"uv": [0.55, 0.3, 0.9, 0.6], "rotation": 270, "texture": "#0"},
				"up": {"uv": [0, 0, 0.3, 0.3], "rotation": 180, "texture": "#0"},
				"down": {"uv": [0, 0, 0.3, 0.3], "texture": "#0"}
			}
		},
		{
			"from": [8.82833, -0.75394, 1.38697],
			"to": [9.12833, -0.45394, 1.73697],
			"faces": {
				"north": {"uv": [0.3, 0.3, 0.6, 0.6], "texture": "#0"},
				"east": {"uv": [0.55, 0.3, 0.9, 0.6], "texture": "#0"},
				"south": {"uv": [0.3, 0.3, 0.6, 0.6], "texture": "#0"},
				"west": {"uv": [0.55, 0.3, 0.9, 0.6], "texture": "#0"},
				"up": {"uv": [0, 0, 0.3, 0.35], "texture": "#0"},
				"down": {"uv": [0, 0, 0.3, 0.35], "texture": "#0"}
			}
		},
		{
			"from": [8.83051, -0.05342, 0.68437],
			"to": [9.13051, 2.74658, 0.98437],
			"faces": {
				"north": {"uv": [0, 0, 0.3, 2.8], "texture": "#0"},
				"east": {"uv": [0, 0, 2.8, 0.3], "rotation": 270, "texture": "#0"},
				"south": {"uv": [0, 0, 0.3, 2.8], "rotation": 180, "texture": "#0"},
				"west": {"uv": [0, 0, 2.8, 0.3], "rotation": 90, "texture": "#0"},
				"up": {"uv": [0.3, 0.3, 0, 0], "texture": "#0"},
				"down": {"uv": [0.3, 0.3, 0, 0], "rotation": 180, "texture": "#0"}
			}
		},
		{
			"from": [8.82953, -0.47199, 0.90154],
			"to": [9.12953, -0.17199, 1.25154],
			"rotation": {"angle": 45, "axis": "x", "origin": [8.97953, -0.32199, 0.97654]},
			"faces": {
				"north": {"uv": [0.3, 0.3, 0.6, 0.6], "texture": "#0"},
				"east": {"uv": [0.55, 0.3, 0.9, 0.6], "texture": "#0"},
				"south": {"uv": [0.3, 0.3, 0.6, 0.6], "texture": "#0"},
				"west": {"uv": [0.55, 0.3, 0.9, 0.6], "texture": "#0"},
				"up": {"uv": [0.3, 0.55, 0.6, 0.9], "texture": "#0"},
				"down": {"uv": [0.3, 0.55, 0.6, 0.9], "texture": "#0"}
			}
		},
		{
			"from": [8.83131, -0.32514, 0.77734],
			"to": [9.13131, 0.02486, 1.07734],
			"rotation": {"angle": -22.5, "axis": "x", "origin": [8.98131, -0.25014, 0.92734]},
			"faces": {
				"north": {"uv": [0.3, 0.55, 0.6, 0.9], "rotation": 180, "texture": "#0"},
				"east": {"uv": [0.55, 0.3, 0.9, 0.6], "rotation": 270, "texture": "#0"},
				"south": {"uv": [0.3, 0.55, 0.6, 0.9], "texture": "#0"},
				"west": {"uv": [0.55, 0.3, 0.9, 0.6], "rotation": 90, "texture": "#0"},
				"up": {"uv": [0.3, 0.3, 0.6, 0.6], "rotation": 180, "texture": "#0"},
				"down": {"uv": [0.3, 0.3, 0.6, 0.6], "texture": "#0"}
			}
		},
		{
			"from": [8.8287, 4.83689, 3.02522],
			"to": [9.1287, 5.13689, 3.37522],
			"rotation": {"angle": 22.5, "axis": "x", "origin": [9.9787, 7.03689, -11.67478]},
			"faces": {
				"north": {"uv": [0.3, 0.3, 0.6, 0.6], "texture": "#0"},
				"east": {"uv": [0.55, 0.3, 0.9, 0.6], "texture": "#0"},
				"south": {"uv": [0.3, 0.3, 0.6, 0.6], "texture": "#0"},
				"west": {"uv": [0.55, 0.3, 0.9, 0.6], "texture": "#0"},
				"up": {"uv": [0.3, 0.55, 0.6, 0.9], "texture": "#0"},
				"down": {"uv": [0.3, 0.55, 0.6, 0.9], "texture": "#0"}
			}
		},
		{
			"from": [8.73668, 2.66827, 0.68436],
			"to": [9.03668, 3.11827, 0.98436],
			"rotation": {"angle": 22.5, "axis": "z", "origin": [8.88668, 2.94327, 0.83436]},
			"faces": {
				"north": {"uv": [0.55, 0.3, 1, 0.6], "rotation": 90, "texture": "#0"},
				"east": {"uv": [0.3, 0.55, 0.6, 1], "texture": "#0"},
				"south": {"uv": [0.55, 0.3, 1, 0.6], "rotation": 270, "texture": "#0"},
				"west": {"uv": [0.3, 0.55, 0.6, 1], "rotation": 180, "texture": "#0"},
				"up": {"uv": [0, 0, 0.3, 0.3], "rotation": 90, "texture": "#0"},
				"down": {"uv": [0, 0, 0.3, 0.3], "rotation": 90, "texture": "#0"}
			}
		},
		{
			"from": [8.5135, 3.17129, 0.68308],
			"to": [8.9635, 3.47129, 0.98308],
			"rotation": {"angle": -45, "axis": "z", "origin": [8.5885, 3.32129, 0.83308]},
			"faces": {
				"north": {"uv": [0.55, 0.3, 1, 0.6], "rotation": 180, "texture": "#0"},
				"east": {"uv": [0.3, 0.3, 0.6, 0.6], "rotation": 180, "texture": "#0"},
				"south": {"uv": [0.55, 0.3, 1, 0.6], "rotation": 180, "texture": "#0"},
				"west": {"uv": [0.3, 0.3, 0.6, 0.6], "rotation": 180, "texture": "#0"},
				"up": {"uv": [0, 0, 0.3, 0.45], "rotation": 90, "texture": "#0"},
				"down": {"uv": [0, 0, 0.3, 0.45], "rotation": 270, "texture": "#0"}
			}
		},
		{
			"from": [6.25487, -2.16311, 0.68202],
			"to": [6.70487, -1.86311, 0.98202],
			"rotation": {"angle": -22.5, "axis": "z", "origin": [21.10487, -4.06311, -0.16798]},
			"faces": {
				"north": {"uv": [0.55, 0.3, 1, 0.6], "rotation": 180, "texture": "#0"},
				"east": {"uv": [0.3, 0.3, 0.6, 0.6], "rotation": 180, "texture": "#0"},
				"south": {"uv": [0.55, 0.3, 1, 0.6], "rotation": 180, "texture": "#0"},
				"west": {"uv": [0.3, 0.3, 0.6, 0.6], "rotation": 180, "texture": "#0"},
				"up": {"uv": [0, 0, 0.3, 0.45], "rotation": 90, "texture": "#0"},
				"down": {"uv": [0, 0, 0.3, 0.45], "rotation": 270, "texture": "#0"}
			}
		},
		{
			"from": [7.74087, 3.34995, 0.68293],
			"to": [8.24087, 3.64995, 0.98293],
			"faces": {
				"north": {"uv": [0.55, 0.3, 1.05, 0.6], "rotation": 180, "texture": "#0"},
				"east": {"uv": [0.3, 0.3, 0.6, 0.6], "rotation": 180, "texture": "#0"},
				"south": {"uv": [0.55, 0.3, 1.05, 0.6], "rotation": 180, "texture": "#0"},
				"west": {"uv": [0.3, 0.3, 0.6, 0.6], "rotation": 180, "texture": "#0"},
				"up": {"uv": [0, 0, 0.3, 0.5], "rotation": 90, "texture": "#0"},
				"down": {"uv": [0, 0, 0.3, 0.5], "rotation": 270, "texture": "#0"}
			}
		},
		{
			"from": [9.27701, -2.24141, 0.68376],
			"to": [9.72701, -1.94141, 0.98376],
			"rotation": {"angle": 22.5, "axis": "z", "origin": [-5.32299, -4.14141, 1.83376]},
			"faces": {
				"north": {"uv": [0.55, 0.3, 1, 0.6], "rotation": 180, "texture": "#0"},
				"east": {"uv": [0.3, 0.3, 0.6, 0.6], "rotation": 180, "texture": "#0"},
				"south": {"uv": [0.55, 0.3, 1, 0.6], "rotation": 180, "texture": "#0"},
				"west": {"uv": [0.3, 0.3, 0.6, 0.6], "rotation": 180, "texture": "#0"},
				"up": {"uv": [0.3, 0.55, 0.6, 1], "rotation": 90, "texture": "#0"},
				"down": {"uv": [0.3, 0.55, 0.6, 1], "rotation": 270, "texture": "#0"}
			}
		},
		{
			"from": [6.92432, 2.66732, 0.6853],
			"to": [7.22432, 3.11732, 0.9853],
			"rotation": {"angle": -22.5, "axis": "z", "origin": [7.07432, 2.94232, 0.8353]},
			"faces": {
				"north": {"uv": [0.55, 0.3, 1, 0.6], "rotation": 270, "texture": "#0"},
				"east": {"uv": [0.3, 0.55, 0.6, 1], "rotation": 180, "texture": "#0"},
				"south": {"uv": [0.55, 0.3, 1, 0.6], "rotation": 90, "texture": "#0"},
				"west": {"uv": [0.3, 0.55, 0.6, 1], "texture": "#0"},
				"up": {"uv": [0.3, 0.3, 0.6, 0.6], "rotation": 90, "texture": "#0"},
				"down": {"uv": [0.3, 0.3, 0.6, 0.6], "rotation": 90, "texture": "#0"}
			}
		},
		{
			"from": [7.05897, 3.02835, 0.68457],
			"to": [7.50897, 3.32835, 0.98457],
			"rotation": {"angle": 45, "axis": "z", "origin": [7.23397, 3.17835, 0.83457]},
			"faces": {
				"north": {"uv": [0.55, 0.3, 1, 0.6], "rotation": 180, "texture": "#0"},
				"east": {"uv": [0.3, 0.3, 0.6, 0.6], "rotation": 180, "texture": "#0"},
				"south": {"uv": [0.55, 0.3, 1, 0.6], "rotation": 180, "texture": "#0"},
				"west": {"uv": [0.3, 0.3, 0.6, 0.6], "rotation": 180, "texture": "#0"},
				"up": {"uv": [0.3, 0.55, 0.6, 1], "rotation": 90, "texture": "#0"},
				"down": {"uv": [0.3, 0.55, 0.6, 1], "rotation": 270, "texture": "#0"}
			}
		},
		{
			"from": [6.83051, -0.05342, 0.68437],
			"to": [7.13051, 2.74658, 0.98437],
			"faces": {
				"north": {"uv": [0, 0, 0.3, 2.8], "texture": "#0"},
				"east": {"uv": [0, 0, 2.8, 0.3], "rotation": 270, "texture": "#0"},
				"south": {"uv": [0, 0, 0.3, 2.8], "rotation": 180, "texture": "#0"},
				"west": {"uv": [0, 0, 2.8, 0.3], "rotation": 90, "texture": "#0"},
				"up": {"uv": [0.3, 0.3, 0.6, 0.6], "texture": "#0"},
				"down": {"uv": [0.3, 0.3, 0.6, 0.6], "rotation": 180, "texture": "#0"}
			}
		},
		{
			"from": [6.83131, -0.32514, 0.77734],
			"to": [7.13131, 0.02486, 1.07734],
			"rotation": {"angle": -22.5, "axis": "x", "origin": [6.98131, -0.25014, 0.92734]},
			"faces": {
				"north": {"uv": [0.3, 0.55, 0.6, 0.9], "rotation": 180, "texture": "#0"},
				"east": {"uv": [0.55, 0.3, 0.9, 0.6], "rotation": 270, "texture": "#0"},
				"south": {"uv": [0.3, 0.55, 0.6, 0.9], "texture": "#0"},
				"west": {"uv": [0.55, 0.3, 0.9, 0.6], "rotation": 90, "texture": "#0"},
				"up": {"uv": [0.3, 0.3, 0.6, 0.6], "rotation": 180, "texture": "#0"},
				"down": {"uv": [0.3, 0.3, 0.6, 0.6], "texture": "#0"}
			}
		},
		{
			"from": [6.82953, -0.47199, 0.90154],
			"to": [7.12953, -0.17199, 1.25154],
			"rotation": {"angle": 45, "axis": "x", "origin": [6.97953, -0.32199, 0.97654]},
			"faces": {
				"north": {"uv": [0.3, 0.3, 0.6, 0.6], "texture": "#0"},
				"east": {"uv": [0.55, 0.3, 0.9, 0.6], "texture": "#0"},
				"south": {"uv": [0.3, 0.3, 0.6, 0.6], "texture": "#0"},
				"west": {"uv": [0.55, 0.3, 0.9, 0.6], "texture": "#0"},
				"up": {"uv": [0.3, 0.55, 0.6, 0.9], "texture": "#0"},
				"down": {"uv": [0.3, 0.55, 0.6, 0.9], "texture": "#0"}
			}
		},
		{
			"from": [6.8287, 4.83689, 3.02522],
			"to": [7.1287, 5.13689, 3.37522],
			"rotation": {"angle": 22.5, "axis": "x", "origin": [7.9787, 7.03689, -11.67478]},
			"faces": {
				"north": {"uv": [0.3, 0.3, 0.6, 0.6], "texture": "#0"},
				"east": {"uv": [0.55, 0.3, 0.9, 0.6], "texture": "#0"},
				"south": {"uv": [0.3, 0.3, 0.6, 0.6], "texture": "#0"},
				"west": {"uv": [0.55, 0.3, 0.9, 0.6], "texture": "#0"},
				"up": {"uv": [0.3, 0.55, 0.6, 0.9], "texture": "#0"},
				"down": {"uv": [0.3, 0.55, 0.6, 0.9], "texture": "#0"}
			}
		},
		{
			"from": [6.82831, 4.7622, -0.23604],
			"to": [7.12831, 5.0622, 0.11396],
			"rotation": {"angle": -22.5, "axis": "x", "origin": [5.97831, 6.9622, 14.61396]},
			"faces": {
				"north": {"uv": [0.3, 0.3, 0.6, 0.6], "texture": "#0"},
				"east": {"uv": [0.55, 0.3, 0.9, 0.6], "texture": "#0"},
				"south": {"uv": [0.3, 0.3, 0.6, 0.6], "texture": "#0"},
				"west": {"uv": [0.55, 0.3, 0.9, 0.6], "texture": "#0"},
				"up": {"uv": [0, 0, 0.3, 0.35], "texture": "#0"},
				"down": {"uv": [0, 0, 0.3, 0.35], "texture": "#0"}
			}
		},
		{
			"from": [6.82833, -0.75394, 1.38697],
			"to": [7.12833, -0.45394, 1.73697],
			"faces": {
				"north": {"uv": [0.3, 0.3, 0.6, 0.6], "texture": "#0"},
				"east": {"uv": [0.55, 0.3, 0.9, 0.6], "texture": "#0"},
				"south": {"uv": [0.3, 0.3, 0.6, 0.6], "texture": "#0"},
				"west": {"uv": [0.55, 0.3, 0.9, 0.6], "texture": "#0"},
				"up": {"uv": [0, 0, 0.3, 0.35], "texture": "#0"},
				"down": {"uv": [0, 0, 0.3, 0.35], "texture": "#0"}
			}
		},
		{
			"from": [6.82849, -0.60977, 1.93101],
			"to": [7.12849, -0.30977, 2.28101],
			"rotation": {"angle": -45, "axis": "x", "origin": [6.97849, -0.45977, 2.00601]},
			"faces": {
				"north": {"uv": [0.3, 0.3, 0.6, 0.6], "texture": "#0"},
				"east": {"uv": [0.55, 0.3, 0.9, 0.6], "texture": "#0"},
				"south": {"uv": [0.3, 0.3, 0.6, 0.6], "texture": "#0"},
				"west": {"uv": [0.55, 0.3, 0.9, 0.6], "texture": "#0"},
				"up": {"uv": [0, 0, 0.3, 0.35], "texture": "#0"},
				"down": {"uv": [0, 0, 0.3, 0.35], "texture": "#0"}
			}
		},
		{
			"from": [6.82868, -0.31955, 2.04632],
			"to": [7.12868, 0.03045, 2.34632],
			"rotation": {"angle": 22.5, "axis": "x", "origin": [6.97868, -0.24455, 2.19632]},
			"faces": {
				"north": {"uv": [0.3, 0.55, 0.6, 0.9], "texture": "#0"},
				"east": {"uv": [0.55, 0.3, 0.9, 0.6], "rotation": 90, "texture": "#0"},
				"south": {"uv": [0.3, 0.55, 0.6, 0.9], "rotation": 180, "texture": "#0"},
				"west": {"uv": [0.55, 0.3, 0.9, 0.6], "rotation": 270, "texture": "#0"},
				"up": {"uv": [0, 0, 0.3, 0.3], "rotation": 180, "texture": "#0"},
				"down": {"uv": [0, 0, 0.3, 0.3], "texture": "#0"}
			}
		},
		{
			"from": [6.82947, -0.04783, 2.1393],
			"to": [7.12947, 2.75217, 2.4393],
			"faces": {
				"north": {"uv": [0, 0, 0.3, 2.8], "rotation": 180, "texture": "#0"},
				"east": {"uv": [0, 0, 2.8, 0.3], "rotation": 90, "texture": "#0"},
				"south": {"uv": [0, 0, 0.3, 2.8], "texture": "#0"},
				"west": {"uv": [0, 0, 2.8, 0.3], "rotation": 270, "texture": "#0"},
				"up": {"uv": [0, 0, 0.3, 0.3], "texture": "#0"},
				"down": {"uv": [0, 0, 0.3, 0.3], "rotation": 180, "texture": "#0"}
			}
		},
		{
			"from": [6.82881, 2.67367, 2.23394],
			"to": [7.12881, 3.22367, 2.53394],
			"rotation": {"angle": 22.5, "axis": "x", "origin": [6.97881, 2.94867, 2.38394]},
			"faces": {
				"north": {"uv": [0, 0, 0.3, 0.55], "rotation": 180, "texture": "#0"},
				"east": {"uv": [0, 0, 0.55, 0.3], "rotation": 90, "texture": "#0"},
				"south": {"uv": [0, 0, 0.3, 0.55], "texture": "#0"},
				"west": {"uv": [0, 0, 0.55, 0.3], "rotation": 270, "texture": "#0"},
				"up": {"uv": [0, 0, 0.3, 0.3], "texture": "#0"},
				"down": {"uv": [0, 0, 0.3, 0.3], "rotation": 180, "texture": "#0"}
			}
		},
		{
			"from": [6.82858, 3.19806, 2.37682],
			"to": [7.12858, 3.49806, 2.92682],
			"rotation": {"angle": -45, "axis": "x", "origin": [6.97858, 3.34806, 2.65182]},
			"faces": {
				"north": {"uv": [0, 0, 0.3, 0.3], "texture": "#0"},
				"east": {"uv": [0, 0, 0.55, 0.3], "texture": "#0"},
				"south": {"uv": [0, 0, 0.3, 0.3], "texture": "#0"},
				"west": {"uv": [0, 0, 0.55, 0.3], "texture": "#0"},
				"up": {"uv": [0, 0, 0.3, 0.55], "texture": "#0"},
				"down": {"uv": [0, 0, 0.3, 0.55], "texture": "#0"}
			}
		},
		{
			"from": [6.82887, -2.03357, 4.68627],
			"to": [7.12887, -1.73357, 5.23627],
			"rotation": {"angle": -22.5, "axis": "x", "origin": [5.97887, -3.93357, -9.81373]},
			"faces": {
				"north": {"uv": [0, 0, 0.3, 0.3], "texture": "#0"},
				"east": {"uv": [0, 0, 0.55, 0.3], "texture": "#0"},
				"south": {"uv": [0, 0, 0.3, 0.3], "texture": "#0"},
				"west": {"uv": [0, 0, 0.55, 0.3], "texture": "#0"},
				"up": {"uv": [0, 0, 0.3, 0.55], "texture": "#0"},
				"down": {"uv": [0, 0, 0.3, 0.55], "texture": "#0"}
			}
		},
		{
			"from": [6.82817, 3.55905, 3.24875],
			"to": [7.12817, 3.85905, 12.79875],
			"faces": {
				"north": {"uv": [0, 0, 0.3, 0.3], "texture": "#0"},
				"east": {"uv": [0, 0, 9.55, 0.3], "texture": "#0"},
				"south": {"uv": [0, 0, 0.3, 0.3], "texture": "#0"},
				"west": {"uv": [0, 0, 9.55, 0.3], "texture": "#0"},
				"up": {"uv": [0, 0, 0.3, 9.55], "texture": "#0"},
				"down": {"uv": [0, 0, 0.3, 9.55], "texture": "#0"}
			}
		},
		{
			"from": [8.82913, -2.03383, 10.81124],
			"to": [9.12913, -1.73383, 11.36124],
			"rotation": {"angle": 22.5, "axis": "x", "origin": [7.97913, -3.93383, 25.86124]},
			"faces": {
				"north": {"uv": [0.3, 0, 0.6, 0.3], "texture": "#0"},
				"east": {"uv": [0.55, 0, 1.1, 0.3], "texture": "#0"},
				"south": {"uv": [0.3, 0, 0.6, 0.3], "texture": "#0"},
				"west": {"uv": [0.55, 0, 1.1, 0.3], "texture": "#0"},
				"up": {"uv": [0, 0.55, 0.3, 1.1], "texture": "#0"},
				"down": {"uv": [0, 0.55, 0.3, 1.1], "texture": "#0"}
			}
		},
		{
			"from": [8.82907, 2.87341, 13.51356],
			"to": [9.12907, 3.22341, 13.81356],
			"rotation": {"angle": -22.5, "axis": "x", "origin": [8.97907, 2.94841, 13.66356]},
			"faces": {
				"north": {"uv": [0.3, 0, 0.6, 0.35], "texture": "#0"},
				"east": {"uv": [0, 0.3, 0.35, 0.6], "rotation": 90, "texture": "#0"},
				"south": {"uv": [0.3, 0, 0.6, 0.35], "rotation": 180, "texture": "#0"},
				"west": {"uv": [0, 0.3, 0.35, 0.6], "rotation": 270, "texture": "#0"},
				"up": {"uv": [0, 0.3, 0.3, 0.6], "texture": "#0"},
				"down": {"uv": [0, 0.3, 0.3, 0.6], "rotation": 180, "texture": "#0"}
			}
		},
		{
			"from": [8.82884, 3.1978, 13.12069],
			"to": [9.12884, 3.4978, 13.67069],
			"rotation": {"angle": 45, "axis": "x", "origin": [8.97884, 3.3478, 13.39569]},
			"faces": {
				"north": {"uv": [0.3, 0, 0.6, 0.3], "texture": "#0"},
				"east": {"uv": [0.55, 0, 1.1, 0.3], "texture": "#0"},
				"south": {"uv": [0.3, 0, 0.6, 0.3], "texture": "#0"},
				"west": {"uv": [0.55, 0, 1.1, 0.3], "texture": "#0"},
				"up": {"uv": [0, 0.55, 0.3, 1.1], "texture": "#0"},
				"down": {"uv": [0, 0.55, 0.3, 1.1], "texture": "#0"}
			}
		},
		{
			"from": [6.82907, 2.87341, 13.51356],
			"to": [7.12907, 3.22341, 13.81356],
			"rotation": {"angle": -22.5, "axis": "x", "origin": [6.97907, 2.94841, 13.66356]},
			"faces": {
				"north": {"uv": [0.3, 0, 0.6, 0.35], "texture": "#0"},
				"east": {"uv": [0, 0.3, 0.35, 0.6], "rotation": 90, "texture": "#0"},
				"south": {"uv": [0.3, 0, 0.6, 0.35], "rotation": 180, "texture": "#0"},
				"west": {"uv": [0, 0.3, 0.35, 0.6], "rotation": 270, "texture": "#0"},
				"up": {"uv": [0, 0.3, 0.3, 0.6], "texture": "#0"},
				"down": {"uv": [0, 0.3, 0.3, 0.6], "rotation": 180, "texture": "#0"}
			}
		},
		{
			"from": [6.82884, 3.1978, 13.12069],
			"to": [7.12884, 3.4978, 13.67069],
			"rotation": {"angle": 45, "axis": "x", "origin": [6.97884, 3.3478, 13.39569]},
			"faces": {
				"north": {"uv": [0.3, 0, 0.6, 0.3], "texture": "#0"},
				"east": {"uv": [0.55, 0, 1.1, 0.3], "texture": "#0"},
				"south": {"uv": [0.3, 0, 0.6, 0.3], "texture": "#0"},
				"west": {"uv": [0.55, 0, 1.1, 0.3], "texture": "#0"},
				"up": {"uv": [0, 0.55, 0.3, 1.1], "texture": "#0"},
				"down": {"uv": [0, 0.55, 0.3, 1.1], "texture": "#0"}
			}
		},
		{
			"from": [6.82913, -2.03383, 10.81124],
			"to": [7.12913, -1.73383, 11.36124],
			"rotation": {"angle": 22.5, "axis": "x", "origin": [5.97913, -3.93383, 25.86124]},
			"faces": {
				"north": {"uv": [0.3, 0, 0.6, 0.3], "texture": "#0"},
				"east": {"uv": [0.55, 0, 1.1, 0.3], "texture": "#0"},
				"south": {"uv": [0.3, 0, 0.6, 0.3], "texture": "#0"},
				"west": {"uv": [0.55, 0, 1.1, 0.3], "texture": "#0"},
				"up": {"uv": [0, 0.55, 0.3, 1.1], "texture": "#0"},
				"down": {"uv": [0, 0.55, 0.3, 1.1], "texture": "#0"}
			}
		},
		{
			"from": [6.8296, 2.58649, 13.53034],
			"to": [7.1296, 2.93649, 13.83034],
			"faces": {
				"north": {"uv": [0.3, 0, 0.6, 0.35], "texture": "#0"},
				"east": {"uv": [0, 0.3, 0.35, 0.6], "rotation": 90, "texture": "#0"},
				"south": {"uv": [0.3, 0, 0.6, 0.35], "rotation": 180, "texture": "#0"},
				"west": {"uv": [0, 0.3, 0.35, 0.6], "rotation": 270, "texture": "#0"},
				"up": {"uv": [0, 0.3, 0.3, 0.6], "texture": "#0"},
				"down": {"uv": [0, 0.3, 0.3, 0.6], "rotation": 180, "texture": "#0"}
			}
		},
		{
			"from": [8.8296, 2.58649, 13.53034],
			"to": [9.1296, 2.93649, 13.83034],
			"faces": {
				"north": {"uv": [0.3, 0, 0.6, 0.35], "texture": "#0"},
				"east": {"uv": [0, 0.3, 0.35, 0.6], "rotation": 90, "texture": "#0"},
				"south": {"uv": [0.3, 0, 0.6, 0.35], "rotation": 180, "texture": "#0"},
				"west": {"uv": [0, 0.3, 0.35, 0.6], "rotation": 270, "texture": "#0"},
				"up": {"uv": [0, 0.3, 0.3, 0.6], "texture": "#0"},
				"down": {"uv": [0, 0.3, 0.3, 0.6], "rotation": 180, "texture": "#0"}
			}
		},
		{
			"from": [6.72817, 1.85905, 12.84875],
			"to": [9.22817, 2.95905, 13.99875],
			"faces": {
				"north": {"uv": [0, 0, 2.5, 1.1], "texture": "#1"},
				"east": {"uv": [0, 0, 1.15, 1.1], "texture": "#1"},
				"south": {"uv": [0, 0, 2.5, 1.1], "texture": "#1"},
				"west": {"uv": [0, 0, 1.15, 1.1], "texture": "#1"},
				"up": {"uv": [0, 0, 2.5, 1.15], "texture": "#1"},
				"down": {"uv": [0, 0, 2.5, 1.15], "texture": "#1"}
			}
		},
		{
			"from": [7.47817, 1.75905, 2.14875],
			"to": [8.47817, 2.85905, 12.99875],
			"faces": {
				"north": {"uv": [0, 0, 1, 1.1], "texture": "#1"},
				"east": {"uv": [0, 0, 10.85, 1.1], "texture": "#1"},
				"south": {"uv": [0, 0, 1, 1.1], "texture": "#1"},
				"west": {"uv": [0, 0, 10.85, 1.1], "texture": "#1"},
				"up": {"uv": [0, 0, 1, 10.85], "texture": "#1"},
				"down": {"uv": [0, 0, 1, 10.85], "texture": "#1"}
			}
		}
	],
	"display": {
		"thirdperson_righthand": {
			"translation": [0, 5.5, 0],
			"scale": [0.7, 0.67, 0.66]
		},
		"firstperson_righthand": {
			"translation": [-2, 8.25, -0.5],
			"scale": [0.86, 0.84, 0.86]
		},
		"gui": {
			"rotation": [26, 62, 0],
			"translation": [0.75, 6, 0],
			"scale": [0.87, 0.87, 0.9]
		},
		"fixed": {
			"rotation": [82, -56, 85],
			"translation": [-4.5, 7.75, -2.25],
			"scale": [1.18, 1.09, 1.15]
		}
	},
	"groups": [0, 1, 2, 3, 4, 5, 6, 7, 8, 9, 10, 11, 12, 13, 14, 15, 16, 17, 18, 19, 20, 21, 22, 23, 24, 25, 26, 27, 28, 29, 30, 31, 32, 33, 34, 35,
		{
			"name": "hexadecagon",
			"children": [36, 37, 38, 39, 40, 41, 42, 43]
		},
		{
			"name": "hexadecagon",
			"children": [44, 45, 46, 47, 48, 49, 50, 51]
		},
		{
			"name": "hexadecagon",
			"children": [52, 53, 54, 55, 56, 57, 58, 59, 60, 61, 62, 63, 64, 65, 66, 67]
		}, 68, 69, 70, 71, 72, 73, 74, 75, 76, 77, 78, 79, 80, 81, 82, 83, 84, 85, 86, 87, 88, 89, 90, 91, 92, 93, 94, 95, 96, 97, 98, 99, 100, 101, 102, 103, 104, 105, 106, 107, 108, 109, 110, 111, 112, 113, 114, 115, 116, 117]
}