{
	"credit": "Made with Blockbench",
	"textures": {
		"0": "custom/nothingness1/excalibur",
		"particle": "custom/nothingness1/excalibur"
	},
	"elements": [
		{
			"from": [7.615, 6.87242, 5.58321],
			"to": [8.385, 7.17242, 6.98321],
			"rotation": {"angle": 22.5, "axis": "x", "origin": [8, 6.77242, 6.43321]},
			"faces": {
				"north": {"uv": [1, 1, 7, 7], "rotation": 180, "texture": "#0"},
				"east": {"uv": [1, 1, 7, 7], "rotation": 180, "texture": "#0"},
				"south": {"uv": [1, 1, 7, 7], "rotation": 180, "texture": "#0"},
				"west": {"uv": [1, 1, 7, 7], "rotation": 180, "texture": "#0"},
				"up": {"uv": [7, 7, 1, 1], "rotation": 180, "texture": "#0"},
				"down": {"uv": [7, 7, 1, 1], "rotation": 180, "texture": "#0"}
			}
		},
		{
			"from": [7.615, 6.27242, 5.58321],
			"to": [8.385, 6.37242, 6.98321],
			"rotation": {"angle": 22.5, "axis": "x", "origin": [8, 6.77242, 6.43321]},
			"faces": {
				"north": {"uv": [1, 1, 7, 7], "rotation": 180, "texture": "#0"},
				"east": {"uv": [1, 1, 7, 7], "rotation": 180, "texture": "#0"},
				"south": {"uv": [1, 1, 7, 7], "rotation": 180, "texture": "#0"},
				"west": {"uv": [1, 1, 7, 7], "rotation": 180, "texture": "#0"},
				"up": {"uv": [7, 7, 1, 1], "rotation": 180, "texture": "#0"},
				"down": {"uv": [7, 7, 1, 1], "rotation": 180, "texture": "#0"}
			}
		},
		{
			"from": [7.615, 6.1, 6.75],
			"to": [8.385, 6.35, 7.75],
			"faces": {
				"north": {"uv": [1, 1, 7, 7], "texture": "#0"},
				"east": {"uv": [1, 1, 7, 7], "texture": "#0"},
				"south": {"uv": [1, 1, 7, 7], "texture": "#0"},
				"west": {"uv": [1, 1, 7, 7], "texture": "#0"},
				"up": {"uv": [7, 7, 1, 1], "texture": "#0"},
				"down": {"uv": [7, 7, 1, 1], "texture": "#0"}
			}
		},
		{
			"from": [7.615, 6.1, 7.65],
			"to": [8.385, 7, 7.9],
			"faces": {
				"north": {"uv": [1, 1, 7, 7], "texture": "#0"},
				"east": {"uv": [1, 1, 7, 7], "texture": "#0"},
				"south": {"uv": [1, 1, 7, 7], "texture": "#0"},
				"west": {"uv": [1, 1, 7, 7], "texture": "#0"},
				"up": {"uv": [7, 7, 1, 1], "texture": "#0"},
				"down": {"uv": [7, 7, 1, 1], "texture": "#0"}
			}
		},
		{
			"from": [7.615, 6.8, 6.75],
			"to": [8.385, 7, 7.75],
			"faces": {
				"north": {"uv": [1, 1, 7, 7], "texture": "#0"},
				"east": {"uv": [1, 1, 7, 7], "texture": "#0"},
				"south": {"uv": [1, 1, 7, 7], "texture": "#0"},
				"west": {"uv": [1, 1, 7, 7], "texture": "#0"},
				"up": {"uv": [7, 7, 1, 1], "texture": "#0"},
				"down": {"uv": [7, 7, 1, 1], "texture": "#0"}
			}
		},
		{
			"from": [7.665, 6.17242, 6.78321],
			"to": [8.335, 6.87242, 7.68321],
			"faces": {
				"north": {"uv": [2, 9, 8, 15], "rotation": 180, "texture": "#0"},
				"east": {"uv": [2, 9, 8, 15], "rotation": 180, "texture": "#0"},
				"south": {"uv": [2, 9, 8, 15], "rotation": 180, "texture": "#0"},
				"west": {"uv": [2, 9, 8, 15], "rotation": 180, "texture": "#0"},
				"up": {"uv": [8, 15, 2, 9], "rotation": 180, "texture": "#0"},
				"down": {"uv": [8, 15, 2, 9], "rotation": 180, "texture": "#0"}
			}
		},
		{
			"from": [7.615, 6.49557, 5.49822],
			"to": [8.385, 6.64557, 7.19822],
			"rotation": {"angle": 22.5, "axis": "x", "origin": [8, 6.64557, 6.39822]},
			"faces": {
				"north": {"uv": [1, 1, 7, 7], "rotation": 180, "texture": "#0"},
				"east": {"uv": [1, 1, 7, 7], "rotation": 180, "texture": "#0"},
				"south": {"uv": [1, 1, 7, 7], "rotation": 180, "texture": "#0"},
				"west": {"uv": [1, 1, 7, 7], "rotation": 180, "texture": "#0"},
				"up": {"uv": [7, 7, 1, 1], "rotation": 180, "texture": "#0"},
				"down": {"uv": [7, 7, 1, 1], "rotation": 180, "texture": "#0"}
			}
		},
		{
			"from": [7.665, 6.37242, 5.58321],
			"to": [8.335, 7.07242, 7.18321],
			"rotation": {"angle": 22.5, "axis": "x", "origin": [8, 6.77242, 6.43321]},
			"faces": {
				"north": {"uv": [2, 9, 8, 15], "rotation": 180, "texture": "#0"},
				"east": {"uv": [2, 9, 8, 15], "rotation": 180, "texture": "#0"},
				"south": {"uv": [2, 9, 8, 15], "rotation": 180, "texture": "#0"},
				"west": {"uv": [2, 9, 8, 15], "rotation": 180, "texture": "#0"},
				"up": {"uv": [8, 15, 2, 9], "rotation": 180, "texture": "#0"},
				"down": {"uv": [8, 15, 2, 9], "rotation": 180, "texture": "#0"}
			}
		},
		{
			"from": [7.615, 6.27242, 5.53321],
			"to": [8.385, 7.17242, 5.58321],
			"rotation": {"angle": 22.5, "axis": "x", "origin": [8, 6.77242, 6.43321]},
			"faces": {
				"north": {"uv": [1, 1, 7, 7], "rotation": 180, "texture": "#0"},
				"east": {"uv": [1, 1, 7, 7], "rotation": 180, "texture": "#0"},
				"south": {"uv": [1, 1, 7, 7], "rotation": 180, "texture": "#0"},
				"west": {"uv": [1, 1, 7, 7], "rotation": 180, "texture": "#0"},
				"up": {"uv": [7, 7, 1, 1], "rotation": 180, "texture": "#0"},
				"down": {"uv": [7, 7, 1, 1], "rotation": 180, "texture": "#0"}
			}
		},
		{
			"from": [7.615, 6.29557, 5.49822],
			"to": [8.385, 6.64557, 6.89822],
			"rotation": {"angle": 22.5, "axis": "x", "origin": [8, 6.64557, 6.39822]},
			"faces": {
				"north": {"uv": [1, 1, 7, 7], "rotation": 180, "texture": "#0"},
				"east": {"uv": [1, 1, 7, 7], "rotation": 180, "texture": "#0"},
				"south": {"uv": [1, 1, 7, 7], "rotation": 180, "texture": "#0"},
				"west": {"uv": [1, 1, 7, 7], "rotation": 180, "texture": "#0"},
				"up": {"uv": [7, 7, 1, 1], "rotation": 180, "texture": "#0"},
				"down": {"uv": [7, 7, 1, 1], "rotation": 180, "texture": "#0"}
			}
		},
		{
			"from": [7.615, 6.42221, 6.83868],
			"to": [8.385, 6.72221, 7.53868],
			"rotation": {"angle": -22.5, "axis": "x", "origin": [8, 6.97221, 7.78868]},
			"faces": {
				"north": {"uv": [1, 1, 7, 7], "rotation": 180, "texture": "#0"},
				"east": {"uv": [1, 1, 7, 7], "rotation": 180, "texture": "#0"},
				"south": {"uv": [1, 1, 7, 7], "rotation": 180, "texture": "#0"},
				"west": {"uv": [1, 1, 7, 7], "rotation": 180, "texture": "#0"},
				"up": {"uv": [7, 7, 1, 1], "rotation": 180, "texture": "#0"},
				"down": {"uv": [7, 7, 1, 1], "rotation": 180, "texture": "#0"}
			}
		},
		{
			"from": [7.615, 6.84134, 6.91076],
			"to": [8.385, 7.04134, 7.63076],
			"rotation": {"angle": -22.5, "axis": "x", "origin": [8, 6.94134, 7.78076]},
			"faces": {
				"north": {"uv": [1, 1, 7, 7], "rotation": 180, "texture": "#0"},
				"east": {"uv": [1, 1, 7, 7], "rotation": 180, "texture": "#0"},
				"south": {"uv": [1, 1, 7, 7], "rotation": 180, "texture": "#0"},
				"west": {"uv": [1, 1, 7, 7], "rotation": 180, "texture": "#0"},
				"up": {"uv": [7, 7, 1, 1], "rotation": 180, "texture": "#0"},
				"down": {"uv": [7, 7, 1, 1], "rotation": 180, "texture": "#0"}
			}
		},
		{
			"from": [7.615, 6.72649, 5.55712],
			"to": [8.385, 7.02649, 7.05712],
			"rotation": {"angle": 22.5, "axis": "x", "origin": [8, 6.72649, 6.50712]},
			"faces": {
				"north": {"uv": [1, 1, 7, 7], "rotation": 180, "texture": "#0"},
				"east": {"uv": [1, 1, 7, 7], "rotation": 180, "texture": "#0"},
				"south": {"uv": [1, 1, 7, 7], "rotation": 180, "texture": "#0"},
				"west": {"uv": [1, 1, 7, 7], "rotation": 180, "texture": "#0"},
				"up": {"uv": [7, 7, 1, 1], "rotation": 180, "texture": "#0"},
				"down": {"uv": [7, 7, 1, 1], "rotation": 180, "texture": "#0"}
			}
		},
		{
			"from": [7.715, 6.27242, 5.58321],
			"to": [8.285, 7.17242, 6.98321],
			"rotation": {"angle": 22.5, "axis": "x", "origin": [8, 6.77242, 6.43321]},
			"faces": {
				"north": {"uv": [1, 1, 7, 7], "rotation": 180, "texture": "#0"},
				"east": {"uv": [1, 1, 7, 7], "rotation": 180, "texture": "#0"},
				"south": {"uv": [1, 1, 7, 7], "rotation": 180, "texture": "#0"},
				"west": {"uv": [1, 1, 7, 7], "rotation": 180, "texture": "#0"},
				"up": {"uv": [7, 7, 1, 1], "rotation": 180, "texture": "#0"},
				"down": {"uv": [7, 7, 1, 1], "rotation": 180, "texture": "#0"}
			}
		},
		{
			"from": [7.715, 6.1, 6.75],
			"to": [8.285, 7, 7.75],
			"faces": {
				"north": {"uv": [1, 1, 7, 7], "texture": "#0"},
				"east": {"uv": [1, 1, 7, 7], "texture": "#0"},
				"south": {"uv": [1, 1, 7, 7], "texture": "#0"},
				"west": {"uv": [1, 1, 7, 7], "texture": "#0"},
				"up": {"uv": [7, 7, 1, 1], "texture": "#0"},
				"down": {"uv": [7, 7, 1, 1], "texture": "#0"}
			}
		},
		{
			"from": [7.615, 6.7, 6.75],
			"to": [8.385, 7, 7.45],
			"faces": {
				"north": {"uv": [1, 1, 7, 7], "texture": "#0"},
				"east": {"uv": [1, 1, 7, 7], "texture": "#0"},
				"south": {"uv": [1, 1, 7, 7], "texture": "#0"},
				"west": {"uv": [1, 1, 7, 7], "texture": "#0"},
				"up": {"uv": [7, 7, 1, 1], "texture": "#0"},
				"down": {"uv": [7, 7, 1, 1], "texture": "#0"}
			}
		},
		{
			"from": [7.615, 6.64134, 7.51076],
			"to": [8.385, 7.04134, 7.63076],
			"rotation": {"angle": -22.5, "axis": "x", "origin": [8, 6.94134, 7.78076]},
			"faces": {
				"north": {"uv": [1, 1, 7, 7], "rotation": 180, "texture": "#0"},
				"east": {"uv": [1, 1, 7, 7], "rotation": 180, "texture": "#0"},
				"south": {"uv": [1, 1, 7, 7], "rotation": 180, "texture": "#0"},
				"west": {"uv": [1, 1, 7, 7], "rotation": 180, "texture": "#0"},
				"up": {"uv": [7, 7, 1, 1], "rotation": 180, "texture": "#0"},
				"down": {"uv": [7, 7, 1, 1], "rotation": 180, "texture": "#0"}
			}
		},
		{
			"from": [7.615, 6.7, 8.55],
			"to": [8.385, 7, 9.25],
			"faces": {
				"north": {"uv": [7, 1, 1, 7], "texture": "#0"},
				"east": {"uv": [7, 1, 1, 7], "texture": "#0"},
				"south": {"uv": [7, 1, 1, 7], "texture": "#0"},
				"west": {"uv": [7, 1, 1, 7], "texture": "#0"},
				"up": {"uv": [7, 1, 1, 7], "texture": "#0"},
				"down": {"uv": [7, 1, 1, 7], "texture": "#0"}
			}
		},
		{
			"from": [7.715, 6.1, 8.25],
			"to": [8.285, 7, 9.25],
			"faces": {
				"north": {"uv": [7, 1, 1, 7], "texture": "#0"},
				"east": {"uv": [7, 1, 1, 7], "texture": "#0"},
				"south": {"uv": [7, 1, 1, 7], "texture": "#0"},
				"west": {"uv": [7, 1, 1, 7], "texture": "#0"},
				"up": {"uv": [7, 1, 1, 7], "texture": "#0"},
				"down": {"uv": [7, 1, 1, 7], "texture": "#0"}
			}
		},
		{
			"from": [7.715, 6.27242, 9.01679],
			"to": [8.285, 7.17242, 10.41679],
			"rotation": {"angle": -22.5, "axis": "x", "origin": [8, 6.77242, 9.56679]},
			"faces": {
				"north": {"uv": [7, 1, 1, 7], "rotation": 180, "texture": "#0"},
				"east": {"uv": [7, 1, 1, 7], "rotation": 180, "texture": "#0"},
				"south": {"uv": [7, 1, 1, 7], "rotation": 180, "texture": "#0"},
				"west": {"uv": [7, 1, 1, 7], "rotation": 180, "texture": "#0"},
				"up": {"uv": [7, 1, 1, 7], "rotation": 180, "texture": "#0"},
				"down": {"uv": [7, 1, 1, 7], "rotation": 180, "texture": "#0"}
			}
		},
		{
			"from": [7.615, 6.72649, 8.94288],
			"to": [8.385, 7.02649, 10.44288],
			"rotation": {"angle": -22.5, "axis": "x", "origin": [8, 6.72649, 9.49288]},
			"faces": {
				"north": {"uv": [7, 1, 1, 7], "rotation": 180, "texture": "#0"},
				"east": {"uv": [7, 1, 1, 7], "rotation": 180, "texture": "#0"},
				"south": {"uv": [7, 1, 1, 7], "rotation": 180, "texture": "#0"},
				"west": {"uv": [7, 1, 1, 7], "rotation": 180, "texture": "#0"},
				"up": {"uv": [7, 1, 1, 7], "rotation": 180, "texture": "#0"},
				"down": {"uv": [7, 1, 1, 7], "rotation": 180, "texture": "#0"}
			}
		},
		{
			"from": [7.615, 6.84134, 8.36924],
			"to": [8.385, 7.04134, 9.08924],
			"rotation": {"angle": 22.5, "axis": "x", "origin": [8, 6.94134, 8.21924]},
			"faces": {
				"north": {"uv": [7, 1, 1, 7], "rotation": 180, "texture": "#0"},
				"east": {"uv": [7, 1, 1, 7], "rotation": 180, "texture": "#0"},
				"south": {"uv": [7, 1, 1, 7], "rotation": 180, "texture": "#0"},
				"west": {"uv": [7, 1, 1, 7], "rotation": 180, "texture": "#0"},
				"up": {"uv": [7, 1, 1, 7], "rotation": 180, "texture": "#0"},
				"down": {"uv": [7, 1, 1, 7], "rotation": 180, "texture": "#0"}
			}
		},
		{
			"from": [7.615, 6.42221, 8.46132],
			"to": [8.385, 6.72221, 9.16132],
			"rotation": {"angle": 22.5, "axis": "x", "origin": [8, 6.97221, 8.21132]},
			"faces": {
				"north": {"uv": [7, 1, 1, 7], "rotation": 180, "texture": "#0"},
				"east": {"uv": [7, 1, 1, 7], "rotation": 180, "texture": "#0"},
				"south": {"uv": [7, 1, 1, 7], "rotation": 180, "texture": "#0"},
				"west": {"uv": [7, 1, 1, 7], "rotation": 180, "texture": "#0"},
				"up": {"uv": [7, 1, 1, 7], "rotation": 180, "texture": "#0"},
				"down": {"uv": [7, 1, 1, 7], "rotation": 180, "texture": "#0"}
			}
		},
		{
			"from": [7.615, 6.29557, 9.10178],
			"to": [8.385, 6.64557, 10.50178],
			"rotation": {"angle": -22.5, "axis": "x", "origin": [8, 6.64557, 9.60178]},
			"faces": {
				"north": {"uv": [7, 1, 1, 7], "rotation": 180, "texture": "#0"},
				"east": {"uv": [7, 1, 1, 7], "rotation": 180, "texture": "#0"},
				"south": {"uv": [7, 1, 1, 7], "rotation": 180, "texture": "#0"},
				"west": {"uv": [7, 1, 1, 7], "rotation": 180, "texture": "#0"},
				"up": {"uv": [7, 1, 1, 7], "rotation": 180, "texture": "#0"},
				"down": {"uv": [7, 1, 1, 7], "rotation": 180, "texture": "#0"}
			}
		},
		{
			"from": [7.615, 6.27242, 10.41679],
			"to": [8.385, 7.17242, 10.46679],
			"rotation": {"angle": -22.5, "axis": "x", "origin": [8, 6.77242, 9.56679]},
			"faces": {
				"north": {"uv": [7, 1, 1, 7], "rotation": 180, "texture": "#0"},
				"east": {"uv": [7, 1, 1, 7], "rotation": 180, "texture": "#0"},
				"south": {"uv": [7, 1, 1, 7], "rotation": 180, "texture": "#0"},
				"west": {"uv": [7, 1, 1, 7], "rotation": 180, "texture": "#0"},
				"up": {"uv": [7, 1, 1, 7], "rotation": 180, "texture": "#0"},
				"down": {"uv": [7, 1, 1, 7], "rotation": 180, "texture": "#0"}
			}
		},
		{
			"from": [7.665, 6.37242, 8.81679],
			"to": [8.335, 7.07242, 10.41679],
			"rotation": {"angle": -22.5, "axis": "x", "origin": [8, 6.77242, 9.56679]},
			"faces": {
				"north": {"uv": [8, 9, 2, 15], "rotation": 180, "texture": "#0"},
				"east": {"uv": [8, 9, 2, 15], "rotation": 180, "texture": "#0"},
				"south": {"uv": [8, 9, 2, 15], "rotation": 180, "texture": "#0"},
				"west": {"uv": [8, 9, 2, 15], "rotation": 180, "texture": "#0"},
				"up": {"uv": [8, 9, 2, 15], "rotation": 180, "texture": "#0"},
				"down": {"uv": [8, 9, 2, 15], "rotation": 180, "texture": "#0"}
			}
		},
		{
			"from": [7.615, 6.49557, 8.80178],
			"to": [8.385, 6.64557, 10.50178],
			"rotation": {"angle": -22.5, "axis": "x", "origin": [8, 6.64557, 9.60178]},
			"faces": {
				"north": {"uv": [7, 1, 1, 7], "rotation": 180, "texture": "#0"},
				"east": {"uv": [7, 1, 1, 7], "rotation": 180, "texture": "#0"},
				"south": {"uv": [7, 1, 1, 7], "rotation": 180, "texture": "#0"},
				"west": {"uv": [7, 1, 1, 7], "rotation": 180, "texture": "#0"},
				"up": {"uv": [7, 1, 1, 7], "rotation": 180, "texture": "#0"},
				"down": {"uv": [7, 1, 1, 7], "rotation": 180, "texture": "#0"}
			}
		},
		{
			"from": [7.665, 6.17242, 8.31679],
			"to": [8.335, 6.87242, 9.21679],
			"faces": {
				"north": {"uv": [8, 9, 2, 15], "rotation": 180, "texture": "#0"},
				"east": {"uv": [8, 9, 2, 15], "rotation": 180, "texture": "#0"},
				"south": {"uv": [8, 9, 2, 15], "rotation": 180, "texture": "#0"},
				"west": {"uv": [8, 9, 2, 15], "rotation": 180, "texture": "#0"},
				"up": {"uv": [8, 9, 2, 15], "rotation": 180, "texture": "#0"},
				"down": {"uv": [8, 9, 2, 15], "rotation": 180, "texture": "#0"}
			}
		},
		{
			"from": [7.615, 6.8, 8.25],
			"to": [8.385, 7, 9.25],
			"faces": {
				"north": {"uv": [7, 1, 1, 7], "texture": "#0"},
				"east": {"uv": [7, 1, 1, 7], "texture": "#0"},
				"south": {"uv": [7, 1, 1, 7], "texture": "#0"},
				"west": {"uv": [7, 1, 1, 7], "texture": "#0"},
				"up": {"uv": [7, 1, 1, 7], "texture": "#0"},
				"down": {"uv": [7, 1, 1, 7], "texture": "#0"}
			}
		},
		{
			"from": [7.615, 6.1, 8.1],
			"to": [8.385, 7, 8.35],
			"faces": {
				"north": {"uv": [7, 1, 1, 7], "texture": "#0"},
				"east": {"uv": [7, 1, 1, 7], "texture": "#0"},
				"south": {"uv": [7, 1, 1, 7], "texture": "#0"},
				"west": {"uv": [7, 1, 1, 7], "texture": "#0"},
				"up": {"uv": [7, 1, 1, 7], "texture": "#0"},
				"down": {"uv": [7, 1, 1, 7], "texture": "#0"}
			}
		},
		{
			"from": [7.615, 6.1, 8.25],
			"to": [8.385, 6.35, 9.25],
			"faces": {
				"north": {"uv": [7, 1, 1, 7], "texture": "#0"},
				"east": {"uv": [7, 1, 1, 7], "texture": "#0"},
				"south": {"uv": [7, 1, 1, 7], "texture": "#0"},
				"west": {"uv": [7, 1, 1, 7], "texture": "#0"},
				"up": {"uv": [7, 1, 1, 7], "texture": "#0"},
				"down": {"uv": [7, 1, 1, 7], "texture": "#0"}
			}
		},
		{
			"from": [7.615, 6.27242, 9.01679],
			"to": [8.385, 6.37242, 10.41679],
			"rotation": {"angle": -22.5, "axis": "x", "origin": [8, 6.77242, 9.56679]},
			"faces": {
				"north": {"uv": [7, 1, 1, 7], "rotation": 180, "texture": "#0"},
				"east": {"uv": [7, 1, 1, 7], "rotation": 180, "texture": "#0"},
				"south": {"uv": [7, 1, 1, 7], "rotation": 180, "texture": "#0"},
				"west": {"uv": [7, 1, 1, 7], "rotation": 180, "texture": "#0"},
				"up": {"uv": [7, 1, 1, 7], "rotation": 180, "texture": "#0"},
				"down": {"uv": [7, 1, 1, 7], "rotation": 180, "texture": "#0"}
			}
		},
		{
			"from": [7.615, 6.87242, 9.01679],
			"to": [8.385, 7.17242, 10.41679],
			"rotation": {"angle": -22.5, "axis": "x", "origin": [8, 6.77242, 9.56679]},
			"faces": {
				"north": {"uv": [7, 1, 1, 7], "rotation": 180, "texture": "#0"},
				"east": {"uv": [7, 1, 1, 7], "rotation": 180, "texture": "#0"},
				"south": {"uv": [7, 1, 1, 7], "rotation": 180, "texture": "#0"},
				"west": {"uv": [7, 1, 1, 7], "rotation": 180, "texture": "#0"},
				"up": {"uv": [7, 1, 1, 7], "rotation": 180, "texture": "#0"},
				"down": {"uv": [7, 1, 1, 7], "rotation": 180, "texture": "#0"}
			}
		},
		{
			"from": [7.615, 6.64134, 8.36924],
			"to": [8.385, 7.04134, 8.48924],
			"rotation": {"angle": 22.5, "axis": "x", "origin": [8, 6.94134, 8.21924]},
			"faces": {
				"north": {"uv": [7, 1, 1, 7], "rotation": 180, "texture": "#0"},
				"east": {"uv": [7, 1, 1, 7], "rotation": 180, "texture": "#0"},
				"south": {"uv": [7, 1, 1, 7], "rotation": 180, "texture": "#0"},
				"west": {"uv": [7, 1, 1, 7], "rotation": 180, "texture": "#0"},
				"up": {"uv": [7, 1, 1, 7], "rotation": 180, "texture": "#0"},
				"down": {"uv": [7, 1, 1, 7], "rotation": 180, "texture": "#0"}
			}
		},
		{
			"from": [7.715, 6.1, 7.65],
			"to": [8.285, 7, 8.4],
			"faces": {
				"north": {"uv": [1, 1, 7, 7], "texture": "#0"},
				"east": {"uv": [1, 1, 7, 7], "texture": "#0"},
				"south": {"uv": [1, 1, 7, 7], "texture": "#0"},
				"west": {"uv": [1, 1, 7, 7], "texture": "#0"},
				"up": {"uv": [7, 7, 1, 1], "texture": "#0"},
				"down": {"uv": [7, 7, 1, 1], "texture": "#0"}
			}
		},
		{
			"from": [7.865, 6.3, 7.575],
			"to": [8.135, 9.2, 8.425],
			"faces": {
				"north": {"uv": [5, 9, 11, 15], "texture": "#0"},
				"east": {"uv": [5, 9, 11, 15], "texture": "#0"},
				"south": {"uv": [5, 9, 11, 15], "texture": "#0"},
				"west": {"uv": [5, 9, 11, 15], "texture": "#0"},
				"up": {"uv": [5, 9, 11, 15], "texture": "#0"},
				"down": {"uv": [5, 9, 11, 15], "texture": "#0"}
			}
		},
		{
			"from": [7.965, 6.3, 7.325],
			"to": [8.035, 19.8, 8.675],
			"faces": {
				"north": {"uv": [9, 1, 15, 7], "texture": "#0"},
				"east": {"uv": [9, 1, 15, 7], "texture": "#0"},
				"south": {"uv": [9, 1, 15, 7], "texture": "#0"},
				"west": {"uv": [9, 1, 15, 7], "texture": "#0"},
				"up": {"uv": [9, 1, 15, 7], "texture": "#0"},
				"down": {"uv": [9, 1, 15, 7], "texture": "#0"}
			}
		},
		{
			"from": [7.96504, 19.12103, 9.33821],
			"to": [8.03504, 20.82103, 9.38821],
			"rotation": {"angle": 22.5, "axis": "x", "origin": [8.00004, 24.52103, 10.03821]},
			"faces": {
				"north": {"uv": [9, 1, 15, 7], "texture": "#0"},
				"east": {"uv": [9, 1, 15, 7], "texture": "#0"},
				"south": {"uv": [9, 1, 15, 7], "texture": "#0"},
				"west": {"uv": [9, 1, 15, 7], "texture": "#0"},
				"up": {"uv": [9, 1, 15, 7], "texture": "#0"},
				"down": {"uv": [9, 1, 15, 7], "texture": "#0"}
			}
		},
		{
			"from": [7.96504, 19.12103, 6.61179],
			"to": [8.03504, 20.82103, 6.66179],
			"rotation": {"angle": -22.5, "axis": "x", "origin": [8.00004, 24.52103, 5.96179]},
			"faces": {
				"north": {"uv": [15, 1, 9, 7], "texture": "#0"},
				"east": {"uv": [15, 1, 9, 7], "texture": "#0"},
				"south": {"uv": [15, 1, 9, 7], "texture": "#0"},
				"west": {"uv": [15, 1, 9, 7], "texture": "#0"},
				"up": {"uv": [9, 7, 15, 1], "texture": "#0"},
				"down": {"uv": [9, 7, 15, 1], "texture": "#0"}
			}
		},
		{
			"from": [7.96504, 19.47055, 7.97444],
			"to": [8.03504, 21.37055, 8.02444],
			"faces": {
				"north": {"uv": [15, 1, 9, 7], "texture": "#0"},
				"east": {"uv": [15, 1, 9, 7], "texture": "#0"},
				"south": {"uv": [15, 1, 9, 7], "texture": "#0"},
				"west": {"uv": [15, 1, 9, 7], "texture": "#0"},
				"up": {"uv": [9, 7, 15, 1], "texture": "#0"},
				"down": {"uv": [9, 7, 15, 1], "texture": "#0"}
			}
		},
		{
			"from": [7.96504, 19.12103, 6.31179],
			"to": [8.03504, 20.52103, 6.66179],
			"rotation": {"angle": -22.5, "axis": "x", "origin": [8.00004, 24.52103, 5.96179]},
			"faces": {
				"north": {"uv": [15, 1, 9, 7], "texture": "#0"},
				"east": {"uv": [15, 1, 9, 7], "texture": "#0"},
				"south": {"uv": [15, 1, 9, 7], "texture": "#0"},
				"west": {"uv": [15, 1, 9, 7], "texture": "#0"},
				"up": {"uv": [9, 7, 15, 1], "texture": "#0"},
				"down": {"uv": [9, 7, 15, 1], "texture": "#0"}
			}
		},
		{
			"from": [7.96504, 19.12103, 9.33821],
			"to": [8.03504, 20.42103, 9.78821],
			"rotation": {"angle": 22.5, "axis": "x", "origin": [8.00004, 24.52103, 10.03821]},
			"faces": {
				"north": {"uv": [9, 1, 15, 7], "texture": "#0"},
				"east": {"uv": [9, 1, 15, 7], "texture": "#0"},
				"south": {"uv": [9, 1, 15, 7], "texture": "#0"},
				"west": {"uv": [9, 1, 15, 7], "texture": "#0"},
				"up": {"uv": [9, 1, 15, 7], "texture": "#0"},
				"down": {"uv": [9, 1, 15, 7], "texture": "#0"}
			}
		},
		{
			"from": [7.96504, 19.12103, 5.71179],
			"to": [8.03504, 19.92103, 6.66179],
			"rotation": {"angle": -22.5, "axis": "x", "origin": [8.00004, 24.52103, 5.96179]},
			"faces": {
				"north": {"uv": [15, 1, 9, 7], "texture": "#0"},
				"east": {"uv": [15, 1, 9, 7], "texture": "#0"},
				"south": {"uv": [15, 1, 9, 7], "texture": "#0"},
				"west": {"uv": [15, 1, 9, 7], "texture": "#0"},
				"up": {"uv": [9, 7, 15, 1], "texture": "#0"},
				"down": {"uv": [9, 7, 15, 1], "texture": "#0"}
			}
		},
		{
			"from": [7.96504, 19.12103, 6.51179],
			"to": [8.03504, 20.72103, 6.66179],
			"rotation": {"angle": -22.5, "axis": "x", "origin": [8.00004, 24.52103, 5.96179]},
			"faces": {
				"north": {"uv": [15, 1, 9, 7], "texture": "#0"},
				"east": {"uv": [15, 1, 9, 7], "texture": "#0"},
				"south": {"uv": [15, 1, 9, 7], "texture": "#0"},
				"west": {"uv": [15, 1, 9, 7], "texture": "#0"},
				"up": {"uv": [9, 7, 15, 1], "texture": "#0"},
				"down": {"uv": [9, 7, 15, 1], "texture": "#0"}
			}
		},
		{
			"from": [7.96504, 19.12103, 9.33821],
			"to": [8.03504, 20.62103, 9.48821],
			"rotation": {"angle": 22.5, "axis": "x", "origin": [8.00004, 24.52103, 10.03821]},
			"faces": {
				"north": {"uv": [9, 1, 15, 7], "texture": "#0"},
				"east": {"uv": [9, 1, 15, 7], "texture": "#0"},
				"south": {"uv": [9, 1, 15, 7], "texture": "#0"},
				"west": {"uv": [9, 1, 15, 7], "texture": "#0"},
				"up": {"uv": [9, 1, 15, 7], "texture": "#0"},
				"down": {"uv": [9, 1, 15, 7], "texture": "#0"}
			}
		},
		{
			"from": [7.91504, 18.72103, 6.46179],
			"to": [8.08504, 20.03103, 6.51179],
			"rotation": {"angle": -22.5, "axis": "x", "origin": [7.95004, 24.12103, 5.81179]},
			"faces": {
				"north": {"uv": [15, 1, 9, 7], "texture": "#0"},
				"east": {"uv": [15, 1, 9, 7], "texture": "#0"},
				"south": {"uv": [15, 1, 9, 7], "texture": "#0"},
				"west": {"uv": [15, 1, 9, 7], "texture": "#0"},
				"up": {"uv": [9, 7, 15, 1], "texture": "#0"},
				"down": {"uv": [9, 7, 15, 1], "texture": "#0"}
			}
		},
		{
			"from": [7.91504, 19.01024, 7.97368],
			"to": [8.08504, 20.61024, 8.02368],
			"faces": {
				"north": {"uv": [15, 1, 9, 7], "texture": "#0"},
				"east": {"uv": [15, 1, 9, 7], "texture": "#0"},
				"south": {"uv": [15, 1, 9, 7], "texture": "#0"},
				"west": {"uv": [15, 1, 9, 7], "texture": "#0"},
				"up": {"uv": [9, 7, 15, 1], "texture": "#0"},
				"down": {"uv": [9, 7, 15, 1], "texture": "#0"}
			}
		},
		{
			"from": [7.91504, 19.23765, 9.59097],
			"to": [8.08504, 20.54765, 9.64097],
			"rotation": {"angle": 22.5, "axis": "x", "origin": [7.95004, 24.63765, 8.94097]},
			"faces": {
				"north": {"uv": [15, 1, 9, 7], "texture": "#0"},
				"east": {"uv": [15, 1, 9, 7], "texture": "#0"},
				"south": {"uv": [15, 1, 9, 7], "texture": "#0"},
				"west": {"uv": [15, 1, 9, 7], "texture": "#0"},
				"up": {"uv": [9, 7, 15, 1], "texture": "#0"},
				"down": {"uv": [9, 7, 15, 1], "texture": "#0"}
			}
		},
		{
			"from": [7.91504, 18.72103, 6.06179],
			"to": [8.08504, 19.63103, 6.51179],
			"rotation": {"angle": -22.5, "axis": "x", "origin": [7.95004, 24.12103, 5.81179]},
			"faces": {
				"north": {"uv": [15, 1, 9, 7], "texture": "#0"},
				"east": {"uv": [15, 1, 9, 7], "texture": "#0"},
				"south": {"uv": [15, 1, 9, 7], "texture": "#0"},
				"west": {"uv": [15, 1, 9, 7], "texture": "#0"},
				"up": {"uv": [9, 7, 15, 1], "texture": "#0"},
				"down": {"uv": [9, 7, 15, 1], "texture": "#0"}
			}
		},
		{
			"from": [7.91504, 18.72103, 5.86179],
			"to": [8.08504, 19.43103, 6.51179],
			"rotation": {"angle": -22.5, "axis": "x", "origin": [7.95004, 24.12103, 5.81179]},
			"faces": {
				"north": {"uv": [15, 1, 9, 7], "texture": "#0"},
				"east": {"uv": [15, 1, 9, 7], "texture": "#0"},
				"south": {"uv": [15, 1, 9, 7], "texture": "#0"},
				"west": {"uv": [15, 1, 9, 7], "texture": "#0"},
				"up": {"uv": [9, 7, 15, 1], "texture": "#0"},
				"down": {"uv": [9, 7, 15, 1], "texture": "#0"}
			}
		},
		{
			"from": [7.91504, 18.72103, 5.66179],
			"to": [8.08504, 19.23103, 6.51179],
			"rotation": {"angle": -22.5, "axis": "x", "origin": [7.95004, 24.12103, 5.81179]},
			"faces": {
				"north": {"uv": [15, 1, 9, 7], "texture": "#0"},
				"east": {"uv": [15, 1, 9, 7], "texture": "#0"},
				"south": {"uv": [15, 1, 9, 7], "texture": "#0"},
				"west": {"uv": [15, 1, 9, 7], "texture": "#0"},
				"up": {"uv": [9, 7, 15, 1], "texture": "#0"},
				"down": {"uv": [9, 7, 15, 1], "texture": "#0"}
			}
		},
		{
			"from": [7.91504, 19.23765, 9.59097],
			"to": [8.08504, 20.34765, 9.84097],
			"rotation": {"angle": 22.5, "axis": "x", "origin": [7.95004, 24.63765, 8.94097]},
			"faces": {
				"north": {"uv": [15, 1, 9, 7], "texture": "#0"},
				"east": {"uv": [15, 1, 9, 7], "texture": "#0"},
				"south": {"uv": [15, 1, 9, 7], "texture": "#0"},
				"west": {"uv": [15, 1, 9, 7], "texture": "#0"},
				"up": {"uv": [9, 7, 15, 1], "texture": "#0"},
				"down": {"uv": [9, 7, 15, 1], "texture": "#0"}
			}
		},
		{
			"from": [7.91504, 18.72103, 6.36179],
			"to": [8.08504, 19.93103, 6.51179],
			"rotation": {"angle": -22.5, "axis": "x", "origin": [7.95004, 24.12103, 5.81179]},
			"faces": {
				"north": {"uv": [15, 1, 9, 7], "texture": "#0"},
				"east": {"uv": [15, 1, 9, 7], "texture": "#0"},
				"south": {"uv": [15, 1, 9, 7], "texture": "#0"},
				"west": {"uv": [15, 1, 9, 7], "texture": "#0"},
				"up": {"uv": [9, 7, 15, 1], "texture": "#0"},
				"down": {"uv": [9, 7, 15, 1], "texture": "#0"}
			}
		},
		{
			"from": [7.965, 6.3, 7.125],
			"to": [8.035, 8.25, 7.325],
			"faces": {
				"north": {"uv": [1, 1, 7, 7], "texture": "#0"},
				"east": {"uv": [1, 1, 7, 7], "texture": "#0"},
				"south": {"uv": [1, 1, 7, 7], "texture": "#0"},
				"west": {"uv": [1, 1, 7, 7], "texture": "#0"},
				"up": {"uv": [1, 1, 7, 7], "texture": "#0"},
				"down": {"uv": [1, 1, 7, 7], "texture": "#0"}
			}
		},
		{
			"from": [8.30242, 6.30068, 7.0712],
			"to": [8.37242, 8.25068, 7.3212],
			"rotation": {"angle": 22.5, "axis": "y", "origin": [8.33742, 11.00068, 7.9462]},
			"faces": {
				"north": {"uv": [1, 1, 7, 7], "texture": "#0"},
				"east": {"uv": [1, 1, 7, 7], "texture": "#0"},
				"south": {"uv": [1, 1, 7, 7], "texture": "#0"},
				"west": {"uv": [1, 1, 7, 7], "texture": "#0"},
				"up": {"uv": [1, 1, 7, 7], "texture": "#0"},
				"down": {"uv": [1, 1, 7, 7], "texture": "#0"}
			}
		},
		{
			"from": [8.20242, 6.30068, 7.2712],
			"to": [8.37242, 7.30068, 7.5212],
			"rotation": {"angle": 22.5, "axis": "y", "origin": [8.33742, 11.00068, 7.9462]},
			"faces": {
				"north": {"uv": [1, 1, 7, 7], "texture": "#0"},
				"east": {"uv": [1, 1, 7, 7], "texture": "#0"},
				"south": {"uv": [1, 1, 7, 7], "texture": "#0"},
				"west": {"uv": [1, 1, 7, 7], "texture": "#0"},
				"up": {"uv": [1, 1, 7, 7], "texture": "#0"},
				"down": {"uv": [1, 1, 7, 7], "texture": "#0"}
			}
		},
		{
			"from": [7.91451, 6.2998, 7.32906],
			"to": [8.08451, 7.2998, 7.57906],
			"rotation": {"angle": -22.5, "axis": "y", "origin": [7.94951, 7.4498, 7.25406]},
			"faces": {
				"north": {"uv": [1, 1, 7, 7], "texture": "#0"},
				"east": {"uv": [1, 1, 7, 7], "texture": "#0"},
				"south": {"uv": [1, 1, 7, 7], "texture": "#0"},
				"west": {"uv": [1, 1, 7, 7], "texture": "#0"},
				"up": {"uv": [1, 1, 7, 7], "texture": "#0"},
				"down": {"uv": [1, 1, 7, 7], "texture": "#0"}
			}
		},
		{
			"from": [7.91451, 6.2998, 7.12906],
			"to": [7.98451, 8.2498, 7.37906],
			"rotation": {"angle": -22.5, "axis": "y", "origin": [7.94951, 7.4498, 7.25406]},
			"faces": {
				"north": {"uv": [1, 1, 7, 7], "texture": "#0"},
				"east": {"uv": [1, 1, 7, 7], "texture": "#0"},
				"south": {"uv": [1, 1, 7, 7], "texture": "#0"},
				"west": {"uv": [1, 1, 7, 7], "texture": "#0"},
				"up": {"uv": [1, 1, 7, 7], "texture": "#0"},
				"down": {"uv": [1, 1, 7, 7], "texture": "#0"}
			}
		},
		{
			"from": [7.79318, 6.29922, 7.54114],
			"to": [8.21318, 9.29922, 7.64114],
			"faces": {
				"north": {"uv": [1, 1, 7, 7], "texture": "#0"},
				"east": {"uv": [1, 1, 7, 7], "texture": "#0"},
				"south": {"uv": [1, 1, 7, 7], "texture": "#0"},
				"west": {"uv": [1, 1, 7, 7], "texture": "#0"},
				"up": {"uv": [1, 1, 7, 7], "texture": "#0"},
				"down": {"uv": [1, 1, 7, 7], "texture": "#0"}
			}
		},
		{
			"from": [7.79325, 9.60127, 6.96194],
			"to": [8.21325, 9.90127, 7.06194],
			"rotation": {"angle": 45, "axis": "x", "origin": [7.82825, 8.75127, 6.88694]},
			"faces": {
				"north": {"uv": [1, 1, 7, 7], "texture": "#0"},
				"east": {"uv": [1, 1, 7, 7], "texture": "#0"},
				"south": {"uv": [1, 1, 7, 7], "texture": "#0"},
				"west": {"uv": [1, 1, 7, 7], "texture": "#0"},
				"up": {"uv": [1, 1, 7, 7], "texture": "#0"},
				"down": {"uv": [1, 1, 7, 7], "texture": "#0"}
			}
		},
		{
			"from": [7.79325, 9.57237, 7.4119],
			"to": [8.21325, 10.17237, 7.5119],
			"rotation": {"angle": 22.5, "axis": "x", "origin": [7.82825, 8.72237, 7.3369]},
			"faces": {
				"north": {"uv": [1, 1, 7, 7], "texture": "#0"},
				"east": {"uv": [1, 1, 7, 7], "texture": "#0"},
				"south": {"uv": [1, 1, 7, 7], "texture": "#0"},
				"west": {"uv": [1, 1, 7, 7], "texture": "#0"},
				"up": {"uv": [1, 1, 7, 7], "texture": "#0"},
				"down": {"uv": [1, 1, 7, 7], "texture": "#0"}
			}
		},
		{
			"from": [8.20242, 6.30068, 8.4788],
			"to": [8.37242, 7.30068, 8.7288],
			"rotation": {"angle": -22.5, "axis": "y", "origin": [8.33742, 11.00068, 8.0538]},
			"faces": {
				"north": {"uv": [7, 1, 1, 7], "texture": "#0"},
				"east": {"uv": [7, 1, 1, 7], "texture": "#0"},
				"south": {"uv": [7, 1, 1, 7], "texture": "#0"},
				"west": {"uv": [7, 1, 1, 7], "texture": "#0"},
				"up": {"uv": [1, 7, 7, 1], "texture": "#0"},
				"down": {"uv": [1, 7, 7, 1], "texture": "#0"}
			}
		},
		{
			"from": [8.30242, 6.30068, 8.6788],
			"to": [8.37242, 8.25068, 8.9288],
			"rotation": {"angle": -22.5, "axis": "y", "origin": [8.33742, 11.00068, 8.0538]},
			"faces": {
				"north": {"uv": [7, 1, 1, 7], "texture": "#0"},
				"east": {"uv": [7, 1, 1, 7], "texture": "#0"},
				"south": {"uv": [7, 1, 1, 7], "texture": "#0"},
				"west": {"uv": [7, 1, 1, 7], "texture": "#0"},
				"up": {"uv": [1, 7, 7, 1], "texture": "#0"},
				"down": {"uv": [1, 7, 7, 1], "texture": "#0"}
			}
		},
		{
			"from": [7.91451, 6.2998, 8.62094],
			"to": [7.98451, 8.2498, 8.87094],
			"rotation": {"angle": 22.5, "axis": "y", "origin": [7.94951, 7.4498, 8.74594]},
			"faces": {
				"north": {"uv": [7, 1, 1, 7], "texture": "#0"},
				"east": {"uv": [7, 1, 1, 7], "texture": "#0"},
				"south": {"uv": [7, 1, 1, 7], "texture": "#0"},
				"west": {"uv": [7, 1, 1, 7], "texture": "#0"},
				"up": {"uv": [1, 7, 7, 1], "texture": "#0"},
				"down": {"uv": [1, 7, 7, 1], "texture": "#0"}
			}
		},
		{
			"from": [7.91451, 6.2998, 8.42094],
			"to": [8.08451, 7.2998, 8.67094],
			"rotation": {"angle": 22.5, "axis": "y", "origin": [7.94951, 7.4498, 8.74594]},
			"faces": {
				"north": {"uv": [7, 1, 1, 7], "texture": "#0"},
				"east": {"uv": [7, 1, 1, 7], "texture": "#0"},
				"south": {"uv": [7, 1, 1, 7], "texture": "#0"},
				"west": {"uv": [7, 1, 1, 7], "texture": "#0"},
				"up": {"uv": [1, 7, 7, 1], "texture": "#0"},
				"down": {"uv": [1, 7, 7, 1], "texture": "#0"}
			}
		},
		{
			"from": [7.79318, 6.29922, 8.35886],
			"to": [8.21318, 9.29922, 8.45886],
			"faces": {
				"north": {"uv": [7, 1, 1, 7], "texture": "#0"},
				"east": {"uv": [7, 1, 1, 7], "texture": "#0"},
				"south": {"uv": [7, 1, 1, 7], "texture": "#0"},
				"west": {"uv": [7, 1, 1, 7], "texture": "#0"},
				"up": {"uv": [1, 7, 7, 1], "texture": "#0"},
				"down": {"uv": [1, 7, 7, 1], "texture": "#0"}
			}
		},
		{
			"from": [7.79325, 9.60127, 8.93806],
			"to": [8.21325, 9.90127, 9.03806],
			"rotation": {"angle": -45, "axis": "x", "origin": [7.82825, 8.75127, 9.11306]},
			"faces": {
				"north": {"uv": [7, 1, 1, 7], "texture": "#0"},
				"east": {"uv": [7, 1, 1, 7], "texture": "#0"},
				"south": {"uv": [7, 1, 1, 7], "texture": "#0"},
				"west": {"uv": [7, 1, 1, 7], "texture": "#0"},
				"up": {"uv": [1, 7, 7, 1], "texture": "#0"},
				"down": {"uv": [1, 7, 7, 1], "texture": "#0"}
			}
		},
		{
			"from": [7.79325, 9.57237, 8.48811],
			"to": [8.21325, 10.17237, 8.58811],
			"rotation": {"angle": -22.5, "axis": "x", "origin": [7.82825, 8.72237, 8.66311]},
			"faces": {
				"north": {"uv": [7, 1, 1, 7], "texture": "#0"},
				"east": {"uv": [7, 1, 1, 7], "texture": "#0"},
				"south": {"uv": [7, 1, 1, 7], "texture": "#0"},
				"west": {"uv": [7, 1, 1, 7], "texture": "#0"},
				"up": {"uv": [1, 7, 7, 1], "texture": "#0"},
				"down": {"uv": [1, 7, 7, 1], "texture": "#0"}
			}
		},
		{
			"from": [7.79341, 9.83343, 7.96078],
			"to": [8.21341, 10.03343, 8.04078],
			"faces": {
				"north": {"uv": [7, 1, 1, 7], "texture": "#0"},
				"east": {"uv": [7, 1, 1, 7], "texture": "#0"},
				"south": {"uv": [7, 1, 1, 7], "texture": "#0"},
				"west": {"uv": [7, 1, 1, 7], "texture": "#0"},
				"up": {"uv": [1, 7, 7, 1], "texture": "#0"},
				"down": {"uv": [1, 7, 7, 1], "texture": "#0"}
			}
		},
		{
			"from": [7.79341, 9.73343, 7.91078],
			"to": [8.21341, 9.83343, 8.09078],
			"faces": {
				"north": {"uv": [7, 1, 1, 7], "texture": "#0"},
				"east": {"uv": [7, 1, 1, 7], "texture": "#0"},
				"south": {"uv": [7, 1, 1, 7], "texture": "#0"},
				"west": {"uv": [7, 1, 1, 7], "texture": "#0"},
				"up": {"uv": [1, 7, 7, 1], "texture": "#0"},
				"down": {"uv": [1, 7, 7, 1], "texture": "#0"}
			}
		},
		{
			"from": [7.79341, 9.73343, 8.06078],
			"to": [8.21341, 9.83343, 8.09078],
			"faces": {
				"north": {"uv": [7, 1, 1, 7], "texture": "#0"},
				"east": {"uv": [7, 1, 1, 7], "texture": "#0"},
				"south": {"uv": [7, 1, 1, 7], "texture": "#0"},
				"west": {"uv": [7, 1, 1, 7], "texture": "#0"},
				"up": {"uv": [1, 7, 7, 1], "texture": "#0"},
				"down": {"uv": [1, 7, 7, 1], "texture": "#0"}
			}
		},
		{
			"from": [7.79341, 9.63343, 7.985],
			"to": [8.21341, 9.73343, 8.015],
			"faces": {
				"north": {"uv": [7, 1, 1, 7], "texture": "#0"},
				"east": {"uv": [7, 1, 1, 7], "texture": "#0"},
				"south": {"uv": [7, 1, 1, 7], "texture": "#0"},
				"west": {"uv": [7, 1, 1, 7], "texture": "#0"},
				"up": {"uv": [1, 7, 7, 1], "texture": "#0"},
				"down": {"uv": [1, 7, 7, 1], "texture": "#0"}
			}
		},
		{
			"from": [7.79318, 6.29922, 7.54114],
			"to": [8.21318, 7.14922, 8.44114],
			"faces": {
				"north": {"uv": [1, 1, 7, 7], "texture": "#0"},
				"east": {"uv": [1, 1, 7, 7], "texture": "#0"},
				"south": {"uv": [1, 1, 7, 7], "texture": "#0"},
				"west": {"uv": [1, 1, 7, 7], "texture": "#0"},
				"up": {"uv": [1, 1, 7, 7], "texture": "#0"},
				"down": {"uv": [1, 1, 7, 7], "texture": "#0"}
			}
		},
		{
			"from": [7.93406, 6.29987, 7.28283],
			"to": [8.06906, 8.24987, 7.38283],
			"faces": {
				"north": {"uv": [1, 1, 7, 7], "texture": "#0"},
				"east": {"uv": [1, 1, 7, 7], "texture": "#0"},
				"south": {"uv": [1, 1, 7, 7], "texture": "#0"},
				"west": {"uv": [1, 1, 7, 7], "texture": "#0"},
				"up": {"uv": [1, 1, 7, 7], "texture": "#0"},
				"down": {"uv": [1, 1, 7, 7], "texture": "#0"}
			}
		},
		{
			"from": [7.9651, 6.29972, 8.67482],
			"to": [8.0351, 8.24972, 8.87482],
			"faces": {
				"north": {"uv": [1, 1, 7, 7], "texture": "#0"},
				"east": {"uv": [1, 1, 7, 7], "texture": "#0"},
				"south": {"uv": [1, 1, 7, 7], "texture": "#0"},
				"west": {"uv": [1, 1, 7, 7], "texture": "#0"},
				"up": {"uv": [1, 1, 7, 7], "texture": "#0"},
				"down": {"uv": [1, 1, 7, 7], "texture": "#0"}
			}
		},
		{
			"from": [7.93634, 6.29748, 8.61706],
			"to": [8.07134, 8.24748, 8.71706],
			"faces": {
				"north": {"uv": [1, 1, 7, 7], "texture": "#0"},
				"east": {"uv": [1, 1, 7, 7], "texture": "#0"},
				"south": {"uv": [1, 1, 7, 7], "texture": "#0"},
				"west": {"uv": [1, 1, 7, 7], "texture": "#0"},
				"up": {"uv": [1, 1, 7, 7], "texture": "#0"},
				"down": {"uv": [1, 1, 7, 7], "texture": "#0"}
			}
		},
		{
			"from": [7.79, 7.0995, 7.88436],
			"to": [8.215, 7.4995, 8.05436],
			"rotation": {"angle": -22.5, "axis": "x", "origin": [8.00968, 7.0495, 7.99436]},
			"faces": {
				"north": {"uv": [1, 1, 7, 7], "texture": "#0"},
				"east": {"uv": [1, 1, 7, 7], "texture": "#0"},
				"south": {"uv": [1, 1, 7, 7], "texture": "#0"},
				"west": {"uv": [1, 1, 7, 7], "texture": "#0"},
				"up": {"uv": [1, 1, 7, 7], "texture": "#0"},
				"down": {"uv": [1, 1, 7, 7], "texture": "#0"}
			}
		},
		{
			"from": [7.865, 6.3, 7.875],
			"to": [8.135, 9.8, 8.125],
			"faces": {
				"north": {"uv": [5, 9, 11, 15], "texture": "#0"},
				"east": {"uv": [5, 9, 11, 15], "texture": "#0"},
				"south": {"uv": [5, 9, 11, 15], "texture": "#0"},
				"west": {"uv": [5, 9, 11, 15], "texture": "#0"},
				"up": {"uv": [5, 9, 11, 15], "texture": "#0"},
				"down": {"uv": [5, 9, 11, 15], "texture": "#0"}
			}
		},
		{
			"from": [7.865, 6.3, 7.775],
			"to": [8.135, 9.5, 8.225],
			"faces": {
				"north": {"uv": [5, 9, 11, 15], "texture": "#0"},
				"east": {"uv": [5, 9, 11, 15], "texture": "#0"},
				"south": {"uv": [5, 9, 11, 15], "texture": "#0"},
				"west": {"uv": [5, 9, 11, 15], "texture": "#0"},
				"up": {"uv": [5, 9, 11, 15], "texture": "#0"},
				"down": {"uv": [5, 9, 11, 15], "texture": "#0"}
			}
		},
		{
			"from": [7.865, 6.3, 7.675],
			"to": [8.135, 9.3, 8.325],
			"faces": {
				"north": {"uv": [5, 9, 11, 15], "texture": "#0"},
				"east": {"uv": [5, 9, 11, 15], "texture": "#0"},
				"south": {"uv": [5, 9, 11, 15], "texture": "#0"},
				"west": {"uv": [5, 9, 11, 15], "texture": "#0"},
				"up": {"uv": [5, 9, 11, 15], "texture": "#0"},
				"down": {"uv": [5, 9, 11, 15], "texture": "#0"}
			}
		},
		{
			"from": [7.86805, 8.92501, 7.64694],
			"to": [8.13805, 9.27501, 8.04694],
			"rotation": {"angle": 22.5, "axis": "x", "origin": [8.00305, 9.25001, 7.99694]},
			"faces": {
				"north": {"uv": [5, 9, 11, 15], "rotation": 180, "texture": "#0"},
				"east": {"uv": [5, 9, 11, 15], "rotation": 270, "texture": "#0"},
				"south": {"uv": [5, 9, 11, 15], "texture": "#0"},
				"west": {"uv": [5, 9, 11, 15], "rotation": 90, "texture": "#0"},
				"up": {"uv": [5, 9, 11, 15], "rotation": 180, "texture": "#0"},
				"down": {"uv": [5, 9, 11, 15], "texture": "#0"}
			}
		},
		{
			"from": [7.86805, 8.92501, 7.69694],
			"to": [8.13805, 9.47501, 8.04694],
			"rotation": {"angle": 22.5, "axis": "x", "origin": [8.00305, 9.25001, 7.99694]},
			"faces": {
				"north": {"uv": [5, 9, 11, 15], "rotation": 180, "texture": "#0"},
				"east": {"uv": [5, 9, 11, 15], "rotation": 270, "texture": "#0"},
				"south": {"uv": [5, 9, 11, 15], "texture": "#0"},
				"west": {"uv": [5, 9, 11, 15], "rotation": 90, "texture": "#0"},
				"up": {"uv": [5, 9, 11, 15], "rotation": 180, "texture": "#0"},
				"down": {"uv": [5, 9, 11, 15], "texture": "#0"}
			}
		},
		{
			"from": [7.86805, 8.92501, 7.99694],
			"to": [8.13805, 9.57501, 8.29694],
			"rotation": {"angle": -22.5, "axis": "x", "origin": [8.00305, 9.25001, 7.99694]},
			"faces": {
				"north": {"uv": [5, 9, 11, 15], "rotation": 180, "texture": "#0"},
				"east": {"uv": [5, 9, 11, 15], "rotation": 270, "texture": "#0"},
				"south": {"uv": [5, 9, 11, 15], "texture": "#0"},
				"west": {"uv": [5, 9, 11, 15], "rotation": 90, "texture": "#0"},
				"up": {"uv": [5, 9, 11, 15], "rotation": 180, "texture": "#0"},
				"down": {"uv": [5, 9, 11, 15], "texture": "#0"}
			}
		},
		{
			"from": [7.86805, 8.92501, 7.99694],
			"to": [8.13805, 9.22501, 8.34694],
			"rotation": {"angle": -22.5, "axis": "x", "origin": [8.00305, 9.25001, 7.99694]},
			"faces": {
				"north": {"uv": [5, 9, 11, 15], "rotation": 180, "texture": "#0"},
				"east": {"uv": [5, 9, 11, 15], "rotation": 270, "texture": "#0"},
				"south": {"uv": [5, 9, 11, 15], "texture": "#0"},
				"west": {"uv": [5, 9, 11, 15], "rotation": 90, "texture": "#0"},
				"up": {"uv": [5, 9, 11, 15], "rotation": 180, "texture": "#0"},
				"down": {"uv": [5, 9, 11, 15], "texture": "#0"}
			}
		},
		{
			"from": [7.915, 6.3, 7.475],
			"to": [8.085, 19.4, 8.525],
			"faces": {
				"north": {"uv": [9, 1, 15, 7], "texture": "#0"},
				"east": {"uv": [9, 1, 15, 7], "texture": "#0"},
				"south": {"uv": [9, 1, 15, 7], "texture": "#0"},
				"west": {"uv": [9, 1, 15, 7], "texture": "#0"},
				"up": {"uv": [9, 1, 15, 7], "texture": "#0"},
				"down": {"uv": [9, 1, 15, 7], "texture": "#0"}
			}
		},
		{
			"from": [7.79, 7.0995, 7.93436],
			"to": [8.215, 7.4995, 8.10436],
			"rotation": {"angle": 22.5, "axis": "x", "origin": [8.00968, 7.0495, 7.99436]},
			"faces": {
				"north": {"uv": [1, 1, 7, 7], "texture": "#0"},
				"east": {"uv": [1, 1, 7, 7], "texture": "#0"},
				"south": {"uv": [1, 1, 7, 7], "texture": "#0"},
				"west": {"uv": [1, 1, 7, 7], "texture": "#0"},
				"up": {"uv": [1, 1, 7, 7], "texture": "#0"},
				"down": {"uv": [1, 1, 7, 7], "texture": "#0"}
			}
		},
		{
			"from": [7.79, 7.42333, 7.98437],
			"to": [8.215, 7.82333, 8.05437],
			"rotation": {"angle": 22.5, "axis": "x", "origin": [8.00968, 7.87333, 7.99437]},
			"faces": {
				"north": {"uv": [1, 7, 7, 1], "texture": "#0"},
				"east": {"uv": [1, 7, 7, 1], "texture": "#0"},
				"south": {"uv": [1, 7, 7, 1], "texture": "#0"},
				"west": {"uv": [1, 7, 7, 1], "texture": "#0"},
				"up": {"uv": [1, 7, 7, 1], "texture": "#0"},
				"down": {"uv": [1, 7, 7, 1], "texture": "#0"}
			}
		},
		{
			"from": [7.79, 7.42333, 7.93437],
			"to": [8.215, 7.82333, 8.00437],
			"rotation": {"angle": -22.5, "axis": "x", "origin": [8.00968, 7.87333, 7.99437]},
			"faces": {
				"north": {"uv": [1, 7, 7, 1], "texture": "#0"},
				"east": {"uv": [1, 7, 7, 1], "texture": "#0"},
				"south": {"uv": [1, 7, 7, 1], "texture": "#0"},
				"west": {"uv": [1, 7, 7, 1], "texture": "#0"},
				"up": {"uv": [1, 7, 7, 1], "texture": "#0"},
				"down": {"uv": [1, 7, 7, 1], "texture": "#0"}
			}
		},
		{
			"from": [7.79, 7.12333, 8.08437],
			"to": [8.215, 7.62333, 8.10437],
			"rotation": {"angle": 45, "axis": "x", "origin": [8.00968, 7.82333, 7.99437]},
			"faces": {
				"north": {"uv": [1, 7, 7, 1], "texture": "#0"},
				"east": {"uv": [1, 7, 7, 1], "texture": "#0"},
				"south": {"uv": [1, 7, 7, 1], "texture": "#0"},
				"west": {"uv": [1, 7, 7, 1], "texture": "#0"},
				"up": {"uv": [1, 7, 7, 1], "texture": "#0"},
				"down": {"uv": [1, 7, 7, 1], "texture": "#0"}
			}
		},
		{
			"from": [7.79, 7.12333, 7.89563],
			"to": [8.215, 7.62333, 7.91563],
			"rotation": {"angle": -45, "axis": "x", "origin": [8.00968, 7.82333, 8.00563]},
			"faces": {
				"north": {"uv": [7, 7, 1, 1], "texture": "#0"},
				"east": {"uv": [7, 7, 1, 1], "texture": "#0"},
				"south": {"uv": [7, 7, 1, 1], "texture": "#0"},
				"west": {"uv": [7, 7, 1, 1], "texture": "#0"},
				"up": {"uv": [1, 1, 7, 7], "texture": "#0"},
				"down": {"uv": [1, 1, 7, 7], "texture": "#0"}
			}
		},
		{
			"from": [7.79, 7.17333, 7.59563],
			"to": [8.215, 7.37333, 7.91563],
			"rotation": {"angle": -45, "axis": "x", "origin": [8.00968, 7.82333, 8.00563]},
			"faces": {
				"north": {"uv": [7, 7, 1, 1], "texture": "#0"},
				"east": {"uv": [7, 7, 1, 1], "texture": "#0"},
				"south": {"uv": [7, 7, 1, 1], "texture": "#0"},
				"west": {"uv": [7, 7, 1, 1], "texture": "#0"},
				"up": {"uv": [1, 1, 7, 7], "texture": "#0"},
				"down": {"uv": [1, 1, 7, 7], "texture": "#0"}
			}
		},
		{
			"from": [7.79, 7.02333, 8.18437],
			"to": [8.215, 7.42333, 8.30437],
			"rotation": {"angle": 45, "axis": "x", "origin": [8.00968, 7.82333, 7.99437]},
			"faces": {
				"north": {"uv": [1, 7, 7, 1], "texture": "#0"},
				"east": {"uv": [1, 7, 7, 1], "texture": "#0"},
				"south": {"uv": [1, 7, 7, 1], "texture": "#0"},
				"west": {"uv": [1, 7, 7, 1], "texture": "#0"},
				"up": {"uv": [1, 7, 7, 1], "texture": "#0"},
				"down": {"uv": [1, 7, 7, 1], "texture": "#0"}
			}
		},
		{
			"from": [7.79, 7.12333, 8.08437],
			"to": [8.215, 7.32333, 8.40437],
			"rotation": {"angle": 45, "axis": "x", "origin": [8.00968, 7.82333, 7.99437]},
			"faces": {
				"north": {"uv": [1, 7, 7, 1], "texture": "#0"},
				"east": {"uv": [1, 7, 7, 1], "texture": "#0"},
				"south": {"uv": [1, 7, 7, 1], "texture": "#0"},
				"west": {"uv": [1, 7, 7, 1], "texture": "#0"},
				"up": {"uv": [1, 7, 7, 1], "texture": "#0"},
				"down": {"uv": [1, 7, 7, 1], "texture": "#0"}
			}
		},
		{
			"from": [7.79, 7.07333, 7.69563],
			"to": [8.215, 7.37333, 7.86563],
			"rotation": {"angle": -45, "axis": "x", "origin": [8.00968, 7.82333, 8.00563]},
			"faces": {
				"north": {"uv": [7, 7, 1, 1], "texture": "#0"},
				"east": {"uv": [7, 7, 1, 1], "texture": "#0"},
				"south": {"uv": [7, 7, 1, 1], "texture": "#0"},
				"west": {"uv": [7, 7, 1, 1], "texture": "#0"},
				"up": {"uv": [1, 1, 7, 7], "texture": "#0"},
				"down": {"uv": [1, 1, 7, 7], "texture": "#0"}
			}
		},
		{
			"from": [7.79, 7.12333, 8.08437],
			"to": [8.215, 7.52333, 8.15437],
			"rotation": {"angle": 45, "axis": "x", "origin": [8.00968, 7.82333, 7.99437]},
			"faces": {
				"north": {"uv": [1, 7, 7, 1], "texture": "#0"},
				"east": {"uv": [1, 7, 7, 1], "texture": "#0"},
				"south": {"uv": [1, 7, 7, 1], "texture": "#0"},
				"west": {"uv": [1, 7, 7, 1], "texture": "#0"},
				"up": {"uv": [1, 7, 7, 1], "texture": "#0"},
				"down": {"uv": [1, 7, 7, 1], "texture": "#0"}
			}
		},
		{
			"from": [7.79, 7.32333, 7.84563],
			"to": [8.215, 7.52333, 7.91563],
			"rotation": {"angle": -45, "axis": "x", "origin": [8.00968, 7.82333, 8.00563]},
			"faces": {
				"north": {"uv": [7, 7, 1, 1], "texture": "#0"},
				"east": {"uv": [7, 7, 1, 1], "texture": "#0"},
				"south": {"uv": [7, 7, 1, 1], "texture": "#0"},
				"west": {"uv": [7, 7, 1, 1], "texture": "#0"},
				"up": {"uv": [1, 1, 7, 7], "texture": "#0"},
				"down": {"uv": [1, 1, 7, 7], "texture": "#0"}
			}
		},
		{
			"from": [7.79, 7.72333, 7.935],
			"to": [8.215, 8.52333, 8.055],
			"faces": {
				"north": {"uv": [1, 7, 7, 1], "texture": "#0"},
				"east": {"uv": [1, 7, 7, 1], "texture": "#0"},
				"south": {"uv": [1, 7, 7, 1], "texture": "#0"},
				"west": {"uv": [1, 7, 7, 1], "texture": "#0"},
				"up": {"uv": [1, 7, 7, 1], "texture": "#0"},
				"down": {"uv": [1, 7, 7, 1], "texture": "#0"}
			}
		},
		{
			"from": [7.79, 7.92333, 7.56],
			"to": [8.215, 8.04333, 8.43],
			"faces": {
				"north": {"uv": [1, 7, 7, 1], "texture": "#0"},
				"east": {"uv": [1, 7, 7, 1], "texture": "#0"},
				"south": {"uv": [1, 7, 7, 1], "texture": "#0"},
				"west": {"uv": [1, 7, 7, 1], "texture": "#0"},
				"up": {"uv": [1, 7, 7, 1], "texture": "#0"},
				"down": {"uv": [1, 7, 7, 1], "texture": "#0"}
			}
		},
		{
			"from": [7.79, 8.42333, 7.86],
			"to": [8.215, 8.52333, 8.13],
			"faces": {
				"north": {"uv": [1, 7, 7, 1], "texture": "#0"},
				"east": {"uv": [1, 7, 7, 1], "texture": "#0"},
				"south": {"uv": [1, 7, 7, 1], "texture": "#0"},
				"west": {"uv": [1, 7, 7, 1], "texture": "#0"},
				"up": {"uv": [1, 7, 7, 1], "texture": "#0"},
				"down": {"uv": [1, 7, 7, 1], "texture": "#0"}
			}
		},
		{
			"from": [7.78933, 8.41217, 8.02886],
			"to": [8.21433, 8.68217, 8.12886],
			"rotation": {"angle": 22.5, "axis": "x", "origin": [8.00901, 8.5478, 7.47886]},
			"faces": {
				"north": {"uv": [1, 7, 7, 1], "rotation": 180, "texture": "#0"},
				"east": {"uv": [1, 7, 7, 1], "rotation": 270, "texture": "#0"},
				"south": {"uv": [1, 7, 7, 1], "texture": "#0"},
				"west": {"uv": [1, 7, 7, 1], "rotation": 90, "texture": "#0"},
				"up": {"uv": [1, 7, 7, 1], "rotation": 180, "texture": "#0"},
				"down": {"uv": [1, 7, 7, 1], "texture": "#0"}
			}
		},
		{
			"from": [7.79067, 7.95321, 7.95248],
			"to": [8.21567, 8.22321, 8.05248],
			"rotation": {"angle": -22.5, "axis": "x", "origin": [8.01035, 8.08885, 7.40248]},
			"faces": {
				"north": {"uv": [1, 7, 7, 1], "rotation": 180, "texture": "#0"},
				"east": {"uv": [1, 7, 7, 1], "rotation": 270, "texture": "#0"},
				"south": {"uv": [1, 7, 7, 1], "texture": "#0"},
				"west": {"uv": [1, 7, 7, 1], "rotation": 90, "texture": "#0"},
				"up": {"uv": [1, 7, 7, 1], "rotation": 180, "texture": "#0"},
				"down": {"uv": [1, 7, 7, 1], "texture": "#0"}
			}
		},
		{
			"from": [7.79, 8.62333, 7.98],
			"to": [8.215, 8.99333, 8],
			"faces": {
				"north": {"uv": [1, 7, 7, 1], "texture": "#0"},
				"east": {"uv": [1, 7, 7, 1], "texture": "#0"},
				"south": {"uv": [1, 7, 7, 1], "texture": "#0"},
				"west": {"uv": [1, 7, 7, 1], "texture": "#0"},
				"up": {"uv": [1, 7, 7, 1], "texture": "#0"},
				"down": {"uv": [1, 7, 7, 1], "texture": "#0"}
			}
		},
		{
			"from": [7.7894, 8.68307, 7.69352],
			"to": [8.2144, 8.88307, 7.71352],
			"rotation": {"angle": 22.5, "axis": "x", "origin": [8.00908, 7.93307, 7.70789]},
			"faces": {
				"north": {"uv": [1, 7, 7, 1], "texture": "#0"},
				"east": {"uv": [1, 7, 7, 1], "texture": "#0"},
				"south": {"uv": [1, 7, 7, 1], "texture": "#0"},
				"west": {"uv": [1, 7, 7, 1], "texture": "#0"},
				"up": {"uv": [1, 7, 7, 1], "texture": "#0"},
				"down": {"uv": [1, 7, 7, 1], "texture": "#0"}
			}
		},
		{
			"from": [7.79022, 8.8624, 8.3444],
			"to": [8.21522, 9.0624, 8.3644],
			"rotation": {"angle": -22.5, "axis": "x", "origin": [8.0099, 8.1124, 8.35876]},
			"faces": {
				"north": {"uv": [1, 7, 7, 1], "texture": "#0"},
				"east": {"uv": [1, 7, 7, 1], "texture": "#0"},
				"south": {"uv": [1, 7, 7, 1], "texture": "#0"},
				"west": {"uv": [1, 7, 7, 1], "texture": "#0"},
				"up": {"uv": [1, 7, 7, 1], "texture": "#0"},
				"down": {"uv": [1, 7, 7, 1], "texture": "#0"}
			}
		},
		{
			"from": [7.78914, 8.68419, 8.2669],
			"to": [8.21414, 8.88419, 8.2869],
			"rotation": {"angle": -22.5, "axis": "x", "origin": [8.00883, 7.93419, 8.27253]},
			"faces": {
				"north": {"uv": [7, 7, 1, 1], "texture": "#0"},
				"east": {"uv": [7, 7, 1, 1], "texture": "#0"},
				"south": {"uv": [7, 7, 1, 1], "texture": "#0"},
				"west": {"uv": [7, 7, 1, 1], "texture": "#0"},
				"up": {"uv": [1, 1, 7, 7], "texture": "#0"},
				"down": {"uv": [1, 1, 7, 7], "texture": "#0"}
			}
		},
		{
			"from": [7.78996, 8.86352, 7.61602],
			"to": [8.21496, 9.06352, 7.63602],
			"rotation": {"angle": 22.5, "axis": "x", "origin": [8.00965, 8.11352, 7.62166]},
			"faces": {
				"north": {"uv": [7, 7, 1, 1], "texture": "#0"},
				"east": {"uv": [7, 7, 1, 1], "texture": "#0"},
				"south": {"uv": [7, 7, 1, 1], "texture": "#0"},
				"west": {"uv": [7, 7, 1, 1], "texture": "#0"},
				"up": {"uv": [1, 1, 7, 7], "texture": "#0"},
				"down": {"uv": [1, 1, 7, 7], "texture": "#0"}
			}
		},
		{
			"from": [7.78996, 8.86352, 7.61602],
			"to": [8.21496, 9.01352, 7.68602],
			"rotation": {"angle": 22.5, "axis": "x", "origin": [8.00965, 8.11352, 7.62166]},
			"faces": {
				"north": {"uv": [7, 7, 1, 1], "texture": "#0"},
				"east": {"uv": [7, 7, 1, 1], "texture": "#0"},
				"south": {"uv": [7, 7, 1, 1], "texture": "#0"},
				"west": {"uv": [7, 7, 1, 1], "texture": "#0"},
				"up": {"uv": [1, 1, 7, 7], "texture": "#0"},
				"down": {"uv": [1, 1, 7, 7], "texture": "#0"}
			}
		},
		{
			"from": [7.79022, 8.8624, 8.2944],
			"to": [8.21522, 9.0124, 8.3644],
			"rotation": {"angle": -22.5, "axis": "x", "origin": [8.0099, 8.1124, 8.35876]},
			"faces": {
				"north": {"uv": [1, 7, 7, 1], "texture": "#0"},
				"east": {"uv": [1, 7, 7, 1], "texture": "#0"},
				"south": {"uv": [1, 7, 7, 1], "texture": "#0"},
				"west": {"uv": [1, 7, 7, 1], "texture": "#0"},
				"up": {"uv": [1, 7, 7, 1], "texture": "#0"},
				"down": {"uv": [1, 7, 7, 1], "texture": "#0"}
			}
		},
		{
			"from": [7.78914, 8.73419, 8.2669],
			"to": [8.21414, 8.88419, 8.3369],
			"rotation": {"angle": -22.5, "axis": "x", "origin": [8.00883, 7.93419, 8.27253]},
			"faces": {
				"north": {"uv": [7, 7, 1, 1], "texture": "#0"},
				"east": {"uv": [7, 7, 1, 1], "texture": "#0"},
				"south": {"uv": [7, 7, 1, 1], "texture": "#0"},
				"west": {"uv": [7, 7, 1, 1], "texture": "#0"},
				"up": {"uv": [1, 1, 7, 7], "texture": "#0"},
				"down": {"uv": [1, 1, 7, 7], "texture": "#0"}
			}
		},
		{
			"from": [7.7894, 8.73307, 7.64352],
			"to": [8.2144, 8.88307, 7.71352],
			"rotation": {"angle": 22.5, "axis": "x", "origin": [8.00908, 7.93307, 7.70789]},
			"faces": {
				"north": {"uv": [1, 7, 7, 1], "texture": "#0"},
				"east": {"uv": [1, 7, 7, 1], "texture": "#0"},
				"south": {"uv": [1, 7, 7, 1], "texture": "#0"},
				"west": {"uv": [1, 7, 7, 1], "texture": "#0"},
				"up": {"uv": [1, 7, 7, 1], "texture": "#0"},
				"down": {"uv": [1, 7, 7, 1], "texture": "#0"}
			}
		},
		{
			"name": "hexadecagon",
			"from": [7.92044, 5.8, 7.6],
			"to": [8.07956, 6.2, 8.4],
			"rotation": {"angle": -45, "axis": "y", "origin": [8, 6, 8]},
			"faces": {
				"north": {"uv": [0, 0, 1, 1], "texture": "#0"},
				"east": {"uv": [0, 0, 1, 1], "texture": "#0"},
				"south": {"uv": [0, 0, 1, 1], "texture": "#0"},
				"west": {"uv": [1.999, 0.999, 2.999, 1.999], "texture": "#0"},
				"up": {"uv": [0, 0, 1, 1], "texture": "#0"},
				"down": {"uv": [0, 0, 1, 1], "texture": "#0"}
			}
		},
		{
			"name": "hexadecagon",
			"from": [7.92044, 5.8, 7.6],
			"to": [8.07956, 6.2, 8.4],
			"rotation": {"angle": -22.5, "axis": "y", "origin": [8, 6, 8]},
			"faces": {
				"north": {"uv": [0, 0, 1, 1], "texture": "#0"},
				"east": {"uv": [0, 0, 1, 1], "texture": "#0"},
				"south": {"uv": [0, 0, 1, 1], "texture": "#0"},
				"west": {"uv": [1.999, 0.999, 2.999, 1.999], "texture": "#0"},
				"up": {"uv": [0, 0, 1, 1], "texture": "#0"},
				"down": {"uv": [0, 0, 1, 1], "texture": "#0"}
			}
		},
		{
			"name": "hexadecagon",
			"from": [7.92044, 5.8, 7.6],
			"to": [8.07956, 6.2, 8.4],
			"faces": {
				"north": {"uv": [0, 0, 1, 1], "texture": "#0"},
				"east": {"uv": [0, 0, 1, 1], "texture": "#0"},
				"south": {"uv": [0, 0, 1, 1], "texture": "#0"},
				"west": {"uv": [1.999, 0.999, 2.999, 1.999], "texture": "#0"},
				"up": {"uv": [0, 0, 1, 1], "texture": "#0"},
				"down": {"uv": [0, 0, 1, 1], "texture": "#0"}
			}
		},
		{
			"name": "hexadecagon",
			"from": [7.92044, 5.8, 7.6],
			"to": [8.07956, 6.2, 8.4],
			"rotation": {"angle": 22.5, "axis": "y", "origin": [8, 6, 8]},
			"faces": {
				"north": {"uv": [0, 0, 1, 1], "texture": "#0"},
				"east": {"uv": [0, 0, 1, 1], "texture": "#0"},
				"south": {"uv": [0, 0, 1, 1], "texture": "#0"},
				"west": {"uv": [1.999, 0.999, 2.999, 1.999], "texture": "#0"},
				"up": {"uv": [0, 0, 1, 1], "texture": "#0"},
				"down": {"uv": [0, 0, 1, 1], "texture": "#0"}
			}
		},
		{
			"name": "hexadecagon",
			"from": [7.92044, 5.8, 7.6],
			"to": [8.07956, 6.2, 8.4],
			"rotation": {"angle": 45, "axis": "y", "origin": [8, 6, 8]},
			"faces": {
				"north": {"uv": [0, 0, 1, 1], "texture": "#0"},
				"east": {"uv": [0, 0, 1, 1], "texture": "#0"},
				"south": {"uv": [0, 0, 1, 1], "texture": "#0"},
				"west": {"uv": [1.999, 0.999, 2.999, 1.999], "texture": "#0"},
				"up": {"uv": [0, 0, 1, 1], "texture": "#0"},
				"down": {"uv": [0, 0, 1, 1], "texture": "#0"}
			}
		},
		{
			"name": "hexadecagon",
			"from": [7.6, 5.8, 7.92044],
			"to": [8.4, 6.2, 8.07956],
			"rotation": {"angle": -22.5, "axis": "y", "origin": [8, 6, 8]},
			"faces": {
				"north": {"uv": [0, 0, 1, 1], "texture": "#0"},
				"east": {"uv": [0, 0, 1, 1], "texture": "#0"},
				"south": {"uv": [0, 0, 1, 1], "texture": "#0"},
				"west": {"uv": [1.999, 0.999, 2.999, 1.999], "texture": "#0"},
				"up": {"uv": [0, 0, 1, 1], "texture": "#0"},
				"down": {"uv": [0, 0, 1, 1], "texture": "#0"}
			}
		},
		{
			"name": "hexadecagon",
			"from": [7.6, 5.8, 7.92044],
			"to": [8.4, 6.2, 8.07956],
			"faces": {
				"north": {"uv": [0, 0, 1, 1], "texture": "#0"},
				"east": {"uv": [0, 0, 1, 1], "texture": "#0"},
				"south": {"uv": [0, 0, 1, 1], "texture": "#0"},
				"west": {"uv": [1.999, 0.999, 2.999, 1.999], "texture": "#0"},
				"up": {"uv": [0, 0, 1, 1], "texture": "#0"},
				"down": {"uv": [0, 0, 1, 1], "texture": "#0"}
			}
		},
		{
			"name": "hexadecagon",
			"from": [7.6, 5.8, 7.92044],
			"to": [8.4, 6.2, 8.07956],
			"rotation": {"angle": 22.5, "axis": "y", "origin": [8, 6, 8]},
			"faces": {
				"north": {"uv": [0, 0, 1, 1], "texture": "#0"},
				"east": {"uv": [0, 0, 1, 1], "texture": "#0"},
				"south": {"uv": [0, 0, 1, 1], "texture": "#0"},
				"west": {"uv": [1.999, 0.999, 2.999, 1.999], "texture": "#0"},
				"up": {"uv": [0, 0, 1, 1], "texture": "#0"},
				"down": {"uv": [0, 0, 1, 1], "texture": "#0"}
			}
		},
		{
			"name": "hexadecagon",
			"from": [7.64, 5.64, 7.92839],
			"to": [8.36, 5.87, 8.07161],
			"rotation": {"angle": 22.5, "axis": "y", "origin": [8, 6.22, 8]},
			"faces": {
				"north": {"uv": [0, 0, 1, 1], "texture": "#0"},
				"east": {"uv": [0, 0, 1, 1], "texture": "#0"},
				"south": {"uv": [0, 0, 1, 1], "texture": "#0"},
				"west": {"uv": [1.999, 0.999, 2.999, 1.999], "texture": "#0"},
				"up": {"uv": [0, 0, 1, 1], "texture": "#0"},
				"down": {"uv": [0, 0, 1, 1], "texture": "#0"}
			}
		},
		{
			"name": "hexadecagon",
			"from": [7.64, 5.64, 7.92839],
			"to": [8.36, 5.87, 8.07161],
			"faces": {
				"north": {"uv": [0, 0, 1, 1], "texture": "#0"},
				"east": {"uv": [0, 0, 1, 1], "texture": "#0"},
				"south": {"uv": [0, 0, 1, 1], "texture": "#0"},
				"west": {"uv": [1.999, 0.999, 2.999, 1.999], "texture": "#0"},
				"up": {"uv": [0, 0, 1, 1], "texture": "#0"},
				"down": {"uv": [0, 0, 1, 1], "texture": "#0"}
			}
		},
		{
			"name": "hexadecagon",
			"from": [7.64, 5.64, 7.92839],
			"to": [8.36, 5.87, 8.07161],
			"rotation": {"angle": -22.5, "axis": "y", "origin": [8, 6.22, 8]},
			"faces": {
				"north": {"uv": [0, 0, 1, 1], "texture": "#0"},
				"east": {"uv": [0, 0, 1, 1], "texture": "#0"},
				"south": {"uv": [0, 0, 1, 1], "texture": "#0"},
				"west": {"uv": [1.999, 0.999, 2.999, 1.999], "texture": "#0"},
				"up": {"uv": [0, 0, 1, 1], "texture": "#0"},
				"down": {"uv": [0, 0, 1, 1], "texture": "#0"}
			}
		},
		{
			"name": "hexadecagon",
			"from": [7.92839, 5.64, 7.64],
			"to": [8.07161, 5.87, 8.36],
			"rotation": {"angle": 45, "axis": "y", "origin": [8, 6.22, 8]},
			"faces": {
				"north": {"uv": [0, 0, 1, 1], "texture": "#0"},
				"east": {"uv": [0, 0, 1, 1], "texture": "#0"},
				"south": {"uv": [0, 0, 1, 1], "texture": "#0"},
				"west": {"uv": [1.999, 0.999, 2.999, 1.999], "texture": "#0"},
				"up": {"uv": [0, 0, 1, 1], "texture": "#0"},
				"down": {"uv": [0, 0, 1, 1], "texture": "#0"}
			}
		},
		{
			"name": "hexadecagon",
			"from": [7.92839, 5.64, 7.64],
			"to": [8.07161, 5.87, 8.36],
			"rotation": {"angle": 22.5, "axis": "y", "origin": [8, 6.22, 8]},
			"faces": {
				"north": {"uv": [0, 0, 1, 1], "texture": "#0"},
				"east": {"uv": [0, 0, 1, 1], "texture": "#0"},
				"south": {"uv": [0, 0, 1, 1], "texture": "#0"},
				"west": {"uv": [1.999, 0.999, 2.999, 1.999], "texture": "#0"},
				"up": {"uv": [0, 0, 1, 1], "texture": "#0"},
				"down": {"uv": [0, 0, 1, 1], "texture": "#0"}
			}
		},
		{
			"name": "hexadecagon",
			"from": [7.92839, 5.64, 7.64],
			"to": [8.07161, 5.87, 8.36],
			"faces": {
				"north": {"uv": [0, 0, 1, 1], "texture": "#0"},
				"east": {"uv": [0, 0, 1, 1], "texture": "#0"},
				"south": {"uv": [0, 0, 1, 1], "texture": "#0"},
				"west": {"uv": [1.999, 0.999, 2.999, 1.999], "texture": "#0"},
				"up": {"uv": [0, 0, 1, 1], "texture": "#0"},
				"down": {"uv": [0, 0, 1, 1], "texture": "#0"}
			}
		},
		{
			"name": "hexadecagon",
			"from": [7.92839, 5.64, 7.64],
			"to": [8.07161, 5.87, 8.36],
			"rotation": {"angle": -22.5, "axis": "y", "origin": [8, 6.22, 8]},
			"faces": {
				"north": {"uv": [0, 0, 1, 1], "texture": "#0"},
				"east": {"uv": [0, 0, 1, 1], "texture": "#0"},
				"south": {"uv": [0, 0, 1, 1], "texture": "#0"},
				"west": {"uv": [1.999, 0.999, 2.999, 1.999], "texture": "#0"},
				"up": {"uv": [0, 0, 1, 1], "texture": "#0"},
				"down": {"uv": [0, 0, 1, 1], "texture": "#0"}
			}
		},
		{
			"name": "hexadecagon",
			"from": [7.92839, 5.64, 7.64],
			"to": [8.07161, 5.87, 8.36],
			"rotation": {"angle": -45, "axis": "y", "origin": [8, 6.22, 8]},
			"faces": {
				"north": {"uv": [0, 0, 1, 1], "texture": "#0"},
				"east": {"uv": [0, 0, 1, 1], "texture": "#0"},
				"south": {"uv": [0, 0, 1, 1], "texture": "#0"},
				"west": {"uv": [1.999, 0.999, 2.999, 1.999], "texture": "#0"},
				"up": {"uv": [0, 0, 1, 1], "texture": "#0"},
				"down": {"uv": [0, 0, 1, 1], "texture": "#0"}
			}
		},
		{
			"name": "hexadecagon",
			"from": [7.93985, 0.8376, 7.6976],
			"to": [8.06015, 5.8308, 8.3024],
			"rotation": {"angle": -45, "axis": "y", "origin": [8, 5.2248, 8]},
			"faces": {
				"north": {"uv": [3.998, 13.999, 4.998, 14.999], "texture": "#0"},
				"east": {"uv": [3.998, 13.999, 4.998, 14.999], "texture": "#0"},
				"south": {"uv": [3.998, 13.999, 4.998, 14.999], "texture": "#0"},
				"west": {"uv": [3.998, 13.999, 4.998, 14.999], "texture": "#0"},
				"up": {"uv": [3.998, 13.999, 4.998, 14.999], "texture": "#0"},
				"down": {"uv": [3.998, 13.999, 4.998, 14.999], "texture": "#0"}
			}
		},
		{
			"name": "hexadecagon",
			"from": [7.93985, 0.8376, 7.6976],
			"to": [8.06015, 5.8308, 8.3024],
			"rotation": {"angle": -22.5, "axis": "y", "origin": [8, 5.2248, 8]},
			"faces": {
				"north": {"uv": [3.998, 13.999, 4.998, 14.999], "texture": "#0"},
				"east": {"uv": [3.998, 13.999, 4.998, 14.999], "texture": "#0"},
				"south": {"uv": [3.998, 13.999, 4.998, 14.999], "texture": "#0"},
				"west": {"uv": [3.998, 13.999, 4.998, 14.999], "texture": "#0"},
				"up": {"uv": [3.998, 13.999, 4.998, 14.999], "texture": "#0"},
				"down": {"uv": [3.998, 13.999, 4.998, 14.999], "texture": "#0"}
			}
		},
		{
			"name": "hexadecagon",
			"from": [7.93985, 0.8376, 7.6976],
			"to": [8.06015, 5.8308, 8.3024],
			"faces": {
				"north": {"uv": [3.998, 13.999, 4.998, 14.999], "texture": "#0"},
				"east": {"uv": [3.998, 13.999, 4.998, 14.999], "texture": "#0"},
				"south": {"uv": [3.998, 13.999, 4.998, 14.999], "texture": "#0"},
				"west": {"uv": [3.998, 13.999, 4.998, 14.999], "texture": "#0"},
				"up": {"uv": [3.998, 13.999, 4.998, 14.999], "texture": "#0"},
				"down": {"uv": [3.998, 13.999, 4.998, 14.999], "texture": "#0"}
			}
		},
		{
			"name": "hexadecagon",
			"from": [7.93985, 0.8376, 7.6976],
			"to": [8.06015, 5.8308, 8.3024],
			"rotation": {"angle": 22.5, "axis": "y", "origin": [8, 5.2248, 8]},
			"faces": {
				"north": {"uv": [3.998, 13.999, 4.998, 14.999], "texture": "#0"},
				"east": {"uv": [3.998, 13.999, 4.998, 14.999], "texture": "#0"},
				"south": {"uv": [3.998, 13.999, 4.998, 14.999], "texture": "#0"},
				"west": {"uv": [3.998, 13.999, 4.998, 14.999], "texture": "#0"},
				"up": {"uv": [3.998, 13.999, 4.998, 14.999], "texture": "#0"},
				"down": {"uv": [3.998, 13.999, 4.998, 14.999], "texture": "#0"}
			}
		},
		{
			"name": "hexadecagon",
			"from": [7.93985, 0.8376, 7.6976],
			"to": [8.06015, 5.8308, 8.3024],
			"rotation": {"angle": 45, "axis": "y", "origin": [8, 5.2248, 8]},
			"faces": {
				"north": {"uv": [3.998, 13.999, 4.998, 14.999], "texture": "#0"},
				"east": {"uv": [3.998, 13.999, 4.998, 14.999], "texture": "#0"},
				"south": {"uv": [3.998, 13.999, 4.998, 14.999], "texture": "#0"},
				"west": {"uv": [3.998, 13.999, 4.998, 14.999], "texture": "#0"},
				"up": {"uv": [3.998, 13.999, 4.998, 14.999], "texture": "#0"},
				"down": {"uv": [3.998, 13.999, 4.998, 14.999], "texture": "#0"}
			}
		},
		{
			"name": "hexadecagon",
			"from": [7.6976, 0.8376, 7.93985],
			"to": [8.3024, 5.8308, 8.06015],
			"rotation": {"angle": -22.5, "axis": "y", "origin": [8, 5.2248, 8]},
			"faces": {
				"north": {"uv": [3.998, 13.999, 4.998, 14.999], "texture": "#0"},
				"east": {"uv": [3.998, 13.999, 4.998, 14.999], "texture": "#0"},
				"south": {"uv": [3.998, 13.999, 4.998, 14.999], "texture": "#0"},
				"west": {"uv": [3.998, 13.999, 4.998, 14.999], "texture": "#0"},
				"up": {"uv": [3.998, 13.999, 4.998, 14.999], "texture": "#0"},
				"down": {"uv": [3.998, 13.999, 4.998, 14.999], "texture": "#0"}
			}
		},
		{
			"name": "hexadecagon",
			"from": [7.6976, 0.8376, 7.93985],
			"to": [8.3024, 5.8308, 8.06015],
			"faces": {
				"north": {"uv": [3.998, 13.999, 4.998, 14.999], "texture": "#0"},
				"east": {"uv": [3.998, 13.999, 4.998, 14.999], "texture": "#0"},
				"south": {"uv": [3.998, 13.999, 4.998, 14.999], "texture": "#0"},
				"west": {"uv": [3.998, 13.999, 4.998, 14.999], "texture": "#0"},
				"up": {"uv": [3.998, 13.999, 4.998, 14.999], "texture": "#0"},
				"down": {"uv": [3.998, 13.999, 4.998, 14.999], "texture": "#0"}
			}
		},
		{
			"name": "hexadecagon",
			"from": [7.6976, 0.8376, 7.93985],
			"to": [8.3024, 5.8308, 8.06015],
			"rotation": {"angle": 22.5, "axis": "y", "origin": [8, 5.2248, 8]},
			"faces": {
				"north": {"uv": [0, 0, 1, 1], "texture": "#0"},
				"east": {"uv": [4, 11.999, 6, 12.999], "texture": "#0"},
				"south": {"uv": [0, 0, 1, 1], "texture": "#0"},
				"west": {"uv": [4.998, 9.999, 5.998, 11.999], "texture": "#0"},
				"up": {"uv": [0, 0, 1, 1], "texture": "#0"},
				"down": {"uv": [0, 0, 1, 1], "texture": "#0"}
			}
		},
		{
			"name": "hexadecagon",
			"from": [7.64, 0.74, 7.92839],
			"to": [8.36, 1.67, 8.07161],
			"rotation": {"angle": 22.5, "axis": "y", "origin": [8, 6.22, 8]},
			"faces": {
				"north": {"uv": [0, 0, 1, 1], "texture": "#0"},
				"east": {"uv": [0, 0, 1, 1], "texture": "#0"},
				"south": {"uv": [0, 0, 1, 1], "texture": "#0"},
				"west": {"uv": [1.999, 0.999, 2.999, 1.999], "texture": "#0"},
				"up": {"uv": [0, 0, 1, 1], "texture": "#0"},
				"down": {"uv": [0, 0, 1, 1], "texture": "#0"}
			}
		},
		{
			"name": "hexadecagon",
			"from": [7.92839, 0.74, 7.64],
			"to": [8.07161, 1.67, 8.36],
			"rotation": {"angle": -22.5, "axis": "y", "origin": [8, 6.22, 8]},
			"faces": {
				"north": {"uv": [0, 0, 1, 1], "texture": "#0"},
				"east": {"uv": [0, 0, 1, 1], "texture": "#0"},
				"south": {"uv": [0, 0, 1, 1], "texture": "#0"},
				"west": {"uv": [1.999, 0.999, 2.999, 1.999], "texture": "#0"},
				"up": {"uv": [0, 0, 1, 1], "texture": "#0"},
				"down": {"uv": [0, 0, 1, 1], "texture": "#0"}
			}
		},
		{
			"name": "hexadecagon",
			"from": [7.92839, 0.74, 7.64],
			"to": [8.07161, 1.67, 8.36],
			"faces": {
				"north": {"uv": [0, 0, 1, 1], "texture": "#0"},
				"east": {"uv": [0, 0, 1, 1], "texture": "#0"},
				"south": {"uv": [0, 0, 1, 1], "texture": "#0"},
				"west": {"uv": [1.999, 0.999, 2.999, 1.999], "texture": "#0"},
				"up": {"uv": [0, 0, 1, 1], "texture": "#0"},
				"down": {"uv": [0, 0, 1, 1], "texture": "#0"}
			}
		},
		{
			"name": "hexadecagon",
			"from": [7.92839, 0.74, 7.64],
			"to": [8.07161, 1.67, 8.36],
			"rotation": {"angle": 22.5, "axis": "y", "origin": [8, 6.22, 8]},
			"faces": {
				"north": {"uv": [0, 0, 1, 1], "texture": "#0"},
				"east": {"uv": [0, 0, 1, 1], "texture": "#0"},
				"south": {"uv": [0, 0, 1, 1], "texture": "#0"},
				"west": {"uv": [1.999, 0.999, 2.999, 1.999], "texture": "#0"},
				"up": {"uv": [0, 0, 1, 1], "texture": "#0"},
				"down": {"uv": [0, 0, 1, 1], "texture": "#0"}
			}
		},
		{
			"name": "hexadecagon",
			"from": [7.92839, 0.74, 7.64],
			"to": [8.07161, 1.67, 8.36],
			"rotation": {"angle": 45, "axis": "y", "origin": [8, 6.22, 8]},
			"faces": {
				"north": {"uv": [0, 0, 1, 1], "texture": "#0"},
				"east": {"uv": [0, 0, 1, 1], "texture": "#0"},
				"south": {"uv": [0, 0, 1, 1], "texture": "#0"},
				"west": {"uv": [1.999, 0.999, 2.999, 1.999], "texture": "#0"},
				"up": {"uv": [0, 0, 1, 1], "texture": "#0"},
				"down": {"uv": [0, 0, 1, 1], "texture": "#0"}
			}
		},
		{
			"name": "hexadecagon",
			"from": [7.64, 0.74, 7.92839],
			"to": [8.36, 1.67, 8.07161],
			"rotation": {"angle": -22.5, "axis": "y", "origin": [8, 6.22, 8]},
			"faces": {
				"north": {"uv": [0, 0, 1, 1], "texture": "#0"},
				"east": {"uv": [0, 0, 1, 1], "texture": "#0"},
				"south": {"uv": [0, 0, 1, 1], "texture": "#0"},
				"west": {"uv": [1.999, 0.999, 2.999, 1.999], "texture": "#0"},
				"up": {"uv": [0, 0, 1, 1], "texture": "#0"},
				"down": {"uv": [0, 0, 1, 1], "texture": "#0"}
			}
		},
		{
			"name": "hexadecagon",
			"from": [7.64, 0.74, 7.92839],
			"to": [8.36, 1.67, 8.07161],
			"faces": {
				"north": {"uv": [0, 0, 1, 1], "texture": "#0"},
				"east": {"uv": [0, 0, 1, 1], "texture": "#0"},
				"south": {"uv": [0, 0, 1, 1], "texture": "#0"},
				"west": {"uv": [1.999, 0.999, 2.999, 1.999], "texture": "#0"},
				"up": {"uv": [0, 0, 1, 1], "texture": "#0"},
				"down": {"uv": [0, 0, 1, 1], "texture": "#0"}
			}
		},
		{
			"name": "hexadecagon",
			"from": [7.92839, 0.74, 7.64],
			"to": [8.07161, 1.67, 8.36],
			"rotation": {"angle": -45, "axis": "y", "origin": [8, 6.22, 8]},
			"faces": {
				"north": {"uv": [0, 0, 1, 1], "texture": "#0"},
				"east": {"uv": [0, 0, 1, 1], "texture": "#0"},
				"south": {"uv": [0, 0, 1, 1], "texture": "#0"},
				"west": {"uv": [1.999, 0.999, 2.999, 1.999], "texture": "#0"},
				"up": {"uv": [0, 0, 1, 1], "texture": "#0"},
				"down": {"uv": [0, 0, 1, 1], "texture": "#0"}
			}
		}
	],
	"display": {
		"thirdperson_righthand": {
			"translation": [0, 4.25, 1.05],
			"scale": [1.6, 1.6, 1.6]
		},
		"thirdperson_lefthand": {
			"rotation": [-5, 0, 0],
			"translation": [0, 6.5, -0.2],
			"scale": [1.6, 1.6, 1.6]
		},
		"firstperson_righthand": {
			"rotation": [13, 0, 0],
			"translation": [0.5, 6, 1.5],
			"scale": [1.6, 1.6, 1.6]
		},
		"firstperson_lefthand": {
			"rotation": [12.5, 0, 0],
			"translation": [0.5, 6, 1.5],
			"scale": [1.6, 1.6, 1.6]
		},
		"ground": {
			"translation": [0, 4.75, 0]
		},
		"gui": {
			"rotation": [-90, 135, 90],
			"translation": [-2, -2, 0]
		},
		"head": {
			"rotation": [119, 0, 0],
			"translation": [-6.5, -24.5, -2.5],
			"scale": [1.7, 1.7, 1.7]
		},
		"fixed": {
			"rotation": [-90, 136, 90],
			"translation": [-2.5, -2, -0.5],
			"scale": [1.2, 1.2, 1.2]
		}
	},
	"groups": [0, 1, 2, 3, 4, 5, 6, 7, 8, 9, 10, 11, 12, 13, 14, 15, 16, 17, 18, 19, 20, 21, 22, 23, 24, 25, 26, 27, 28, 29, 30, 31, 32, 33, 34, 35, 36, 37, 38, 39, 40, 41, 42, 43, 44, 45, 46, 47, 48, 49, 50, 51, 52, 53,
		{
			"name": "group",
			"children": [54, 55, 56, 57, 58, 59, 60, 61, 62, 63, 64, 65, 66, 67, 68, 69, 70, 71, 72]
		}, 73, 74, 75, 76, 77, 78, 79, 80, 81, 82, 83, 84, 85, 86, 87, 88, 89, 90, 91, 92, 93, 94, 95, 96, 97, 98, 99, 100, 101, 102, 103, 104, 105, 106, 107, 108, 109,
		{
			"name": "hexadecagon",
			"children": [110, 111, 112, 113, 114, 115, 116, 117, 118, 119, 120, 121, 122, 123, 124, 125, 126, 127, 128, 129, 130, 131, 132, 133, 134, 135, 136, 137, 138, 139, 140, 141]
		}
	]
}