{
	"credit": "Made with Blockbench",
	"textures": {
		"1": "custom/nothingness1/gray3",
		"2": "custom/nothingness1/gray5",
		"3": "custom/nothingness1/ak",
		"particle": "custom/nothingness1/ak"
	},
	"elements": [
		{
			"from": [7.3, 0.2, 0.8],
			"to": [8.7, 1.3, 15.5],
			"faces": {
				"north": {"uv": [0, 0, 1.4, 1.1], "texture": "#1"},
				"east": {"uv": [0, 0, 14.7, 1.1], "texture": "#1"},
				"south": {"uv": [0, 0, 1.4, 1.1], "texture": "#1"},
				"west": {"uv": [0, 0, 14.7, 1.1], "texture": "#1"},
				"up": {"uv": [0, 0, 1.4, 14.7], "texture": "#1"},
				"down": {"uv": [0, 0, 1.4, 14.7], "texture": "#1"}
			}
		},
		{
			"from": [7.4, 0.3, 5],
			"to": [8.6, 1.5, 15.8],
			"faces": {
				"north": {"uv": [0, 0, 1.2, 1.2], "texture": "#2"},
				"east": {"uv": [0, 0, 10.8, 1.2], "texture": "#2"},
				"south": {"uv": [0, 0, 1.2, 1.2], "texture": "#2"},
				"west": {"uv": [0, 0, 10.8, 1.2], "texture": "#2"},
				"up": {"uv": [0, 0, 1.2, 10.8], "texture": "#2"},
				"down": {"uv": [0, 0, 1.2, 10.8], "texture": "#2"}
			}
		},
		{
			"from": [7.4, -0.77279, 15.21299],
			"to": [8.6, -0.27279, 15.91299],
			"rotation": {"angle": -45, "axis": "x", "origin": [8, 0.22721, 13.11299]},
			"faces": {
				"north": {"uv": [0, 0, 1.2, 0.5], "texture": "#2"},
				"east": {"uv": [0, 0, 0.7, 0.5], "texture": "#2"},
				"south": {"uv": [0, 0, 1.2, 0.5], "texture": "#2"},
				"west": {"uv": [0, 0, 0.7, 0.5], "texture": "#2"},
				"up": {"uv": [0, 0, 1.2, 0.7], "texture": "#2"},
				"down": {"uv": [0, 0, 1.2, 0.7], "texture": "#2"}
			}
		},
		{
			"from": [7.4, 0.35355, 6.54645],
			"to": [8.6, 1.85355, 15.44645],
			"faces": {
				"north": {"uv": [0, 0, 1.2, 1.5], "texture": "#2"},
				"east": {"uv": [0, 0, 8.9, 1.5], "texture": "#2"},
				"south": {"uv": [0, 0, 1.2, 1.5], "texture": "#2"},
				"west": {"uv": [0, 0, 8.9, 1.5], "texture": "#2"},
				"up": {"uv": [0, 0, 1.2, 8.9], "texture": "#2"},
				"down": {"uv": [0, 0, 1.2, 8.9], "texture": "#2"}
			}
		},
		{
			"from": [7.4, -0.97279, 13.51299],
			"to": [8.6, 0.02721, 14.21299],
			"rotation": {"angle": -45, "axis": "x", "origin": [8, 0.52721, 11.41299]},
			"faces": {
				"north": {"uv": [0, 0, 1.2, 1], "texture": "#2"},
				"east": {"uv": [0, 0, 0.7, 1], "texture": "#2"},
				"south": {"uv": [0, 0, 1.2, 1], "texture": "#2"},
				"west": {"uv": [0, 0, 0.7, 1], "texture": "#2"},
				"up": {"uv": [0, 0, 1.2, 0.7], "texture": "#2"},
				"down": {"uv": [0, 0, 1.2, 0.7], "texture": "#2"}
			}
		},
		{
			"from": [7.4, 0.65355, 5.74645],
			"to": [8.6, 2.15355, 13.74645],
			"faces": {
				"north": {"uv": [0, 0, 1.2, 1.5], "texture": "#2"},
				"east": {"uv": [0, 0, 8, 1.5], "texture": "#2"},
				"south": {"uv": [0, 0, 1.2, 1.5], "texture": "#2"},
				"west": {"uv": [0, 0, 8, 1.5], "texture": "#2"},
				"up": {"uv": [0, 0, 1.2, 8], "texture": "#2"},
				"down": {"uv": [0, 0, 1.2, 8], "texture": "#2"}
			}
		},
		{
			"from": [7.4, 0.65355, 6.04645],
			"to": [8.6, 2.35355, 9.64645],
			"faces": {
				"north": {"uv": [0, 0, 1.2, 1.7], "texture": "#2"},
				"east": {"uv": [0, 0, 3.6, 1.7], "texture": "#2"},
				"south": {"uv": [0, 0, 1.2, 1.7], "texture": "#2"},
				"west": {"uv": [0, 0, 3.6, 1.7], "texture": "#2"},
				"up": {"uv": [0, 0, 1.2, 3.6], "texture": "#2"},
				"down": {"uv": [0, 0, 1.2, 3.6], "texture": "#2"}
			}
		},
		{
			"from": [8.5, 0.65355, 6.04645],
			"to": [8.6, 2.55355, 10.14645],
			"faces": {
				"north": {"uv": [0, 0, 0.1, 1.9], "texture": "#2"},
				"east": {"uv": [0, 0, 4.1, 1.9], "texture": "#2"},
				"south": {"uv": [0, 0, 0.1, 1.9], "texture": "#2"},
				"west": {"uv": [0, 0, 4.1, 1.9], "texture": "#2"},
				"up": {"uv": [0, 0, 0.1, 4.1], "texture": "#2"},
				"down": {"uv": [0, 0, 0.1, 4.1], "texture": "#2"}
			}
		},
		{
			"from": [7.4, 0.65355, 6.04645],
			"to": [7.5, 2.55355, 10.14645],
			"faces": {
				"north": {"uv": [0, 0, 0.1, 1.9], "texture": "#2"},
				"east": {"uv": [0, 0, 4.1, 1.9], "texture": "#2"},
				"south": {"uv": [0, 0, 0.1, 1.9], "texture": "#2"},
				"west": {"uv": [0, 0, 4.1, 1.9], "texture": "#2"},
				"up": {"uv": [0, 0, 0.1, 4.1], "texture": "#2"},
				"down": {"uv": [0, 0, 0.1, 4.1], "texture": "#2"}
			}
		},
		{
			"from": [8.5, 0.65355, 7.04645],
			"to": [8.6, 2.65355, 10.14645],
			"faces": {
				"north": {"uv": [0, 0, 0.1, 2], "texture": "#2"},
				"east": {"uv": [0, 0, 3.1, 2], "texture": "#2"},
				"south": {"uv": [0, 0, 0.1, 2], "texture": "#2"},
				"west": {"uv": [0, 0, 3.1, 2], "texture": "#2"},
				"up": {"uv": [0, 0, 0.1, 3.1], "texture": "#2"},
				"down": {"uv": [0, 0, 0.1, 3.1], "texture": "#2"}
			}
		},
		{
			"from": [7.4, 0.65355, 7.04645],
			"to": [7.5, 2.65355, 10.14645],
			"faces": {
				"north": {"uv": [0, 0, 0.1, 2], "texture": "#2"},
				"east": {"uv": [0, 0, 3.1, 2], "texture": "#2"},
				"south": {"uv": [0, 0, 0.1, 2], "texture": "#2"},
				"west": {"uv": [0, 0, 3.1, 2], "texture": "#2"},
				"up": {"uv": [0, 0, 0.1, 3.1], "texture": "#2"},
				"down": {"uv": [0, 0, 0.1, 3.1], "texture": "#2"}
			}
		},
		{
			"from": [8.5, 0.65355, 8.04645],
			"to": [8.6, 2.75355, 10.14645],
			"faces": {
				"north": {"uv": [0, 0, 0.1, 2.1], "texture": "#2"},
				"east": {"uv": [0, 0, 2.1, 2.1], "texture": "#2"},
				"south": {"uv": [0, 0, 0.1, 2.1], "texture": "#2"},
				"west": {"uv": [0, 0, 2.1, 2.1], "texture": "#2"},
				"up": {"uv": [0, 0, 0.1, 2.1], "texture": "#2"},
				"down": {"uv": [0, 0, 0.1, 2.1], "texture": "#2"}
			}
		},
		{
			"from": [7.4, 0.65355, 8.04645],
			"to": [7.5, 2.75355, 10.14645],
			"faces": {
				"north": {"uv": [0, 0, 0.1, 2.1], "texture": "#2"},
				"east": {"uv": [0, 0, 2.1, 2.1], "texture": "#2"},
				"south": {"uv": [0, 0, 0.1, 2.1], "texture": "#2"},
				"west": {"uv": [0, 0, 2.1, 2.1], "texture": "#2"},
				"up": {"uv": [0, 0, 0.1, 2.1], "texture": "#2"},
				"down": {"uv": [0, 0, 0.1, 2.1], "texture": "#2"}
			}
		},
		{
			"from": [8.5, 0.65355, 9.04645],
			"to": [8.6, 2.85355, 10.14645],
			"faces": {
				"north": {"uv": [0, 0, 0.1, 2.2], "texture": "#2"},
				"east": {"uv": [0, 0, 1.1, 2.2], "texture": "#2"},
				"south": {"uv": [0, 0, 0.1, 2.2], "texture": "#2"},
				"west": {"uv": [0, 0, 1.1, 2.2], "texture": "#2"},
				"up": {"uv": [0, 0, 0.1, 1.1], "texture": "#2"},
				"down": {"uv": [0, 0, 0.1, 1.1], "texture": "#2"}
			}
		},
		{
			"from": [7.4, 0.65355, 9.04645],
			"to": [7.5, 2.85355, 10.14645],
			"faces": {
				"north": {"uv": [0, 0, 0.1, 2.2], "texture": "#2"},
				"east": {"uv": [0, 0, 1.1, 2.2], "texture": "#2"},
				"south": {"uv": [0, 0, 0.1, 2.2], "texture": "#2"},
				"west": {"uv": [0, 0, 1.1, 2.2], "texture": "#2"},
				"up": {"uv": [0, 0, 0.1, 1.1], "texture": "#2"},
				"down": {"uv": [0, 0, 0.1, 1.1], "texture": "#2"}
			}
		},
		{
			"from": [7.6, 2.02778, 3.74419],
			"to": [8.4, 2.22778, 6.14419],
			"faces": {
				"north": {"uv": [0, 0, 0.8, 0.2], "texture": "#2"},
				"east": {"uv": [0, 0, 2.4, 0.2], "texture": "#2"},
				"south": {"uv": [0, 0, 0.8, 0.2], "texture": "#2"},
				"west": {"uv": [0, 0, 2.4, 0.2], "texture": "#2"},
				"up": {"uv": [0, 0, 0.8, 2.4], "texture": "#2"},
				"down": {"uv": [0, 0, 0.8, 2.4], "texture": "#2"}
			}
		},
		{
			"from": [7.4, 0.65355, 6.34645],
			"to": [8.6, 2.45355, 10.14645],
			"faces": {
				"north": {"uv": [0, 0, 1.2, 1.8], "texture": "#2"},
				"east": {"uv": [0, 0, 3.8, 1.8], "texture": "#2"},
				"south": {"uv": [0, 0, 1.2, 1.8], "texture": "#2"},
				"west": {"uv": [0, 0, 3.8, 1.8], "texture": "#2"},
				"up": {"uv": [0, 0, 1.2, 3.8], "texture": "#2"},
				"down": {"uv": [0, 0, 1.2, 3.8], "texture": "#2"}
			}
		},
		{
			"from": [7.4, 0.65355, 7.34645],
			"to": [8.6, 2.55355, 10.14645],
			"faces": {
				"north": {"uv": [0, 0, 1.2, 1.9], "texture": "#2"},
				"east": {"uv": [0, 0, 2.8, 1.9], "texture": "#2"},
				"south": {"uv": [0, 0, 1.2, 1.9], "texture": "#2"},
				"west": {"uv": [0, 0, 2.8, 1.9], "texture": "#2"},
				"up": {"uv": [0, 0, 1.2, 2.8], "texture": "#2"},
				"down": {"uv": [0, 0, 1.2, 2.8], "texture": "#2"}
			}
		},
		{
			"from": [7.4, 0.65355, 7.94645],
			"to": [8.6, 2.65355, 10.14645],
			"faces": {
				"north": {"uv": [0, 0, 1.2, 2], "texture": "#2"},
				"east": {"uv": [0, 0, 2.2, 2], "texture": "#2"},
				"south": {"uv": [0, 0, 1.2, 2], "texture": "#2"},
				"west": {"uv": [0, 0, 2.2, 2], "texture": "#2"},
				"up": {"uv": [0, 0, 1.2, 2.2], "texture": "#2"},
				"down": {"uv": [0, 0, 1.2, 2.2], "texture": "#2"}
			}
		},
		{
			"from": [7.4, 0.65355, 8.94645],
			"to": [8.6, 2.75355, 10.14645],
			"faces": {
				"north": {"uv": [0, 0, 1.2, 2.1], "texture": "#2"},
				"east": {"uv": [0, 0, 1.2, 2.1], "texture": "#2"},
				"south": {"uv": [0, 0, 1.2, 2.1], "texture": "#2"},
				"west": {"uv": [0, 0, 1.2, 2.1], "texture": "#2"},
				"up": {"uv": [0, 0, 1.2, 1.2], "texture": "#2"},
				"down": {"uv": [0, 0, 1.2, 1.2], "texture": "#2"}
			}
		},
		{
			"from": [7.5, 0.65355, 10.04645],
			"to": [8.6, 2.85355, 10.14645],
			"faces": {
				"north": {"uv": [0, 0, 1.1, 2.2], "texture": "#2"},
				"east": {"uv": [0, 0, 0.1, 2.2], "texture": "#2"},
				"south": {"uv": [0, 0, 1.1, 2.2], "texture": "#2"},
				"west": {"uv": [0, 0, 0.1, 2.2], "texture": "#2"},
				"up": {"uv": [0, 0, 1.1, 0.1], "texture": "#2"},
				"down": {"uv": [0, 0, 1.1, 0.1], "texture": "#2"}
			}
		},
		{
			"from": [7.6, 0.45355, 7.24645],
			"to": [8.4, 4.35355, 9.94645],
			"faces": {
				"north": {"uv": [0, 0, 0.8, 3.9], "texture": "#1"},
				"east": {"uv": [0, 0, 2.7, 3.9], "texture": "#1"},
				"south": {"uv": [0, 0, 0.8, 3.9], "texture": "#1"},
				"west": {"uv": [0, 0, 2.7, 3.9], "texture": "#1"},
				"up": {"uv": [0, 0, 0.8, 2.7], "texture": "#1"},
				"down": {"uv": [0, 0, 0.8, 2.7], "texture": "#1"}
			}
		},
		{
			"from": [7.6, 2.21386, 4.48946],
			"to": [8.4, 4.71386, 7.18946],
			"rotation": {"angle": -22.5, "axis": "x", "origin": [8, 10.21386, 3.18946]},
			"faces": {
				"north": {"uv": [0, 0, 0.8, 2.5], "texture": "#1"},
				"east": {"uv": [0, 0, 2.7, 2.5], "texture": "#1"},
				"south": {"uv": [0, 0, 0.8, 2.5], "texture": "#1"},
				"west": {"uv": [0, 0, 2.7, 2.5], "texture": "#1"},
				"up": {"uv": [0, 0, 0.8, 2.7], "texture": "#1"},
				"down": {"uv": [0, 0, 0.8, 2.7], "texture": "#1"}
			}
		},
		{
			"from": [7.6, 1.49168, 1.80446],
			"to": [8.4, 3.39168, 4.50446],
			"rotation": {"angle": -45, "axis": "x", "origin": [8, 9.49168, 0.50446]},
			"faces": {
				"north": {"uv": [0, 0, 0.8, 1.9], "texture": "#1"},
				"east": {"uv": [0, 0, 2.7, 1.9], "texture": "#1"},
				"south": {"uv": [0, 0, 0.8, 1.9], "texture": "#1"},
				"west": {"uv": [0, 0, 2.7, 1.9], "texture": "#1"},
				"up": {"uv": [0, 0, 0.8, 2.7], "texture": "#1"},
				"down": {"uv": [0, 0, 0.8, 2.7], "texture": "#1"}
			}
		},
		{
			"from": [7.5, 1.49168, 3.70446],
			"to": [8.5, 3.39168, 4.50446],
			"rotation": {"angle": -45, "axis": "x", "origin": [8, 9.49168, 0.50446]},
			"faces": {
				"north": {"uv": [0, 0, 1, 1.9], "texture": "#1"},
				"east": {"uv": [0, 0, 0.8, 1.9], "texture": "#1"},
				"south": {"uv": [0, 0, 1, 1.9], "texture": "#1"},
				"west": {"uv": [0, 0, 0.8, 1.9], "texture": "#1"},
				"up": {"uv": [0, 0, 1, 0.8], "texture": "#1"},
				"down": {"uv": [0, 0, 1, 0.8], "texture": "#1"}
			}
		},
		{
			"from": [7.5, 0.45355, 9.14645],
			"to": [8.5, 4.35355, 9.94645],
			"faces": {
				"north": {"uv": [0, 0, 1, 3.9], "texture": "#1"},
				"east": {"uv": [0, 0, 0.8, 3.9], "texture": "#1"},
				"south": {"uv": [0, 0, 1, 3.9], "texture": "#1"},
				"west": {"uv": [0, 0, 0.8, 3.9], "texture": "#1"},
				"up": {"uv": [0, 0, 1, 0.8], "texture": "#1"},
				"down": {"uv": [0, 0, 1, 0.8], "texture": "#1"}
			}
		},
		{
			"from": [7.5, 2.21386, 6.38946],
			"to": [8.5, 4.71386, 7.18946],
			"rotation": {"angle": -22.5, "axis": "x", "origin": [8, 10.21386, 3.18946]},
			"faces": {
				"north": {"uv": [0, 0, 1, 2.5], "texture": "#1"},
				"east": {"uv": [0, 0, 0.8, 2.5], "texture": "#1"},
				"south": {"uv": [0, 0, 1, 2.5], "texture": "#1"},
				"west": {"uv": [0, 0, 0.8, 2.5], "texture": "#1"},
				"up": {"uv": [0, 0, 1, 0.8], "texture": "#1"},
				"down": {"uv": [0, 0, 1, 0.8], "texture": "#1"}
			}
		},
		{
			"from": [7.5, 0.78071, 2.96611],
			"to": [8.5, 2.48071, 3.66611],
			"rotation": {"angle": -45, "axis": "x", "origin": [8, 8.78071, -0.53389]},
			"faces": {
				"north": {"uv": [0, 0, 1, 1.7], "texture": "#1"},
				"east": {"uv": [0, 0, 0.7, 1.7], "texture": "#1"},
				"south": {"uv": [0, 0, 1, 1.7], "texture": "#1"},
				"west": {"uv": [0, 0, 0.7, 1.7], "texture": "#1"},
				"up": {"uv": [0, 0, 1, 0.7], "texture": "#1"},
				"down": {"uv": [0, 0, 1, 0.7], "texture": "#1"}
			}
		},
		{
			"from": [7.5, 0.15355, 8.19645],
			"to": [8.5, 4.15355, 8.89645],
			"faces": {
				"north": {"uv": [0, 0, 1, 4], "texture": "#1"},
				"east": {"uv": [0, 0, 0.7, 4], "texture": "#1"},
				"south": {"uv": [0, 0, 1, 4], "texture": "#1"},
				"west": {"uv": [0, 0, 0.7, 4], "texture": "#1"},
				"up": {"uv": [0, 0, 1, 0.7], "texture": "#1"},
				"down": {"uv": [0, 0, 1, 0.7], "texture": "#1"}
			}
		},
		{
			"from": [7.5, 1.93732, 5.45469],
			"to": [8.5, 4.03732, 6.15469],
			"rotation": {"angle": -22.5, "axis": "x", "origin": [8, 9.93732, 1.95469]},
			"faces": {
				"north": {"uv": [0, 0, 1, 2.1], "texture": "#1"},
				"east": {"uv": [0, 0, 0.7, 2.1], "texture": "#1"},
				"south": {"uv": [0, 0, 1, 2.1], "texture": "#1"},
				"west": {"uv": [0, 0, 0.7, 2.1], "texture": "#1"},
				"up": {"uv": [0, 0, 1, 0.7], "texture": "#1"},
				"down": {"uv": [0, 0, 1, 0.7], "texture": "#1"}
			}
		},
		{
			"from": [7.5, 1.63732, 4.45469],
			"to": [8.5, 3.33732, 5.15469],
			"rotation": {"angle": -22.5, "axis": "x", "origin": [8, 9.63732, 0.95469]},
			"faces": {
				"north": {"uv": [0, 0, 1, 1.7], "texture": "#1"},
				"east": {"uv": [0, 0, 0.7, 1.7], "texture": "#1"},
				"south": {"uv": [0, 0, 1, 1.7], "texture": "#1"},
				"west": {"uv": [0, 0, 0.7, 1.7], "texture": "#1"},
				"up": {"uv": [0, 0, 1, 0.7], "texture": "#1"},
				"down": {"uv": [0, 0, 1, 0.7], "texture": "#1"}
			}
		},
		{
			"from": [7.5, 0.11115, 2.11918],
			"to": [8.5, 1.71115, 2.81918],
			"rotation": {"angle": -45, "axis": "x", "origin": [8, 8.11115, -1.38082]},
			"faces": {
				"north": {"uv": [0, 0, 1, 1.6], "texture": "#1"},
				"east": {"uv": [0, 0, 0.7, 1.6], "texture": "#1"},
				"south": {"uv": [0, 0, 1, 1.6], "texture": "#1"},
				"west": {"uv": [0, 0, 0.7, 1.6], "texture": "#1"},
				"up": {"uv": [0, 0, 1, 0.7], "texture": "#1"},
				"down": {"uv": [0, 0, 1, 0.7], "texture": "#1"}
			}
		},
		{
			"from": [7.5, 0.15355, 7.19645],
			"to": [8.5, 3.85355, 7.89645],
			"faces": {
				"north": {"uv": [0, 0, 1, 3.7], "texture": "#1"},
				"east": {"uv": [0, 0, 0.7, 3.7], "texture": "#1"},
				"south": {"uv": [0, 0, 1, 3.7], "texture": "#1"},
				"west": {"uv": [0, 0, 0.7, 3.7], "texture": "#1"},
				"up": {"uv": [0, 0, 1, 0.7], "texture": "#1"},
				"down": {"uv": [0, 0, 1, 0.7], "texture": "#1"}
			}
		},
		{
			"from": [8.5, 2.25355, 9.04645],
			"to": [8.7, 2.85355, 10.14645],
			"faces": {
				"north": {"uv": [0, 0, 0.2, 0.6], "texture": "#2"},
				"east": {"uv": [0, 0, 1.1, 0.6], "texture": "#2"},
				"south": {"uv": [0, 0, 0.2, 0.6], "texture": "#2"},
				"west": {"uv": [0, 0, 1.1, 0.6], "texture": "#2"},
				"up": {"uv": [0, 0, 0.2, 1.1], "texture": "#2"},
				"down": {"uv": [0, 0, 0.2, 1.1], "texture": "#2"}
			}
		},
		{
			"from": [8.5, 2.25355, 8.04645],
			"to": [8.7, 2.75355, 10.14645],
			"faces": {
				"north": {"uv": [0, 0, 0.2, 0.5], "texture": "#2"},
				"east": {"uv": [0, 0, 2.1, 0.5], "texture": "#2"},
				"south": {"uv": [0, 0, 0.2, 0.5], "texture": "#2"},
				"west": {"uv": [0, 0, 2.1, 0.5], "texture": "#2"},
				"up": {"uv": [0, 0, 0.2, 2.1], "texture": "#2"},
				"down": {"uv": [0, 0, 0.2, 2.1], "texture": "#2"}
			}
		},
		{
			"from": [8.5, 2.25355, 7.04645],
			"to": [8.7, 2.65355, 10.14645],
			"faces": {
				"north": {"uv": [0, 0, 0.2, 0.4], "texture": "#2"},
				"east": {"uv": [0, 0, 3.1, 0.4], "texture": "#2"},
				"south": {"uv": [0, 0, 0.2, 0.4], "texture": "#2"},
				"west": {"uv": [0, 0, 3.1, 0.4], "texture": "#2"},
				"up": {"uv": [0, 0, 0.2, 3.1], "texture": "#2"},
				"down": {"uv": [0, 0, 0.2, 3.1], "texture": "#2"}
			}
		},
		{
			"from": [8.5, 2.25355, 6.04645],
			"to": [8.7, 2.55355, 10.14645],
			"faces": {
				"north": {"uv": [0, 0, 0.2, 0.3], "texture": "#2"},
				"east": {"uv": [0, 0, 4.1, 0.3], "texture": "#2"},
				"south": {"uv": [0, 0, 0.2, 0.3], "texture": "#2"},
				"west": {"uv": [0, 0, 4.1, 0.3], "texture": "#2"},
				"up": {"uv": [0, 0, 0.2, 4.1], "texture": "#2"},
				"down": {"uv": [0, 0, 0.2, 4.1], "texture": "#2"}
			}
		},
		{
			"from": [7.3, 2.25355, 9.04645],
			"to": [7.5, 2.85355, 10.14645],
			"faces": {
				"north": {"uv": [0, 0, 0.2, 0.6], "texture": "#2"},
				"east": {"uv": [0, 0, 1.1, 0.6], "texture": "#2"},
				"south": {"uv": [0, 0, 0.2, 0.6], "texture": "#2"},
				"west": {"uv": [0, 0, 1.1, 0.6], "texture": "#2"},
				"up": {"uv": [0, 0, 0.2, 1.1], "texture": "#2"},
				"down": {"uv": [0, 0, 0.2, 1.1], "texture": "#2"}
			}
		},
		{
			"from": [7.3, 2.25355, 8.04645],
			"to": [7.5, 2.75355, 10.14645],
			"faces": {
				"north": {"uv": [0, 0, 0.2, 0.5], "texture": "#2"},
				"east": {"uv": [0, 0, 2.1, 0.5], "texture": "#2"},
				"south": {"uv": [0, 0, 0.2, 0.5], "texture": "#2"},
				"west": {"uv": [0, 0, 2.1, 0.5], "texture": "#2"},
				"up": {"uv": [0, 0, 0.2, 2.1], "texture": "#2"},
				"down": {"uv": [0, 0, 0.2, 2.1], "texture": "#2"}
			}
		},
		{
			"from": [7.3, 2.25355, 7.04645],
			"to": [7.5, 2.65355, 10.14645],
			"faces": {
				"north": {"uv": [0, 0, 0.2, 0.4], "texture": "#2"},
				"east": {"uv": [0, 0, 3.1, 0.4], "texture": "#2"},
				"south": {"uv": [0, 0, 0.2, 0.4], "texture": "#2"},
				"west": {"uv": [0, 0, 3.1, 0.4], "texture": "#2"},
				"up": {"uv": [0, 0, 0.2, 3.1], "texture": "#2"},
				"down": {"uv": [0, 0, 0.2, 3.1], "texture": "#2"}
			}
		},
		{
			"from": [7.3, 2.25355, 6.04645],
			"to": [7.5, 2.55355, 10.14645],
			"faces": {
				"north": {"uv": [0, 0, 0.2, 0.3], "texture": "#2"},
				"east": {"uv": [0, 0, 4.1, 0.3], "texture": "#2"},
				"south": {"uv": [0, 0, 0.2, 0.3], "texture": "#2"},
				"west": {"uv": [0, 0, 4.1, 0.3], "texture": "#2"},
				"up": {"uv": [0, 0, 0.2, 4.1], "texture": "#2"},
				"down": {"uv": [0, 0, 0.2, 4.1], "texture": "#2"}
			}
		},
		{
			"from": [7.3, 2.25355, 10.04645],
			"to": [8.7, 2.85355, 10.24645],
			"faces": {
				"north": {"uv": [0, 0, 1.4, 0.6], "texture": "#2"},
				"east": {"uv": [0, 0, 0.2, 0.6], "texture": "#2"},
				"south": {"uv": [0, 0, 1.4, 0.6], "texture": "#2"},
				"west": {"uv": [0, 0, 0.2, 0.6], "texture": "#2"},
				"up": {"uv": [0, 0, 1.4, 0.2], "texture": "#2"},
				"down": {"uv": [0, 0, 1.4, 0.2], "texture": "#2"}
			}
		},
		{
			"from": [7.2, 0.85355, 4.84645],
			"to": [8.8, 1.85355, 6.64645],
			"faces": {
				"north": {"uv": [0, 0, 1.6, 1], "texture": "#1"},
				"east": {"uv": [0, 0, 1.8, 1], "texture": "#1"},
				"south": {"uv": [0, 0, 1.6, 1], "texture": "#1"},
				"west": {"uv": [0, 0, 1.8, 1], "texture": "#1"},
				"up": {"uv": [0, 0, 1.6, 1.8], "texture": "#1"},
				"down": {"uv": [0, 0, 1.6, 1.8], "texture": "#1"}
			}
		},
		{
			"from": [7.2, 0.85355, 3.64645],
			"to": [8.8, 1.15355, 6.64645],
			"faces": {
				"north": {"uv": [0, 0, 1.6, 0.3], "texture": "#1"},
				"east": {"uv": [0, 0, 3, 0.3], "texture": "#1"},
				"south": {"uv": [0, 0, 1.6, 0.3], "texture": "#1"},
				"west": {"uv": [0, 0, 3, 0.3], "texture": "#1"},
				"up": {"uv": [0, 0, 1.6, 3], "texture": "#1"},
				"down": {"uv": [0, 0, 1.6, 3], "texture": "#1"}
			}
		},
		{
			"from": [7.2, 1.35355, 4.14645],
			"to": [8.8, 1.55355, 5.54645],
			"rotation": {"angle": -22.5, "axis": "x", "origin": [8, 1.00355, 5.14645]},
			"faces": {
				"north": {"uv": [0, 0, 1.6, 0.2], "texture": "#1"},
				"east": {"uv": [0, 0, 1.4, 0.2], "texture": "#1"},
				"south": {"uv": [0, 0, 1.6, 0.2], "texture": "#1"},
				"west": {"uv": [0, 0, 1.4, 0.2], "texture": "#1"},
				"up": {"uv": [0, 0, 1.6, 1.4], "texture": "#1"},
				"down": {"uv": [0, 0, 1.6, 1.4], "texture": "#1"}
			}
		},
		{
			"from": [7.2, 1.25355, 4.84645],
			"to": [8.8, 1.65355, 5.54645],
			"rotation": {"angle": -45, "axis": "x", "origin": [8, 1.00355, 5.14645]},
			"faces": {
				"north": {"uv": [0, 0, 1.6, 0.4], "texture": "#1"},
				"east": {"uv": [0, 0, 0.7, 0.4], "texture": "#1"},
				"south": {"uv": [0, 0, 1.6, 0.4], "texture": "#1"},
				"west": {"uv": [0, 0, 0.7, 0.4], "texture": "#1"},
				"up": {"uv": [0, 0, 1.6, 0.7], "texture": "#1"},
				"down": {"uv": [0, 0, 1.6, 0.7], "texture": "#1"}
			}
		},
		{
			"from": [7.2, 0.70355, 4.59645],
			"to": [8.8, 1.60355, 4.89645],
			"rotation": {"angle": 22.5, "axis": "x", "origin": [8, 1.00355, 5.14645]},
			"faces": {
				"north": {"uv": [0, 0, 1.6, 0.9], "rotation": 180, "texture": "#1"},
				"east": {"uv": [0, 0, 0.9, 0.3], "rotation": 90, "texture": "#1"},
				"south": {"uv": [0, 0, 1.6, 0.9], "texture": "#1"},
				"west": {"uv": [0, 0, 0.9, 0.3], "rotation": 270, "texture": "#1"},
				"up": {"uv": [0, 0, 1.6, 0.3], "texture": "#1"},
				"down": {"uv": [0, 0, 1.6, 0.3], "rotation": 180, "texture": "#1"}
			}
		},
		{
			"from": [7.3, 0.2, 0.6],
			"to": [8.7, 1.1, 15.5],
			"faces": {
				"north": {"uv": [0, 0, 1.4, 0.9], "texture": "#1"},
				"east": {"uv": [0, 0, 14.9, 0.9], "texture": "#1"},
				"south": {"uv": [0, 0, 1.4, 0.9], "texture": "#1"},
				"west": {"uv": [0, 0, 14.9, 0.9], "texture": "#1"},
				"up": {"uv": [0, 0, 1.4, 14.9], "texture": "#1"},
				"down": {"uv": [0, 0, 1.4, 14.9], "texture": "#1"}
			}
		},
		{
			"from": [7.3, -4.57401, -1.50172],
			"to": [8.7, -4.27401, -1.00172],
			"rotation": {"angle": 45, "axis": "x", "origin": [8, -4.27401, 6.39828]},
			"faces": {
				"north": {"uv": [0, 0, 1.4, 0.3], "texture": "#1"},
				"east": {"uv": [0, 0, 0.5, 0.3], "texture": "#1"},
				"south": {"uv": [0, 0, 1.4, 0.3], "texture": "#1"},
				"west": {"uv": [0, 0, 0.5, 0.3], "texture": "#1"},
				"up": {"uv": [0, 0, 1.4, 0.5], "texture": "#1"},
				"down": {"uv": [0, 0, 1.4, 0.5], "texture": "#1"}
			}
		},
		{
			"from": [7.4, 0.2, -3.8],
			"to": [8.6, 1.1, 15.7],
			"faces": {
				"north": {"uv": [0, 0, 1.2, 0.9], "texture": "#2"},
				"east": {"uv": [0, 0, 16, 0.9], "texture": "#2"},
				"south": {"uv": [0, 0, 1.2, 0.9], "texture": "#2"},
				"west": {"uv": [0, 0, 16, 0.9], "texture": "#2"},
				"up": {"uv": [0, 0, 1.2, 16], "texture": "#2"},
				"down": {"uv": [0, 0, 1.2, 16], "texture": "#2"}
			}
		},
		{
			"from": [7.5, -0.3, -3.2],
			"to": [8.5, 1.1, 15.7],
			"faces": {
				"north": {"uv": [0, 0, 1, 1.4], "texture": "#2"},
				"east": {"uv": [0, 0, 16, 1.4], "texture": "#2"},
				"south": {"uv": [0, 0, 1, 1.4], "texture": "#2"},
				"west": {"uv": [0, 0, 16, 1.4], "texture": "#2"},
				"up": {"uv": [0, 0, 1, 16], "texture": "#2"},
				"down": {"uv": [0, 0, 1, 16], "texture": "#2"}
			}
		},
		{
			"from": [7.4, 0.2, -3.8],
			"to": [8.6, 1.3, -3],
			"faces": {
				"north": {"uv": [0, 0, 1.2, 1.1], "texture": "#2"},
				"east": {"uv": [0, 0, 0.8, 1.1], "texture": "#2"},
				"south": {"uv": [0, 0, 1.2, 1.1], "texture": "#2"},
				"west": {"uv": [0, 0, 0.8, 1.1], "texture": "#2"},
				"up": {"uv": [0, 0, 1.2, 0.8], "texture": "#2"},
				"down": {"uv": [0, 0, 1.2, 0.8], "texture": "#2"}
			}
		},
		{
			"from": [7.4, 0.17574, -3.3],
			"to": [8.6, 1.17574, -2.9],
			"rotation": {"angle": 45, "axis": "x", "origin": [8, 0.87574, -3]},
			"faces": {
				"north": {"uv": [0, 0, 1.2, 1], "texture": "#2"},
				"east": {"uv": [0, 0, 0.4, 1], "texture": "#2"},
				"south": {"uv": [0, 0, 1.2, 1], "texture": "#2"},
				"west": {"uv": [0, 0, 0.4, 1], "texture": "#2"},
				"up": {"uv": [0, 0, 1.2, 0.4], "texture": "#2"},
				"down": {"uv": [0, 0, 1.2, 0.4], "texture": "#2"}
			}
		},
		{
			"from": [7.5, -6.93683, -0.47728],
			"to": [8.5, -6.23683, 0.22272],
			"rotation": {"angle": 45, "axis": "x", "origin": [8, 0.51317, 6.52272]},
			"faces": {
				"north": {"uv": [0, 0, 1, 0.7], "texture": "#2"},
				"east": {"uv": [0, 0, 0.7, 0.7], "texture": "#2"},
				"south": {"uv": [0, 0, 1, 0.7], "texture": "#2"},
				"west": {"uv": [0, 0, 0.7, 0.7], "texture": "#2"},
				"up": {"uv": [0, 0, 1, 0.7], "texture": "#2"},
				"down": {"uv": [0, 0, 1, 0.7], "texture": "#2"}
			}
		},
		{
			"name": "hexadecagon",
			"from": [7.93038, 1.45, -12.3],
			"to": [8.06962, 2.15, 6.1],
			"rotation": {"angle": -45, "axis": "z", "origin": [8, 1.8, 5.6]},
			"faces": {
				"north": {"uv": [0, 0, 1, 1], "texture": "#1"},
				"east": {"uv": [0, 0, 1, 1], "texture": "#1"},
				"south": {"uv": [0, 0, 1, 1], "texture": "#1"},
				"west": {"uv": [0, 0, 1, 1], "texture": "#1"},
				"up": {"uv": [0, 0, 1, 1], "texture": "#1"},
				"down": {"uv": [0, 0, 1, 1], "texture": "#1"}
			}
		},
		{
			"name": "hexadecagon",
			"from": [7.93038, 1.45, -12.3],
			"to": [8.06962, 2.15, 6.1],
			"rotation": {"angle": -22.5, "axis": "z", "origin": [8, 1.8, 5.6]},
			"faces": {
				"north": {"uv": [0, 0, 1, 1], "texture": "#1"},
				"east": {"uv": [0, 0, 1, 1], "texture": "#1"},
				"south": {"uv": [0, 0, 1, 1], "texture": "#1"},
				"west": {"uv": [0, 0, 1, 1], "texture": "#1"},
				"up": {"uv": [0, 0, 1, 1], "texture": "#1"},
				"down": {"uv": [0, 0, 1, 1], "texture": "#1"}
			}
		},
		{
			"name": "hexadecagon",
			"from": [7.93038, 1.45, -12.3],
			"to": [8.06962, 2.15, 6.1],
			"faces": {
				"north": {"uv": [0, 0, 1, 1], "texture": "#1"},
				"east": {"uv": [0, 0, 1, 1], "texture": "#1"},
				"south": {"uv": [0, 0, 1, 1], "texture": "#1"},
				"west": {"uv": [0, 0, 1, 1], "texture": "#1"},
				"up": {"uv": [0, 0, 1, 1], "texture": "#1"},
				"down": {"uv": [0, 0, 1, 1], "texture": "#1"}
			}
		},
		{
			"name": "hexadecagon",
			"from": [7.93038, 1.45, -12.3],
			"to": [8.06962, 2.15, 6.1],
			"rotation": {"angle": 22.5, "axis": "z", "origin": [8, 1.8, 5.6]},
			"faces": {
				"north": {"uv": [0, 0, 1, 1], "texture": "#1"},
				"east": {"uv": [0, 0, 1, 1], "texture": "#1"},
				"south": {"uv": [0, 0, 1, 1], "texture": "#1"},
				"west": {"uv": [0, 0, 1, 1], "texture": "#1"},
				"up": {"uv": [0, 0, 1, 1], "texture": "#1"},
				"down": {"uv": [0, 0, 1, 1], "texture": "#1"}
			}
		},
		{
			"name": "hexadecagon",
			"from": [7.93038, 1.45, -12.3],
			"to": [8.06962, 2.15, 6.1],
			"rotation": {"angle": 45, "axis": "z", "origin": [8, 1.8, 5.6]},
			"faces": {
				"north": {"uv": [0, 0, 1, 1], "texture": "#1"},
				"east": {"uv": [0, 0, 1, 1], "texture": "#1"},
				"south": {"uv": [0, 0, 1, 1], "texture": "#1"},
				"west": {"uv": [0, 0, 1, 1], "texture": "#1"},
				"up": {"uv": [0, 0, 1, 1], "texture": "#1"},
				"down": {"uv": [0, 0, 1, 1], "texture": "#1"}
			}
		},
		{
			"name": "hexadecagon",
			"from": [7.65, 1.73038, -12.3],
			"to": [8.35, 1.86962, 6.1],
			"rotation": {"angle": -22.5, "axis": "z", "origin": [8, 1.8, 5.6]},
			"faces": {
				"north": {"uv": [0, 0, 1, 1], "texture": "#1"},
				"east": {"uv": [0, 0, 1, 1], "texture": "#1"},
				"south": {"uv": [0, 0, 1, 1], "texture": "#1"},
				"west": {"uv": [0, 0, 1, 1], "texture": "#1"},
				"up": {"uv": [0, 0, 1, 1], "texture": "#1"},
				"down": {"uv": [0, 0, 1, 1], "texture": "#1"}
			}
		},
		{
			"name": "hexadecagon",
			"from": [7.65, 1.73038, -12.3],
			"to": [8.35, 1.86962, 6.1],
			"faces": {
				"north": {"uv": [0, 0, 1, 1], "texture": "#1"},
				"east": {"uv": [0, 0, 1, 1], "texture": "#1"},
				"south": {"uv": [0, 0, 1, 1], "texture": "#1"},
				"west": {"uv": [0, 0, 1, 1], "texture": "#1"},
				"up": {"uv": [0, 0, 1, 1], "texture": "#1"},
				"down": {"uv": [0, 0, 1, 1], "texture": "#1"}
			}
		},
		{
			"name": "hexadecagon",
			"from": [7.65, 1.73038, -12.3],
			"to": [8.35, 1.86962, 6.1],
			"rotation": {"angle": 22.5, "axis": "z", "origin": [8, 1.8, 5.6]},
			"faces": {
				"north": {"uv": [0, 0, 1, 1], "texture": "#1"},
				"east": {"uv": [0, 0, 1, 1], "texture": "#1"},
				"south": {"uv": [0, 0, 1, 1], "texture": "#1"},
				"west": {"uv": [0, 0, 1, 1], "texture": "#1"},
				"up": {"uv": [0, 0, 1, 1], "texture": "#1"},
				"down": {"uv": [0, 0, 1, 1], "texture": "#1"}
			}
		},
		{
			"name": "hexadecagon",
			"from": [7.93038, 0.35, -6.4],
			"to": [8.06962, 1.05, -2.8],
			"rotation": {"angle": -45, "axis": "z", "origin": [8, 0.7, 8.9]},
			"faces": {
				"north": {"uv": [0, 0, 1, 1], "texture": "#1"},
				"east": {"uv": [0, 0, 1, 1], "texture": "#1"},
				"south": {"uv": [0, 0, 1, 1], "texture": "#1"},
				"west": {"uv": [0, 0, 1, 1], "texture": "#1"},
				"up": {"uv": [0, 0, 1, 1], "texture": "#1"},
				"down": {"uv": [0, 0, 1, 1], "texture": "#1"}
			}
		},
		{
			"name": "hexadecagon",
			"from": [7.93038, 0.35, -6.4],
			"to": [8.06962, 1.05, -2.8],
			"rotation": {"angle": -22.5, "axis": "z", "origin": [8, 0.7, 8.9]},
			"faces": {
				"north": {"uv": [0, 0, 1, 1], "texture": "#1"},
				"east": {"uv": [0, 0, 1, 1], "texture": "#1"},
				"south": {"uv": [0, 0, 1, 1], "texture": "#1"},
				"west": {"uv": [0, 0, 1, 1], "texture": "#1"},
				"up": {"uv": [0, 0, 1, 1], "texture": "#1"},
				"down": {"uv": [0, 0, 1, 1], "texture": "#1"}
			}
		},
		{
			"name": "hexadecagon",
			"from": [7.93038, 0.35, -6.4],
			"to": [8.06962, 1.05, -2.8],
			"faces": {
				"north": {"uv": [0, 0, 1, 1], "texture": "#1"},
				"east": {"uv": [0, 0, 1, 1], "texture": "#1"},
				"south": {"uv": [0, 0, 1, 1], "texture": "#1"},
				"west": {"uv": [0, 0, 1, 1], "texture": "#1"},
				"up": {"uv": [0, 0, 1, 1], "texture": "#1"},
				"down": {"uv": [0, 0, 1, 1], "texture": "#1"}
			}
		},
		{
			"name": "hexadecagon",
			"from": [7.93038, 0.35, -6.4],
			"to": [8.06962, 1.05, -2.8],
			"rotation": {"angle": 22.5, "axis": "z", "origin": [8, 0.7, 8.9]},
			"faces": {
				"north": {"uv": [0, 0, 1, 1], "texture": "#1"},
				"east": {"uv": [0, 0, 1, 1], "texture": "#1"},
				"south": {"uv": [0, 0, 1, 1], "texture": "#1"},
				"west": {"uv": [0, 0, 1, 1], "texture": "#1"},
				"up": {"uv": [0, 0, 1, 1], "texture": "#1"},
				"down": {"uv": [0, 0, 1, 1], "texture": "#1"}
			}
		},
		{
			"name": "hexadecagon",
			"from": [7.93038, 0.35, -6.4],
			"to": [8.06962, 1.05, -2.8],
			"rotation": {"angle": 45, "axis": "z", "origin": [8, 0.7, 8.9]},
			"faces": {
				"north": {"uv": [0, 0, 1, 1], "texture": "#1"},
				"east": {"uv": [0, 0, 1, 1], "texture": "#1"},
				"south": {"uv": [0, 0, 1, 1], "texture": "#1"},
				"west": {"uv": [0, 0, 1, 1], "texture": "#1"},
				"up": {"uv": [0, 0, 1, 1], "texture": "#1"},
				"down": {"uv": [0, 0, 1, 1], "texture": "#1"}
			}
		},
		{
			"name": "hexadecagon",
			"from": [7.65, 0.63038, -6.4],
			"to": [8.35, 0.76962, -2.8],
			"rotation": {"angle": -22.5, "axis": "z", "origin": [8, 0.7, 8.9]},
			"faces": {
				"north": {"uv": [0, 0, 1, 1], "texture": "#1"},
				"east": {"uv": [0, 0, 1, 1], "texture": "#1"},
				"south": {"uv": [0, 0, 1, 1], "texture": "#1"},
				"west": {"uv": [0, 0, 1, 1], "texture": "#1"},
				"up": {"uv": [0, 0, 1, 1], "texture": "#1"},
				"down": {"uv": [0, 0, 1, 1], "texture": "#1"}
			}
		},
		{
			"name": "hexadecagon",
			"from": [7.65, 0.63038, -6.4],
			"to": [8.35, 0.76962, -2.8],
			"faces": {
				"north": {"uv": [0, 0, 1, 1], "texture": "#1"},
				"east": {"uv": [0, 0, 1, 1], "texture": "#1"},
				"south": {"uv": [0, 0, 1, 1], "texture": "#1"},
				"west": {"uv": [0, 0, 1, 1], "texture": "#1"},
				"up": {"uv": [0, 0, 1, 1], "texture": "#1"},
				"down": {"uv": [0, 0, 1, 1], "texture": "#1"}
			}
		},
		{
			"name": "hexadecagon",
			"from": [7.65, 0.63038, -6.4],
			"to": [8.35, 0.76962, -2.8],
			"rotation": {"angle": 22.5, "axis": "z", "origin": [8, 0.7, 8.9]},
			"faces": {
				"north": {"uv": [0, 0, 1, 1], "texture": "#1"},
				"east": {"uv": [0, 0, 1, 1], "texture": "#1"},
				"south": {"uv": [0, 0, 1, 1], "texture": "#1"},
				"west": {"uv": [0, 0, 1, 1], "texture": "#1"},
				"up": {"uv": [0, 0, 1, 1], "texture": "#1"},
				"down": {"uv": [0, 0, 1, 1], "texture": "#1"}
			}
		},
		{
			"name": "hexadecagon",
			"from": [7.92044, 0.3, -6.2],
			"to": [8.07956, 1.1, -3.7],
			"rotation": {"angle": -45, "axis": "z", "origin": [8, 0.7, -5]},
			"faces": {
				"north": {"uv": [0, 0, 1, 1], "texture": "#1"},
				"east": {"uv": [0, 0, 1, 1], "texture": "#1"},
				"south": {"uv": [0, 0, 1, 1], "texture": "#1"},
				"west": {"uv": [0, 0, 1, 1], "texture": "#1"},
				"up": {"uv": [0, 0, 1, 1], "texture": "#1"},
				"down": {"uv": [0, 0, 1, 1], "texture": "#1"}
			}
		},
		{
			"name": "hexadecagon",
			"from": [7.92044, 0.3, -6.2],
			"to": [8.07956, 1.1, -3.7],
			"rotation": {"angle": -22.5, "axis": "z", "origin": [8, 0.7, -5]},
			"faces": {
				"north": {"uv": [0, 0, 1, 1], "texture": "#1"},
				"east": {"uv": [0, 0, 1, 1], "texture": "#1"},
				"south": {"uv": [0, 0, 1, 1], "texture": "#1"},
				"west": {"uv": [0, 0, 1, 1], "texture": "#1"},
				"up": {"uv": [0, 0, 1, 1], "texture": "#1"},
				"down": {"uv": [0, 0, 1, 1], "texture": "#1"}
			}
		},
		{
			"name": "hexadecagon",
			"from": [7.92044, 0.3, -6.2],
			"to": [8.07956, 1.1, -3.7],
			"faces": {
				"north": {"uv": [0, 0, 1, 1], "texture": "#1"},
				"east": {"uv": [0, 0, 1, 1], "texture": "#1"},
				"south": {"uv": [0, 0, 1, 1], "texture": "#1"},
				"west": {"uv": [0, 0, 1, 1], "texture": "#1"},
				"up": {"uv": [0, 0, 1, 1], "texture": "#1"},
				"down": {"uv": [0, 0, 1, 1], "texture": "#1"}
			}
		},
		{
			"name": "hexadecagon",
			"from": [7.92044, 0.3, -6.2],
			"to": [8.07956, 1.1, -3.7],
			"rotation": {"angle": 22.5, "axis": "z", "origin": [8, 0.7, -5]},
			"faces": {
				"north": {"uv": [0, 0, 1, 1], "texture": "#1"},
				"east": {"uv": [0, 0, 1, 1], "texture": "#1"},
				"south": {"uv": [0, 0, 1, 1], "texture": "#1"},
				"west": {"uv": [0, 0, 1, 1], "texture": "#1"},
				"up": {"uv": [0, 0, 1, 1], "texture": "#1"},
				"down": {"uv": [0, 0, 1, 1], "texture": "#1"}
			}
		},
		{
			"name": "hexadecagon",
			"from": [7.92044, 0.3, -6.2],
			"to": [8.07956, 1.1, -3.7],
			"rotation": {"angle": 45, "axis": "z", "origin": [8, 0.7, -5]},
			"faces": {
				"north": {"uv": [0, 0, 1, 1], "texture": "#1"},
				"east": {"uv": [0, 0, 1, 1], "texture": "#1"},
				"south": {"uv": [0, 0, 1, 1], "texture": "#1"},
				"west": {"uv": [0, 0, 1, 1], "texture": "#1"},
				"up": {"uv": [0, 0, 1, 1], "texture": "#1"},
				"down": {"uv": [0, 0, 1, 1], "texture": "#1"}
			}
		},
		{
			"name": "hexadecagon",
			"from": [7.6, 0.62044, -6.2],
			"to": [8.4, 0.77956, -3.7],
			"rotation": {"angle": -22.5, "axis": "z", "origin": [8, 0.7, -5]},
			"faces": {
				"north": {"uv": [0, 0, 1, 1], "texture": "#1"},
				"east": {"uv": [0, 0, 1, 1], "texture": "#1"},
				"south": {"uv": [0, 0, 1, 1], "texture": "#1"},
				"west": {"uv": [0, 0, 1, 1], "texture": "#1"},
				"up": {"uv": [0, 0, 1, 1], "texture": "#1"},
				"down": {"uv": [0, 0, 1, 1], "texture": "#1"}
			}
		},
		{
			"name": "hexadecagon",
			"from": [7.6, 0.62044, -6.2],
			"to": [8.4, 0.77956, -3.7],
			"faces": {
				"north": {"uv": [0, 0, 1, 1], "texture": "#1"},
				"east": {"uv": [0, 0, 1, 1], "texture": "#1"},
				"south": {"uv": [0, 0, 1, 1], "texture": "#1"},
				"west": {"uv": [0, 0, 1, 1], "texture": "#1"},
				"up": {"uv": [0, 0, 1, 1], "texture": "#1"},
				"down": {"uv": [0, 0, 1, 1], "texture": "#1"}
			}
		},
		{
			"name": "hexadecagon",
			"from": [7.6, 0.62044, -6.2],
			"to": [8.4, 0.77956, -3.7],
			"rotation": {"angle": 22.5, "axis": "z", "origin": [8, 0.7, -5]},
			"faces": {
				"north": {"uv": [0, 0, 1, 1], "texture": "#1"},
				"east": {"uv": [0, 0, 1, 1], "texture": "#1"},
				"south": {"uv": [0, 0, 1, 1], "texture": "#1"},
				"west": {"uv": [0, 0, 1, 1], "texture": "#1"},
				"up": {"uv": [0, 0, 1, 1], "texture": "#1"},
				"down": {"uv": [0, 0, 1, 1], "texture": "#1"}
			}
		},
		{
			"name": "hexadecagon",
			"from": [7.90054, 0.2, -4.3],
			"to": [8.09946, 1.2, -4],
			"rotation": {"angle": -45, "axis": "z", "origin": [8, 0.7, -3.8]},
			"faces": {
				"north": {"uv": [0, 0, 1, 1], "texture": "#2"},
				"east": {"uv": [0, 0, 1, 1], "texture": "#2"},
				"south": {"uv": [0, 0, 1, 1], "texture": "#2"},
				"west": {"uv": [0, 0, 1, 1], "texture": "#2"},
				"up": {"uv": [0, 0, 1, 1], "texture": "#2"},
				"down": {"uv": [0, 0, 1, 1], "texture": "#2"}
			}
		},
		{
			"name": "hexadecagon",
			"from": [7.90054, 0.2, -4.3],
			"to": [8.09946, 1.2, -4],
			"rotation": {"angle": -22.5, "axis": "z", "origin": [8, 0.7, -3.8]},
			"faces": {
				"north": {"uv": [0, 0, 1, 1], "texture": "#2"},
				"east": {"uv": [0, 0, 1, 1], "texture": "#2"},
				"south": {"uv": [0, 0, 1, 1], "texture": "#2"},
				"west": {"uv": [0, 0, 1, 1], "texture": "#2"},
				"up": {"uv": [0, 0, 1, 1], "texture": "#2"},
				"down": {"uv": [0, 0, 1, 1], "texture": "#2"}
			}
		},
		{
			"name": "hexadecagon",
			"from": [7.90054, 0.2, -4.3],
			"to": [8.09946, 1.2, -4],
			"faces": {
				"north": {"uv": [0, 0, 1, 1], "texture": "#2"},
				"east": {"uv": [0, 0, 1, 1], "texture": "#2"},
				"south": {"uv": [0, 0, 1, 1], "texture": "#2"},
				"west": {"uv": [0, 0, 1, 1], "texture": "#2"},
				"up": {"uv": [0, 0, 1, 1], "texture": "#2"},
				"down": {"uv": [0, 0, 1, 1], "texture": "#2"}
			}
		},
		{
			"name": "hexadecagon",
			"from": [7.90054, 0.2, -4.3],
			"to": [8.09946, 1.2, -4],
			"rotation": {"angle": 22.5, "axis": "z", "origin": [8, 0.7, -3.8]},
			"faces": {
				"north": {"uv": [0, 0, 1, 1], "texture": "#2"},
				"east": {"uv": [0, 0, 1, 1], "texture": "#2"},
				"south": {"uv": [0, 0, 1, 1], "texture": "#2"},
				"west": {"uv": [0, 0, 1, 1], "texture": "#2"},
				"up": {"uv": [0, 0, 1, 1], "texture": "#2"},
				"down": {"uv": [0, 0, 1, 1], "texture": "#2"}
			}
		},
		{
			"name": "hexadecagon",
			"from": [7.90054, 0.2, -4.3],
			"to": [8.09946, 1.2, -4],
			"rotation": {"angle": 45, "axis": "z", "origin": [8, 0.7, -3.8]},
			"faces": {
				"north": {"uv": [0, 0, 1, 1], "texture": "#2"},
				"east": {"uv": [0, 0, 1, 1], "texture": "#2"},
				"south": {"uv": [0, 0, 1, 1], "texture": "#2"},
				"west": {"uv": [0, 0, 1, 1], "texture": "#2"},
				"up": {"uv": [0, 0, 1, 1], "texture": "#2"},
				"down": {"uv": [0, 0, 1, 1], "texture": "#2"}
			}
		},
		{
			"name": "hexadecagon",
			"from": [7.5, 0.60054, -4.3],
			"to": [8.5, 0.79946, -4],
			"rotation": {"angle": -22.5, "axis": "z", "origin": [8, 0.7, -3.8]},
			"faces": {
				"north": {"uv": [0, 0, 1, 1], "texture": "#2"},
				"east": {"uv": [0, 0, 1, 1], "texture": "#2"},
				"south": {"uv": [0, 0, 1, 1], "texture": "#2"},
				"west": {"uv": [0, 0, 1, 1], "texture": "#2"},
				"up": {"uv": [0, 0, 1, 1], "texture": "#2"},
				"down": {"uv": [0, 0, 1, 1], "texture": "#2"}
			}
		},
		{
			"name": "hexadecagon",
			"from": [7.5, 0.60054, -4.3],
			"to": [8.5, 0.79946, -4],
			"faces": {
				"north": {"uv": [0, 0, 1, 1], "texture": "#2"},
				"east": {"uv": [0, 0, 1, 1], "texture": "#2"},
				"south": {"uv": [0, 0, 1, 1], "texture": "#2"},
				"west": {"uv": [0, 0, 1, 1], "texture": "#2"},
				"up": {"uv": [0, 0, 1, 1], "texture": "#2"},
				"down": {"uv": [0, 0, 1, 1], "texture": "#2"}
			}
		},
		{
			"name": "hexadecagon",
			"from": [7.5, 0.60054, -4.3],
			"to": [8.5, 0.79946, -4],
			"rotation": {"angle": 22.5, "axis": "z", "origin": [8, 0.7, -3.8]},
			"faces": {
				"north": {"uv": [0, 0, 1, 1], "texture": "#2"},
				"east": {"uv": [0, 0, 1, 1], "texture": "#2"},
				"south": {"uv": [0, 0, 1, 1], "texture": "#2"},
				"west": {"uv": [0, 0, 1, 1], "texture": "#2"},
				"up": {"uv": [0, 0, 1, 1], "texture": "#2"},
				"down": {"uv": [0, 0, 1, 1], "texture": "#2"}
			}
		},
		{
			"name": "hexadecagon",
			"from": [7.90054, 0.2, -5.7],
			"to": [8.09946, 1.2, -4.7],
			"rotation": {"angle": -45, "axis": "z", "origin": [8, 0.7, -4.5]},
			"faces": {
				"north": {"uv": [0, 0, 1, 1], "texture": "#2"},
				"east": {"uv": [0, 0, 1, 1], "texture": "#2"},
				"south": {"uv": [0, 0, 1, 1], "texture": "#2"},
				"west": {"uv": [0, 0, 1, 1], "texture": "#2"},
				"up": {"uv": [0, 0, 1, 1], "texture": "#2"},
				"down": {"uv": [0, 0, 1, 1], "texture": "#2"}
			}
		},
		{
			"name": "hexadecagon",
			"from": [7.90054, 0.2, -5.7],
			"to": [8.09946, 1.2, -4.7],
			"rotation": {"angle": -22.5, "axis": "z", "origin": [8, 0.7, -4.5]},
			"faces": {
				"north": {"uv": [0, 0, 1, 1], "texture": "#2"},
				"east": {"uv": [0, 0, 1, 1], "texture": "#2"},
				"south": {"uv": [0, 0, 1, 1], "texture": "#2"},
				"west": {"uv": [0, 0, 1, 1], "texture": "#2"},
				"up": {"uv": [0, 0, 1, 1], "texture": "#2"},
				"down": {"uv": [0, 0, 1, 1], "texture": "#2"}
			}
		},
		{
			"name": "hexadecagon",
			"from": [7.90054, 0.2, -5.7],
			"to": [8.09946, 1.2, -4.7],
			"faces": {
				"north": {"uv": [0, 0, 1, 1], "texture": "#2"},
				"east": {"uv": [0, 0, 1, 1], "texture": "#2"},
				"south": {"uv": [0, 0, 1, 1], "texture": "#2"},
				"west": {"uv": [0, 0, 1, 1], "texture": "#2"},
				"up": {"uv": [0, 0, 1, 1], "texture": "#2"},
				"down": {"uv": [0, 0, 1, 1], "texture": "#2"}
			}
		},
		{
			"name": "hexadecagon",
			"from": [7.90054, 0.2, -5.7],
			"to": [8.09946, 1.2, -4.7],
			"rotation": {"angle": 22.5, "axis": "z", "origin": [8, 0.7, -4.5]},
			"faces": {
				"north": {"uv": [0, 0, 1, 1], "texture": "#2"},
				"east": {"uv": [0, 0, 1, 1], "texture": "#2"},
				"south": {"uv": [0, 0, 1, 1], "texture": "#2"},
				"west": {"uv": [0, 0, 1, 1], "texture": "#2"},
				"up": {"uv": [0, 0, 1, 1], "texture": "#2"},
				"down": {"uv": [0, 0, 1, 1], "texture": "#2"}
			}
		},
		{
			"name": "hexadecagon",
			"from": [7.90054, 0.2, -5.7],
			"to": [8.09946, 1.2, -4.7],
			"rotation": {"angle": 45, "axis": "z", "origin": [8, 0.7, -4.5]},
			"faces": {
				"north": {"uv": [0, 0, 1, 1], "texture": "#2"},
				"east": {"uv": [0, 0, 1, 1], "texture": "#2"},
				"south": {"uv": [0, 0, 1, 1], "texture": "#2"},
				"west": {"uv": [0, 0, 1, 1], "texture": "#2"},
				"up": {"uv": [0, 0, 1, 1], "texture": "#2"},
				"down": {"uv": [0, 0, 1, 1], "texture": "#2"}
			}
		},
		{
			"name": "hexadecagon",
			"from": [7.5, 0.60054, -5.7],
			"to": [8.5, 0.79946, -4.7],
			"rotation": {"angle": -22.5, "axis": "z", "origin": [8, 0.7, -4.5]},
			"faces": {
				"north": {"uv": [0, 0, 1, 1], "texture": "#2"},
				"east": {"uv": [0, 0, 1, 1], "texture": "#2"},
				"south": {"uv": [0, 0, 1, 1], "texture": "#2"},
				"west": {"uv": [0, 0, 1, 1], "texture": "#2"},
				"up": {"uv": [0, 0, 1, 1], "texture": "#2"},
				"down": {"uv": [0, 0, 1, 1], "texture": "#2"}
			}
		},
		{
			"name": "hexadecagon",
			"from": [7.5, 0.60054, -5.7],
			"to": [8.5, 0.79946, -4.7],
			"faces": {
				"north": {"uv": [0, 0, 1, 1], "texture": "#2"},
				"east": {"uv": [0, 0, 1, 1], "texture": "#2"},
				"south": {"uv": [0, 0, 1, 1], "texture": "#2"},
				"west": {"uv": [0, 0, 1, 1], "texture": "#2"},
				"up": {"uv": [0, 0, 1, 1], "texture": "#2"},
				"down": {"uv": [0, 0, 1, 1], "texture": "#2"}
			}
		},
		{
			"name": "hexadecagon",
			"from": [7.5, 0.60054, -5.7],
			"to": [8.5, 0.79946, -4.7],
			"rotation": {"angle": 22.5, "axis": "z", "origin": [8, 0.7, -4.5]},
			"faces": {
				"north": {"uv": [0, 0, 1, 1], "texture": "#2"},
				"east": {"uv": [0, 0, 1, 1], "texture": "#2"},
				"south": {"uv": [0, 0, 1, 1], "texture": "#2"},
				"west": {"uv": [0, 0, 1, 1], "texture": "#2"},
				"up": {"uv": [0, 0, 1, 1], "texture": "#2"},
				"down": {"uv": [0, 0, 1, 1], "texture": "#2"}
			}
		},
		{
			"name": "hexadecagon",
			"from": [7.91546, 1.375, -7.7],
			"to": [8.08454, 2.225, -6.5],
			"rotation": {"angle": -45, "axis": "z", "origin": [8, 1.8, -7]},
			"faces": {
				"north": {"uv": [0, 0, 1, 1], "texture": "#2"},
				"east": {"uv": [0, 0, 1, 1], "texture": "#2"},
				"south": {"uv": [0, 0, 1, 1], "texture": "#2"},
				"west": {"uv": [0, 0, 1, 1], "texture": "#2"},
				"up": {"uv": [0, 0, 1, 1], "texture": "#2"},
				"down": {"uv": [0, 0, 1, 1], "texture": "#2"}
			}
		},
		{
			"name": "hexadecagon",
			"from": [7.91546, 1.375, -7.7],
			"to": [8.08454, 2.225, -6.5],
			"rotation": {"angle": -22.5, "axis": "z", "origin": [8, 1.8, -7]},
			"faces": {
				"north": {"uv": [0, 0, 1, 1], "texture": "#2"},
				"east": {"uv": [0, 0, 1, 1], "texture": "#2"},
				"south": {"uv": [0, 0, 1, 1], "texture": "#2"},
				"west": {"uv": [0, 0, 1, 1], "texture": "#2"},
				"up": {"uv": [0, 0, 1, 1], "texture": "#2"},
				"down": {"uv": [0, 0, 1, 1], "texture": "#2"}
			}
		},
		{
			"name": "hexadecagon",
			"from": [7.91546, 1.375, -7.7],
			"to": [8.08454, 2.225, -6.5],
			"faces": {
				"north": {"uv": [0, 0, 1, 1], "texture": "#2"},
				"east": {"uv": [0, 0, 1, 1], "texture": "#2"},
				"south": {"uv": [0, 0, 1, 1], "texture": "#2"},
				"west": {"uv": [0, 0, 1, 1], "texture": "#2"},
				"up": {"uv": [0, 0, 1, 1], "texture": "#2"},
				"down": {"uv": [0, 0, 1, 1], "texture": "#2"}
			}
		},
		{
			"name": "hexadecagon",
			"from": [7.91546, 1.375, -7.7],
			"to": [8.08454, 2.225, -6.5],
			"rotation": {"angle": 22.5, "axis": "z", "origin": [8, 1.8, -7]},
			"faces": {
				"north": {"uv": [0, 0, 1, 1], "texture": "#2"},
				"east": {"uv": [0, 0, 1, 1], "texture": "#2"},
				"south": {"uv": [0, 0, 1, 1], "texture": "#2"},
				"west": {"uv": [0, 0, 1, 1], "texture": "#2"},
				"up": {"uv": [0, 0, 1, 1], "texture": "#2"},
				"down": {"uv": [0, 0, 1, 1], "texture": "#2"}
			}
		},
		{
			"name": "hexadecagon",
			"from": [7.91546, 1.375, -7.7],
			"to": [8.08454, 2.225, -6.5],
			"rotation": {"angle": 45, "axis": "z", "origin": [8, 1.8, -7]},
			"faces": {
				"north": {"uv": [0, 0, 1, 1], "texture": "#2"},
				"east": {"uv": [0, 0, 1, 1], "texture": "#2"},
				"south": {"uv": [0, 0, 1, 1], "texture": "#2"},
				"west": {"uv": [0, 0, 1, 1], "texture": "#2"},
				"up": {"uv": [0, 0, 1, 1], "texture": "#2"},
				"down": {"uv": [0, 0, 1, 1], "texture": "#2"}
			}
		},
		{
			"name": "hexadecagon",
			"from": [7.575, 1.71546, -7.7],
			"to": [8.425, 1.88454, -6.5],
			"rotation": {"angle": -22.5, "axis": "z", "origin": [8, 1.8, -7]},
			"faces": {
				"north": {"uv": [0, 0, 1, 1], "texture": "#2"},
				"east": {"uv": [0, 0, 1, 1], "texture": "#2"},
				"south": {"uv": [0, 0, 1, 1], "texture": "#2"},
				"west": {"uv": [0, 0, 1, 1], "texture": "#2"},
				"up": {"uv": [0, 0, 1, 1], "texture": "#2"},
				"down": {"uv": [0, 0, 1, 1], "texture": "#2"}
			}
		},
		{
			"name": "hexadecagon",
			"from": [7.575, 1.71546, -7.7],
			"to": [8.425, 1.88454, -6.5],
			"faces": {
				"north": {"uv": [0, 0, 1, 1], "texture": "#2"},
				"east": {"uv": [0, 0, 1, 1], "texture": "#2"},
				"south": {"uv": [0, 0, 1, 1], "texture": "#2"},
				"west": {"uv": [0, 0, 1, 1], "texture": "#2"},
				"up": {"uv": [0, 0, 1, 1], "texture": "#2"},
				"down": {"uv": [0, 0, 1, 1], "texture": "#2"}
			}
		},
		{
			"name": "hexadecagon",
			"from": [7.575, 1.71546, -7.7],
			"to": [8.425, 1.88454, -6.5],
			"rotation": {"angle": 22.5, "axis": "z", "origin": [8, 1.8, -7]},
			"faces": {
				"north": {"uv": [0, 0, 1, 1], "texture": "#2"},
				"east": {"uv": [0, 0, 1, 1], "texture": "#2"},
				"south": {"uv": [0, 0, 1, 1], "texture": "#2"},
				"west": {"uv": [0, 0, 1, 1], "texture": "#2"},
				"up": {"uv": [0, 0, 1, 1], "texture": "#2"},
				"down": {"uv": [0, 0, 1, 1], "texture": "#2"}
			}
		},
		{
			"name": "hexadecagon",
			"from": [7.71546, 0.275, -7.7],
			"to": [8.28454, 1.725, -6.5],
			"faces": {
				"north": {"uv": [0, 0, 1, 1], "texture": "#2"},
				"east": {"uv": [0, 0, 1, 1], "texture": "#2"},
				"south": {"uv": [0, 0, 1, 1], "texture": "#2"},
				"west": {"uv": [0, 0, 1, 1], "texture": "#2"},
				"up": {"uv": [0, 0, 1, 1], "texture": "#2"},
				"down": {"uv": [0, 0, 1, 1], "texture": "#2"}
			}
		},
		{
			"name": "hexadecagon",
			"from": [7.71546, 0.075, -7.5],
			"to": [8.28454, 1.725, -6.7],
			"faces": {
				"north": {"uv": [0, 0, 1, 1], "texture": "#2"},
				"east": {"uv": [0, 0, 1, 1], "texture": "#2"},
				"south": {"uv": [0, 0, 1, 1], "texture": "#2"},
				"west": {"uv": [0, 0, 1, 1], "texture": "#2"},
				"up": {"uv": [0, 0, 1, 1], "texture": "#2"},
				"down": {"uv": [0, 0, 1, 1], "texture": "#2"}
			}
		},
		{
			"name": "hexadecagon",
			"from": [7.71546, -0.21811, -6.19237],
			"to": [8.28454, 0.06389, -5.39237],
			"rotation": {"angle": 45, "axis": "x", "origin": [8, 1.50689, -5.69237]},
			"faces": {
				"north": {"uv": [0, 0, 1, 1], "texture": "#2"},
				"east": {"uv": [0, 0, 1, 1], "texture": "#2"},
				"south": {"uv": [0, 0, 1, 1], "texture": "#2"},
				"west": {"uv": [0, 0, 1, 1], "texture": "#2"},
				"up": {"uv": [0, 0, 1, 1], "texture": "#2"},
				"down": {"uv": [0, 0, 1, 1], "texture": "#2"}
			}
		},
		{
			"name": "hexadecagon",
			"from": [7.71546, 0.05754, -7.45786],
			"to": [8.28454, 0.85754, -7.17586],
			"rotation": {"angle": 45, "axis": "x", "origin": [8, 0.45754, -7.31686]},
			"faces": {
				"north": {"uv": [0, 0, 1, 1], "rotation": 180, "texture": "#2"},
				"east": {"uv": [0, 0, 1, 1], "rotation": 270, "texture": "#2"},
				"south": {"uv": [0, 0, 1, 1], "texture": "#2"},
				"west": {"uv": [0, 0, 1, 1], "rotation": 90, "texture": "#2"},
				"up": {"uv": [0, 0, 1, 1], "rotation": 180, "texture": "#2"},
				"down": {"uv": [0, 0, 1, 1], "texture": "#2"}
			}
		},
		{
			"name": "hexadecagon",
			"from": [7.91546, 1.375, -0.6],
			"to": [8.08454, 2.225, 1.1],
			"rotation": {"angle": -45, "axis": "z", "origin": [8, 1.8, 0.6]},
			"faces": {
				"north": {"uv": [0, 0, 1, 1], "texture": "#2"},
				"east": {"uv": [0, 0, 1, 1], "texture": "#2"},
				"south": {"uv": [0, 0, 1, 1], "texture": "#2"},
				"west": {"uv": [0, 0, 1, 1], "texture": "#2"},
				"up": {"uv": [0, 0, 1, 1], "texture": "#2"},
				"down": {"uv": [0, 0, 1, 1], "texture": "#2"}
			}
		},
		{
			"name": "hexadecagon",
			"from": [7.91546, 1.375, -0.6],
			"to": [8.08454, 2.225, 1.1],
			"rotation": {"angle": -22.5, "axis": "z", "origin": [8, 1.8, 0.6]},
			"faces": {
				"north": {"uv": [0, 0, 1, 1], "texture": "#2"},
				"east": {"uv": [0, 0, 1, 1], "texture": "#2"},
				"south": {"uv": [0, 0, 1, 1], "texture": "#2"},
				"west": {"uv": [0, 0, 1, 1], "texture": "#2"},
				"up": {"uv": [0, 0, 1, 1], "texture": "#2"},
				"down": {"uv": [0, 0, 1, 1], "texture": "#2"}
			}
		},
		{
			"name": "hexadecagon",
			"from": [7.91546, 1.375, -0.6],
			"to": [8.08454, 2.225, 1.1],
			"faces": {
				"north": {"uv": [0, 0, 1, 1], "texture": "#2"},
				"east": {"uv": [0, 0, 1, 1], "texture": "#2"},
				"south": {"uv": [0, 0, 1, 1], "texture": "#2"},
				"west": {"uv": [0, 0, 1, 1], "texture": "#2"},
				"up": {"uv": [0, 0, 1, 1], "texture": "#2"},
				"down": {"uv": [0, 0, 1, 1], "texture": "#2"}
			}
		},
		{
			"name": "hexadecagon",
			"from": [7.91546, 1.375, -0.6],
			"to": [8.08454, 2.225, 1.1],
			"rotation": {"angle": 22.5, "axis": "z", "origin": [8, 1.8, 0.6]},
			"faces": {
				"north": {"uv": [0, 0, 1, 1], "texture": "#2"},
				"east": {"uv": [0, 0, 1, 1], "texture": "#2"},
				"south": {"uv": [0, 0, 1, 1], "texture": "#2"},
				"west": {"uv": [0, 0, 1, 1], "texture": "#2"},
				"up": {"uv": [0, 0, 1, 1], "texture": "#2"},
				"down": {"uv": [0, 0, 1, 1], "texture": "#2"}
			}
		},
		{
			"name": "hexadecagon",
			"from": [7.91546, 1.375, -0.6],
			"to": [8.08454, 2.225, 1.1],
			"rotation": {"angle": 45, "axis": "z", "origin": [8, 1.8, 0.6]},
			"faces": {
				"north": {"uv": [0, 0, 1, 1], "texture": "#2"},
				"east": {"uv": [0, 0, 1, 1], "texture": "#2"},
				"south": {"uv": [0, 0, 1, 1], "texture": "#2"},
				"west": {"uv": [0, 0, 1, 1], "texture": "#2"},
				"up": {"uv": [0, 0, 1, 1], "texture": "#2"},
				"down": {"uv": [0, 0, 1, 1], "texture": "#2"}
			}
		},
		{
			"name": "hexadecagon",
			"from": [7.575, 1.71546, -0.6],
			"to": [8.425, 1.88454, 1.1],
			"rotation": {"angle": -22.5, "axis": "z", "origin": [8, 1.8, 0.6]},
			"faces": {
				"north": {"uv": [0, 0, 1, 1], "texture": "#2"},
				"east": {"uv": [0, 0, 1, 1], "texture": "#2"},
				"south": {"uv": [0, 0, 1, 1], "texture": "#2"},
				"west": {"uv": [0, 0, 1, 1], "texture": "#2"},
				"up": {"uv": [0, 0, 1, 1], "texture": "#2"},
				"down": {"uv": [0, 0, 1, 1], "texture": "#2"}
			}
		},
		{
			"name": "hexadecagon",
			"from": [7.575, 1.71546, -0.6],
			"to": [8.425, 1.88454, 1.1],
			"faces": {
				"north": {"uv": [0, 0, 1, 1], "texture": "#2"},
				"east": {"uv": [0, 0, 1, 1], "texture": "#2"},
				"south": {"uv": [0, 0, 1, 1], "texture": "#2"},
				"west": {"uv": [0, 0, 1, 1], "texture": "#2"},
				"up": {"uv": [0, 0, 1, 1], "texture": "#2"},
				"down": {"uv": [0, 0, 1, 1], "texture": "#2"}
			}
		},
		{
			"name": "hexadecagon",
			"from": [7.575, 1.71546, -0.6],
			"to": [8.425, 1.88454, 1.1],
			"rotation": {"angle": 22.5, "axis": "z", "origin": [8, 1.8, 0.6]},
			"faces": {
				"north": {"uv": [0, 0, 1, 1], "texture": "#2"},
				"east": {"uv": [0, 0, 1, 1], "texture": "#2"},
				"south": {"uv": [0, 0, 1, 1], "texture": "#2"},
				"west": {"uv": [0, 0, 1, 1], "texture": "#2"},
				"up": {"uv": [0, 0, 1, 1], "texture": "#2"},
				"down": {"uv": [0, 0, 1, 1], "texture": "#2"}
			}
		},
		{
			"name": "hexadecagon",
			"from": [7.81546, 1.675, 0.3],
			"to": [8.18454, 3.225, 0.9],
			"faces": {
				"north": {"uv": [0, 0, 1, 1], "texture": "#2"},
				"east": {"uv": [0, 0, 1, 1], "texture": "#2"},
				"south": {"uv": [0, 0, 1, 1], "texture": "#2"},
				"west": {"uv": [0, 0, 1, 1], "texture": "#2"},
				"up": {"uv": [0, 0, 1, 1], "texture": "#2"},
				"down": {"uv": [0, 0, 1, 1], "texture": "#2"}
			}
		},
		{
			"name": "hexadecagon",
			"from": [7.81546, 2.15, -0.575],
			"to": [8.18454, 2.65, 0.675],
			"rotation": {"angle": -22.5, "axis": "x", "origin": [8, 2.5, 0.65]},
			"faces": {
				"north": {"uv": [0, 0, 1, 1], "rotation": 180, "texture": "#2"},
				"east": {"uv": [0, 0, 1, 1], "rotation": 270, "texture": "#2"},
				"south": {"uv": [0, 0, 1, 1], "texture": "#2"},
				"west": {"uv": [0, 0, 1, 1], "rotation": 90, "texture": "#2"},
				"up": {"uv": [0, 0, 1, 1], "rotation": 180, "texture": "#2"},
				"down": {"uv": [0, 0, 1, 1], "texture": "#2"}
			}
		},
		{
			"name": "hexadecagon",
			"from": [7.81546, 2.15, -0.575],
			"to": [8.18454, 2.95, 0.675],
			"rotation": {"angle": -45, "axis": "x", "origin": [8, 2.5, 0.65]},
			"faces": {
				"north": {"uv": [0, 0, 1, 1], "rotation": 180, "texture": "#2"},
				"east": {"uv": [0, 0, 1, 1], "rotation": 270, "texture": "#2"},
				"south": {"uv": [0, 0, 1, 1], "texture": "#2"},
				"west": {"uv": [0, 0, 1, 1], "rotation": 90, "texture": "#2"},
				"up": {"uv": [0, 0, 1, 1], "rotation": 180, "texture": "#2"},
				"down": {"uv": [0, 0, 1, 1], "texture": "#2"}
			}
		},
		{
			"name": "hexadecagon",
			"from": [7.81546, 1.975, 0.15],
			"to": [8.18454, 2.825, 0.8],
			"rotation": {"angle": 22.5, "axis": "x", "origin": [8, 2.5, 0.65]},
			"faces": {
				"north": {"uv": [0, 0, 1, 1], "texture": "#2"},
				"east": {"uv": [0, 0, 1, 1], "texture": "#2"},
				"south": {"uv": [0, 0, 1, 1], "texture": "#2"},
				"west": {"uv": [0, 0, 1, 1], "texture": "#2"},
				"up": {"uv": [0, 0, 1, 1], "texture": "#2"},
				"down": {"uv": [0, 0, 1, 1], "texture": "#2"}
			}
		},
		{
			"name": "hexadecagon",
			"from": [7.81546, 3.19964, -0.17249],
			"to": [8.18454, 3.64964, 0.42751],
			"rotation": {"angle": 22.5, "axis": "x", "origin": [8, 2.02464, 0.12751]},
			"faces": {
				"north": {"uv": [0, 0, 1, 1], "texture": "#2"},
				"east": {"uv": [0, 0, 1, 1], "texture": "#2"},
				"south": {"uv": [0, 0, 1, 1], "texture": "#2"},
				"west": {"uv": [0, 0, 1, 1], "texture": "#2"},
				"up": {"uv": [0, 0, 1, 1], "texture": "#2"},
				"down": {"uv": [0, 0, 1, 1], "texture": "#2"}
			}
		},
		{
			"name": "hexadecagon",
			"from": [7.81546, 3.77276, -0.44651],
			"to": [8.18454, 4.12276, 0.15349],
			"rotation": {"angle": 45, "axis": "x", "origin": [8, 2.59776, -0.14651]},
			"faces": {
				"north": {"uv": [0, 0, 1, 1], "texture": "#2"},
				"east": {"uv": [0, 0, 1, 1], "texture": "#2"},
				"south": {"uv": [0, 0, 1, 1], "texture": "#2"},
				"west": {"uv": [0, 0, 1, 1], "texture": "#2"},
				"up": {"uv": [0, 0, 1, 1], "texture": "#2"},
				"down": {"uv": [0, 0, 1, 1], "texture": "#2"}
			}
		},
		{
			"name": "hexadecagon",
			"from": [7.81546, 2.86142, 0.92394],
			"to": [8.18454, 3.46142, 1.47394],
			"rotation": {"angle": -22.5, "axis": "x", "origin": [8, 3.16142, -0.25106]},
			"faces": {
				"north": {"uv": [0, 0, 1, 1], "rotation": 180, "texture": "#2"},
				"east": {"uv": [0, 0, 1, 1], "rotation": 270, "texture": "#2"},
				"south": {"uv": [0, 0, 1, 1], "texture": "#2"},
				"west": {"uv": [0, 0, 1, 1], "rotation": 90, "texture": "#2"},
				"up": {"uv": [0, 0, 1, 1], "rotation": 180, "texture": "#2"},
				"down": {"uv": [0, 0, 1, 1], "texture": "#2"}
			}
		},
		{
			"name": "hexadecagon",
			"from": [7.51546, 2.85832, 1.21261],
			"to": [8.48454, 3.75832, 3.86261],
			"rotation": {"angle": -22.5, "axis": "x", "origin": [8, 3.55832, 0.03761]},
			"faces": {
				"north": {"uv": [0, 0, 1, 1], "rotation": 180, "texture": "#3"},
				"east": {"uv": [0, 0, 1, 1], "rotation": 270, "texture": "#3"},
				"south": {"uv": [0, 0, 1, 1], "texture": "#3"},
				"west": {"uv": [0, 0, 1, 1], "rotation": 90, "texture": "#3"},
				"up": {"uv": [0, 0, 1, 1], "rotation": 180, "texture": "#3"},
				"down": {"uv": [0, 0, 1, 1], "texture": "#3"}
			}
		},
		{
			"from": [7.5, 2.05355, 10.04645],
			"to": [8.5, 2.55355, 10.94645],
			"faces": {
				"north": {"uv": [0, 0, 1, 0.5], "texture": "#2"},
				"east": {"uv": [0, 0, 0.9, 0.5], "texture": "#2"},
				"south": {"uv": [0, 0, 1, 0.5], "texture": "#2"},
				"west": {"uv": [0, 0, 0.9, 0.5], "texture": "#2"},
				"up": {"uv": [0, 0, 1, 0.9], "texture": "#2"},
				"down": {"uv": [0, 0, 1, 0.9], "texture": "#2"}
			}
		},
		{
			"name": "hexadecagon",
			"from": [7.96022, 2.7, 10.7],
			"to": [8.03978, 2.75, 10.8],
			"rotation": {"angle": -45, "axis": "z", "origin": [8, 2.9, 10.3]},
			"faces": {
				"north": {"uv": [0, 0, 1, 1], "texture": "#1"},
				"east": {"uv": [0, 0, 1, 1], "texture": "#1"},
				"south": {"uv": [0, 0, 1, 1], "texture": "#1"},
				"west": {"uv": [0, 0, 1, 1], "texture": "#1"},
				"up": {"uv": [0, 0, 1, 1], "texture": "#1"},
				"down": {"uv": [0, 0, 1, 1], "texture": "#1"}
			}
		},
		{
			"name": "hexadecagon",
			"from": [7.96022, 2.7, 10.7],
			"to": [8.03978, 2.75, 10.8],
			"rotation": {"angle": -22.5, "axis": "z", "origin": [8, 2.9, 10.3]},
			"faces": {
				"north": {"uv": [0, 0, 1, 1], "texture": "#1"},
				"east": {"uv": [0, 0, 1, 1], "texture": "#1"},
				"south": {"uv": [0, 0, 1, 1], "texture": "#1"},
				"west": {"uv": [0, 0, 1, 1], "texture": "#1"},
				"up": {"uv": [0, 0, 1, 1], "texture": "#1"},
				"down": {"uv": [0, 0, 1, 1], "texture": "#1"}
			}
		},
		{
			"name": "hexadecagon",
			"from": [7.91022, 2.6, 10.7],
			"to": [8.08978, 2.75, 10.8],
			"faces": {
				"north": {"uv": [0, 0, 1, 1], "texture": "#1"},
				"east": {"uv": [0, 0, 1, 1], "texture": "#1"},
				"south": {"uv": [0, 0, 1, 1], "texture": "#1"},
				"west": {"uv": [0, 0, 1, 1], "texture": "#1"},
				"up": {"uv": [0, 0, 1, 1], "texture": "#1"},
				"down": {"uv": [0, 0, 1, 1], "texture": "#1"}
			}
		},
		{
			"name": "hexadecagon",
			"from": [7.96022, 2.7, 10.7],
			"to": [8.03978, 2.75, 10.8],
			"rotation": {"angle": 22.5, "axis": "z", "origin": [8, 2.9, 10.3]},
			"faces": {
				"north": {"uv": [0, 0, 1, 1], "texture": "#1"},
				"east": {"uv": [0, 0, 1, 1], "texture": "#1"},
				"south": {"uv": [0, 0, 1, 1], "texture": "#1"},
				"west": {"uv": [0, 0, 1, 1], "texture": "#1"},
				"up": {"uv": [0, 0, 1, 1], "texture": "#1"},
				"down": {"uv": [0, 0, 1, 1], "texture": "#1"}
			}
		},
		{
			"name": "hexadecagon",
			"from": [7.96022, 2.7, 10.7],
			"to": [8.03978, 2.75, 10.8],
			"rotation": {"angle": 45, "axis": "z", "origin": [8, 2.9, 10.3]},
			"faces": {
				"north": {"uv": [0, 0, 1, 1], "texture": "#1"},
				"east": {"uv": [0, 0, 1, 1], "texture": "#1"},
				"south": {"uv": [0, 0, 1, 1], "texture": "#1"},
				"west": {"uv": [0, 0, 1, 1], "texture": "#1"},
				"up": {"uv": [0, 0, 1, 1], "texture": "#1"},
				"down": {"uv": [0, 0, 1, 1], "texture": "#1"}
			}
		},
		{
			"name": "hexadecagon",
			"from": [7.96022, 3.05, 10.7],
			"to": [8.03978, 3.1, 10.8],
			"rotation": {"angle": -45, "axis": "z", "origin": [8, 2.9, 10.3]},
			"faces": {
				"north": {"uv": [0, 0, 1, 1], "texture": "#1"},
				"east": {"uv": [0, 0, 1, 1], "texture": "#1"},
				"south": {"uv": [0, 0, 1, 1], "texture": "#1"},
				"west": {"uv": [0, 0, 1, 1], "texture": "#1"},
				"up": {"uv": [0, 0, 1, 1], "texture": "#1"},
				"down": {"uv": [0, 0, 1, 1], "texture": "#1"}
			}
		},
		{
			"name": "hexadecagon",
			"from": [7.96022, 3.05, 10.7],
			"to": [8.03978, 3.1, 10.8],
			"rotation": {"angle": -22.5, "axis": "z", "origin": [8, 2.9, 10.3]},
			"faces": {
				"north": {"uv": [0, 0, 1, 1], "texture": "#1"},
				"east": {"uv": [0, 0, 1, 1], "texture": "#1"},
				"south": {"uv": [0, 0, 1, 1], "texture": "#1"},
				"west": {"uv": [0, 0, 1, 1], "texture": "#1"},
				"up": {"uv": [0, 0, 1, 1], "texture": "#1"},
				"down": {"uv": [0, 0, 1, 1], "texture": "#1"}
			}
		},
		{
			"name": "hexadecagon",
			"from": [7.96022, 3.05, 10.7],
			"to": [8.03978, 3.1, 10.8],
			"faces": {
				"north": {"uv": [0, 0, 1, 1], "texture": "#1"},
				"east": {"uv": [0, 0, 1, 1], "texture": "#1"},
				"south": {"uv": [0, 0, 1, 1], "texture": "#1"},
				"west": {"uv": [0, 0, 1, 1], "texture": "#1"},
				"up": {"uv": [0, 0, 1, 1], "texture": "#1"},
				"down": {"uv": [0, 0, 1, 1], "texture": "#1"}
			}
		},
		{
			"name": "hexadecagon",
			"from": [7.96022, 3.05, 10.7],
			"to": [8.03978, 3.1, 10.8],
			"rotation": {"angle": 22.5, "axis": "z", "origin": [8, 2.9, 10.3]},
			"faces": {
				"north": {"uv": [0, 0, 1, 1], "texture": "#1"},
				"east": {"uv": [0, 0, 1, 1], "texture": "#1"},
				"south": {"uv": [0, 0, 1, 1], "texture": "#1"},
				"west": {"uv": [0, 0, 1, 1], "texture": "#1"},
				"up": {"uv": [0, 0, 1, 1], "texture": "#1"},
				"down": {"uv": [0, 0, 1, 1], "texture": "#1"}
			}
		},
		{
			"name": "hexadecagon",
			"from": [7.96022, 3.05, 10.7],
			"to": [8.03978, 3.1, 10.8],
			"rotation": {"angle": 45, "axis": "z", "origin": [8, 2.9, 10.3]},
			"faces": {
				"north": {"uv": [0, 0, 1, 1], "texture": "#1"},
				"east": {"uv": [0, 0, 1, 1], "texture": "#1"},
				"south": {"uv": [0, 0, 1, 1], "texture": "#1"},
				"west": {"uv": [0, 0, 1, 1], "texture": "#1"},
				"up": {"uv": [0, 0, 1, 1], "texture": "#1"},
				"down": {"uv": [0, 0, 1, 1], "texture": "#1"}
			}
		},
		{
			"name": "hexadecagon",
			"from": [7.8, 2.86022, 10.7],
			"to": [7.85, 2.93978, 10.8],
			"rotation": {"angle": -22.5, "axis": "z", "origin": [8, 2.9, 10.3]},
			"faces": {
				"north": {"uv": [0, 0, 1, 1], "texture": "#1"},
				"east": {"uv": [0, 0, 1, 1], "texture": "#1"},
				"south": {"uv": [0, 0, 1, 1], "texture": "#1"},
				"west": {"uv": [0, 0, 1, 1], "texture": "#1"},
				"up": {"uv": [0, 0, 1, 1], "texture": "#1"},
				"down": {"uv": [0, 0, 1, 1], "texture": "#1"}
			}
		},
		{
			"name": "hexadecagon",
			"from": [7.8, 2.86022, 10.7],
			"to": [7.85, 2.93978, 10.8],
			"faces": {
				"north": {"uv": [0, 0, 1, 1], "texture": "#1"},
				"east": {"uv": [0, 0, 1, 1], "texture": "#1"},
				"south": {"uv": [0, 0, 1, 1], "texture": "#1"},
				"west": {"uv": [0, 0, 1, 1], "texture": "#1"},
				"up": {"uv": [0, 0, 1, 1], "texture": "#1"},
				"down": {"uv": [0, 0, 1, 1], "texture": "#1"}
			}
		},
		{
			"name": "hexadecagon",
			"from": [7.8, 2.86022, 10.7],
			"to": [7.85, 2.93978, 10.8],
			"rotation": {"angle": 22.5, "axis": "z", "origin": [8, 2.9, 10.3]},
			"faces": {
				"north": {"uv": [0, 0, 1, 1], "texture": "#1"},
				"east": {"uv": [0, 0, 1, 1], "texture": "#1"},
				"south": {"uv": [0, 0, 1, 1], "texture": "#1"},
				"west": {"uv": [0, 0, 1, 1], "texture": "#1"},
				"up": {"uv": [0, 0, 1, 1], "texture": "#1"},
				"down": {"uv": [0, 0, 1, 1], "texture": "#1"}
			}
		},
		{
			"name": "hexadecagon",
			"from": [8.15, 2.86022, 10.7],
			"to": [8.2, 2.93978, 10.8],
			"rotation": {"angle": -22.5, "axis": "z", "origin": [8, 2.9, 10.3]},
			"faces": {
				"north": {"uv": [0, 0, 1, 1], "texture": "#1"},
				"east": {"uv": [0, 0, 1, 1], "texture": "#1"},
				"south": {"uv": [0, 0, 1, 1], "texture": "#1"},
				"west": {"uv": [0, 0, 1, 1], "texture": "#1"},
				"up": {"uv": [0, 0, 1, 1], "texture": "#1"},
				"down": {"uv": [0, 0, 1, 1], "texture": "#1"}
			}
		},
		{
			"name": "hexadecagon",
			"from": [8.15, 2.86022, 10.7],
			"to": [8.2, 2.93978, 10.8],
			"faces": {
				"north": {"uv": [0, 0, 1, 1], "texture": "#1"},
				"east": {"uv": [0, 0, 1, 1], "texture": "#1"},
				"south": {"uv": [0, 0, 1, 1], "texture": "#1"},
				"west": {"uv": [0, 0, 1, 1], "texture": "#1"},
				"up": {"uv": [0, 0, 1, 1], "texture": "#1"},
				"down": {"uv": [0, 0, 1, 1], "texture": "#1"}
			}
		},
		{
			"name": "hexadecagon",
			"from": [8.15, 2.86022, 10.7],
			"to": [8.2, 2.93978, 10.8],
			"rotation": {"angle": 22.5, "axis": "z", "origin": [8, 2.9, 10.3]},
			"faces": {
				"north": {"uv": [0, 0, 1, 1], "texture": "#1"},
				"east": {"uv": [0, 0, 1, 1], "texture": "#1"},
				"south": {"uv": [0, 0, 1, 1], "texture": "#1"},
				"west": {"uv": [0, 0, 1, 1], "texture": "#1"},
				"up": {"uv": [0, 0, 1, 1], "texture": "#1"},
				"down": {"uv": [0, 0, 1, 1], "texture": "#1"}
			}
		},
		{
			"from": [7.7, 2.05355, 10.04645],
			"to": [8.3, 2.65355, 11.34645],
			"faces": {
				"north": {"uv": [0, 0, 0.6, 0.6], "texture": "#2"},
				"east": {"uv": [0, 0, 1.3, 0.6], "texture": "#2"},
				"south": {"uv": [0, 0, 0.6, 0.6], "texture": "#2"},
				"west": {"uv": [0, 0, 1.3, 0.6], "texture": "#2"},
				"up": {"uv": [0, 0, 0.6, 1.3], "texture": "#2"},
				"down": {"uv": [0, 0, 0.6, 1.3], "texture": "#2"}
			}
		},
		{
			"name": "hexadecagon",
			"from": [7.92044, 1.4, -13],
			"to": [8.07956, 1.5, -12],
			"rotation": {"angle": -45, "axis": "z", "origin": [8, 1.8, -12.5]},
			"faces": {
				"north": {"uv": [0, 0, 1, 1], "texture": "#1"},
				"east": {"uv": [0, 0, 1, 1], "texture": "#1"},
				"south": {"uv": [0, 0, 1, 1], "texture": "#1"},
				"west": {"uv": [0, 0, 1, 1], "texture": "#1"},
				"up": {"uv": [0, 0, 1, 1], "texture": "#1"},
				"down": {"uv": [0, 0, 1, 1], "texture": "#1"}
			}
		},
		{
			"name": "hexadecagon",
			"from": [7.92044, 1.4, -13],
			"to": [8.07956, 1.5, -12],
			"rotation": {"angle": -22.5, "axis": "z", "origin": [8, 1.8, -12.5]},
			"faces": {
				"north": {"uv": [0, 0, 1, 1], "texture": "#1"},
				"east": {"uv": [0, 0, 1, 1], "texture": "#1"},
				"south": {"uv": [0, 0, 1, 1], "texture": "#1"},
				"west": {"uv": [0, 0, 1, 1], "texture": "#1"},
				"up": {"uv": [0, 0, 1, 1], "texture": "#1"},
				"down": {"uv": [0, 0, 1, 1], "texture": "#1"}
			}
		},
		{
			"name": "hexadecagon",
			"from": [7.92044, 1.4, -13],
			"to": [8.07956, 1.5, -12],
			"faces": {
				"north": {"uv": [0, 0, 1, 1], "texture": "#1"},
				"east": {"uv": [0, 0, 1, 1], "texture": "#1"},
				"south": {"uv": [0, 0, 1, 1], "texture": "#1"},
				"west": {"uv": [0, 0, 1, 1], "texture": "#1"},
				"up": {"uv": [0, 0, 1, 1], "texture": "#1"},
				"down": {"uv": [0, 0, 1, 1], "texture": "#1"}
			}
		},
		{
			"name": "hexadecagon",
			"from": [7.92044, 1.4, -13],
			"to": [8.07956, 1.5, -12],
			"rotation": {"angle": 22.5, "axis": "z", "origin": [8, 1.8, -12.5]},
			"faces": {
				"north": {"uv": [0, 0, 1, 1], "texture": "#1"},
				"east": {"uv": [0, 0, 1, 1], "texture": "#1"},
				"south": {"uv": [0, 0, 1, 1], "texture": "#1"},
				"west": {"uv": [0, 0, 1, 1], "texture": "#1"},
				"up": {"uv": [0, 0, 1, 1], "texture": "#1"},
				"down": {"uv": [0, 0, 1, 1], "texture": "#1"}
			}
		},
		{
			"name": "hexadecagon",
			"from": [7.92044, 1.4, -13],
			"to": [8.07956, 1.5, -12],
			"rotation": {"angle": 45, "axis": "z", "origin": [8, 1.8, -12.5]},
			"faces": {
				"north": {"uv": [0, 0, 1, 1], "texture": "#1"},
				"east": {"uv": [0, 0, 1, 1], "texture": "#1"},
				"south": {"uv": [0, 0, 1, 1], "texture": "#1"},
				"west": {"uv": [0, 0, 1, 1], "texture": "#1"},
				"up": {"uv": [0, 0, 1, 1], "texture": "#1"},
				"down": {"uv": [0, 0, 1, 1], "texture": "#1"}
			}
		},
		{
			"name": "hexadecagon",
			"from": [7.92044, 2.1, -13],
			"to": [8.07956, 2.2, -12],
			"rotation": {"angle": -45, "axis": "z", "origin": [8, 1.8, -12.5]},
			"faces": {
				"north": {"uv": [0, 0, 1, 1], "texture": "#1"},
				"east": {"uv": [0, 0, 1, 1], "texture": "#1"},
				"south": {"uv": [0, 0, 1, 1], "texture": "#1"},
				"west": {"uv": [0, 0, 1, 1], "texture": "#1"},
				"up": {"uv": [0, 0, 1, 1], "texture": "#1"},
				"down": {"uv": [0, 0, 1, 1], "texture": "#1"}
			}
		},
		{
			"name": "hexadecagon",
			"from": [7.92044, 2.1, -13],
			"to": [8.07956, 2.2, -12],
			"rotation": {"angle": -22.5, "axis": "z", "origin": [8, 1.8, -12.5]},
			"faces": {
				"north": {"uv": [0, 0, 1, 1], "texture": "#1"},
				"east": {"uv": [0, 0, 1, 1], "texture": "#1"},
				"south": {"uv": [0, 0, 1, 1], "texture": "#1"},
				"west": {"uv": [0, 0, 1, 1], "texture": "#1"},
				"up": {"uv": [0, 0, 1, 1], "texture": "#1"},
				"down": {"uv": [0, 0, 1, 1], "texture": "#1"}
			}
		},
		{
			"name": "hexadecagon",
			"from": [7.92044, 2.1, -13],
			"to": [8.07956, 2.2, -12],
			"faces": {
				"north": {"uv": [0, 0, 1, 1], "texture": "#1"},
				"east": {"uv": [0, 0, 1, 1], "texture": "#1"},
				"south": {"uv": [0, 0, 1, 1], "texture": "#1"},
				"west": {"uv": [0, 0, 1, 1], "texture": "#1"},
				"up": {"uv": [0, 0, 1, 1], "texture": "#1"},
				"down": {"uv": [0, 0, 1, 1], "texture": "#1"}
			}
		},
		{
			"name": "hexadecagon",
			"from": [7.92044, 2.1, -13],
			"to": [8.07956, 2.2, -12],
			"rotation": {"angle": 22.5, "axis": "z", "origin": [8, 1.8, -12.5]},
			"faces": {
				"north": {"uv": [0, 0, 1, 1], "texture": "#1"},
				"east": {"uv": [0, 0, 1, 1], "texture": "#1"},
				"south": {"uv": [0, 0, 1, 1], "texture": "#1"},
				"west": {"uv": [0, 0, 1, 1], "texture": "#1"},
				"up": {"uv": [0, 0, 1, 1], "texture": "#1"},
				"down": {"uv": [0, 0, 1, 1], "texture": "#1"}
			}
		},
		{
			"name": "hexadecagon",
			"from": [7.92044, 2.1, -13],
			"to": [8.07956, 2.2, -12],
			"rotation": {"angle": 45, "axis": "z", "origin": [8, 1.8, -12.5]},
			"faces": {
				"north": {"uv": [0, 0, 1, 1], "texture": "#1"},
				"east": {"uv": [0, 0, 1, 1], "texture": "#1"},
				"south": {"uv": [0, 0, 1, 1], "texture": "#1"},
				"west": {"uv": [0, 0, 1, 1], "texture": "#1"},
				"up": {"uv": [0, 0, 1, 1], "texture": "#1"},
				"down": {"uv": [0, 0, 1, 1], "texture": "#1"}
			}
		},
		{
			"name": "hexadecagon",
			"from": [7.6, 1.72044, -13],
			"to": [7.7, 1.87956, -12],
			"rotation": {"angle": -22.5, "axis": "z", "origin": [8, 1.8, -12.5]},
			"faces": {
				"north": {"uv": [0, 0, 1, 1], "texture": "#1"},
				"east": {"uv": [0, 0, 1, 1], "texture": "#1"},
				"south": {"uv": [0, 0, 1, 1], "texture": "#1"},
				"west": {"uv": [0, 0, 1, 1], "texture": "#1"},
				"up": {"uv": [0, 0, 1, 1], "texture": "#1"},
				"down": {"uv": [0, 0, 1, 1], "texture": "#1"}
			}
		},
		{
			"name": "hexadecagon",
			"from": [7.6, 1.72044, -13],
			"to": [7.7, 1.87956, -12],
			"faces": {
				"north": {"uv": [0, 0, 1, 1], "texture": "#1"},
				"east": {"uv": [0, 0, 1, 1], "texture": "#1"},
				"south": {"uv": [0, 0, 1, 1], "texture": "#1"},
				"west": {"uv": [0, 0, 1, 1], "texture": "#1"},
				"up": {"uv": [0, 0, 1, 1], "texture": "#1"},
				"down": {"uv": [0, 0, 1, 1], "texture": "#1"}
			}
		},
		{
			"name": "hexadecagon",
			"from": [7.6, 1.72044, -13],
			"to": [7.7, 1.87956, -12],
			"rotation": {"angle": 22.5, "axis": "z", "origin": [8, 1.8, -12.5]},
			"faces": {
				"north": {"uv": [0, 0, 1, 1], "texture": "#1"},
				"east": {"uv": [0, 0, 1, 1], "texture": "#1"},
				"south": {"uv": [0, 0, 1, 1], "texture": "#1"},
				"west": {"uv": [0, 0, 1, 1], "texture": "#1"},
				"up": {"uv": [0, 0, 1, 1], "texture": "#1"},
				"down": {"uv": [0, 0, 1, 1], "texture": "#1"}
			}
		},
		{
			"name": "hexadecagon",
			"from": [8.3, 1.72044, -13],
			"to": [8.4, 1.87956, -12],
			"rotation": {"angle": -22.5, "axis": "z", "origin": [8, 1.8, -12.5]},
			"faces": {
				"north": {"uv": [0, 0, 1, 1], "texture": "#1"},
				"east": {"uv": [0, 0, 1, 1], "texture": "#1"},
				"south": {"uv": [0, 0, 1, 1], "texture": "#1"},
				"west": {"uv": [0, 0, 1, 1], "texture": "#1"},
				"up": {"uv": [0, 0, 1, 1], "texture": "#1"},
				"down": {"uv": [0, 0, 1, 1], "texture": "#1"}
			}
		},
		{
			"name": "hexadecagon",
			"from": [8.3, 1.72044, -13],
			"to": [8.4, 1.87956, -12],
			"faces": {
				"north": {"uv": [0, 0, 1, 1], "texture": "#1"},
				"east": {"uv": [0, 0, 1, 1], "texture": "#1"},
				"south": {"uv": [0, 0, 1, 1], "texture": "#1"},
				"west": {"uv": [0, 0, 1, 1], "texture": "#1"},
				"up": {"uv": [0, 0, 1, 1], "texture": "#1"},
				"down": {"uv": [0, 0, 1, 1], "texture": "#1"}
			}
		},
		{
			"name": "hexadecagon",
			"from": [8.3, 1.72044, -13],
			"to": [8.4, 1.87956, -12],
			"rotation": {"angle": 22.5, "axis": "z", "origin": [8, 1.8, -12.5]},
			"faces": {
				"north": {"uv": [0, 0, 1, 1], "texture": "#1"},
				"east": {"uv": [0, 0, 1, 1], "texture": "#1"},
				"south": {"uv": [0, 0, 1, 1], "texture": "#1"},
				"west": {"uv": [0, 0, 1, 1], "texture": "#1"},
				"up": {"uv": [0, 0, 1, 1], "texture": "#1"},
				"down": {"uv": [0, 0, 1, 1], "texture": "#1"}
			}
		},
		{
			"name": "hexadecagon",
			"from": [7.91049, 1.35, -13.5],
			"to": [8.08951, 1.45, -12.5],
			"rotation": {"angle": -45, "axis": "z", "origin": [8, 1.8, -13]},
			"faces": {
				"north": {"uv": [0, 0, 1, 1], "texture": "#1"},
				"east": {"uv": [0, 0, 1, 1], "texture": "#1"},
				"south": {"uv": [0, 0, 1, 1], "texture": "#1"},
				"west": {"uv": [0, 0, 1, 1], "texture": "#1"},
				"up": {"uv": [0, 0, 1, 1], "texture": "#1"},
				"down": {"uv": [0, 0, 1, 1], "texture": "#1"}
			}
		},
		{
			"name": "hexadecagon",
			"from": [7.91049, 1.35, -13.5],
			"to": [8.08951, 1.45, -12.5],
			"rotation": {"angle": -22.5, "axis": "z", "origin": [8, 1.8, -13]},
			"faces": {
				"north": {"uv": [0, 0, 1, 1], "texture": "#1"},
				"east": {"uv": [0, 0, 1, 1], "texture": "#1"},
				"south": {"uv": [0, 0, 1, 1], "texture": "#1"},
				"west": {"uv": [0, 0, 1, 1], "texture": "#1"},
				"up": {"uv": [0, 0, 1, 1], "texture": "#1"},
				"down": {"uv": [0, 0, 1, 1], "texture": "#1"}
			}
		},
		{
			"name": "hexadecagon",
			"from": [7.91049, 1.35, -13.5],
			"to": [8.08951, 1.45, -12.5],
			"faces": {
				"north": {"uv": [0, 0, 1, 1], "texture": "#1"},
				"east": {"uv": [0, 0, 1, 1], "texture": "#1"},
				"south": {"uv": [0, 0, 1, 1], "texture": "#1"},
				"west": {"uv": [0, 0, 1, 1], "texture": "#1"},
				"up": {"uv": [0, 0, 1, 1], "texture": "#1"},
				"down": {"uv": [0, 0, 1, 1], "texture": "#1"}
			}
		},
		{
			"name": "hexadecagon",
			"from": [7.91049, 1.35, -13.5],
			"to": [8.08951, 1.45, -12.5],
			"rotation": {"angle": 22.5, "axis": "z", "origin": [8, 1.8, -13]},
			"faces": {
				"north": {"uv": [0, 0, 1, 1], "texture": "#1"},
				"east": {"uv": [0, 0, 1, 1], "texture": "#1"},
				"south": {"uv": [0, 0, 1, 1], "texture": "#1"},
				"west": {"uv": [0, 0, 1, 1], "texture": "#1"},
				"up": {"uv": [0, 0, 1, 1], "texture": "#1"},
				"down": {"uv": [0, 0, 1, 1], "texture": "#1"}
			}
		},
		{
			"name": "hexadecagon",
			"from": [7.91049, 1.35, -13.5],
			"to": [8.08951, 1.45, -12.5],
			"rotation": {"angle": 45, "axis": "z", "origin": [8, 1.8, -13]},
			"faces": {
				"north": {"uv": [0, 0, 1, 1], "texture": "#1"},
				"east": {"uv": [0, 0, 1, 1], "texture": "#1"},
				"south": {"uv": [0, 0, 1, 1], "texture": "#1"},
				"west": {"uv": [0, 0, 1, 1], "texture": "#1"},
				"up": {"uv": [0, 0, 1, 1], "texture": "#1"},
				"down": {"uv": [0, 0, 1, 1], "texture": "#1"}
			}
		},
		{
			"name": "hexadecagon",
			"from": [7.91049, 2.15, -13.5],
			"to": [8.08951, 2.25, -12.5],
			"rotation": {"angle": -45, "axis": "z", "origin": [8, 1.8, -13]},
			"faces": {
				"north": {"uv": [0, 0, 1, 1], "texture": "#1"},
				"east": {"uv": [0, 0, 1, 1], "texture": "#1"},
				"south": {"uv": [0, 0, 1, 1], "texture": "#1"},
				"west": {"uv": [0, 0, 1, 1], "texture": "#1"},
				"up": {"uv": [0, 0, 1, 1], "texture": "#1"},
				"down": {"uv": [0, 0, 1, 1], "texture": "#1"}
			}
		},
		{
			"name": "hexadecagon",
			"from": [7.91049, 2.15, -13.5],
			"to": [8.08951, 2.25, -12.5],
			"rotation": {"angle": -22.5, "axis": "z", "origin": [8, 1.8, -13]},
			"faces": {
				"north": {"uv": [0, 0, 1, 1], "texture": "#1"},
				"east": {"uv": [0, 0, 1, 1], "texture": "#1"},
				"south": {"uv": [0, 0, 1, 1], "texture": "#1"},
				"west": {"uv": [0, 0, 1, 1], "texture": "#1"},
				"up": {"uv": [0, 0, 1, 1], "texture": "#1"},
				"down": {"uv": [0, 0, 1, 1], "texture": "#1"}
			}
		},
		{
			"name": "hexadecagon",
			"from": [7.91049, 2.15, -13.5],
			"to": [8.08951, 2.25, -12.5],
			"faces": {
				"north": {"uv": [0, 0, 1, 1], "texture": "#1"},
				"east": {"uv": [0, 0, 1, 1], "texture": "#1"},
				"south": {"uv": [0, 0, 1, 1], "texture": "#1"},
				"west": {"uv": [0, 0, 1, 1], "texture": "#1"},
				"up": {"uv": [0, 0, 1, 1], "texture": "#1"},
				"down": {"uv": [0, 0, 1, 1], "texture": "#1"}
			}
		},
		{
			"name": "hexadecagon",
			"from": [7.91049, 2.15, -13.5],
			"to": [8.08951, 2.25, -12.5],
			"rotation": {"angle": 22.5, "axis": "z", "origin": [8, 1.8, -13]},
			"faces": {
				"north": {"uv": [0, 0, 1, 1], "texture": "#1"},
				"east": {"uv": [0, 0, 1, 1], "texture": "#1"},
				"south": {"uv": [0, 0, 1, 1], "texture": "#1"},
				"west": {"uv": [0, 0, 1, 1], "texture": "#1"},
				"up": {"uv": [0, 0, 1, 1], "texture": "#1"},
				"down": {"uv": [0, 0, 1, 1], "texture": "#1"}
			}
		},
		{
			"name": "hexadecagon",
			"from": [7.91049, 2.15, -13.5],
			"to": [8.08951, 2.25, -12.5],
			"rotation": {"angle": 45, "axis": "z", "origin": [8, 1.8, -13]},
			"faces": {
				"north": {"uv": [0, 0, 1, 1], "texture": "#1"},
				"east": {"uv": [0, 0, 1, 1], "texture": "#1"},
				"south": {"uv": [0, 0, 1, 1], "texture": "#1"},
				"west": {"uv": [0, 0, 1, 1], "texture": "#1"},
				"up": {"uv": [0, 0, 1, 1], "texture": "#1"},
				"down": {"uv": [0, 0, 1, 1], "texture": "#1"}
			}
		},
		{
			"name": "hexadecagon",
			"from": [7.55, 1.71049, -13.5],
			"to": [7.65, 1.88951, -12.5],
			"rotation": {"angle": -22.5, "axis": "z", "origin": [8, 1.8, -13]},
			"faces": {
				"north": {"uv": [0, 0, 1, 1], "texture": "#1"},
				"east": {"uv": [0, 0, 1, 1], "texture": "#1"},
				"south": {"uv": [0, 0, 1, 1], "texture": "#1"},
				"west": {"uv": [0, 0, 1, 1], "texture": "#1"},
				"up": {"uv": [0, 0, 1, 1], "texture": "#1"},
				"down": {"uv": [0, 0, 1, 1], "texture": "#1"}
			}
		},
		{
			"name": "hexadecagon",
			"from": [7.55, 1.71049, -13.5],
			"to": [7.65, 1.88951, -12.5],
			"faces": {
				"north": {"uv": [0, 0, 1, 1], "texture": "#1"},
				"east": {"uv": [0, 0, 1, 1], "texture": "#1"},
				"south": {"uv": [0, 0, 1, 1], "texture": "#1"},
				"west": {"uv": [0, 0, 1, 1], "texture": "#1"},
				"up": {"uv": [0, 0, 1, 1], "texture": "#1"},
				"down": {"uv": [0, 0, 1, 1], "texture": "#1"}
			}
		},
		{
			"name": "hexadecagon",
			"from": [7.55, 1.71049, -13.5],
			"to": [7.65, 1.88951, -12.5],
			"rotation": {"angle": 22.5, "axis": "z", "origin": [8, 1.8, -13]},
			"faces": {
				"north": {"uv": [0, 0, 1, 1], "texture": "#1"},
				"east": {"uv": [0, 0, 1, 1], "texture": "#1"},
				"south": {"uv": [0, 0, 1, 1], "texture": "#1"},
				"west": {"uv": [0, 0, 1, 1], "texture": "#1"},
				"up": {"uv": [0, 0, 1, 1], "texture": "#1"},
				"down": {"uv": [0, 0, 1, 1], "texture": "#1"}
			}
		},
		{
			"name": "hexadecagon",
			"from": [8.35, 1.71049, -13.5],
			"to": [8.45, 1.88951, -12.5],
			"rotation": {"angle": -22.5, "axis": "z", "origin": [8, 1.8, -13]},
			"faces": {
				"north": {"uv": [0, 0, 1, 1], "texture": "#1"},
				"east": {"uv": [0, 0, 1, 1], "texture": "#1"},
				"south": {"uv": [0, 0, 1, 1], "texture": "#1"},
				"west": {"uv": [0, 0, 1, 1], "texture": "#1"},
				"up": {"uv": [0, 0, 1, 1], "texture": "#1"},
				"down": {"uv": [0, 0, 1, 1], "texture": "#1"}
			}
		},
		{
			"name": "hexadecagon",
			"from": [8.35, 1.71049, -13.5],
			"to": [8.45, 1.88951, -12.5],
			"faces": {
				"north": {"uv": [0, 0, 1, 1], "texture": "#1"},
				"east": {"uv": [0, 0, 1, 1], "texture": "#1"},
				"south": {"uv": [0, 0, 1, 1], "texture": "#1"},
				"west": {"uv": [0, 0, 1, 1], "texture": "#1"},
				"up": {"uv": [0, 0, 1, 1], "texture": "#1"},
				"down": {"uv": [0, 0, 1, 1], "texture": "#1"}
			}
		},
		{
			"name": "hexadecagon",
			"from": [8.35, 1.71049, -13.5],
			"to": [8.45, 1.88951, -12.5],
			"rotation": {"angle": 22.5, "axis": "z", "origin": [8, 1.8, -13]},
			"faces": {
				"north": {"uv": [0, 0, 1, 1], "texture": "#1"},
				"east": {"uv": [0, 0, 1, 1], "texture": "#1"},
				"south": {"uv": [0, 0, 1, 1], "texture": "#1"},
				"west": {"uv": [0, 0, 1, 1], "texture": "#1"},
				"up": {"uv": [0, 0, 1, 1], "texture": "#1"},
				"down": {"uv": [0, 0, 1, 1], "texture": "#1"}
			}
		},
		{
			"from": [7.3, -0.3, 15.5],
			"to": [8.7, 1.5, 16],
			"faces": {
				"north": {"uv": [0, 0, 1.4, 1.8], "texture": "#2"},
				"east": {"uv": [0, 0, 0.5, 1.8], "texture": "#2"},
				"south": {"uv": [0, 0, 1.4, 1.8], "texture": "#2"},
				"west": {"uv": [0, 0, 0.5, 1.8], "texture": "#2"},
				"up": {"uv": [0, 0, 1.4, 0.5], "texture": "#2"},
				"down": {"uv": [0, 0, 1.4, 0.5], "texture": "#2"}
			}
		},
		{
			"from": [7.6, -4.2, 10.3],
			"to": [8.4, -0.2, 12],
			"faces": {
				"north": {"uv": [0, 0, 0.8, 4], "texture": "#3"},
				"east": {"uv": [0, 0, 1.7, 4], "texture": "#3"},
				"south": {"uv": [0, 0, 0.8, 4], "texture": "#3"},
				"west": {"uv": [0, 0, 1.7, 4], "texture": "#3"},
				"up": {"uv": [0, 0, 0.8, 1.7], "texture": "#3"},
				"down": {"uv": [0, 0, 0.8, 1.7], "texture": "#3"}
			}
		},
		{
			"from": [7.59678, -1.30669, 10.75549],
			"to": [8.39678, 0.59331, 12.55549],
			"rotation": {"angle": 45, "axis": "x", "origin": [7.99678, -0.20669, 11.85549]},
			"faces": {
				"north": {"uv": [0, 0, 0.8, 1.9], "texture": "#3"},
				"east": {"uv": [0, 0, 1.8, 1.9], "texture": "#3"},
				"south": {"uv": [0, 0, 0.8, 1.9], "texture": "#3"},
				"west": {"uv": [0, 0, 1.8, 1.9], "texture": "#3"},
				"up": {"uv": [0, 0, 0.8, 1.8], "texture": "#3"},
				"down": {"uv": [0, 0, 0.8, 1.8], "texture": "#3"}
			}
		},
		{
			"from": [7.60228, -3.91994, 11.27415],
			"to": [8.40228, -2.81994, 12.77415],
			"rotation": {"angle": 22.5, "axis": "x", "origin": [8.00228, -2.11994, 11.67415]},
			"faces": {
				"north": {"uv": [0, 0, 0.8, 1.1], "texture": "#3"},
				"east": {"uv": [0, 0, 1.5, 1.1], "texture": "#3"},
				"south": {"uv": [0, 0, 0.8, 1.1], "texture": "#3"},
				"west": {"uv": [0, 0, 1.5, 1.1], "texture": "#3"},
				"up": {"uv": [0, 0, 0.8, 1.5], "texture": "#3"},
				"down": {"uv": [0, 0, 0.8, 1.5], "texture": "#3"}
			}
		},
		{
			"from": [7.60332, -3.18761, 11.3215],
			"to": [8.40332, -0.48761, 12.4215],
			"faces": {
				"north": {"uv": [0, 0, 0.8, 2.7], "rotation": 180, "texture": "#3"},
				"east": {"uv": [0, 0, 2.7, 1.1], "rotation": 270, "texture": "#3"},
				"south": {"uv": [0, 0, 0.8, 2.7], "texture": "#3"},
				"west": {"uv": [0, 0, 2.7, 1.1], "rotation": 90, "texture": "#3"},
				"up": {"uv": [0, 0, 0.8, 1.1], "rotation": 180, "texture": "#3"},
				"down": {"uv": [0, 0, 0.8, 1.1], "texture": "#3"}
			}
		},
		{
			"from": [7.5, -0.2, 15.5],
			"to": [8.5, 1.7, 18.8],
			"faces": {
				"north": {"uv": [0, 0, 1, 1.9], "texture": "#3"},
				"east": {"uv": [0, 0, 3.3, 1.9], "texture": "#3"},
				"south": {"uv": [0, 0, 1, 1.9], "texture": "#3"},
				"west": {"uv": [0, 0, 3.3, 1.9], "texture": "#3"},
				"up": {"uv": [0, 0, 1, 3.3], "texture": "#3"},
				"down": {"uv": [0, 0, 1, 3.3], "texture": "#3"}
			}
		},
		{
			"from": [7.5, 0.1, 17.5],
			"to": [8.5, 1.3, 24],
			"rotation": {"angle": 22.5, "axis": "x", "origin": [8, 0.5, 17]},
			"faces": {
				"north": {"uv": [0, 0, 1, 1.2], "texture": "#3"},
				"east": {"uv": [0, 0, 6.5, 1.2], "texture": "#3"},
				"south": {"uv": [0, 0, 1, 1.2], "texture": "#3"},
				"west": {"uv": [0, 0, 6.5, 1.2], "texture": "#3"},
				"up": {"uv": [0, 0, 1, 6.5], "texture": "#3"},
				"down": {"uv": [0, 0, 1, 6.5], "texture": "#3"}
			}
		},
		{
			"from": [7.50229, -1.43928, 21.27061],
			"to": [8.50229, 1.66072, 23.77061],
			"faces": {
				"north": {"uv": [0, 0, 1, 3.1], "texture": "#3"},
				"east": {"uv": [0, 0, 2.5, 3.1], "texture": "#3"},
				"south": {"uv": [0, 0, 1, 3.1], "texture": "#3"},
				"west": {"uv": [0, 0, 2.5, 3.1], "texture": "#3"},
				"up": {"uv": [0, 0, 1, 2.5], "texture": "#3"},
				"down": {"uv": [0, 0, 1, 2.5], "texture": "#3"}
			}
		},
		{
			"from": [7.50229, 0.86072, 18.97061],
			"to": [8.50229, 3.26072, 21.07061],
			"rotation": {"angle": 22.5, "axis": "x", "origin": [8.00229, -1.03928, 16.77061]},
			"faces": {
				"north": {"uv": [0, 0, 1, 2.4], "texture": "#3"},
				"east": {"uv": [0, 0, 2.1, 2.4], "texture": "#3"},
				"south": {"uv": [0, 0, 1, 2.4], "texture": "#3"},
				"west": {"uv": [0, 0, 2.1, 2.4], "texture": "#3"},
				"up": {"uv": [0, 0, 1, 2.1], "texture": "#3"},
				"down": {"uv": [0, 0, 1, 2.1], "texture": "#3"}
			}
		},
		{
			"from": [7.50325, -0.30741, 19.24664],
			"to": [8.50325, 2.09259, 20.44664],
			"faces": {
				"north": {"uv": [0, 0, 1, 2.4], "texture": "#3"},
				"east": {"uv": [0, 0, 1.2, 2.4], "texture": "#3"},
				"south": {"uv": [0, 0, 1, 2.4], "texture": "#3"},
				"west": {"uv": [0, 0, 1.2, 2.4], "texture": "#3"},
				"up": {"uv": [0, 0, 1, 1.2], "texture": "#3"},
				"down": {"uv": [0, 0, 1, 1.2], "texture": "#3"}
			}
		},
		{
			"from": [7.5069, -0.92698, 19.11719],
			"to": [8.5069, 0.77302, 21.21719],
			"rotation": {"angle": -22.5, "axis": "x", "origin": [8.0069, -3.52698, 16.91719]},
			"faces": {
				"north": {"uv": [0, 0, 1, 1.7], "texture": "#3"},
				"east": {"uv": [0, 0, 2.1, 1.7], "texture": "#3"},
				"south": {"uv": [0, 0, 1, 1.7], "texture": "#3"},
				"west": {"uv": [0, 0, 2.1, 1.7], "texture": "#3"},
				"up": {"uv": [0, 0, 1, 2.1], "texture": "#3"},
				"down": {"uv": [0, 0, 1, 2.1], "texture": "#3"}
			}
		},
		{
			"from": [7.75, -0.9, 8.4],
			"to": [8.25, 1.3, 8.6],
			"faces": {
				"north": {"uv": [0, 0, 0.5, 2.2], "texture": "#2"},
				"east": {"uv": [0, 0, 0.2, 2.2], "texture": "#2"},
				"south": {"uv": [0, 0, 0.5, 2.2], "texture": "#2"},
				"west": {"uv": [0, 0, 0.2, 2.2], "texture": "#2"},
				"up": {"uv": [0, 0, 0.5, 0.2], "texture": "#2"},
				"down": {"uv": [0, 0, 0.5, 0.2], "texture": "#2"}
			}
		},
		{
			"from": [7.75448, -2.23789, 9.42041],
			"to": [8.25448, -2.03789, 10.02041],
			"rotation": {"angle": 45, "axis": "x", "origin": [8.00448, -0.33789, 10.52041]},
			"faces": {
				"north": {"uv": [0, 0, 0.5, 0.2], "rotation": 180, "texture": "#2"},
				"east": {"uv": [0, 0, 0.2, 0.6], "rotation": 270, "texture": "#2"},
				"south": {"uv": [0, 0, 0.5, 0.2], "texture": "#2"},
				"west": {"uv": [0, 0, 0.2, 0.6], "rotation": 90, "texture": "#2"},
				"up": {"uv": [0, 0, 0.5, 0.6], "rotation": 180, "texture": "#2"},
				"down": {"uv": [0, 0, 0.5, 0.6], "texture": "#2"}
			}
		},
		{
			"from": [7.75185, -1.3268, 8.82494],
			"to": [8.25185, -1.1268, 10.82494],
			"faces": {
				"north": {"uv": [0, 0, 0.5, 0.2], "rotation": 180, "texture": "#2"},
				"east": {"uv": [0, 0, 0.2, 2], "rotation": 270, "texture": "#2"},
				"south": {"uv": [0, 0, 0.5, 0.2], "texture": "#2"},
				"west": {"uv": [0, 0, 0.2, 2], "rotation": 90, "texture": "#2"},
				"up": {"uv": [0, 0, 0.5, 2], "rotation": 180, "texture": "#2"},
				"down": {"uv": [0, 0, 0.5, 2], "texture": "#2"}
			}
		}
	],
	"display": {
		"thirdperson_righthand": {
			"translation": [0, 5, 1.25],
			"scale": [0.58, 0.63, 0.65]
		},
		"thirdperson_lefthand": {
			"translation": [0, 6, -2]
		},
		"firstperson_righthand": {
			"translation": [-2, 10.5, 0.5],
			"scale": [1.3, 1.3, 1.3]
		},
		"firstperson_lefthand": {
			"rotation": [0, 2, 0],
			"translation": [-3, 9.5, 0],
			"scale": [1.3, 1.3, 1.3]
		},
		"ground": {
			"translation": [0, 6.5, -4.5]
		},
		"gui": {
			"rotation": [20, 57, 0],
			"translation": [1.75, 4.5, 4.5],
			"scale": [0.62, 0.62, 0.61]
		},
		"head": {
			"rotation": [-84, 0, 0],
			"translation": [4.5, -5, -1.5],
			"scale": [1.375, 1.3, 1.45]
		},
		"fixed": {
			"rotation": [90, -49, 89],
			"translation": [-5.25, 3.75, -1.25],
			"scale": [0.87, 0.87, 0.87]
		}
	},
	"groups": [0, 1, 2, 3, 4, 5, 6, 7, 8, 9, 10, 11, 12, 13, 14, 15, 16, 17, 18, 19, 20, 21, 22, 23, 24, 25, 26, 27, 28, 29, 30, 31, 32, 33, 34, 35, 36, 37, 38, 39, 40, 41, 42, 43, 44, 45, 46, 47, 48, 49, 50, 51, 52, 53,
		{
			"name": "hexadecagon",
			"children": [54, 55, 56, 57, 58, 59, 60, 61, 62, 63, 64, 65, 66, 67, 68, 69]
		},
		{
			"name": "hexadecagon",
			"children": [70, 71, 72, 73, 74, 75, 76, 77]
		},
		{
			"name": "hexadecagon",
			"children": [78, 79, 80, 81, 82, 83, 84, 85, 86, 87, 88, 89, 90, 91, 92, 93]
		},
		{
			"name": "hexadecagon",
			"children": [94, 95, 96, 97, 98, 99, 100, 101, 102, 103, 104, 105, 106, 107, 108, 109, 110, 111, 112, 113, 114, 115, 116, 117, 118, 119, 120, 121]
		}, 122,
		{
			"name": "hexadecagon",
			"children": [123, 124, 125, 126, 127, 128, 129, 130, 131, 132, 133, 134, 135, 136, 137, 138]
		}, 139,
		{
			"name": "hexadecagon",
			"children": [140, 141, 142, 143, 144, 145, 146, 147, 148, 149, 150, 151, 152, 153, 154, 155]
		},
		{
			"name": "hexadecagon",
			"children": [156, 157, 158, 159, 160, 161, 162, 163, 164, 165, 166, 167, 168, 169, 170, 171]
		}, 172, 173, 174, 175, 176, 177, 178, 179, 180, 181, 182, 183, 184, 185]
}