{
	"credit": "Made with Blockbench",
	"textures": {
		"1": "custom/nothingness1/fp45",
		"2": "custom/nothingness1/gray3",
		"3": "custom/nothingness1/sawed",
		"particle": "custom/nothingness1/fp45"
	},
	"elements": [
		{
			"from": [7.7, 4, 8.6],
			"to": [8.3, 5.05, 8.85],
			"faces": {
				"north": {"uv": [0, 0, 1.2, 2.1], "texture": "#2"},
				"east": {"uv": [0, 0, 0.6, 2.1], "texture": "#2"},
				"south": {"uv": [0, 0, 1.2, 2.1], "texture": "#2"},
				"west": {"uv": [0, 0, 0.6, 2.1], "texture": "#2"},
				"up": {"uv": [0, 0, 1.2, 0.6], "texture": "#2"},
				"down": {"uv": [0, 0, 1.2, 0.6], "texture": "#2"}
			}
		},
		{
			"from": [7.93431, 4.69143, 8.6],
			"to": [8.03431, 4.84143, 9.7],
			"rotation": {"angle": 45, "axis": "z", "origin": [7.73431, 5.19143, 7.7]},
			"faces": {
				"north": {"uv": [0, 0, 0.2, 0.3], "texture": "#2"},
				"east": {"uv": [0, 0, 4.5, 0.3], "texture": "#2"},
				"south": {"uv": [0, 0, 0.2, 0.3], "texture": "#2"},
				"west": {"uv": [0, 0, 4.5, 0.3], "texture": "#2"},
				"up": {"uv": [0, 0, 0.2, 4.5], "texture": "#2"},
				"down": {"uv": [0, 0, 0.2, 4.5], "texture": "#2"}
			}
		},
		{
			"from": [8.05318, 4.90412, 8.59982],
			"to": [8.15318, 5.05411, 9.69981],
			"rotation": {"angle": -45, "axis": "z", "origin": [8.05318, 5.40412, 7.69981]},
			"faces": {
				"north": {"uv": [0, 0, 0.2, 0.3], "texture": "#2"},
				"east": {"uv": [0, 0, 4.5, 0.3], "texture": "#2"},
				"south": {"uv": [0, 0, 0.2, 0.3], "texture": "#2"},
				"west": {"uv": [0, 0, 4.5, 0.3], "texture": "#2"},
				"up": {"uv": [0, 0, 0.2, 4.5], "texture": "#2"},
				"down": {"uv": [0, 0, 0.2, 4.5], "texture": "#2"}
			}
		},
		{
			"from": [7.80643, 5.00607, 8.6],
			"to": [8.19393, 5.15607, 9.7],
			"faces": {
				"north": {"uv": [0, 0, 0.775, 0.3], "texture": "#2"},
				"east": {"uv": [0, 0, 4.5, 0.3], "texture": "#2"},
				"south": {"uv": [0, 0, 0.775, 0.3], "texture": "#2"},
				"west": {"uv": [0, 0, 4.5, 0.3], "texture": "#2"},
				"up": {"uv": [0, 0, 0.775, 4.5], "texture": "#2"},
				"down": {"uv": [0, 0, 0.775, 4.5], "texture": "#2"}
			}
		},
		{
			"from": [8.05318, 3.99589, 8.59982],
			"to": [8.35318, 4.14589, 8.89982],
			"rotation": {"angle": 45, "axis": "z", "origin": [8.05318, 3.64589, 7.69981]},
			"faces": {
				"north": {"uv": [0, 0.3, 0.6, 0.6], "texture": "#2"},
				"east": {"uv": [0, 0.3, 0.6, 0.6], "texture": "#2"},
				"south": {"uv": [0, 0.3, 0.6, 0.6], "texture": "#2"},
				"west": {"uv": [0, 0.3, 0.6, 0.6], "texture": "#2"},
				"up": {"uv": [0, 1, 0.6, 1.6], "texture": "#2"},
				"down": {"uv": [0, 1, 0.6, 1.6], "texture": "#2"}
			}
		},
		{
			"from": [7.80643, 3.89393, 8.6],
			"to": [8.19393, 4.04393, 8.9],
			"faces": {
				"north": {"uv": [0, 0.3, 0.775, 0.6], "texture": "#2"},
				"east": {"uv": [0, 0.3, 0.6, 0.6], "texture": "#2"},
				"south": {"uv": [0, 0.3, 0.775, 0.6], "texture": "#2"},
				"west": {"uv": [0, 0.3, 0.6, 0.6], "texture": "#2"},
				"up": {"uv": [0, 1, 0.775, 1.6], "texture": "#2"},
				"down": {"uv": [0, 1, 0.775, 1.6], "texture": "#2"}
			}
		},
		{
			"from": [7.73431, 4.20858, 8.6],
			"to": [8.03431, 4.35858, 8.9],
			"rotation": {"angle": -45, "axis": "z", "origin": [7.73431, 3.85858, 8.85]},
			"faces": {
				"north": {"uv": [0, 0.3, 0.6, 0.6], "texture": "#2"},
				"east": {"uv": [0, 0.3, 0.6, 0.6], "texture": "#2"},
				"south": {"uv": [0, 0.3, 0.6, 0.6], "texture": "#2"},
				"west": {"uv": [0, 0.3, 0.6, 0.6], "texture": "#2"},
				"up": {"uv": [0, 1, 0.6, 1.6], "texture": "#2"},
				"down": {"uv": [0, 1, 0.6, 1.6], "texture": "#2"}
			}
		},
		{
			"from": [7.7, 4.5, 10.3],
			"to": [8.3, 5.05, 12.7],
			"faces": {
				"north": {"uv": [0, 0, 1.2, 0.7], "texture": "#2"},
				"east": {"uv": [0, 0, 6.7, 0.7], "texture": "#2"},
				"south": {"uv": [0, 0, 1.2, 0.7], "texture": "#2"},
				"west": {"uv": [0, 0, 6.7, 0.7], "texture": "#2"},
				"up": {"uv": [0, 0, 1.2, 6.7], "texture": "#2"},
				"down": {"uv": [0, 0, 1.2, 6.7], "texture": "#2"}
			}
		},
		{
			"from": [7.73431, 4.69143, 9.5],
			"to": [8.03431, 4.84143, 12.7],
			"rotation": {"angle": 45, "axis": "z", "origin": [7.73431, 5.19143, 9.75]},
			"faces": {
				"north": {"uv": [0, 0, 0.6, 0.3], "texture": "#2"},
				"east": {"uv": [0, 0, 6.4, 0.3], "texture": "#2"},
				"south": {"uv": [0, 0, 0.6, 0.3], "texture": "#2"},
				"west": {"uv": [0, 0, 6.4, 0.3], "texture": "#2"},
				"up": {"uv": [0, 0, 0.6, 6.4], "texture": "#2"},
				"down": {"uv": [0, 0, 0.6, 6.4], "texture": "#2"}
			}
		},
		{
			"from": [8.05318, 4.90412, 9.49982],
			"to": [8.35318, 5.05411, 12.69982],
			"rotation": {"angle": -45, "axis": "z", "origin": [8.05318, 5.40412, 9.74981]},
			"faces": {
				"north": {"uv": [0, 0, 0.6, 0.3], "texture": "#2"},
				"east": {"uv": [0, 0, 6.4, 0.3], "texture": "#2"},
				"south": {"uv": [0, 0, 0.6, 0.3], "texture": "#2"},
				"west": {"uv": [0, 0, 6.4, 0.3], "texture": "#2"},
				"up": {"uv": [0, 0, 0.6, 6.4], "texture": "#2"},
				"down": {"uv": [0, 0, 0.6, 6.4], "texture": "#2"}
			}
		},
		{
			"from": [7.80643, 5.00607, 9.5],
			"to": [8.19393, 5.15607, 12.7],
			"faces": {
				"north": {"uv": [0, 0, 0.775, 0.3], "texture": "#2"},
				"east": {"uv": [0, 0, 6.4, 0.3], "texture": "#2"},
				"south": {"uv": [0, 0, 0.775, 0.3], "texture": "#2"},
				"west": {"uv": [0, 0, 6.4, 0.3], "texture": "#2"},
				"up": {"uv": [0, 0, 0.775, 6.4], "texture": "#2"},
				"down": {"uv": [0, 0, 0.775, 6.4], "texture": "#2"}
			}
		},
		{
			"from": [8.05318, 3.99589, 9.49982],
			"to": [8.15318, 4.14589, 13.22482],
			"rotation": {"angle": 45, "axis": "z", "origin": [8.05318, 3.64589, 9.74981]},
			"faces": {
				"north": {"uv": [0, 0.3, 0.6, 0.6], "texture": "#2"},
				"east": {"uv": [0, 0.3, 6.4, 0.6], "texture": "#2"},
				"south": {"uv": [0, 0.3, 0.6, 0.6], "texture": "#2"},
				"west": {"uv": [0, 0.3, 6.4, 0.6], "texture": "#2"},
				"up": {"uv": [0, 1, 0.6, 7.4], "texture": "#2"},
				"down": {"uv": [0, 1, 0.6, 7.4], "texture": "#2"}
			}
		},
		{
			"from": [7.80643, 3.89393, 9.5],
			"to": [8.19393, 4.04393, 13.225],
			"faces": {
				"north": {"uv": [0, 0.3, 0.775, 0.6], "texture": "#2"},
				"east": {"uv": [0, 0.3, 6.4, 0.6], "texture": "#2"},
				"south": {"uv": [0, 0.3, 0.775, 0.6], "texture": "#2"},
				"west": {"uv": [0, 0.3, 6.4, 0.6], "texture": "#2"},
				"up": {"uv": [0, 1, 0.775, 7.4], "texture": "#2"},
				"down": {"uv": [0, 1, 0.775, 7.4], "texture": "#2"}
			}
		},
		{
			"from": [7.93431, 4.20858, 9.5],
			"to": [8.03431, 4.35858, 13.225],
			"rotation": {"angle": -45, "axis": "z", "origin": [7.73431, 3.85858, 9.75]},
			"faces": {
				"north": {"uv": [0, 0.3, 0.6, 0.6], "texture": "#2"},
				"east": {"uv": [0, 0.3, 6.4, 0.6], "texture": "#2"},
				"south": {"uv": [0, 0.3, 0.6, 0.6], "texture": "#2"},
				"west": {"uv": [0, 0.3, 6.4, 0.6], "texture": "#2"},
				"up": {"uv": [0, 1, 0.6, 7.4], "texture": "#2"},
				"down": {"uv": [0, 1, 0.6, 7.4], "texture": "#2"}
			}
		},
		{
			"from": [7.7, 4, 8.6],
			"to": [8.3, 4.5, 11.3],
			"faces": {
				"north": {"uv": [0, 0, 1.2, 1], "texture": "#2"},
				"east": {"uv": [0, 0, 7.7, 1], "texture": "#2"},
				"south": {"uv": [0, 0, 1.2, 1], "texture": "#2"},
				"west": {"uv": [0, 0, 7.7, 1], "texture": "#2"},
				"up": {"uv": [0, 0, 1.2, 7.7], "texture": "#2"},
				"down": {"uv": [0, 0, 1.2, 7.7], "texture": "#2"}
			}
		},
		{
			"from": [8.05318, 3.99589, 8.59981],
			"to": [8.35318, 4.14589, 10.64981],
			"rotation": {"angle": 45, "axis": "z", "origin": [8.05318, 3.64589, 8.84981]},
			"faces": {
				"north": {"uv": [0, 0.3, 0.6, 0.6], "texture": "#2"},
				"east": {"uv": [0, 0.3, 4.1, 0.6], "texture": "#2"},
				"south": {"uv": [0, 0.3, 0.6, 0.6], "texture": "#2"},
				"west": {"uv": [0, 0.3, 4.1, 0.6], "texture": "#2"},
				"up": {"uv": [0, 1, 0.6, 5.1], "texture": "#2"},
				"down": {"uv": [0, 1, 0.6, 5.1], "texture": "#2"}
			}
		},
		{
			"from": [7.73431, 4.20858, 8.6],
			"to": [8.03431, 4.35858, 9.5],
			"rotation": {"angle": -45, "axis": "z", "origin": [7.73431, 3.85858, 7.7]},
			"faces": {
				"north": {"uv": [0, 0.3, 0.6, 0.6], "texture": "#2"},
				"east": {"uv": [0, 0.3, 4.1, 0.6], "texture": "#2"},
				"south": {"uv": [0, 0.3, 0.6, 0.6], "texture": "#2"},
				"west": {"uv": [0, 0.3, 4.1, 0.6], "texture": "#2"},
				"up": {"uv": [0, 1, 0.6, 5.1], "texture": "#2"},
				"down": {"uv": [0, 1, 0.6, 5.1], "texture": "#2"}
			}
		},
		{
			"from": [7.80643, 3.89393, 8.6],
			"to": [8.19393, 4.04393, 9.5],
			"faces": {
				"north": {"uv": [0, 0.3, 0.775, 0.6], "texture": "#2"},
				"east": {"uv": [0, 0.3, 4.1, 0.6], "texture": "#2"},
				"south": {"uv": [0, 0.3, 0.775, 0.6], "texture": "#2"},
				"west": {"uv": [0, 0.3, 4.1, 0.6], "texture": "#2"},
				"up": {"uv": [0, 1, 0.775, 5.1], "texture": "#2"},
				"down": {"uv": [0, 1, 0.775, 5.1], "texture": "#2"}
			}
		},
		{
			"from": [7.7, 4, 10.9],
			"to": [8.3, 5.05, 12.7],
			"faces": {
				"north": {"uv": [0, 0, 1.2, 2.1], "texture": "#2"},
				"east": {"uv": [0, 0, 4.3, 2.1], "texture": "#2"},
				"south": {"uv": [0, 0, 1.2, 2.1], "texture": "#2"},
				"west": {"uv": [0, 0, 4.3, 2.1], "texture": "#2"},
				"up": {"uv": [0, 0, 1.2, 4.3], "texture": "#2"},
				"down": {"uv": [0, 0, 1.2, 4.3], "texture": "#2"}
			}
		},
		{
			"from": [7.7625, 4.15, 8.7],
			"to": [8.2375, 5, 11.95],
			"faces": {
				"north": {"uv": [0, 0, 0.95, 1.7], "texture": "#1"},
				"east": {"uv": [0, 0, 8.7, 1.7], "texture": "#1"},
				"south": {"uv": [0, 0, 0.95, 1.7], "texture": "#1"},
				"west": {"uv": [0, 0, 8.7, 1.7], "texture": "#1"},
				"up": {"uv": [0, 0, 0.95, 8.7], "texture": "#1"},
				"down": {"uv": [0, 0, 0.95, 8.7], "texture": "#1"}
			}
		},
		{
			"from": [7.7, 4.95, 8.8],
			"to": [8.3, 5.05, 12.7],
			"faces": {
				"north": {"uv": [0, 0, 1.2, 0.2], "texture": "#2"},
				"east": {"uv": [0, 0, 10.1, 0.2], "texture": "#2"},
				"south": {"uv": [0, 0, 1.2, 0.2], "texture": "#2"},
				"west": {"uv": [0, 0, 10.1, 0.2], "texture": "#2"},
				"up": {"uv": [0, 0, 1.2, 10.1], "texture": "#2"},
				"down": {"uv": [0, 0, 1.2, 10.1], "texture": "#2"}
			}
		},
		{
			"from": [7.7, 4.05, 8.65],
			"to": [8.1, 5.05, 12.7],
			"faces": {
				"north": {"uv": [0, 0, 1.2, 0.2], "texture": "#2"},
				"east": {"uv": [0, 0, 10.1, 0.2], "texture": "#2"},
				"south": {"uv": [0, 0, 1.2, 0.2], "texture": "#2"},
				"west": {"uv": [0, 0, 10.1, 0.2], "texture": "#2"},
				"up": {"uv": [0, 0, 1.2, 10.1], "texture": "#2"},
				"down": {"uv": [0, 0, 1.2, 10.1], "texture": "#2"}
			}
		},
		{
			"from": [7.7, 3.87678, 12.40199],
			"to": [8.3, 4.65178, 13.30199],
			"rotation": {"angle": 22.5, "axis": "x", "origin": [8, 4.10178, 13.55199]},
			"faces": {
				"north": {"uv": [0, 0, 1.2, 2.1], "texture": "#2"},
				"east": {"uv": [0, 0, 4.3, 2.1], "texture": "#2"},
				"south": {"uv": [0, 0, 1.2, 2.1], "texture": "#2"},
				"west": {"uv": [0, 0, 4.3, 2.1], "texture": "#2"},
				"up": {"uv": [0, 0, 1.2, 4.3], "texture": "#2"},
				"down": {"uv": [0, 0, 1.2, 4.3], "texture": "#2"}
			}
		},
		{
			"from": [7.7, 4, 8.75],
			"to": [8.3, 4.525, 12.0625],
			"faces": {
				"north": {"uv": [0, 0, 1.2, 2.1], "texture": "#2"},
				"east": {"uv": [0, 0, 4.3, 2.1], "texture": "#2"},
				"south": {"uv": [0, 0, 1.2, 2.1], "texture": "#2"},
				"west": {"uv": [0, 0, 4.3, 2.1], "texture": "#2"},
				"up": {"uv": [0, 0, 1.2, 4.3], "texture": "#2"},
				"down": {"uv": [0, 0, 1.2, 4.3], "texture": "#2"}
			}
		},
		{
			"from": [7.7, 4, 10.55],
			"to": [8.3, 4.1875, 12.2375],
			"faces": {
				"north": {"uv": [0, 0, 1.2, 2.1], "texture": "#2"},
				"east": {"uv": [0, 0, 4.3, 2.1], "texture": "#2"},
				"south": {"uv": [0, 0, 1.2, 2.1], "texture": "#2"},
				"west": {"uv": [0, 0, 4.3, 2.1], "texture": "#2"},
				"up": {"uv": [0, 0, 1.2, 4.3], "texture": "#2"},
				"down": {"uv": [0, 0, 1.2, 4.3], "texture": "#2"}
			}
		},
		{
			"name": "hexadecagon",
			"from": [7.95027, 4.6, -0.1],
			"to": [8.04973, 4.65, 8.85],
			"rotation": {"angle": -45, "axis": "z", "origin": [8, 4.85, 10.7]},
			"faces": {
				"north": {"uv": [0, 0, 1, 1], "texture": "#2"},
				"east": {"uv": [0, 0, 1, 1], "texture": "#2"},
				"south": {"uv": [0, 0, 1, 1], "texture": "#2"},
				"west": {"uv": [0, 0, 1, 1], "texture": "#2"},
				"up": {"uv": [0, 0, 1, 1], "texture": "#2"},
				"down": {"uv": [0, 0, 1, 1], "texture": "#2"}
			}
		},
		{
			"name": "hexadecagon",
			"from": [7.95027, 4.6, -0.1],
			"to": [8.04973, 4.65, 8.85],
			"rotation": {"angle": -22.5, "axis": "z", "origin": [8, 4.85, 10.7]},
			"faces": {
				"north": {"uv": [0, 0, 1, 1], "texture": "#2"},
				"east": {"uv": [0, 0, 1, 1], "texture": "#2"},
				"south": {"uv": [0, 0, 1, 1], "texture": "#2"},
				"west": {"uv": [0, 0, 1, 1], "texture": "#2"},
				"up": {"uv": [0, 0, 1, 1], "texture": "#2"},
				"down": {"uv": [0, 0, 1, 1], "texture": "#2"}
			}
		},
		{
			"name": "hexadecagon",
			"from": [7.95027, 4.6, -0.1],
			"to": [8.04973, 4.65, 8.85],
			"faces": {
				"north": {"uv": [0, 0, 1, 1], "texture": "#2"},
				"east": {"uv": [0, 0, 1, 1], "texture": "#2"},
				"south": {"uv": [0, 0, 1, 1], "texture": "#2"},
				"west": {"uv": [0, 0, 1, 1], "texture": "#2"},
				"up": {"uv": [0, 0, 1, 1], "texture": "#2"},
				"down": {"uv": [0, 0, 1, 1], "texture": "#2"}
			}
		},
		{
			"name": "hexadecagon",
			"from": [7.95027, 4.6, -0.1],
			"to": [8.04973, 4.65, 8.85],
			"rotation": {"angle": 22.5, "axis": "z", "origin": [8, 4.85, 10.7]},
			"faces": {
				"north": {"uv": [0, 0, 1, 1], "texture": "#2"},
				"east": {"uv": [0, 0, 1, 1], "texture": "#2"},
				"south": {"uv": [0, 0, 1, 1], "texture": "#2"},
				"west": {"uv": [0, 0, 1, 1], "texture": "#2"},
				"up": {"uv": [0, 0, 1, 1], "texture": "#2"},
				"down": {"uv": [0, 0, 1, 1], "texture": "#2"}
			}
		},
		{
			"name": "hexadecagon",
			"from": [7.95027, 4.6, -0.1],
			"to": [8.04973, 4.65, 8.85],
			"rotation": {"angle": 45, "axis": "z", "origin": [8, 4.85, 10.7]},
			"faces": {
				"north": {"uv": [0, 0, 1, 1], "texture": "#2"},
				"east": {"uv": [0, 0, 1, 1], "texture": "#2"},
				"south": {"uv": [0, 0, 1, 1], "texture": "#2"},
				"west": {"uv": [0, 0, 1, 1], "texture": "#2"},
				"up": {"uv": [0, 0, 1, 1], "texture": "#2"},
				"down": {"uv": [0, 0, 1, 1], "texture": "#2"}
			}
		},
		{
			"name": "hexadecagon",
			"from": [7.95027, 5.05, -0.1],
			"to": [8.04973, 5.1, 8.85],
			"rotation": {"angle": -45, "axis": "z", "origin": [8, 4.85, 10.7]},
			"faces": {
				"north": {"uv": [0, 0, 1, 1], "texture": "#2"},
				"east": {"uv": [0, 0, 1, 1], "texture": "#2"},
				"south": {"uv": [0, 0, 1, 1], "texture": "#2"},
				"west": {"uv": [0, 0, 1, 1], "texture": "#2"},
				"up": {"uv": [0, 0, 1, 1], "texture": "#2"},
				"down": {"uv": [0, 0, 1, 1], "texture": "#2"}
			}
		},
		{
			"name": "hexadecagon",
			"from": [7.95027, 5.05, -0.1],
			"to": [8.04973, 5.1, 8.85],
			"rotation": {"angle": -22.5, "axis": "z", "origin": [8, 4.85, 10.7]},
			"faces": {
				"north": {"uv": [0, 0, 1, 1], "texture": "#2"},
				"east": {"uv": [0, 0, 1, 1], "texture": "#2"},
				"south": {"uv": [0, 0, 1, 1], "texture": "#2"},
				"west": {"uv": [0, 0, 1, 1], "texture": "#2"},
				"up": {"uv": [0, 0, 1, 1], "texture": "#2"},
				"down": {"uv": [0, 0, 1, 1], "texture": "#2"}
			}
		},
		{
			"name": "hexadecagon",
			"from": [7.95027, 5.05, -0.1],
			"to": [8.04973, 5.1, 8.85],
			"rotation": {"angle": 22.5, "axis": "z", "origin": [8, 4.85, 10.7]},
			"faces": {
				"north": {"uv": [0, 0, 1, 1], "texture": "#2"},
				"east": {"uv": [0, 0, 1, 1], "texture": "#2"},
				"south": {"uv": [0, 0, 1, 1], "texture": "#2"},
				"west": {"uv": [0, 0, 1, 1], "texture": "#2"},
				"up": {"uv": [0, 0, 1, 1], "texture": "#2"},
				"down": {"uv": [0, 0, 1, 1], "texture": "#2"}
			}
		},
		{
			"name": "hexadecagon",
			"from": [7.95027, 5.05, -0.1],
			"to": [8.04973, 5.1, 8.85],
			"rotation": {"angle": 45, "axis": "z", "origin": [8, 4.85, 10.7]},
			"faces": {
				"north": {"uv": [0, 0, 1, 1], "texture": "#2"},
				"east": {"uv": [0, 0, 1, 1], "texture": "#2"},
				"south": {"uv": [0, 0, 1, 1], "texture": "#2"},
				"west": {"uv": [0, 0, 1, 1], "texture": "#2"},
				"up": {"uv": [0, 0, 1, 1], "texture": "#2"},
				"down": {"uv": [0, 0, 1, 1], "texture": "#2"}
			}
		},
		{
			"name": "hexadecagon",
			"from": [7.75, 4.80027, -0.1],
			"to": [7.8, 4.89973, 8.85],
			"rotation": {"angle": -22.5, "axis": "z", "origin": [8, 4.85, 10.7]},
			"faces": {
				"north": {"uv": [0, 0, 1, 1], "texture": "#2"},
				"east": {"uv": [0, 0, 1, 1], "texture": "#2"},
				"south": {"uv": [0, 0, 1, 1], "texture": "#2"},
				"west": {"uv": [0, 0, 1, 1], "texture": "#2"},
				"up": {"uv": [0, 0, 1, 1], "texture": "#2"},
				"down": {"uv": [0, 0, 1, 1], "texture": "#2"}
			}
		},
		{
			"name": "hexadecagon",
			"from": [7.75, 4.80027, -0.1],
			"to": [7.8, 4.89973, 8.85],
			"faces": {
				"north": {"uv": [0, 0, 1, 1], "texture": "#2"},
				"east": {"uv": [0, 0, 1, 1], "texture": "#2"},
				"south": {"uv": [0, 0, 1, 1], "texture": "#2"},
				"west": {"uv": [0, 0, 1, 1], "texture": "#2"},
				"up": {"uv": [0, 0, 1, 1], "texture": "#2"},
				"down": {"uv": [0, 0, 1, 1], "texture": "#2"}
			}
		},
		{
			"name": "hexadecagon",
			"from": [7.75, 4.80027, -0.1],
			"to": [7.8, 4.89973, 8.85],
			"rotation": {"angle": 22.5, "axis": "z", "origin": [8, 4.85, 10.7]},
			"faces": {
				"north": {"uv": [0, 0, 1, 1], "texture": "#2"},
				"east": {"uv": [0, 0, 1, 1], "texture": "#2"},
				"south": {"uv": [0, 0, 1, 1], "texture": "#2"},
				"west": {"uv": [0, 0, 1, 1], "texture": "#2"},
				"up": {"uv": [0, 0, 1, 1], "texture": "#2"},
				"down": {"uv": [0, 0, 1, 1], "texture": "#2"}
			}
		},
		{
			"name": "hexadecagon",
			"from": [8.2, 4.80027, -0.1],
			"to": [8.25, 4.89973, 8.85],
			"rotation": {"angle": -22.5, "axis": "z", "origin": [8, 4.85, 10.7]},
			"faces": {
				"north": {"uv": [0, 0, 1, 1], "texture": "#2"},
				"east": {"uv": [0, 0, 1, 1], "texture": "#2"},
				"south": {"uv": [0, 0, 1, 1], "texture": "#2"},
				"west": {"uv": [0, 0, 1, 1], "texture": "#2"},
				"up": {"uv": [0, 0, 1, 1], "texture": "#2"},
				"down": {"uv": [0, 0, 1, 1], "texture": "#2"}
			}
		},
		{
			"name": "hexadecagon",
			"from": [8.2, 4.80027, -0.1],
			"to": [8.25, 4.89973, 8.85],
			"faces": {
				"north": {"uv": [0, 0, 1, 1], "texture": "#2"},
				"east": {"uv": [0, 0, 1, 1], "texture": "#2"},
				"south": {"uv": [0, 0, 1, 1], "texture": "#2"},
				"west": {"uv": [0, 0, 1, 1], "texture": "#2"},
				"up": {"uv": [0, 0, 1, 1], "texture": "#2"},
				"down": {"uv": [0, 0, 1, 1], "texture": "#2"}
			}
		},
		{
			"name": "hexadecagon",
			"from": [8.2, 4.80027, -0.1],
			"to": [8.25, 4.89973, 8.85],
			"rotation": {"angle": 22.5, "axis": "z", "origin": [8, 4.85, 10.7]},
			"faces": {
				"north": {"uv": [0, 0, 1, 1], "texture": "#2"},
				"east": {"uv": [0, 0, 1, 1], "texture": "#2"},
				"south": {"uv": [0, 0, 1, 1], "texture": "#2"},
				"west": {"uv": [0, 0, 1, 1], "texture": "#2"},
				"up": {"uv": [0, 0, 1, 1], "texture": "#2"},
				"down": {"uv": [0, 0, 1, 1], "texture": "#2"}
			}
		},
		{
			"name": "hexadecagon",
			"from": [7.95027, 3.9125, -0.1],
			"to": [8.04973, 3.9625, 8.85],
			"rotation": {"angle": -45, "axis": "z", "origin": [8, 4.1625, 10.7]},
			"faces": {
				"north": {"uv": [0, 0, 1, 1], "texture": "#2"},
				"east": {"uv": [0, 0, 1, 1], "texture": "#2"},
				"south": {"uv": [0, 0, 1, 1], "texture": "#2"},
				"west": {"uv": [0, 0, 1, 1], "texture": "#2"},
				"up": {"uv": [0, 0, 1, 1], "texture": "#2"},
				"down": {"uv": [0, 0, 1, 1], "texture": "#2"}
			}
		},
		{
			"name": "hexadecagon",
			"from": [7.95027, 3.9125, -0.1],
			"to": [8.04973, 3.9625, 8.85],
			"rotation": {"angle": -22.5, "axis": "z", "origin": [8, 4.1625, 10.7]},
			"faces": {
				"north": {"uv": [0, 0, 1, 1], "texture": "#2"},
				"east": {"uv": [0, 0, 1, 1], "texture": "#2"},
				"south": {"uv": [0, 0, 1, 1], "texture": "#2"},
				"west": {"uv": [0, 0, 1, 1], "texture": "#2"},
				"up": {"uv": [0, 0, 1, 1], "texture": "#2"},
				"down": {"uv": [0, 0, 1, 1], "texture": "#2"}
			}
		},
		{
			"name": "hexadecagon",
			"from": [7.95027, 3.9125, -0.1],
			"to": [8.04973, 3.9625, 8.85],
			"faces": {
				"north": {"uv": [0, 0, 1, 1], "texture": "#2"},
				"east": {"uv": [0, 0, 1, 1], "texture": "#2"},
				"south": {"uv": [0, 0, 1, 1], "texture": "#2"},
				"west": {"uv": [0, 0, 1, 1], "texture": "#2"},
				"up": {"uv": [0, 0, 1, 1], "texture": "#2"},
				"down": {"uv": [0, 0, 1, 1], "texture": "#2"}
			}
		},
		{
			"name": "hexadecagon",
			"from": [7.95027, 3.9125, -0.1],
			"to": [8.04973, 3.9625, 8.85],
			"rotation": {"angle": 22.5, "axis": "z", "origin": [8, 4.1625, 10.7]},
			"faces": {
				"north": {"uv": [0, 0, 1, 1], "texture": "#2"},
				"east": {"uv": [0, 0, 1, 1], "texture": "#2"},
				"south": {"uv": [0, 0, 1, 1], "texture": "#2"},
				"west": {"uv": [0, 0, 1, 1], "texture": "#2"},
				"up": {"uv": [0, 0, 1, 1], "texture": "#2"},
				"down": {"uv": [0, 0, 1, 1], "texture": "#2"}
			}
		},
		{
			"name": "hexadecagon",
			"from": [7.95027, 3.9125, -0.1],
			"to": [8.04973, 3.9625, 8.85],
			"rotation": {"angle": 45, "axis": "z", "origin": [8, 4.1625, 10.7]},
			"faces": {
				"north": {"uv": [0, 0, 1, 1], "texture": "#2"},
				"east": {"uv": [0, 0, 1, 1], "texture": "#2"},
				"south": {"uv": [0, 0, 1, 1], "texture": "#2"},
				"west": {"uv": [0, 0, 1, 1], "texture": "#2"},
				"up": {"uv": [0, 0, 1, 1], "texture": "#2"},
				"down": {"uv": [0, 0, 1, 1], "texture": "#2"}
			}
		},
		{
			"name": "hexadecagon",
			"from": [7.95027, 4.3625, -0.1],
			"to": [8.04973, 4.4125, 8.85],
			"rotation": {"angle": -45, "axis": "z", "origin": [8, 4.1625, 10.7]},
			"faces": {
				"north": {"uv": [0, 0, 1, 1], "texture": "#2"},
				"east": {"uv": [0, 0, 1, 1], "texture": "#2"},
				"south": {"uv": [0, 0, 1, 1], "texture": "#2"},
				"west": {"uv": [0, 0, 1, 1], "texture": "#2"},
				"up": {"uv": [0, 0, 1, 1], "texture": "#2"},
				"down": {"uv": [0, 0, 1, 1], "texture": "#2"}
			}
		},
		{
			"name": "hexadecagon",
			"from": [7.95027, 4.3625, -0.1],
			"to": [8.04973, 4.4125, 8.85],
			"rotation": {"angle": -22.5, "axis": "z", "origin": [8, 4.1625, 10.7]},
			"faces": {
				"north": {"uv": [0, 0, 1, 1], "texture": "#2"},
				"east": {"uv": [0, 0, 1, 1], "texture": "#2"},
				"south": {"uv": [0, 0, 1, 1], "texture": "#2"},
				"west": {"uv": [0, 0, 1, 1], "texture": "#2"},
				"up": {"uv": [0, 0, 1, 1], "texture": "#2"},
				"down": {"uv": [0, 0, 1, 1], "texture": "#2"}
			}
		},
		{
			"name": "hexadecagon",
			"from": [7.95027, 4.3625, -0.1],
			"to": [8.04973, 4.4125, 8.85],
			"faces": {
				"north": {"uv": [0, 0, 1, 1], "texture": "#2"},
				"east": {"uv": [0, 0, 1, 1], "texture": "#2"},
				"south": {"uv": [0, 0, 1, 1], "texture": "#2"},
				"west": {"uv": [0, 0, 1, 1], "texture": "#2"},
				"up": {"uv": [0, 0, 1, 1], "texture": "#2"},
				"down": {"uv": [0, 0, 1, 1], "texture": "#2"}
			}
		},
		{
			"name": "hexadecagon",
			"from": [7.95027, 4.3625, -0.1],
			"to": [8.04973, 4.4125, 8.85],
			"rotation": {"angle": 22.5, "axis": "z", "origin": [8, 4.1625, 10.7]},
			"faces": {
				"north": {"uv": [0, 0, 1, 1], "texture": "#2"},
				"east": {"uv": [0, 0, 1, 1], "texture": "#2"},
				"south": {"uv": [0, 0, 1, 1], "texture": "#2"},
				"west": {"uv": [0, 0, 1, 1], "texture": "#2"},
				"up": {"uv": [0, 0, 1, 1], "texture": "#2"},
				"down": {"uv": [0, 0, 1, 1], "texture": "#2"}
			}
		},
		{
			"name": "hexadecagon",
			"from": [7.95027, 4.3625, -0.1],
			"to": [8.04973, 4.4125, 8.85],
			"rotation": {"angle": 45, "axis": "z", "origin": [8, 4.1625, 10.7]},
			"faces": {
				"north": {"uv": [0, 0, 1, 1], "texture": "#2"},
				"east": {"uv": [0, 0, 1, 1], "texture": "#2"},
				"south": {"uv": [0, 0, 1, 1], "texture": "#2"},
				"west": {"uv": [0, 0, 1, 1], "texture": "#2"},
				"up": {"uv": [0, 0, 1, 1], "texture": "#2"},
				"down": {"uv": [0, 0, 1, 1], "texture": "#2"}
			}
		},
		{
			"name": "hexadecagon",
			"from": [7.75, 4.11277, -0.1],
			"to": [7.8, 4.21223, 8.85],
			"rotation": {"angle": -22.5, "axis": "z", "origin": [8, 4.1625, 10.7]},
			"faces": {
				"north": {"uv": [0, 0, 1, 1], "texture": "#2"},
				"east": {"uv": [0, 0, 1, 1], "texture": "#2"},
				"south": {"uv": [0, 0, 1, 1], "texture": "#2"},
				"west": {"uv": [0, 0, 1, 1], "texture": "#2"},
				"up": {"uv": [0, 0, 1, 1], "texture": "#2"},
				"down": {"uv": [0, 0, 1, 1], "texture": "#2"}
			}
		},
		{
			"name": "hexadecagon",
			"from": [7.75, 4.11277, -0.1],
			"to": [7.8, 4.21223, 8.85],
			"faces": {
				"north": {"uv": [0, 0, 1, 1], "texture": "#2"},
				"east": {"uv": [0, 0, 1, 1], "texture": "#2"},
				"south": {"uv": [0, 0, 1, 1], "texture": "#2"},
				"west": {"uv": [0, 0, 1, 1], "texture": "#2"},
				"up": {"uv": [0, 0, 1, 1], "texture": "#2"},
				"down": {"uv": [0, 0, 1, 1], "texture": "#2"}
			}
		},
		{
			"name": "hexadecagon",
			"from": [7.75, 4.11277, -0.1],
			"to": [7.8, 4.21223, 8.85],
			"rotation": {"angle": 22.5, "axis": "z", "origin": [8, 4.1625, 10.7]},
			"faces": {
				"north": {"uv": [0, 0, 1, 1], "texture": "#2"},
				"east": {"uv": [0, 0, 1, 1], "texture": "#2"},
				"south": {"uv": [0, 0, 1, 1], "texture": "#2"},
				"west": {"uv": [0, 0, 1, 1], "texture": "#2"},
				"up": {"uv": [0, 0, 1, 1], "texture": "#2"},
				"down": {"uv": [0, 0, 1, 1], "texture": "#2"}
			}
		},
		{
			"name": "hexadecagon",
			"from": [8.2, 4.11277, -0.1],
			"to": [8.25, 4.21223, 8.85],
			"rotation": {"angle": -22.5, "axis": "z", "origin": [8, 4.1625, 10.7]},
			"faces": {
				"north": {"uv": [0, 0, 1, 1], "texture": "#2"},
				"east": {"uv": [0, 0, 1, 1], "texture": "#2"},
				"south": {"uv": [0, 0, 1, 1], "texture": "#2"},
				"west": {"uv": [0, 0, 1, 1], "texture": "#2"},
				"up": {"uv": [0, 0, 1, 1], "texture": "#2"},
				"down": {"uv": [0, 0, 1, 1], "texture": "#2"}
			}
		},
		{
			"name": "hexadecagon",
			"from": [8.2, 4.11277, -0.1],
			"to": [8.25, 4.21223, 8.85],
			"faces": {
				"north": {"uv": [0, 0, 1, 1], "texture": "#2"},
				"east": {"uv": [0, 0, 1, 1], "texture": "#2"},
				"south": {"uv": [0, 0, 1, 1], "texture": "#2"},
				"west": {"uv": [0, 0, 1, 1], "texture": "#2"},
				"up": {"uv": [0, 0, 1, 1], "texture": "#2"},
				"down": {"uv": [0, 0, 1, 1], "texture": "#2"}
			}
		},
		{
			"name": "hexadecagon",
			"from": [8.2, 4.11277, -0.1],
			"to": [8.25, 4.21223, 8.85],
			"rotation": {"angle": 22.5, "axis": "z", "origin": [8, 4.1625, 10.7]},
			"faces": {
				"north": {"uv": [0, 0, 1, 1], "texture": "#2"},
				"east": {"uv": [0, 0, 1, 1], "texture": "#2"},
				"south": {"uv": [0, 0, 1, 1], "texture": "#2"},
				"west": {"uv": [0, 0, 1, 1], "texture": "#2"},
				"up": {"uv": [0, 0, 1, 1], "texture": "#2"},
				"down": {"uv": [0, 0, 1, 1], "texture": "#2"}
			}
		},
		{
			"name": "hexadecagon",
			"from": [7.95027, 5.05, -0.1],
			"to": [8.04973, 5.1, 8.85],
			"faces": {
				"north": {"uv": [0, 0, 1, 1], "texture": "#2"},
				"east": {"uv": [0, 0, 1, 1], "texture": "#2"},
				"south": {"uv": [0, 0, 1, 1], "texture": "#2"},
				"west": {"uv": [0, 0, 1, 1], "texture": "#2"},
				"up": {"uv": [0, 0, 1, 1], "texture": "#2"},
				"down": {"uv": [0, 0, 1, 1], "texture": "#2"}
			}
		},
		{
			"name": "hexadecagon",
			"from": [7.95027, 5.05, 0.275],
			"to": [8.04973, 5.225, 0.5],
			"faces": {
				"north": {"uv": [0, 0, 1, 1], "texture": "#2"},
				"east": {"uv": [0, 0, 1, 1], "texture": "#2"},
				"south": {"uv": [0, 0, 1, 1], "texture": "#2"},
				"west": {"uv": [0, 0, 1, 1], "texture": "#2"},
				"up": {"uv": [0, 0, 1, 1], "texture": "#2"},
				"down": {"uv": [0, 0, 1, 1], "texture": "#2"}
			}
		},
		{
			"name": "hexadecagon",
			"from": [7.80027, 4.2625, 3.7],
			"to": [8.19973, 4.9125, 8.85],
			"faces": {
				"north": {"uv": [0, 0, 1, 1], "texture": "#2"},
				"east": {"uv": [0, 0, 1, 1], "texture": "#2"},
				"south": {"uv": [0, 0, 1, 1], "texture": "#2"},
				"west": {"uv": [0, 0, 1, 1], "texture": "#2"},
				"up": {"uv": [0, 0, 1, 1], "texture": "#2"},
				"down": {"uv": [0, 0, 1, 1], "texture": "#2"}
			}
		},
		{
			"from": [7.7, 4, 10.55],
			"to": [8.3, 4.0625, 13.2375],
			"faces": {
				"north": {"uv": [0, 0, 1.2, 2.1], "texture": "#2"},
				"east": {"uv": [0, 0, 4.3, 2.1], "texture": "#2"},
				"south": {"uv": [0, 0, 1.2, 2.1], "texture": "#2"},
				"west": {"uv": [0, 0, 4.3, 2.1], "texture": "#2"},
				"up": {"uv": [0, 0, 1.2, 4.3], "texture": "#2"},
				"down": {"uv": [0, 0, 1.2, 4.3], "texture": "#2"}
			}
		},
		{
			"from": [7.84973, 3.05437, 11.05872],
			"to": [8.14973, 3.15437, 11.67122],
			"faces": {
				"north": {"uv": [0, 0, 1.2, 2.1], "rotation": 180, "texture": "#2"},
				"east": {"uv": [0, 0, 4.3, 2.1], "rotation": 180, "texture": "#2"},
				"south": {"uv": [0, 0, 1.2, 2.1], "rotation": 180, "texture": "#2"},
				"west": {"uv": [0, 0, 4.3, 2.1], "rotation": 180, "texture": "#2"},
				"up": {"uv": [0, 0, 1.2, 4.3], "texture": "#2"},
				"down": {"uv": [0, 0, 1.2, 4.3], "texture": "#2"}
			}
		},
		{
			"from": [7.84993, 2.28835, 10.65168],
			"to": [8.14993, 2.38835, 11.01418],
			"rotation": {"angle": 22.5, "axis": "x", "origin": [7.99993, 2.56335, 12.96418]},
			"faces": {
				"north": {"uv": [0, 0, 1.2, 2.1], "rotation": 180, "texture": "#2"},
				"east": {"uv": [0, 0, 4.3, 2.1], "rotation": 180, "texture": "#2"},
				"south": {"uv": [0, 0, 1.2, 2.1], "rotation": 180, "texture": "#2"},
				"west": {"uv": [0, 0, 4.3, 2.1], "rotation": 180, "texture": "#2"},
				"up": {"uv": [0, 0, 1.2, 4.3], "texture": "#2"},
				"down": {"uv": [0, 0, 1.2, 4.3], "texture": "#2"}
			}
		},
		{
			"from": [7.84973, 1.736, 10.20732],
			"to": [8.14973, 1.836, 10.34482],
			"rotation": {"angle": 45, "axis": "x", "origin": [7.99973, 2.011, 12.29482]},
			"faces": {
				"north": {"uv": [0, 0, 1.2, 2.1], "rotation": 180, "texture": "#2"},
				"east": {"uv": [0, 0, 4.3, 2.1], "rotation": 180, "texture": "#2"},
				"south": {"uv": [0, 0, 1.2, 2.1], "rotation": 180, "texture": "#2"},
				"west": {"uv": [0, 0, 4.3, 2.1], "rotation": 180, "texture": "#2"},
				"up": {"uv": [0, 0, 1.2, 4.3], "texture": "#2"},
				"down": {"uv": [0, 0, 1.2, 4.3], "texture": "#2"}
			}
		},
		{
			"from": [7.84928, 3.54748, 11.34885],
			"to": [8.14928, 4.45998, 11.44885],
			"rotation": {"angle": -22.5, "axis": "x", "origin": [7.99928, 1.59748, 11.62385]},
			"faces": {
				"north": {"uv": [0, 0, 1.2, 4.3], "rotation": 180, "texture": "#2"},
				"east": {"uv": [0, 0, 4.3, 2.1], "rotation": 90, "texture": "#2"},
				"south": {"uv": [0, 0, 1.2, 4.3], "texture": "#2"},
				"west": {"uv": [0, 0, 4.3, 2.1], "rotation": 270, "texture": "#2"},
				"up": {"uv": [0, 0, 1.2, 2.1], "texture": "#2"},
				"down": {"uv": [0, 0, 1.2, 2.1], "rotation": 180, "texture": "#2"}
			}
		},
		{
			"from": [7.84815, 3.4222, 10.57072],
			"to": [8.14815, 3.8097, 10.67072],
			"faces": {
				"north": {"uv": [0, 0, 1.2, 4.3], "rotation": 180, "texture": "#2"},
				"east": {"uv": [0, 0, 4.3, 2.1], "rotation": 90, "texture": "#2"},
				"south": {"uv": [0, 0, 1.2, 4.3], "texture": "#2"},
				"west": {"uv": [0, 0, 4.3, 2.1], "rotation": 270, "texture": "#2"},
				"up": {"uv": [0, 0, 1.2, 2.1], "texture": "#2"},
				"down": {"uv": [0, 0, 1.2, 2.1], "rotation": 180, "texture": "#2"}
			}
		},
		{
			"from": [7.84928, 3.74748, 12.24885],
			"to": [8.14928, 4.73498, 12.72385],
			"rotation": {"angle": -45, "axis": "x", "origin": [7.99928, 1.59748, 11.62385]},
			"faces": {
				"north": {"uv": [0, 0, 1.2, 4.3], "rotation": 180, "texture": "#2"},
				"east": {"uv": [0, 0, 4.3, 2.1], "rotation": 90, "texture": "#2"},
				"south": {"uv": [0, 0, 1.2, 4.3], "texture": "#2"},
				"west": {"uv": [0, 0, 4.3, 2.1], "rotation": 270, "texture": "#2"},
				"up": {"uv": [0, 0, 1.2, 2.1], "texture": "#2"},
				"down": {"uv": [0, 0, 1.2, 2.1], "rotation": 180, "texture": "#2"}
			}
		},
		{
			"from": [7.84815, 3.2972, 9.77072],
			"to": [8.14815, 3.6847, 9.87072],
			"rotation": {"angle": 22.5, "axis": "x", "origin": [7.99815, 1.4722, 10.84572]},
			"faces": {
				"north": {"uv": [0, 0, 1.2, 4.3], "rotation": 180, "texture": "#2"},
				"east": {"uv": [0, 0, 4.3, 2.1], "rotation": 90, "texture": "#2"},
				"south": {"uv": [0, 0, 1.2, 4.3], "texture": "#2"},
				"west": {"uv": [0, 0, 4.3, 2.1], "rotation": 270, "texture": "#2"},
				"up": {"uv": [0, 0, 1.2, 2.1], "texture": "#2"},
				"down": {"uv": [0, 0, 1.2, 2.1], "rotation": 180, "texture": "#2"}
			}
		},
		{
			"name": "hexadecagon",
			"from": [7.94033, 3.85, 0.65],
			"to": [8.05967, 4.45, 1.15],
			"rotation": {"angle": -45, "axis": "z", "origin": [8, 4.15, 0.75]},
			"faces": {
				"north": {"uv": [0, 0, 1, 1], "texture": "#2"},
				"east": {"uv": [0, 0, 1, 1], "texture": "#2"},
				"south": {"uv": [0, 0, 1, 1], "texture": "#2"},
				"west": {"uv": [0, 0, 1, 1], "texture": "#2"},
				"up": {"uv": [0, 0, 1, 1], "texture": "#2"},
				"down": {"uv": [0, 0, 1, 1], "texture": "#2"}
			}
		},
		{
			"name": "hexadecagon",
			"from": [7.94033, 3.85, 0.65],
			"to": [8.05967, 4.45, 1.15],
			"rotation": {"angle": -22.5, "axis": "z", "origin": [8, 4.15, 0.75]},
			"faces": {
				"north": {"uv": [0, 0, 1, 1], "texture": "#2"},
				"east": {"uv": [0, 0, 1, 1], "texture": "#2"},
				"south": {"uv": [0, 0, 1, 1], "texture": "#2"},
				"west": {"uv": [0, 0, 1, 1], "texture": "#2"},
				"up": {"uv": [0, 0, 1, 1], "texture": "#2"},
				"down": {"uv": [0, 0, 1, 1], "texture": "#2"}
			}
		},
		{
			"name": "hexadecagon",
			"from": [7.94033, 3.85, 0.65],
			"to": [8.05967, 4.45, 1.15],
			"faces": {
				"north": {"uv": [0, 0, 1, 1], "texture": "#2"},
				"east": {"uv": [0, 0, 1, 1], "texture": "#2"},
				"south": {"uv": [0, 0, 1, 1], "texture": "#2"},
				"west": {"uv": [0, 0, 1, 1], "texture": "#2"},
				"up": {"uv": [0, 0, 1, 1], "texture": "#2"},
				"down": {"uv": [0, 0, 1, 1], "texture": "#2"}
			}
		},
		{
			"name": "hexadecagon",
			"from": [7.94033, 3.85, 0.65],
			"to": [8.05967, 4.45, 1.15],
			"rotation": {"angle": 22.5, "axis": "z", "origin": [8, 4.15, 0.75]},
			"faces": {
				"north": {"uv": [0, 0, 1, 1], "texture": "#2"},
				"east": {"uv": [0, 0, 1, 1], "texture": "#2"},
				"south": {"uv": [0, 0, 1, 1], "texture": "#2"},
				"west": {"uv": [0, 0, 1, 1], "texture": "#2"},
				"up": {"uv": [0, 0, 1, 1], "texture": "#2"},
				"down": {"uv": [0, 0, 1, 1], "texture": "#2"}
			}
		},
		{
			"name": "hexadecagon",
			"from": [7.94033, 3.85, 0.65],
			"to": [8.05967, 4.45, 1.15],
			"rotation": {"angle": 45, "axis": "z", "origin": [8, 4.15, 0.75]},
			"faces": {
				"north": {"uv": [0, 0, 1, 1], "texture": "#2"},
				"east": {"uv": [0, 0, 1, 1], "texture": "#2"},
				"south": {"uv": [0, 0, 1, 1], "texture": "#2"},
				"west": {"uv": [0, 0, 1, 1], "texture": "#2"},
				"up": {"uv": [0, 0, 1, 1], "texture": "#2"},
				"down": {"uv": [0, 0, 1, 1], "texture": "#2"}
			}
		},
		{
			"name": "hexadecagon",
			"from": [7.7, 4.09033, 0.65],
			"to": [8.3, 4.20967, 1.15],
			"rotation": {"angle": -22.5, "axis": "z", "origin": [8, 4.15, 0.75]},
			"faces": {
				"north": {"uv": [0, 0, 1, 1], "texture": "#2"},
				"east": {"uv": [0, 0, 1, 1], "texture": "#2"},
				"south": {"uv": [0, 0, 1, 1], "texture": "#2"},
				"west": {"uv": [0, 0, 1, 1], "texture": "#2"},
				"up": {"uv": [0, 0, 1, 1], "texture": "#2"},
				"down": {"uv": [0, 0, 1, 1], "texture": "#2"}
			}
		},
		{
			"name": "hexadecagon",
			"from": [7.7, 4.09033, 0.65],
			"to": [8.3, 4.20967, 1.15],
			"faces": {
				"north": {"uv": [0, 0, 1, 1], "texture": "#2"},
				"east": {"uv": [0, 0, 1, 1], "texture": "#2"},
				"south": {"uv": [0, 0, 1, 1], "texture": "#2"},
				"west": {"uv": [0, 0, 1, 1], "texture": "#2"},
				"up": {"uv": [0, 0, 1, 1], "texture": "#2"},
				"down": {"uv": [0, 0, 1, 1], "texture": "#2"}
			}
		},
		{
			"name": "hexadecagon",
			"from": [7.7, 4.09033, 0.65],
			"to": [8.3, 4.20967, 1.15],
			"rotation": {"angle": 22.5, "axis": "z", "origin": [8, 4.15, 0.75]},
			"faces": {
				"north": {"uv": [0, 0, 1, 1], "texture": "#2"},
				"east": {"uv": [0, 0, 1, 1], "texture": "#2"},
				"south": {"uv": [0, 0, 1, 1], "texture": "#2"},
				"west": {"uv": [0, 0, 1, 1], "texture": "#2"},
				"up": {"uv": [0, 0, 1, 1], "texture": "#2"},
				"down": {"uv": [0, 0, 1, 1], "texture": "#2"}
			}
		},
		{
			"name": "hexadecagon",
			"from": [7.94033, 4.55, 0.65],
			"to": [8.05967, 5.15, 1.15],
			"rotation": {"angle": -45, "axis": "z", "origin": [8, 4.85, 0.75]},
			"faces": {
				"north": {"uv": [0, 0, 1, 1], "texture": "#2"},
				"east": {"uv": [0, 0, 1, 1], "texture": "#2"},
				"south": {"uv": [0, 0, 1, 1], "texture": "#2"},
				"west": {"uv": [0, 0, 1, 1], "texture": "#2"},
				"up": {"uv": [0, 0, 1, 1], "texture": "#2"},
				"down": {"uv": [0, 0, 1, 1], "texture": "#2"}
			}
		},
		{
			"name": "hexadecagon",
			"from": [7.94033, 4.55, 0.65],
			"to": [8.05967, 5.15, 1.15],
			"rotation": {"angle": -22.5, "axis": "z", "origin": [8, 4.85, 0.75]},
			"faces": {
				"north": {"uv": [0, 0, 1, 1], "texture": "#2"},
				"east": {"uv": [0, 0, 1, 1], "texture": "#2"},
				"south": {"uv": [0, 0, 1, 1], "texture": "#2"},
				"west": {"uv": [0, 0, 1, 1], "texture": "#2"},
				"up": {"uv": [0, 0, 1, 1], "texture": "#2"},
				"down": {"uv": [0, 0, 1, 1], "texture": "#2"}
			}
		},
		{
			"name": "hexadecagon",
			"from": [7.94033, 4.55, 0.65],
			"to": [8.05967, 5.15, 1.15],
			"faces": {
				"north": {"uv": [0, 0, 1, 1], "texture": "#2"},
				"east": {"uv": [0, 0, 1, 1], "texture": "#2"},
				"south": {"uv": [0, 0, 1, 1], "texture": "#2"},
				"west": {"uv": [0, 0, 1, 1], "texture": "#2"},
				"up": {"uv": [0, 0, 1, 1], "texture": "#2"},
				"down": {"uv": [0, 0, 1, 1], "texture": "#2"}
			}
		},
		{
			"name": "hexadecagon",
			"from": [7.94033, 4.55, 0.65],
			"to": [8.05967, 5.15, 1.15],
			"rotation": {"angle": 22.5, "axis": "z", "origin": [8, 4.85, 0.75]},
			"faces": {
				"north": {"uv": [0, 0, 1, 1], "texture": "#2"},
				"east": {"uv": [0, 0, 1, 1], "texture": "#2"},
				"south": {"uv": [0, 0, 1, 1], "texture": "#2"},
				"west": {"uv": [0, 0, 1, 1], "texture": "#2"},
				"up": {"uv": [0, 0, 1, 1], "texture": "#2"},
				"down": {"uv": [0, 0, 1, 1], "texture": "#2"}
			}
		},
		{
			"name": "hexadecagon",
			"from": [7.94033, 4.55, 0.65],
			"to": [8.05967, 5.15, 1.15],
			"rotation": {"angle": 45, "axis": "z", "origin": [8, 4.85, 0.75]},
			"faces": {
				"north": {"uv": [0, 0, 1, 1], "texture": "#2"},
				"east": {"uv": [0, 0, 1, 1], "texture": "#2"},
				"south": {"uv": [0, 0, 1, 1], "texture": "#2"},
				"west": {"uv": [0, 0, 1, 1], "texture": "#2"},
				"up": {"uv": [0, 0, 1, 1], "texture": "#2"},
				"down": {"uv": [0, 0, 1, 1], "texture": "#2"}
			}
		},
		{
			"name": "hexadecagon",
			"from": [7.7, 4.79033, 0.65],
			"to": [8.3, 4.90967, 1.15],
			"rotation": {"angle": -22.5, "axis": "z", "origin": [8, 4.85, 0.75]},
			"faces": {
				"north": {"uv": [0, 0, 1, 1], "texture": "#2"},
				"east": {"uv": [0, 0, 1, 1], "texture": "#2"},
				"south": {"uv": [0, 0, 1, 1], "texture": "#2"},
				"west": {"uv": [0, 0, 1, 1], "texture": "#2"},
				"up": {"uv": [0, 0, 1, 1], "texture": "#2"},
				"down": {"uv": [0, 0, 1, 1], "texture": "#2"}
			}
		},
		{
			"name": "hexadecagon",
			"from": [7.7, 4.79033, 0.65],
			"to": [8.3, 4.90967, 1.15],
			"faces": {
				"north": {"uv": [0, 0, 1, 1], "texture": "#2"},
				"east": {"uv": [0, 0, 1, 1], "texture": "#2"},
				"south": {"uv": [0, 0, 1, 1], "texture": "#2"},
				"west": {"uv": [0, 0, 1, 1], "texture": "#2"},
				"up": {"uv": [0, 0, 1, 1], "texture": "#2"},
				"down": {"uv": [0, 0, 1, 1], "texture": "#2"}
			}
		},
		{
			"name": "hexadecagon",
			"from": [7.7, 4.79033, 0.65],
			"to": [8.3, 4.90967, 1.15],
			"rotation": {"angle": 22.5, "axis": "z", "origin": [8, 4.85, 0.75]},
			"faces": {
				"north": {"uv": [0, 0, 1, 1], "texture": "#2"},
				"east": {"uv": [0, 0, 1, 1], "texture": "#2"},
				"south": {"uv": [0, 0, 1, 1], "texture": "#2"},
				"west": {"uv": [0, 0, 1, 1], "texture": "#2"},
				"up": {"uv": [0, 0, 1, 1], "texture": "#2"},
				"down": {"uv": [0, 0, 1, 1], "texture": "#2"}
			}
		},
		{
			"name": "hexadecagon",
			"from": [7.79033, 4.25, 0.65],
			"to": [8.20967, 4.95, 1.15],
			"faces": {
				"north": {"uv": [0, 0, 1, 1], "texture": "#2"},
				"east": {"uv": [0, 0, 1, 1], "texture": "#2"},
				"south": {"uv": [0, 0, 1, 1], "texture": "#2"},
				"west": {"uv": [0, 0, 1, 1], "texture": "#2"},
				"up": {"uv": [0, 0, 1, 1], "texture": "#2"},
				"down": {"uv": [0, 0, 1, 1], "texture": "#2"}
			}
		},
		{
			"name": "hexadecagon",
			"from": [7.93535, 3.825, 2.925],
			"to": [8.06465, 4.475, 3.15],
			"rotation": {"angle": -45, "axis": "z", "origin": [8, 4.15, 2.65]},
			"faces": {
				"north": {"uv": [0, 0, 1, 1], "texture": "#2"},
				"east": {"uv": [0, 0, 1, 1], "texture": "#2"},
				"south": {"uv": [0, 0, 1, 1], "texture": "#2"},
				"west": {"uv": [0, 0, 1, 1], "texture": "#2"},
				"up": {"uv": [0, 0, 1, 1], "texture": "#2"},
				"down": {"uv": [0, 0, 1, 1], "texture": "#2"}
			}
		},
		{
			"name": "hexadecagon",
			"from": [7.93535, 3.825, 2.925],
			"to": [8.06465, 4.475, 3.15],
			"rotation": {"angle": -22.5, "axis": "z", "origin": [8, 4.15, 2.65]},
			"faces": {
				"north": {"uv": [0, 0, 1, 1], "texture": "#2"},
				"east": {"uv": [0, 0, 1, 1], "texture": "#2"},
				"south": {"uv": [0, 0, 1, 1], "texture": "#2"},
				"west": {"uv": [0, 0, 1, 1], "texture": "#2"},
				"up": {"uv": [0, 0, 1, 1], "texture": "#2"},
				"down": {"uv": [0, 0, 1, 1], "texture": "#2"}
			}
		},
		{
			"name": "hexadecagon",
			"from": [7.93535, 3.825, 2.925],
			"to": [8.06465, 4.475, 3.15],
			"faces": {
				"north": {"uv": [0, 0, 1, 1], "texture": "#2"},
				"east": {"uv": [0, 0, 1, 1], "texture": "#2"},
				"south": {"uv": [0, 0, 1, 1], "texture": "#2"},
				"west": {"uv": [0, 0, 1, 1], "texture": "#2"},
				"up": {"uv": [0, 0, 1, 1], "texture": "#2"},
				"down": {"uv": [0, 0, 1, 1], "texture": "#2"}
			}
		},
		{
			"name": "hexadecagon",
			"from": [7.93535, 3.825, 2.925],
			"to": [8.06465, 4.475, 3.15],
			"rotation": {"angle": 22.5, "axis": "z", "origin": [8, 4.15, 2.65]},
			"faces": {
				"north": {"uv": [0, 0, 1, 1], "texture": "#2"},
				"east": {"uv": [0, 0, 1, 1], "texture": "#2"},
				"south": {"uv": [0, 0, 1, 1], "texture": "#2"},
				"west": {"uv": [0, 0, 1, 1], "texture": "#2"},
				"up": {"uv": [0, 0, 1, 1], "texture": "#2"},
				"down": {"uv": [0, 0, 1, 1], "texture": "#2"}
			}
		},
		{
			"name": "hexadecagon",
			"from": [7.93535, 3.825, 2.925],
			"to": [8.06465, 4.475, 3.15],
			"rotation": {"angle": 45, "axis": "z", "origin": [8, 4.15, 2.65]},
			"faces": {
				"north": {"uv": [0, 0, 1, 1], "texture": "#2"},
				"east": {"uv": [0, 0, 1, 1], "texture": "#2"},
				"south": {"uv": [0, 0, 1, 1], "texture": "#2"},
				"west": {"uv": [0, 0, 1, 1], "texture": "#2"},
				"up": {"uv": [0, 0, 1, 1], "texture": "#2"},
				"down": {"uv": [0, 0, 1, 1], "texture": "#2"}
			}
		},
		{
			"name": "hexadecagon",
			"from": [7.675, 4.08535, 2.925],
			"to": [8.325, 4.21465, 3.15],
			"rotation": {"angle": -22.5, "axis": "z", "origin": [8, 4.15, 2.65]},
			"faces": {
				"north": {"uv": [0, 0, 1, 1], "texture": "#2"},
				"east": {"uv": [0, 0, 1, 1], "texture": "#2"},
				"south": {"uv": [0, 0, 1, 1], "texture": "#2"},
				"west": {"uv": [0, 0, 1, 1], "texture": "#2"},
				"up": {"uv": [0, 0, 1, 1], "texture": "#2"},
				"down": {"uv": [0, 0, 1, 1], "texture": "#2"}
			}
		},
		{
			"name": "hexadecagon",
			"from": [7.675, 4.08535, 2.925],
			"to": [8.325, 4.21465, 3.15],
			"faces": {
				"north": {"uv": [0, 0, 1, 1], "texture": "#2"},
				"east": {"uv": [0, 0, 1, 1], "texture": "#2"},
				"south": {"uv": [0, 0, 1, 1], "texture": "#2"},
				"west": {"uv": [0, 0, 1, 1], "texture": "#2"},
				"up": {"uv": [0, 0, 1, 1], "texture": "#2"},
				"down": {"uv": [0, 0, 1, 1], "texture": "#2"}
			}
		},
		{
			"name": "hexadecagon",
			"from": [7.675, 4.08535, 2.925],
			"to": [8.325, 4.21465, 3.15],
			"rotation": {"angle": 22.5, "axis": "z", "origin": [8, 4.15, 2.65]},
			"faces": {
				"north": {"uv": [0, 0, 1, 1], "texture": "#2"},
				"east": {"uv": [0, 0, 1, 1], "texture": "#2"},
				"south": {"uv": [0, 0, 1, 1], "texture": "#2"},
				"west": {"uv": [0, 0, 1, 1], "texture": "#2"},
				"up": {"uv": [0, 0, 1, 1], "texture": "#2"},
				"down": {"uv": [0, 0, 1, 1], "texture": "#2"}
			}
		},
		{
			"from": [7.7, 4, 10.9],
			"to": [8.3, 4.35, 13.1],
			"faces": {
				"north": {"uv": [0, 0, 1.2, 2.1], "texture": "#2"},
				"east": {"uv": [0, 0, 4.3, 2.1], "texture": "#2"},
				"south": {"uv": [0, 0, 1.2, 2.1], "texture": "#2"},
				"west": {"uv": [0, 0, 4.3, 2.1], "texture": "#2"},
				"up": {"uv": [0, 0, 1.2, 4.3], "texture": "#2"},
				"down": {"uv": [0, 0, 1.2, 4.3], "texture": "#2"}
			}
		},
		{
			"name": "hexadecagon",
			"from": [7.91049, 3.7, 3.1],
			"to": [8.08951, 4.6, 3.525],
			"rotation": {"angle": -45, "axis": "z", "origin": [8, 4.15, 6.325]},
			"faces": {
				"north": {"uv": [0, 0, 1, 1], "texture": "#3"},
				"east": {"uv": [0, 0, 1, 1], "texture": "#3"},
				"south": {"uv": [0, 0, 1, 1], "texture": "#3"},
				"west": {"uv": [0, 0, 1, 1], "texture": "#3"},
				"up": {"uv": [0, 0, 1, 1], "texture": "#3"},
				"down": {"uv": [0, 0, 1, 1], "texture": "#3"}
			}
		},
		{
			"name": "hexadecagon",
			"from": [7.91049, 3.7, 3.1],
			"to": [8.08951, 4.6, 3.525],
			"rotation": {"angle": -22.5, "axis": "z", "origin": [8, 4.15, 6.325]},
			"faces": {
				"north": {"uv": [0, 0, 1, 1], "texture": "#3"},
				"east": {"uv": [0, 0, 1, 1], "texture": "#3"},
				"south": {"uv": [0, 0, 1, 1], "texture": "#3"},
				"west": {"uv": [0, 0, 1, 1], "texture": "#3"},
				"up": {"uv": [0, 0, 1, 1], "texture": "#3"},
				"down": {"uv": [0, 0, 1, 1], "texture": "#3"}
			}
		},
		{
			"name": "hexadecagon",
			"from": [7.91049, 3.7, 3.1],
			"to": [8.08951, 4.6, 3.525],
			"faces": {
				"north": {"uv": [0, 0, 1, 1], "texture": "#3"},
				"east": {"uv": [0, 0, 1, 1], "texture": "#3"},
				"south": {"uv": [0, 0, 1, 1], "texture": "#3"},
				"west": {"uv": [0, 0, 1, 1], "texture": "#3"},
				"up": {"uv": [0, 0, 1, 1], "texture": "#3"},
				"down": {"uv": [0, 0, 1, 1], "texture": "#3"}
			}
		},
		{
			"name": "hexadecagon",
			"from": [7.91049, 3.7, 3.1],
			"to": [8.08951, 4.6, 3.525],
			"rotation": {"angle": 22.5, "axis": "z", "origin": [8, 4.15, 6.325]},
			"faces": {
				"north": {"uv": [0, 0, 1, 1], "texture": "#3"},
				"east": {"uv": [0, 0, 1, 1], "texture": "#3"},
				"south": {"uv": [0, 0, 1, 1], "texture": "#3"},
				"west": {"uv": [0, 0, 1, 1], "texture": "#3"},
				"up": {"uv": [0, 0, 1, 1], "texture": "#3"},
				"down": {"uv": [0, 0, 1, 1], "texture": "#3"}
			}
		},
		{
			"name": "hexadecagon",
			"from": [7.91049, 3.7, 3.1],
			"to": [8.08951, 4.6, 3.525],
			"rotation": {"angle": 45, "axis": "z", "origin": [8, 4.15, 6.325]},
			"faces": {
				"north": {"uv": [0, 0, 1, 1], "texture": "#3"},
				"east": {"uv": [0, 0, 1, 1], "texture": "#3"},
				"south": {"uv": [0, 0, 1, 1], "texture": "#3"},
				"west": {"uv": [0, 0, 1, 1], "texture": "#3"},
				"up": {"uv": [0, 0, 1, 1], "texture": "#3"},
				"down": {"uv": [0, 0, 1, 1], "texture": "#3"}
			}
		},
		{
			"name": "hexadecagon",
			"from": [7.55, 4.06049, 3.1],
			"to": [8.45, 4.23951, 3.525],
			"rotation": {"angle": -22.5, "axis": "z", "origin": [8, 4.15, 6.325]},
			"faces": {
				"north": {"uv": [0, 0, 1, 1], "texture": "#3"},
				"east": {"uv": [0, 0, 1, 1], "texture": "#3"},
				"south": {"uv": [0, 0, 1, 1], "texture": "#3"},
				"west": {"uv": [0, 0, 1, 1], "texture": "#3"},
				"up": {"uv": [0, 0, 1, 1], "texture": "#3"},
				"down": {"uv": [0, 0, 1, 1], "texture": "#3"}
			}
		},
		{
			"name": "hexadecagon",
			"from": [7.55, 4.06049, 3.1],
			"to": [8.45, 4.23951, 3.525],
			"faces": {
				"north": {"uv": [0, 0, 1, 1], "texture": "#3"},
				"east": {"uv": [0, 0, 1, 1], "texture": "#3"},
				"south": {"uv": [0, 0, 1, 1], "texture": "#3"},
				"west": {"uv": [0, 0, 1, 1], "texture": "#3"},
				"up": {"uv": [0, 0, 1, 1], "texture": "#3"},
				"down": {"uv": [0, 0, 1, 1], "texture": "#3"}
			}
		},
		{
			"name": "hexadecagon",
			"from": [7.55, 4.06049, 3.1],
			"to": [8.45, 4.23951, 3.525],
			"rotation": {"angle": 22.5, "axis": "z", "origin": [8, 4.15, 6.325]},
			"faces": {
				"north": {"uv": [0, 0, 1, 1], "texture": "#3"},
				"east": {"uv": [0, 0, 1, 1], "texture": "#3"},
				"south": {"uv": [0, 0, 1, 1], "texture": "#3"},
				"west": {"uv": [0, 0, 1, 1], "texture": "#3"},
				"up": {"uv": [0, 0, 1, 1], "texture": "#3"},
				"down": {"uv": [0, 0, 1, 1], "texture": "#3"}
			}
		},
		{
			"name": "hexadecagon",
			"from": [7.91049, 3.7, 3.6],
			"to": [8.08951, 4.6, 4.025],
			"rotation": {"angle": -45, "axis": "z", "origin": [8, 4.15, 6.825]},
			"faces": {
				"north": {"uv": [0, 0, 1, 1], "texture": "#3"},
				"east": {"uv": [0, 0, 1, 1], "texture": "#3"},
				"south": {"uv": [0, 0, 1, 1], "texture": "#3"},
				"west": {"uv": [0, 0, 1, 1], "texture": "#3"},
				"up": {"uv": [0, 0, 1, 1], "texture": "#3"},
				"down": {"uv": [0, 0, 1, 1], "texture": "#3"}
			}
		},
		{
			"name": "hexadecagon",
			"from": [7.91049, 3.7, 3.6],
			"to": [8.08951, 4.6, 4.025],
			"rotation": {"angle": -22.5, "axis": "z", "origin": [8, 4.15, 6.825]},
			"faces": {
				"north": {"uv": [0, 0, 1, 1], "texture": "#3"},
				"east": {"uv": [0, 0, 1, 1], "texture": "#3"},
				"south": {"uv": [0, 0, 1, 1], "texture": "#3"},
				"west": {"uv": [0, 0, 1, 1], "texture": "#3"},
				"up": {"uv": [0, 0, 1, 1], "texture": "#3"},
				"down": {"uv": [0, 0, 1, 1], "texture": "#3"}
			}
		},
		{
			"name": "hexadecagon",
			"from": [7.91049, 3.7, 3.6],
			"to": [8.08951, 4.6, 4.025],
			"faces": {
				"north": {"uv": [0, 0, 1, 1], "texture": "#3"},
				"east": {"uv": [0, 0, 1, 1], "texture": "#3"},
				"south": {"uv": [0, 0, 1, 1], "texture": "#3"},
				"west": {"uv": [0, 0, 1, 1], "texture": "#3"},
				"up": {"uv": [0, 0, 1, 1], "texture": "#3"},
				"down": {"uv": [0, 0, 1, 1], "texture": "#3"}
			}
		},
		{
			"name": "hexadecagon",
			"from": [7.91049, 3.7, 3.6],
			"to": [8.08951, 4.6, 4.025],
			"rotation": {"angle": 22.5, "axis": "z", "origin": [8, 4.15, 6.825]},
			"faces": {
				"north": {"uv": [0, 0, 1, 1], "texture": "#3"},
				"east": {"uv": [0, 0, 1, 1], "texture": "#3"},
				"south": {"uv": [0, 0, 1, 1], "texture": "#3"},
				"west": {"uv": [0, 0, 1, 1], "texture": "#3"},
				"up": {"uv": [0, 0, 1, 1], "texture": "#3"},
				"down": {"uv": [0, 0, 1, 1], "texture": "#3"}
			}
		},
		{
			"name": "hexadecagon",
			"from": [7.91049, 3.7, 3.6],
			"to": [8.08951, 4.6, 4.025],
			"rotation": {"angle": 45, "axis": "z", "origin": [8, 4.15, 6.825]},
			"faces": {
				"north": {"uv": [0, 0, 1, 1], "texture": "#3"},
				"east": {"uv": [0, 0, 1, 1], "texture": "#3"},
				"south": {"uv": [0, 0, 1, 1], "texture": "#3"},
				"west": {"uv": [0, 0, 1, 1], "texture": "#3"},
				"up": {"uv": [0, 0, 1, 1], "texture": "#3"},
				"down": {"uv": [0, 0, 1, 1], "texture": "#3"}
			}
		},
		{
			"name": "hexadecagon",
			"from": [7.55, 4.06049, 3.6],
			"to": [8.45, 4.23951, 4.025],
			"rotation": {"angle": -22.5, "axis": "z", "origin": [8, 4.15, 6.825]},
			"faces": {
				"north": {"uv": [0, 0, 1, 1], "texture": "#3"},
				"east": {"uv": [0, 0, 1, 1], "texture": "#3"},
				"south": {"uv": [0, 0, 1, 1], "texture": "#3"},
				"west": {"uv": [0, 0, 1, 1], "texture": "#3"},
				"up": {"uv": [0, 0, 1, 1], "texture": "#3"},
				"down": {"uv": [0, 0, 1, 1], "texture": "#3"}
			}
		},
		{
			"name": "hexadecagon",
			"from": [7.55, 4.06049, 3.6],
			"to": [8.45, 4.23951, 4.025],
			"faces": {
				"north": {"uv": [0, 0, 1, 1], "texture": "#3"},
				"east": {"uv": [0, 0, 1, 1], "texture": "#3"},
				"south": {"uv": [0, 0, 1, 1], "texture": "#3"},
				"west": {"uv": [0, 0, 1, 1], "texture": "#3"},
				"up": {"uv": [0, 0, 1, 1], "texture": "#3"},
				"down": {"uv": [0, 0, 1, 1], "texture": "#3"}
			}
		},
		{
			"name": "hexadecagon",
			"from": [7.55, 4.06049, 3.6],
			"to": [8.45, 4.23951, 4.025],
			"rotation": {"angle": 22.5, "axis": "z", "origin": [8, 4.15, 6.825]},
			"faces": {
				"north": {"uv": [0, 0, 1, 1], "texture": "#3"},
				"east": {"uv": [0, 0, 1, 1], "texture": "#3"},
				"south": {"uv": [0, 0, 1, 1], "texture": "#3"},
				"west": {"uv": [0, 0, 1, 1], "texture": "#3"},
				"up": {"uv": [0, 0, 1, 1], "texture": "#3"},
				"down": {"uv": [0, 0, 1, 1], "texture": "#3"}
			}
		},
		{
			"name": "hexadecagon",
			"from": [7.91049, 3.7, 4.1],
			"to": [8.08951, 4.6, 4.525],
			"rotation": {"angle": -45, "axis": "z", "origin": [8, 4.15, 7.325]},
			"faces": {
				"north": {"uv": [0, 0, 1, 1], "texture": "#3"},
				"east": {"uv": [0, 0, 1, 1], "texture": "#3"},
				"south": {"uv": [0, 0, 1, 1], "texture": "#3"},
				"west": {"uv": [0, 0, 1, 1], "texture": "#3"},
				"up": {"uv": [0, 0, 1, 1], "texture": "#3"},
				"down": {"uv": [0, 0, 1, 1], "texture": "#3"}
			}
		},
		{
			"name": "hexadecagon",
			"from": [7.91049, 3.7, 4.1],
			"to": [8.08951, 4.6, 4.525],
			"rotation": {"angle": -22.5, "axis": "z", "origin": [8, 4.15, 7.325]},
			"faces": {
				"north": {"uv": [0, 0, 1, 1], "texture": "#3"},
				"east": {"uv": [0, 0, 1, 1], "texture": "#3"},
				"south": {"uv": [0, 0, 1, 1], "texture": "#3"},
				"west": {"uv": [0, 0, 1, 1], "texture": "#3"},
				"up": {"uv": [0, 0, 1, 1], "texture": "#3"},
				"down": {"uv": [0, 0, 1, 1], "texture": "#3"}
			}
		},
		{
			"name": "hexadecagon",
			"from": [7.91049, 3.7, 4.1],
			"to": [8.08951, 4.6, 4.525],
			"faces": {
				"north": {"uv": [0, 0, 1, 1], "texture": "#3"},
				"east": {"uv": [0, 0, 1, 1], "texture": "#3"},
				"south": {"uv": [0, 0, 1, 1], "texture": "#3"},
				"west": {"uv": [0, 0, 1, 1], "texture": "#3"},
				"up": {"uv": [0, 0, 1, 1], "texture": "#3"},
				"down": {"uv": [0, 0, 1, 1], "texture": "#3"}
			}
		},
		{
			"name": "hexadecagon",
			"from": [7.91049, 3.7, 4.1],
			"to": [8.08951, 4.6, 4.525],
			"rotation": {"angle": 22.5, "axis": "z", "origin": [8, 4.15, 7.325]},
			"faces": {
				"north": {"uv": [0, 0, 1, 1], "texture": "#3"},
				"east": {"uv": [0, 0, 1, 1], "texture": "#3"},
				"south": {"uv": [0, 0, 1, 1], "texture": "#3"},
				"west": {"uv": [0, 0, 1, 1], "texture": "#3"},
				"up": {"uv": [0, 0, 1, 1], "texture": "#3"},
				"down": {"uv": [0, 0, 1, 1], "texture": "#3"}
			}
		},
		{
			"name": "hexadecagon",
			"from": [7.91049, 3.7, 4.1],
			"to": [8.08951, 4.6, 4.525],
			"rotation": {"angle": 45, "axis": "z", "origin": [8, 4.15, 7.325]},
			"faces": {
				"north": {"uv": [0, 0, 1, 1], "texture": "#3"},
				"east": {"uv": [0, 0, 1, 1], "texture": "#3"},
				"south": {"uv": [0, 0, 1, 1], "texture": "#3"},
				"west": {"uv": [0, 0, 1, 1], "texture": "#3"},
				"up": {"uv": [0, 0, 1, 1], "texture": "#3"},
				"down": {"uv": [0, 0, 1, 1], "texture": "#3"}
			}
		},
		{
			"name": "hexadecagon",
			"from": [7.55, 4.06049, 4.1],
			"to": [8.45, 4.23951, 4.525],
			"rotation": {"angle": -22.5, "axis": "z", "origin": [8, 4.15, 7.325]},
			"faces": {
				"north": {"uv": [0, 0, 1, 1], "texture": "#3"},
				"east": {"uv": [0, 0, 1, 1], "texture": "#3"},
				"south": {"uv": [0, 0, 1, 1], "texture": "#3"},
				"west": {"uv": [0, 0, 1, 1], "texture": "#3"},
				"up": {"uv": [0, 0, 1, 1], "texture": "#3"},
				"down": {"uv": [0, 0, 1, 1], "texture": "#3"}
			}
		},
		{
			"name": "hexadecagon",
			"from": [7.55, 4.06049, 4.1],
			"to": [8.45, 4.23951, 4.525],
			"faces": {
				"north": {"uv": [0, 0, 1, 1], "texture": "#3"},
				"east": {"uv": [0, 0, 1, 1], "texture": "#3"},
				"south": {"uv": [0, 0, 1, 1], "texture": "#3"},
				"west": {"uv": [0, 0, 1, 1], "texture": "#3"},
				"up": {"uv": [0, 0, 1, 1], "texture": "#3"},
				"down": {"uv": [0, 0, 1, 1], "texture": "#3"}
			}
		},
		{
			"name": "hexadecagon",
			"from": [7.55, 4.06049, 4.1],
			"to": [8.45, 4.23951, 4.525],
			"rotation": {"angle": 22.5, "axis": "z", "origin": [8, 4.15, 7.325]},
			"faces": {
				"north": {"uv": [0, 0, 1, 1], "texture": "#3"},
				"east": {"uv": [0, 0, 1, 1], "texture": "#3"},
				"south": {"uv": [0, 0, 1, 1], "texture": "#3"},
				"west": {"uv": [0, 0, 1, 1], "texture": "#3"},
				"up": {"uv": [0, 0, 1, 1], "texture": "#3"},
				"down": {"uv": [0, 0, 1, 1], "texture": "#3"}
			}
		},
		{
			"name": "hexadecagon",
			"from": [7.91049, 3.7, 5.6],
			"to": [8.08951, 4.6, 6.025],
			"rotation": {"angle": -45, "axis": "z", "origin": [8, 4.15, 8.825]},
			"faces": {
				"north": {"uv": [0, 0, 1, 1], "texture": "#3"},
				"east": {"uv": [0, 0, 1, 1], "texture": "#3"},
				"south": {"uv": [0, 0, 1, 1], "texture": "#3"},
				"west": {"uv": [0, 0, 1, 1], "texture": "#3"},
				"up": {"uv": [0, 0, 1, 1], "texture": "#3"},
				"down": {"uv": [0, 0, 1, 1], "texture": "#3"}
			}
		},
		{
			"name": "hexadecagon",
			"from": [7.91049, 3.7, 5.6],
			"to": [8.08951, 4.6, 6.025],
			"rotation": {"angle": -22.5, "axis": "z", "origin": [8, 4.15, 8.825]},
			"faces": {
				"north": {"uv": [0, 0, 1, 1], "texture": "#3"},
				"east": {"uv": [0, 0, 1, 1], "texture": "#3"},
				"south": {"uv": [0, 0, 1, 1], "texture": "#3"},
				"west": {"uv": [0, 0, 1, 1], "texture": "#3"},
				"up": {"uv": [0, 0, 1, 1], "texture": "#3"},
				"down": {"uv": [0, 0, 1, 1], "texture": "#3"}
			}
		},
		{
			"name": "hexadecagon",
			"from": [7.91049, 3.7, 5.6],
			"to": [8.08951, 4.6, 6.025],
			"faces": {
				"north": {"uv": [0, 0, 1, 1], "texture": "#3"},
				"east": {"uv": [0, 0, 1, 1], "texture": "#3"},
				"south": {"uv": [0, 0, 1, 1], "texture": "#3"},
				"west": {"uv": [0, 0, 1, 1], "texture": "#3"},
				"up": {"uv": [0, 0, 1, 1], "texture": "#3"},
				"down": {"uv": [0, 0, 1, 1], "texture": "#3"}
			}
		},
		{
			"name": "hexadecagon",
			"from": [7.91049, 3.7, 5.6],
			"to": [8.08951, 4.6, 6.025],
			"rotation": {"angle": 22.5, "axis": "z", "origin": [8, 4.15, 8.825]},
			"faces": {
				"north": {"uv": [0, 0, 1, 1], "texture": "#3"},
				"east": {"uv": [0, 0, 1, 1], "texture": "#3"},
				"south": {"uv": [0, 0, 1, 1], "texture": "#3"},
				"west": {"uv": [0, 0, 1, 1], "texture": "#3"},
				"up": {"uv": [0, 0, 1, 1], "texture": "#3"},
				"down": {"uv": [0, 0, 1, 1], "texture": "#3"}
			}
		},
		{
			"name": "hexadecagon",
			"from": [7.91049, 3.7, 5.6],
			"to": [8.08951, 4.6, 6.025],
			"rotation": {"angle": 45, "axis": "z", "origin": [8, 4.15, 8.825]},
			"faces": {
				"north": {"uv": [0, 0, 1, 1], "texture": "#3"},
				"east": {"uv": [0, 0, 1, 1], "texture": "#3"},
				"south": {"uv": [0, 0, 1, 1], "texture": "#3"},
				"west": {"uv": [0, 0, 1, 1], "texture": "#3"},
				"up": {"uv": [0, 0, 1, 1], "texture": "#3"},
				"down": {"uv": [0, 0, 1, 1], "texture": "#3"}
			}
		},
		{
			"name": "hexadecagon",
			"from": [7.55, 4.06049, 5.6],
			"to": [8.45, 4.23951, 6.025],
			"rotation": {"angle": -22.5, "axis": "z", "origin": [8, 4.15, 8.825]},
			"faces": {
				"north": {"uv": [0, 0, 1, 1], "texture": "#3"},
				"east": {"uv": [0, 0, 1, 1], "texture": "#3"},
				"south": {"uv": [0, 0, 1, 1], "texture": "#3"},
				"west": {"uv": [0, 0, 1, 1], "texture": "#3"},
				"up": {"uv": [0, 0, 1, 1], "texture": "#3"},
				"down": {"uv": [0, 0, 1, 1], "texture": "#3"}
			}
		},
		{
			"name": "hexadecagon",
			"from": [7.55, 4.06049, 5.6],
			"to": [8.45, 4.23951, 6.025],
			"faces": {
				"north": {"uv": [0, 0, 1, 1], "texture": "#3"},
				"east": {"uv": [0, 0, 1, 1], "texture": "#3"},
				"south": {"uv": [0, 0, 1, 1], "texture": "#3"},
				"west": {"uv": [0, 0, 1, 1], "texture": "#3"},
				"up": {"uv": [0, 0, 1, 1], "texture": "#3"},
				"down": {"uv": [0, 0, 1, 1], "texture": "#3"}
			}
		},
		{
			"name": "hexadecagon",
			"from": [7.55, 4.06049, 5.6],
			"to": [8.45, 4.23951, 6.025],
			"rotation": {"angle": 22.5, "axis": "z", "origin": [8, 4.15, 8.825]},
			"faces": {
				"north": {"uv": [0, 0, 1, 1], "texture": "#3"},
				"east": {"uv": [0, 0, 1, 1], "texture": "#3"},
				"south": {"uv": [0, 0, 1, 1], "texture": "#3"},
				"west": {"uv": [0, 0, 1, 1], "texture": "#3"},
				"up": {"uv": [0, 0, 1, 1], "texture": "#3"},
				"down": {"uv": [0, 0, 1, 1], "texture": "#3"}
			}
		},
		{
			"name": "hexadecagon",
			"from": [7.91049, 3.7, 4.6],
			"to": [8.08951, 4.6, 5.025],
			"rotation": {"angle": -45, "axis": "z", "origin": [8, 4.15, 7.825]},
			"faces": {
				"north": {"uv": [0, 0, 1, 1], "texture": "#3"},
				"east": {"uv": [0, 0, 1, 1], "texture": "#3"},
				"south": {"uv": [0, 0, 1, 1], "texture": "#3"},
				"west": {"uv": [0, 0, 1, 1], "texture": "#3"},
				"up": {"uv": [0, 0, 1, 1], "texture": "#3"},
				"down": {"uv": [0, 0, 1, 1], "texture": "#3"}
			}
		},
		{
			"name": "hexadecagon",
			"from": [7.91049, 3.7, 4.6],
			"to": [8.08951, 4.6, 5.025],
			"rotation": {"angle": -22.5, "axis": "z", "origin": [8, 4.15, 7.825]},
			"faces": {
				"north": {"uv": [0, 0, 1, 1], "texture": "#3"},
				"east": {"uv": [0, 0, 1, 1], "texture": "#3"},
				"south": {"uv": [0, 0, 1, 1], "texture": "#3"},
				"west": {"uv": [0, 0, 1, 1], "texture": "#3"},
				"up": {"uv": [0, 0, 1, 1], "texture": "#3"},
				"down": {"uv": [0, 0, 1, 1], "texture": "#3"}
			}
		},
		{
			"name": "hexadecagon",
			"from": [7.91049, 3.7, 4.6],
			"to": [8.08951, 4.6, 5.025],
			"faces": {
				"north": {"uv": [0, 0, 1, 1], "texture": "#3"},
				"east": {"uv": [0, 0, 1, 1], "texture": "#3"},
				"south": {"uv": [0, 0, 1, 1], "texture": "#3"},
				"west": {"uv": [0, 0, 1, 1], "texture": "#3"},
				"up": {"uv": [0, 0, 1, 1], "texture": "#3"},
				"down": {"uv": [0, 0, 1, 1], "texture": "#3"}
			}
		},
		{
			"name": "hexadecagon",
			"from": [7.91049, 3.7, 4.6],
			"to": [8.08951, 4.6, 5.025],
			"rotation": {"angle": 22.5, "axis": "z", "origin": [8, 4.15, 7.825]},
			"faces": {
				"north": {"uv": [0, 0, 1, 1], "texture": "#3"},
				"east": {"uv": [0, 0, 1, 1], "texture": "#3"},
				"south": {"uv": [0, 0, 1, 1], "texture": "#3"},
				"west": {"uv": [0, 0, 1, 1], "texture": "#3"},
				"up": {"uv": [0, 0, 1, 1], "texture": "#3"},
				"down": {"uv": [0, 0, 1, 1], "texture": "#3"}
			}
		},
		{
			"name": "hexadecagon",
			"from": [7.91049, 3.7, 4.6],
			"to": [8.08951, 4.6, 5.025],
			"rotation": {"angle": 45, "axis": "z", "origin": [8, 4.15, 7.825]},
			"faces": {
				"north": {"uv": [0, 0, 1, 1], "texture": "#3"},
				"east": {"uv": [0, 0, 1, 1], "texture": "#3"},
				"south": {"uv": [0, 0, 1, 1], "texture": "#3"},
				"west": {"uv": [0, 0, 1, 1], "texture": "#3"},
				"up": {"uv": [0, 0, 1, 1], "texture": "#3"},
				"down": {"uv": [0, 0, 1, 1], "texture": "#3"}
			}
		},
		{
			"name": "hexadecagon",
			"from": [7.55, 4.06049, 4.6],
			"to": [8.45, 4.23951, 5.025],
			"rotation": {"angle": -22.5, "axis": "z", "origin": [8, 4.15, 7.825]},
			"faces": {
				"north": {"uv": [0, 0, 1, 1], "texture": "#3"},
				"east": {"uv": [0, 0, 1, 1], "texture": "#3"},
				"south": {"uv": [0, 0, 1, 1], "texture": "#3"},
				"west": {"uv": [0, 0, 1, 1], "texture": "#3"},
				"up": {"uv": [0, 0, 1, 1], "texture": "#3"},
				"down": {"uv": [0, 0, 1, 1], "texture": "#3"}
			}
		},
		{
			"name": "hexadecagon",
			"from": [7.55, 4.06049, 4.6],
			"to": [8.45, 4.23951, 5.025],
			"faces": {
				"north": {"uv": [0, 0, 1, 1], "texture": "#3"},
				"east": {"uv": [0, 0, 1, 1], "texture": "#3"},
				"south": {"uv": [0, 0, 1, 1], "texture": "#3"},
				"west": {"uv": [0, 0, 1, 1], "texture": "#3"},
				"up": {"uv": [0, 0, 1, 1], "texture": "#3"},
				"down": {"uv": [0, 0, 1, 1], "texture": "#3"}
			}
		},
		{
			"name": "hexadecagon",
			"from": [7.55, 4.06049, 4.6],
			"to": [8.45, 4.23951, 5.025],
			"rotation": {"angle": 22.5, "axis": "z", "origin": [8, 4.15, 7.825]},
			"faces": {
				"north": {"uv": [0, 0, 1, 1], "texture": "#3"},
				"east": {"uv": [0, 0, 1, 1], "texture": "#3"},
				"south": {"uv": [0, 0, 1, 1], "texture": "#3"},
				"west": {"uv": [0, 0, 1, 1], "texture": "#3"},
				"up": {"uv": [0, 0, 1, 1], "texture": "#3"},
				"down": {"uv": [0, 0, 1, 1], "texture": "#3"}
			}
		},
		{
			"name": "hexadecagon",
			"from": [7.91049, 3.7, 5.1],
			"to": [8.08951, 4.6, 5.525],
			"rotation": {"angle": -45, "axis": "z", "origin": [8, 4.15, 8.325]},
			"faces": {
				"north": {"uv": [0, 0, 1, 1], "texture": "#3"},
				"east": {"uv": [0, 0, 1, 1], "texture": "#3"},
				"south": {"uv": [0, 0, 1, 1], "texture": "#3"},
				"west": {"uv": [0, 0, 1, 1], "texture": "#3"},
				"up": {"uv": [0, 0, 1, 1], "texture": "#3"},
				"down": {"uv": [0, 0, 1, 1], "texture": "#3"}
			}
		},
		{
			"name": "hexadecagon",
			"from": [7.91049, 3.7, 5.1],
			"to": [8.08951, 4.6, 5.525],
			"rotation": {"angle": -22.5, "axis": "z", "origin": [8, 4.15, 8.325]},
			"faces": {
				"north": {"uv": [0, 0, 1, 1], "texture": "#3"},
				"east": {"uv": [0, 0, 1, 1], "texture": "#3"},
				"south": {"uv": [0, 0, 1, 1], "texture": "#3"},
				"west": {"uv": [0, 0, 1, 1], "texture": "#3"},
				"up": {"uv": [0, 0, 1, 1], "texture": "#3"},
				"down": {"uv": [0, 0, 1, 1], "texture": "#3"}
			}
		},
		{
			"name": "hexadecagon",
			"from": [7.91049, 3.7, 5.1],
			"to": [8.08951, 4.6, 5.525],
			"faces": {
				"north": {"uv": [0, 0, 1, 1], "texture": "#3"},
				"east": {"uv": [0, 0, 1, 1], "texture": "#3"},
				"south": {"uv": [0, 0, 1, 1], "texture": "#3"},
				"west": {"uv": [0, 0, 1, 1], "texture": "#3"},
				"up": {"uv": [0, 0, 1, 1], "texture": "#3"},
				"down": {"uv": [0, 0, 1, 1], "texture": "#3"}
			}
		},
		{
			"name": "hexadecagon",
			"from": [7.91049, 3.7, 5.1],
			"to": [8.08951, 4.6, 5.525],
			"rotation": {"angle": 22.5, "axis": "z", "origin": [8, 4.15, 8.325]},
			"faces": {
				"north": {"uv": [0, 0, 1, 1], "texture": "#3"},
				"east": {"uv": [0, 0, 1, 1], "texture": "#3"},
				"south": {"uv": [0, 0, 1, 1], "texture": "#3"},
				"west": {"uv": [0, 0, 1, 1], "texture": "#3"},
				"up": {"uv": [0, 0, 1, 1], "texture": "#3"},
				"down": {"uv": [0, 0, 1, 1], "texture": "#3"}
			}
		},
		{
			"name": "hexadecagon",
			"from": [7.91049, 3.7, 5.1],
			"to": [8.08951, 4.6, 5.525],
			"rotation": {"angle": 45, "axis": "z", "origin": [8, 4.15, 8.325]},
			"faces": {
				"north": {"uv": [0, 0, 1, 1], "texture": "#3"},
				"east": {"uv": [0, 0, 1, 1], "texture": "#3"},
				"south": {"uv": [0, 0, 1, 1], "texture": "#3"},
				"west": {"uv": [0, 0, 1, 1], "texture": "#3"},
				"up": {"uv": [0, 0, 1, 1], "texture": "#3"},
				"down": {"uv": [0, 0, 1, 1], "texture": "#3"}
			}
		},
		{
			"name": "hexadecagon",
			"from": [7.55, 4.06049, 5.1],
			"to": [8.45, 4.23951, 5.525],
			"rotation": {"angle": -22.5, "axis": "z", "origin": [8, 4.15, 8.325]},
			"faces": {
				"north": {"uv": [0, 0, 1, 1], "texture": "#3"},
				"east": {"uv": [0, 0, 1, 1], "texture": "#3"},
				"south": {"uv": [0, 0, 1, 1], "texture": "#3"},
				"west": {"uv": [0, 0, 1, 1], "texture": "#3"},
				"up": {"uv": [0, 0, 1, 1], "texture": "#3"},
				"down": {"uv": [0, 0, 1, 1], "texture": "#3"}
			}
		},
		{
			"name": "hexadecagon",
			"from": [7.55, 4.06049, 5.1],
			"to": [8.45, 4.23951, 5.525],
			"faces": {
				"north": {"uv": [0, 0, 1, 1], "texture": "#3"},
				"east": {"uv": [0, 0, 1, 1], "texture": "#3"},
				"south": {"uv": [0, 0, 1, 1], "texture": "#3"},
				"west": {"uv": [0, 0, 1, 1], "texture": "#3"},
				"up": {"uv": [0, 0, 1, 1], "texture": "#3"},
				"down": {"uv": [0, 0, 1, 1], "texture": "#3"}
			}
		},
		{
			"name": "hexadecagon",
			"from": [7.55, 4.06049, 5.1],
			"to": [8.45, 4.23951, 5.525],
			"rotation": {"angle": 22.5, "axis": "z", "origin": [8, 4.15, 8.325]},
			"faces": {
				"north": {"uv": [0, 0, 1, 1], "texture": "#3"},
				"east": {"uv": [0, 0, 1, 1], "texture": "#3"},
				"south": {"uv": [0, 0, 1, 1], "texture": "#3"},
				"west": {"uv": [0, 0, 1, 1], "texture": "#3"},
				"up": {"uv": [0, 0, 1, 1], "texture": "#3"},
				"down": {"uv": [0, 0, 1, 1], "texture": "#3"}
			}
		},
		{
			"name": "hexadecagon",
			"from": [7.92044, 3.75, 3.2],
			"to": [8.07956, 4.55, 5.8],
			"rotation": {"angle": -45, "axis": "z", "origin": [8, 4.15, 3.7]},
			"faces": {
				"north": {"uv": [0, 0, 1, 1], "texture": "#3"},
				"east": {"uv": [0, 0, 1, 1], "texture": "#3"},
				"south": {"uv": [0, 0, 1, 1], "texture": "#3"},
				"west": {"uv": [0, 0, 1, 1], "texture": "#3"},
				"up": {"uv": [0, 0, 1, 1], "texture": "#3"},
				"down": {"uv": [0, 0, 1, 1], "texture": "#3"}
			}
		},
		{
			"name": "hexadecagon",
			"from": [7.92044, 3.75, 3.2],
			"to": [8.07956, 4.55, 5.8],
			"rotation": {"angle": -22.5, "axis": "z", "origin": [8, 4.15, 3.7]},
			"faces": {
				"north": {"uv": [0, 0, 1, 1], "texture": "#3"},
				"east": {"uv": [0, 0, 1, 1], "texture": "#3"},
				"south": {"uv": [0, 0, 1, 1], "texture": "#3"},
				"west": {"uv": [0, 0, 1, 1], "texture": "#3"},
				"up": {"uv": [0, 0, 1, 1], "texture": "#3"},
				"down": {"uv": [0, 0, 1, 1], "texture": "#3"}
			}
		},
		{
			"name": "hexadecagon",
			"from": [7.92044, 3.75, 3.2],
			"to": [8.07956, 4.55, 5.8],
			"faces": {
				"north": {"uv": [0, 0, 1, 1], "texture": "#3"},
				"east": {"uv": [0, 0, 1, 1], "texture": "#3"},
				"south": {"uv": [0, 0, 1, 1], "texture": "#3"},
				"west": {"uv": [0, 0, 1, 1], "texture": "#3"},
				"up": {"uv": [0, 0, 1, 1], "texture": "#3"},
				"down": {"uv": [0, 0, 1, 1], "texture": "#3"}
			}
		},
		{
			"name": "hexadecagon",
			"from": [7.92044, 3.75, 3.2],
			"to": [8.07956, 4.55, 5.8],
			"rotation": {"angle": 22.5, "axis": "z", "origin": [8, 4.15, 3.7]},
			"faces": {
				"north": {"uv": [0, 0, 1, 1], "texture": "#3"},
				"east": {"uv": [0, 0, 1, 1], "texture": "#3"},
				"south": {"uv": [0, 0, 1, 1], "texture": "#3"},
				"west": {"uv": [0, 0, 1, 1], "texture": "#3"},
				"up": {"uv": [0, 0, 1, 1], "texture": "#3"},
				"down": {"uv": [0, 0, 1, 1], "texture": "#3"}
			}
		},
		{
			"name": "hexadecagon",
			"from": [7.92044, 3.75, 3.2],
			"to": [8.07956, 4.55, 5.8],
			"rotation": {"angle": 45, "axis": "z", "origin": [8, 4.15, 3.7]},
			"faces": {
				"north": {"uv": [0, 0, 1, 1], "texture": "#3"},
				"east": {"uv": [0, 0, 1, 1], "texture": "#3"},
				"south": {"uv": [0, 0, 1, 1], "texture": "#3"},
				"west": {"uv": [0, 0, 1, 1], "texture": "#3"},
				"up": {"uv": [0, 0, 1, 1], "texture": "#3"},
				"down": {"uv": [0, 0, 1, 1], "texture": "#3"}
			}
		},
		{
			"name": "hexadecagon",
			"from": [7.6, 4.07044, 3.2],
			"to": [8.4, 4.22956, 5.8],
			"rotation": {"angle": -22.5, "axis": "z", "origin": [8, 4.15, 3.7]},
			"faces": {
				"north": {"uv": [0, 0, 1, 1], "texture": "#3"},
				"east": {"uv": [0, 0, 1, 1], "texture": "#3"},
				"south": {"uv": [0, 0, 1, 1], "texture": "#3"},
				"west": {"uv": [0, 0, 1, 1], "texture": "#3"},
				"up": {"uv": [0, 0, 1, 1], "texture": "#3"},
				"down": {"uv": [0, 0, 1, 1], "texture": "#3"}
			}
		},
		{
			"name": "hexadecagon",
			"from": [7.6, 4.07044, 3.2],
			"to": [8.4, 4.22956, 5.8],
			"faces": {
				"north": {"uv": [0, 0, 1, 1], "texture": "#3"},
				"east": {"uv": [0, 0, 1, 1], "texture": "#3"},
				"south": {"uv": [0, 0, 1, 1], "texture": "#3"},
				"west": {"uv": [0, 0, 1, 1], "texture": "#3"},
				"up": {"uv": [0, 0, 1, 1], "texture": "#3"},
				"down": {"uv": [0, 0, 1, 1], "texture": "#3"}
			}
		},
		{
			"name": "hexadecagon",
			"from": [7.6, 4.07044, 3.2],
			"to": [8.4, 4.22956, 5.8],
			"rotation": {"angle": 22.5, "axis": "z", "origin": [8, 4.15, 3.7]},
			"faces": {
				"north": {"uv": [0, 0, 1, 1], "texture": "#3"},
				"east": {"uv": [0, 0, 1, 1], "texture": "#3"},
				"south": {"uv": [0, 0, 1, 1], "texture": "#3"},
				"west": {"uv": [0, 0, 1, 1], "texture": "#3"},
				"up": {"uv": [0, 0, 1, 1], "texture": "#3"},
				"down": {"uv": [0, 0, 1, 1], "texture": "#3"}
			}
		},
		{
			"from": [7.75, 3.62678, 12.40199],
			"to": [8.25, 4.62678, 13.47699],
			"rotation": {"angle": 22.5, "axis": "x", "origin": [8, 4.10178, 13.55199]},
			"faces": {
				"north": {"uv": [0, 0, 1.2, 2.1], "texture": "#3"},
				"east": {"uv": [0, 0, 4.3, 2.1], "texture": "#3"},
				"south": {"uv": [0, 0, 1.2, 2.1], "texture": "#3"},
				"west": {"uv": [0, 0, 4.3, 2.1], "texture": "#3"},
				"up": {"uv": [0, 0, 1.2, 4.3], "texture": "#3"},
				"down": {"uv": [0, 0, 1.2, 4.3], "texture": "#3"}
			}
		},
		{
			"from": [7.74954, 2.50643, 13.60069],
			"to": [8.24954, 4.58143, 14.65069],
			"rotation": {"angle": -45, "axis": "x", "origin": [7.99954, 3.43143, 14.12569]},
			"faces": {
				"north": {"uv": [0, 0, 1.2, 4.3], "rotation": 180, "texture": "#3"},
				"east": {"uv": [0, 0, 4.3, 2.1], "rotation": 270, "texture": "#3"},
				"south": {"uv": [0, 0, 1.2, 4.3], "texture": "#3"},
				"west": {"uv": [0, 0, 4.3, 2.1], "rotation": 90, "texture": "#3"},
				"up": {"uv": [0, 0, 1.2, 2.1], "rotation": 180, "texture": "#3"},
				"down": {"uv": [0, 0, 1.2, 2.1], "texture": "#3"}
			}
		},
		{
			"from": [7.74835, 2.22156, 13.5209],
			"to": [8.24835, 4.09656, 14.5709],
			"rotation": {"angle": -22.5, "axis": "x", "origin": [7.99835, 2.94656, 14.0459]},
			"faces": {
				"north": {"uv": [0, 0, 1.2, 4.3], "rotation": 180, "texture": "#3"},
				"east": {"uv": [0, 0, 4.3, 2.1], "rotation": 270, "texture": "#3"},
				"south": {"uv": [0, 0, 1.2, 4.3], "texture": "#3"},
				"west": {"uv": [0, 0, 4.3, 2.1], "rotation": 90, "texture": "#3"},
				"up": {"uv": [0, 0, 1.2, 2.1], "rotation": 180, "texture": "#3"},
				"down": {"uv": [0, 0, 1.2, 2.1], "texture": "#3"}
			}
		},
		{
			"from": [7.74835, 2.22156, 13.5209],
			"to": [8.24835, 2.99656, 15.5709],
			"rotation": {"angle": -22.5, "axis": "x", "origin": [7.99835, 2.94656, 14.0459]},
			"faces": {
				"north": {"uv": [0, 0, 1.2, 4.3], "rotation": 180, "texture": "#3"},
				"east": {"uv": [0, 0, 4.3, 2.1], "rotation": 270, "texture": "#3"},
				"south": {"uv": [0, 0, 1.2, 4.3], "texture": "#3"},
				"west": {"uv": [0, 0, 4.3, 2.1], "rotation": 90, "texture": "#3"},
				"up": {"uv": [0, 0, 1.2, 2.1], "rotation": 180, "texture": "#3"},
				"down": {"uv": [0, 0, 1.2, 2.1], "texture": "#3"}
			}
		},
		{
			"from": [7.74835, 3.12156, 15.5209],
			"to": [8.24835, 3.39656, 20.6709],
			"rotation": {"angle": 22.5, "axis": "x", "origin": [7.99835, 2.94656, 14.0459]},
			"faces": {
				"north": {"uv": [0, 0, 1.2, 4.3], "rotation": 180, "texture": "#3"},
				"east": {"uv": [0, 0, 4.3, 2.1], "rotation": 270, "texture": "#3"},
				"south": {"uv": [0, 0, 1.2, 4.3], "texture": "#3"},
				"west": {"uv": [0, 0, 4.3, 2.1], "rotation": 90, "texture": "#3"},
				"up": {"uv": [0, 0, 1.2, 2.1], "rotation": 180, "texture": "#3"},
				"down": {"uv": [0, 0, 1.2, 2.1], "texture": "#3"}
			}
		},
		{
			"from": [7.75142, 0.56246, 20.24098],
			"to": [8.25142, 4.01246, 20.51598],
			"faces": {
				"north": {"uv": [0, 0, 1.2, 2.1], "rotation": 180, "texture": "#3"},
				"east": {"uv": [0, 0, 4.3, 2.1], "rotation": 180, "texture": "#3"},
				"south": {"uv": [0, 0, 1.2, 2.1], "rotation": 180, "texture": "#3"},
				"west": {"uv": [0, 0, 4.3, 2.1], "rotation": 180, "texture": "#3"},
				"up": {"uv": [0, 0, 1.2, 4.3], "texture": "#3"},
				"down": {"uv": [0, 0, 1.2, 4.3], "texture": "#3"}
			}
		},
		{
			"from": [7.74835, 2.98622, 16.11582],
			"to": [8.24835, 4.03622, 20.39082],
			"faces": {
				"north": {"uv": [0, 0, 1.2, 2.1], "rotation": 180, "texture": "#3"},
				"east": {"uv": [0, 0, 4.3, 2.1], "rotation": 180, "texture": "#3"},
				"south": {"uv": [0, 0, 1.2, 2.1], "rotation": 180, "texture": "#3"},
				"west": {"uv": [0, 0, 4.3, 2.1], "rotation": 180, "texture": "#3"},
				"up": {"uv": [0, 0, 1.2, 4.3], "texture": "#3"},
				"down": {"uv": [0, 0, 1.2, 4.3], "texture": "#3"}
			}
		},
		{
			"from": [7.74927, 1.93631, 15.55698],
			"to": [8.24927, 2.98631, 16.53198],
			"rotation": {"angle": -22.5, "axis": "x", "origin": [7.99927, 2.46131, 13.68198]},
			"faces": {
				"north": {"uv": [0, 0, 1.2, 2.1], "rotation": 180, "texture": "#3"},
				"east": {"uv": [0, 0, 4.3, 2.1], "rotation": 180, "texture": "#3"},
				"south": {"uv": [0, 0, 1.2, 2.1], "rotation": 180, "texture": "#3"},
				"west": {"uv": [0, 0, 4.3, 2.1], "rotation": 180, "texture": "#3"},
				"up": {"uv": [0, 0, 1.2, 4.3], "texture": "#3"},
				"down": {"uv": [0, 0, 1.2, 4.3], "texture": "#3"}
			}
		},
		{
			"from": [7.74927, 3.13631, 13.25698],
			"to": [8.24927, 4.18631, 14.83198],
			"rotation": {"angle": 22.5, "axis": "x", "origin": [7.99927, 2.46131, 13.68198]},
			"faces": {
				"north": {"uv": [0, 0, 1.2, 2.1], "rotation": 180, "texture": "#3"},
				"east": {"uv": [0, 0, 4.3, 2.1], "rotation": 180, "texture": "#3"},
				"south": {"uv": [0, 0, 1.2, 2.1], "rotation": 180, "texture": "#3"},
				"west": {"uv": [0, 0, 4.3, 2.1], "rotation": 180, "texture": "#3"},
				"up": {"uv": [0, 0, 1.2, 4.3], "texture": "#3"},
				"down": {"uv": [0, 0, 1.2, 4.3], "texture": "#3"}
			}
		},
		{
			"from": [7.74927, 2.73631, 13.95698],
			"to": [8.24927, 3.78631, 20.33198],
			"faces": {
				"north": {"uv": [0, 0, 1.2, 2.1], "rotation": 180, "texture": "#3"},
				"east": {"uv": [0, 0, 4.3, 2.1], "rotation": 180, "texture": "#3"},
				"south": {"uv": [0, 0, 1.2, 2.1], "rotation": 180, "texture": "#3"},
				"west": {"uv": [0, 0, 4.3, 2.1], "rotation": 180, "texture": "#3"},
				"up": {"uv": [0, 0, 1.2, 4.3], "texture": "#3"},
				"down": {"uv": [0, 0, 1.2, 4.3], "texture": "#3"}
			}
		},
		{
			"from": [7.74835, 3.12156, 15.5209],
			"to": [8.24835, 4.59656, 20.1709],
			"rotation": {"angle": 22.5, "axis": "x", "origin": [7.99835, 2.94656, 14.0459]},
			"faces": {
				"north": {"uv": [0, 0, 1.2, 4.3], "rotation": 180, "texture": "#3"},
				"east": {"uv": [0, 0, 4.3, 2.1], "rotation": 270, "texture": "#3"},
				"south": {"uv": [0, 0, 1.2, 4.3], "texture": "#3"},
				"west": {"uv": [0, 0, 4.3, 2.1], "rotation": 90, "texture": "#3"},
				"up": {"uv": [0, 0, 1.2, 2.1], "rotation": 180, "texture": "#3"},
				"down": {"uv": [0, 0, 1.2, 2.1], "texture": "#3"}
			}
		},
		{
			"from": [7.75142, 0.86246, 19.84098],
			"to": [8.25142, 4.01246, 20.51598],
			"faces": {
				"north": {"uv": [0, 0, 1.2, 2.1], "rotation": 180, "texture": "#3"},
				"east": {"uv": [0, 0, 4.3, 2.1], "rotation": 180, "texture": "#3"},
				"south": {"uv": [0, 0, 1.2, 2.1], "rotation": 180, "texture": "#3"},
				"west": {"uv": [0, 0, 4.3, 2.1], "rotation": 180, "texture": "#3"},
				"up": {"uv": [0, 0, 1.2, 4.3], "texture": "#3"},
				"down": {"uv": [0, 0, 1.2, 4.3], "texture": "#3"}
			}
		},
		{
			"from": [7.74835, 3.12156, 17.5209],
			"to": [8.24835, 5.29656, 19.7709],
			"rotation": {"angle": 22.5, "axis": "x", "origin": [7.99835, 2.94656, 14.0459]},
			"faces": {
				"north": {"uv": [0, 0, 1.2, 4.3], "rotation": 180, "texture": "#3"},
				"east": {"uv": [0, 0, 4.3, 2.1], "rotation": 270, "texture": "#3"},
				"south": {"uv": [0, 0, 1.2, 4.3], "texture": "#3"},
				"west": {"uv": [0, 0, 4.3, 2.1], "rotation": 90, "texture": "#3"},
				"up": {"uv": [0, 0, 1.2, 2.1], "rotation": 180, "texture": "#3"},
				"down": {"uv": [0, 0, 1.2, 2.1], "texture": "#3"}
			}
		},
		{
			"from": [7.74835, 2.52156, 14.1209],
			"to": [8.24835, 3.49656, 16.1709],
			"faces": {
				"north": {"uv": [0, 0, 1.2, 4.3], "rotation": 180, "texture": "#3"},
				"east": {"uv": [0, 0, 4.3, 2.1], "rotation": 270, "texture": "#3"},
				"south": {"uv": [0, 0, 1.2, 4.3], "texture": "#3"},
				"west": {"uv": [0, 0, 4.3, 2.1], "rotation": 90, "texture": "#3"},
				"up": {"uv": [0, 0, 1.2, 2.1], "rotation": 180, "texture": "#3"},
				"down": {"uv": [0, 0, 1.2, 2.1], "texture": "#3"}
			}
		},
		{
			"from": [7.84993, 2.28835, 11.68582],
			"to": [8.14993, 2.38835, 12.04832],
			"rotation": {"angle": -22.5, "axis": "x", "origin": [7.99993, 2.56335, 9.73582]},
			"faces": {
				"north": {"uv": [1.2, 0, 0, 2.1], "rotation": 180, "texture": "#2"},
				"east": {"uv": [4.3, 0, 0, 2.1], "rotation": 180, "texture": "#2"},
				"south": {"uv": [1.2, 0, 0, 2.1], "rotation": 180, "texture": "#2"},
				"west": {"uv": [4.3, 0, 0, 2.1], "rotation": 180, "texture": "#2"},
				"up": {"uv": [0, 4.3, 1.2, 0], "texture": "#2"},
				"down": {"uv": [0, 4.3, 1.2, 0], "texture": "#2"}
			}
		},
		{
			"from": [7.84973, 1.736, 12.35518],
			"to": [8.14973, 1.836, 12.49268],
			"rotation": {"angle": -45, "axis": "x", "origin": [7.99973, 2.011, 10.40518]},
			"faces": {
				"north": {"uv": [1.2, 0, 0, 2.1], "rotation": 180, "texture": "#2"},
				"east": {"uv": [4.3, 0, 0, 2.1], "rotation": 180, "texture": "#2"},
				"south": {"uv": [1.2, 0, 0, 2.1], "rotation": 180, "texture": "#2"},
				"west": {"uv": [4.3, 0, 0, 2.1], "rotation": 180, "texture": "#2"},
				"up": {"uv": [0, 4.3, 1.2, 0], "texture": "#2"},
				"down": {"uv": [0, 4.3, 1.2, 0], "texture": "#2"}
			}
		},
		{
			"from": [7.84928, 3.54748, 11.25115],
			"to": [8.14928, 3.75998, 11.35115],
			"rotation": {"angle": 22.5, "axis": "x", "origin": [7.99928, 1.59748, 11.07615]},
			"faces": {
				"north": {"uv": [1.2, 0, 0, 4.3], "texture": "#2"},
				"east": {"uv": [0, 2.1, 4.3, 0], "rotation": 90, "texture": "#2"},
				"south": {"uv": [1.2, 0, 0, 4.3], "rotation": 180, "texture": "#2"},
				"west": {"uv": [0, 2.1, 4.3, 0], "rotation": 270, "texture": "#2"},
				"up": {"uv": [0, 2.1, 1.2, 0], "texture": "#2"},
				"down": {"uv": [0, 2.1, 1.2, 0], "rotation": 180, "texture": "#2"}
			}
		},
		{
			"from": [7.84921, 3.49008, 12.05789],
			"to": [8.14921, 4.27758, 12.15789],
			"faces": {
				"north": {"uv": [1.2, 0, 0, 4.3], "texture": "#2"},
				"east": {"uv": [0, 2.1, 4.3, 0], "rotation": 90, "texture": "#2"},
				"south": {"uv": [1.2, 0, 0, 4.3], "rotation": 180, "texture": "#2"},
				"west": {"uv": [0, 2.1, 4.3, 0], "rotation": 270, "texture": "#2"},
				"up": {"uv": [0, 2.1, 1.2, 0], "texture": "#2"},
				"down": {"uv": [0, 2.1, 1.2, 0], "rotation": 180, "texture": "#2"}
			}
		}
	],
	"display": {
		"thirdperson_righthand": {
			"translation": [0, 5, -2.75],
			"scale": [1.1, 1.1, 1.1]
		},
		"firstperson_righthand": {
			"translation": [-4.5, 8.5, 1.25],
			"scale": [1.31, 1.31, 1.22]
		},
		"gui": {
			"rotation": [28, 45, 0],
			"translation": [-1.5, 5, 0],
			"scale": [0.99, 0.99, 0.99]
		},
		"fixed": {
			"rotation": [90, -49, 83],
			"translation": [-2, 8.75, -1],
			"scale": [1.67, 1.67, 1.67]
		}
	},
	"groups": [0, 1, 2, 3, 4, 5, 6, 7, 8, 9, 10, 11, 12, 13, 14, 15, 16, 17, 18, 19, 20, 21, 22, 23, 24,
		{
			"name": "hexadecagon",
			"children": [25, 26, 27, 28, 29, 30, 31, 32, 33, 34, 35, 36, 37, 38, 39, 40, 41, 42, 43, 44, 45, 46, 47, 48, 49, 50, 51, 52, 53, 54, 55, 56, 57, 58]
		}, 59, 60, 61, 62, 63, 64, 65, 66,
		{
			"name": "hexadecagon",
			"children": [67, 68, 69, 70, 71, 72, 73, 74, 75, 76, 77, 78, 79, 80, 81, 82, 83]
		},
		{
			"name": "hexadecagon",
			"children": [84, 85, 86, 87, 88, 89, 90, 91]
		}, 92,
		{
			"name": "hexadecagon",
			"children": [93, 94, 95, 96, 97, 98, 99, 100, 101, 102, 103, 104, 105, 106, 107, 108, 109, 110, 111, 112, 113, 114, 115, 116, 117, 118, 119, 120, 121, 122, 123, 124, 125, 126, 127, 128, 129, 130, 131, 132, 133, 134, 135, 136, 137, 138, 139, 140]
		},
		{
			"name": "hexadecagon",
			"children": [141, 142, 143, 144, 145, 146, 147, 148]
		}, 149, 150, 151, 152, 153, 154, 155, 156, 157, 158, 159, 160, 161, 162, 163, 164, 165, 166]
}