{
	"credit": "Made with Blockbench",
	"textures": {
		"1": "custom/nothingness1/gray3",
		"2": "custom/nothingness1/gray2",
		"3": "custom/nothingness1/m1911",
		"particle": "custom/nothingness1/m1911"
	},
	"elements": [
		{
			"from": [7.5, 2.15, 0],
			"to": [8.5, 2.8, 5.6],
			"faces": {
				"north": {"uv": [0, 0, 1, 0.65], "texture": "#1"},
				"east": {"uv": [0, 0, 5.6, 0.65], "texture": "#1"},
				"south": {"uv": [0, 0, 1, 0.65], "texture": "#1"},
				"west": {"uv": [0, 0, 5.6, 0.65], "texture": "#1"},
				"up": {"uv": [0, 0, 1, 5.6], "texture": "#1"},
				"down": {"uv": [0, 0, 1, 5.6], "texture": "#1"}
			}
		},
		{
			"from": [7.70711, 2.25, 0],
			"to": [8.70711, 2.65, 4.3],
			"rotation": {"angle": 45, "axis": "z", "origin": [8.20711, 2.15, 4]},
			"faces": {
				"north": {"uv": [0, 0, 1, 0.4], "texture": "#1"},
				"east": {"uv": [0, 0, 4.3, 0.4], "texture": "#1"},
				"south": {"uv": [0, 0, 1, 0.4], "texture": "#1"},
				"west": {"uv": [0, 0, 4.3, 0.4], "texture": "#1"},
				"up": {"uv": [0, 0, 1, 4.3], "texture": "#1"},
				"down": {"uv": [0, 0, 1, 4.3], "texture": "#1"}
			}
		},
		{
			"from": [7.29289, 2.25, 0],
			"to": [8.29289, 2.65, 4.3],
			"rotation": {"angle": -45, "axis": "z", "origin": [7.79289, 2.15, 4]},
			"faces": {
				"north": {"uv": [0, 0, 1, 0.4], "texture": "#1"},
				"east": {"uv": [0, 0, 4.3, 0.4], "texture": "#1"},
				"south": {"uv": [0, 0, 1, 0.4], "texture": "#1"},
				"west": {"uv": [0, 0, 4.3, 0.4], "texture": "#1"},
				"up": {"uv": [0, 0, 1, 4.3], "texture": "#1"},
				"down": {"uv": [0, 0, 1, 4.3], "texture": "#1"}
			}
		},
		{
			"from": [7.68284, 1.51716, 0],
			"to": [8.31284, 2.51716, 5.2],
			"faces": {
				"north": {"uv": [0, 0, 1, 0.63], "rotation": 90, "texture": "#1"},
				"east": {"uv": [0, 0, 1, 5.2], "rotation": 270, "texture": "#1"},
				"south": {"uv": [0, 0, 1, 0.63], "rotation": 270, "texture": "#1"},
				"west": {"uv": [0, 0, 1, 5.2], "rotation": 90, "texture": "#1"},
				"up": {"uv": [0, 0, 5.2, 0.63], "rotation": 270, "texture": "#1"},
				"down": {"uv": [0, 0, 5.2, 0.63], "rotation": 270, "texture": "#1"}
			}
		},
		{
			"from": [7.57674, 2.71418, 0],
			"to": [8.17674, 3.01418, 10.1],
			"rotation": {"angle": 22.5, "axis": "z", "origin": [8.07674, 2.71418, 4]},
			"faces": {
				"north": {"uv": [0, 0, 0.6, 0.3], "texture": "#1"},
				"east": {"uv": [0, 0, 10.1, 0.3], "texture": "#1"},
				"south": {"uv": [0, 0, 0.6, 0.3], "texture": "#1"},
				"west": {"uv": [0, 0, 10.1, 0.3], "texture": "#1"},
				"up": {"uv": [0, 0, 0.6, 10.1], "texture": "#1"},
				"down": {"uv": [0, 0, 0.6, 10.1], "texture": "#1"}
			}
		},
		{
			"from": [8.06997, 1.7463, 0],
			"to": [8.36997, 2.7463, 5.6],
			"rotation": {"angle": -22.5, "axis": "z", "origin": [8.56997, 2.4463, 4]},
			"faces": {
				"north": {"uv": [0, 0, 0.3, 1], "texture": "#1"},
				"east": {"uv": [0, 0, 5.6, 1], "texture": "#1"},
				"south": {"uv": [0, 0, 0.3, 1], "texture": "#1"},
				"west": {"uv": [0, 0, 5.6, 1], "texture": "#1"},
				"up": {"uv": [0, 0, 0.3, 5.6], "texture": "#1"},
				"down": {"uv": [0, 0, 0.3, 5.6], "texture": "#1"}
			}
		},
		{
			"from": [7.78827, 1.70761, 0],
			"to": [8.28827, 3.00761, 5.6],
			"faces": {
				"north": {"uv": [0, 0, 0.5, 1.3], "texture": "#1"},
				"east": {"uv": [0, 0, 5.6, 1.3], "texture": "#1"},
				"south": {"uv": [0, 0, 0.5, 1.3], "texture": "#1"},
				"west": {"uv": [0, 0, 5.6, 1.3], "texture": "#1"},
				"up": {"uv": [0, 0, 0.5, 5.6], "texture": "#1"},
				"down": {"uv": [0, 0, 0.5, 5.6], "texture": "#1"}
			}
		},
		{
			"from": [7.62779, 2.48561, 0],
			"to": [7.82779, 2.78561, 5.6],
			"rotation": {"angle": -22.5, "axis": "z", "origin": [8.22779, 2.68561, 4]},
			"faces": {
				"north": {"uv": [0, 0, 0.3, 0.2], "rotation": 90, "texture": "#1"},
				"east": {"uv": [0, 0, 0.3, 5.6], "rotation": 270, "texture": "#1"},
				"south": {"uv": [0, 0, 0.3, 0.2], "rotation": 270, "texture": "#1"},
				"west": {"uv": [0, 0, 0.3, 5.6], "rotation": 90, "texture": "#1"},
				"up": {"uv": [0, 0, 5.6, 0.2], "rotation": 270, "texture": "#1"},
				"down": {"uv": [0, 0, 5.6, 0.2], "rotation": 270, "texture": "#1"}
			}
		},
		{
			"from": [8.09609, 2.8683, 0],
			"to": [8.29609, 3.1683, 5.6],
			"rotation": {"angle": 22.5, "axis": "z", "origin": [8.69609, 3.0683, 4]},
			"faces": {
				"north": {"uv": [0, 0, 0.3, 0.2], "rotation": 90, "texture": "#1"},
				"east": {"uv": [0, 0, 0.3, 5.6], "rotation": 270, "texture": "#1"},
				"south": {"uv": [0, 0, 0.3, 0.2], "rotation": 270, "texture": "#1"},
				"west": {"uv": [0, 0, 0.3, 5.6], "rotation": 90, "texture": "#1"},
				"up": {"uv": [0, 0, 5.6, 0.2], "rotation": 270, "texture": "#1"},
				"down": {"uv": [0, 0, 5.6, 0.2], "rotation": 270, "texture": "#1"}
			}
		},
		{
			"from": [8.15657, 2.8537, 0],
			"to": [8.45657, 3.0537, 5.6],
			"rotation": {"angle": -22.5, "axis": "z", "origin": [8.25657, 3.4537, 4]},
			"faces": {
				"north": {"uv": [0, 0, 0.3, 0.2], "rotation": 180, "texture": "#1"},
				"east": {"uv": [0, 0, 5.6, 0.2], "rotation": 180, "texture": "#1"},
				"south": {"uv": [0, 0, 0.3, 0.2], "rotation": 180, "texture": "#1"},
				"west": {"uv": [0, 0, 5.6, 0.2], "texture": "#1"},
				"up": {"uv": [0, 0, 0.3, 5.6], "rotation": 180, "texture": "#1"},
				"down": {"uv": [0, 0, 0.3, 5.6], "texture": "#1"}
			}
		},
		{
			"from": [7.92612, 2.92982, 0],
			"to": [8.22612, 3.12982, 5.6],
			"rotation": {"angle": 22.5, "axis": "z", "origin": [8.12612, 2.52982, 4]},
			"faces": {
				"north": {"uv": [0, 0, 0.3, 0.2], "texture": "#1"},
				"east": {"uv": [0, 0, 5.6, 0.2], "texture": "#1"},
				"south": {"uv": [0, 0, 0.3, 0.2], "texture": "#1"},
				"west": {"uv": [0, 0, 5.6, 0.2], "texture": "#1"},
				"up": {"uv": [0, 0, 0.3, 5.6], "texture": "#1"},
				"down": {"uv": [0, 0, 0.3, 5.6], "texture": "#1"}
			}
		},
		{
			"from": [7.9889, 2.92242, 0],
			"to": [8.0089, 3.12242, 5.6],
			"faces": {
				"north": {"uv": [0, 0, 0.02, 0.2], "texture": "#1"},
				"east": {"uv": [0, 0, 5.6, 0.2], "texture": "#1"},
				"south": {"uv": [0, 0, 0.02, 0.2], "texture": "#1"},
				"west": {"uv": [0, 0, 5.6, 0.2], "texture": "#1"},
				"up": {"uv": [0, 0, 0.02, 5.6], "texture": "#1"},
				"down": {"uv": [0, 0, 0.02, 5.6], "texture": "#1"}
			}
		},
		{
			"from": [7.78744, 1.96464, 0],
			"to": [8.11744, 2.26464, 7.5],
			"rotation": {"angle": 45, "axis": "z", "origin": [8.63744, 1.76464, 4]},
			"faces": {
				"north": {"uv": [0, 0, 0.3, 0.33], "rotation": 90, "texture": "#1"},
				"east": {"uv": [0, 0, 0.3, 7.5], "rotation": 270, "texture": "#1"},
				"south": {"uv": [0, 0, 0.3, 0.33], "rotation": 270, "texture": "#1"},
				"west": {"uv": [0, 0, 0.3, 7.5], "rotation": 90, "texture": "#1"},
				"up": {"uv": [0, 0, 7.5, 0.33], "rotation": 270, "texture": "#1"},
				"down": {"uv": [0, 0, 7.5, 0.33], "rotation": 270, "texture": "#1"}
			}
		},
		{
			"from": [7.47698, 0.99591, 0],
			"to": [7.80698, 1.29591, 7.5],
			"rotation": {"angle": -45, "axis": "z", "origin": [8.32698, 0.79591, 4]},
			"faces": {
				"north": {"uv": [0, 0, 0.3, 0.33], "rotation": 90, "texture": "#1"},
				"east": {"uv": [0, 0, 0.3, 7.5], "rotation": 270, "texture": "#1"},
				"south": {"uv": [0, 0, 0.3, 0.33], "rotation": 270, "texture": "#1"},
				"west": {"uv": [0, 0, 0.3, 7.5], "rotation": 90, "texture": "#1"},
				"up": {"uv": [0, 0, 7.5, 0.33], "rotation": 270, "texture": "#1"},
				"down": {"uv": [0, 0, 7.5, 0.33], "rotation": 270, "texture": "#1"}
			}
		},
		{
			"from": [7.89497, 1.30503, 0],
			"to": [8.09497, 1.60503, 7.5],
			"faces": {
				"north": {"uv": [0, 0, 0.3, 0.2], "rotation": 90, "texture": "#1"},
				"east": {"uv": [0, 0, 0.3, 7.5], "rotation": 270, "texture": "#1"},
				"south": {"uv": [0, 0, 0.3, 0.2], "rotation": 270, "texture": "#1"},
				"west": {"uv": [0, 0, 0.3, 7.5], "rotation": 90, "texture": "#1"},
				"up": {"uv": [0, 0, 7.5, 0.2], "rotation": 270, "texture": "#1"},
				"down": {"uv": [0, 0, 7.5, 0.2], "rotation": 270, "texture": "#1"}
			}
		},
		{
			"from": [7.5, 1.8, 3],
			"to": [8.5, 2.8, 5.6],
			"faces": {
				"north": {"uv": [0, 0, 1, 1], "texture": "#1"},
				"east": {"uv": [0, 0, 2.6, 1], "texture": "#1"},
				"south": {"uv": [0, 0, 1, 1], "texture": "#1"},
				"west": {"uv": [0, 0, 2.6, 1], "texture": "#1"},
				"up": {"uv": [0, 0, 1, 2.6], "texture": "#1"},
				"down": {"uv": [0, 0, 1, 2.6], "texture": "#1"}
			}
		},
		{
			"from": [7.55, 1.45, 3],
			"to": [8.45, 1.7, 9.8],
			"faces": {
				"north": {"uv": [0, 0, 0.9, 0.25], "texture": "#3"},
				"east": {"uv": [0, 0, 6.8, 0.25], "texture": "#3"},
				"south": {"uv": [0, 0, 0.9, 0.25], "texture": "#3"},
				"west": {"uv": [0, 0, 6.8, 0.25], "texture": "#3"},
				"up": {"uv": [0, 0, 0.9, 6.8], "texture": "#3"},
				"down": {"uv": [0, 0, 0.9, 6.8], "texture": "#3"}
			}
		},
		{
			"from": [7.98388, 1.65251, 3],
			"to": [8.28388, 2.00251, 9.8],
			"rotation": {"angle": 45, "axis": "z", "origin": [8.43388, 1.20251, 5.5]},
			"faces": {
				"north": {"uv": [0, 0, 0.3, 0.35], "texture": "#3"},
				"east": {"uv": [0, 0, 6.8, 0.35], "texture": "#3"},
				"south": {"uv": [0, 0, 0.3, 0.35], "texture": "#3"},
				"west": {"uv": [0, 0, 6.8, 0.35], "texture": "#3"},
				"up": {"uv": [0, 0, 0.3, 6.8], "texture": "#3"},
				"down": {"uv": [0, 0, 0.3, 6.8], "texture": "#3"}
			}
		},
		{
			"from": [7.71612, 1.65251, 3],
			"to": [8.01612, 2.00251, 10.3],
			"rotation": {"angle": -45, "axis": "z", "origin": [7.56612, 1.20251, 5.5]},
			"faces": {
				"north": {"uv": [0, 0, 0.3, 0.35], "texture": "#3"},
				"east": {"uv": [0, 0, 7.3, 0.35], "texture": "#3"},
				"south": {"uv": [0, 0, 0.3, 0.35], "texture": "#3"},
				"west": {"uv": [0, 0, 7.3, 0.35], "texture": "#3"},
				"up": {"uv": [0, 0, 0.3, 7.3], "texture": "#3"},
				"down": {"uv": [0, 0, 0.3, 7.3], "texture": "#3"}
			}
		},
		{
			"from": [7.80251, 1.20251, 3],
			"to": [8.20251, 1.55251, 9.8],
			"faces": {
				"north": {"uv": [0, 0, 0.4, 0.35], "texture": "#3"},
				"east": {"uv": [0, 0, 6.8, 0.35], "texture": "#3"},
				"south": {"uv": [0, 0, 0.4, 0.35], "texture": "#3"},
				"west": {"uv": [0, 0, 6.8, 0.35], "texture": "#3"},
				"up": {"uv": [0, 0, 0.4, 6.8], "texture": "#3"},
				"down": {"uv": [0, 0, 0.4, 6.8], "texture": "#3"}
			}
		},
		{
			"from": [7.5, 3.54558, 3.64437],
			"to": [8.5, 4.04558, 4.34437],
			"rotation": {"angle": 45, "axis": "x", "origin": [8, 4.24558, 1.44437]},
			"faces": {
				"north": {"uv": [0, 0, 1, 0.5], "texture": "#1"},
				"east": {"uv": [0, 0, 0.7, 0.5], "texture": "#1"},
				"south": {"uv": [0, 0, 1, 0.5], "texture": "#1"},
				"west": {"uv": [0, 0, 0.7, 0.5], "texture": "#1"},
				"up": {"uv": [0, 0, 1, 0.7], "texture": "#1"},
				"down": {"uv": [0, 0, 1, 0.7], "texture": "#1"}
			}
		},
		{
			"from": [7.5, 2.64558, 2.94437],
			"to": [8.5, 3.14558, 3.74437],
			"rotation": {"angle": 22.5, "axis": "x", "origin": [8, 4.34558, 1.44437]},
			"faces": {
				"north": {"uv": [0, 0, 1, 0.5], "texture": "#1"},
				"east": {"uv": [0, 0, 0.8, 0.5], "texture": "#1"},
				"south": {"uv": [0, 0, 1, 0.5], "texture": "#1"},
				"west": {"uv": [0, 0, 0.8, 0.5], "texture": "#1"},
				"up": {"uv": [0, 0, 1, 0.8], "texture": "#1"},
				"down": {"uv": [0, 0, 1, 0.8], "texture": "#1"}
			}
		},
		{
			"from": [7.7, 1.85, 5.6],
			"to": [8.4, 2.5, 7],
			"faces": {
				"north": {"uv": [0, 0, 0.7, 0.65], "texture": "#2"},
				"east": {"uv": [0, 0, 1.4, 0.65], "texture": "#2"},
				"south": {"uv": [0, 0, 0.7, 0.65], "texture": "#2"},
				"west": {"uv": [0, 0, 1.4, 0.65], "texture": "#2"},
				"up": {"uv": [0, 0, 0.7, 1.4], "texture": "#2"},
				"down": {"uv": [0, 0, 0.7, 1.4], "texture": "#2"}
			}
		},
		{
			"from": [7.5, 1.7, 5.6],
			"to": [7.7, 2.8, 9.8],
			"faces": {
				"north": {"uv": [0, 0, 0.2, 1.1], "texture": "#1"},
				"east": {"uv": [0, 0, 4.2, 1.1], "texture": "#1"},
				"south": {"uv": [0, 0, 0.2, 1.1], "texture": "#1"},
				"west": {"uv": [0, 0, 4.2, 1.1], "texture": "#1"},
				"up": {"uv": [0, 0, 0.2, 4.2], "texture": "#1"},
				"down": {"uv": [0, 0, 0.2, 4.2], "texture": "#1"}
			}
		},
		{
			"from": [7.5, 1.7, 3],
			"to": [8.5, 2.3, 7.4],
			"faces": {
				"north": {"uv": [0, 0, 1, 0.6], "texture": "#1"},
				"east": {"uv": [0, 0, 4.4, 0.6], "texture": "#1"},
				"south": {"uv": [0, 0, 1, 0.6], "texture": "#1"},
				"west": {"uv": [0, 0, 4.4, 0.6], "texture": "#1"},
				"up": {"uv": [0, 0, 1, 4.4], "texture": "#1"},
				"down": {"uv": [0, 0, 1, 4.4], "texture": "#1"}
			}
		},
		{
			"from": [7.67305, 2.33551, 5.6],
			"to": [8.37305, 2.68551, 7],
			"rotation": {"angle": 22.5, "axis": "z", "origin": [7.97305, 2.48551, 6]},
			"faces": {
				"north": {"uv": [0, 0, 0.7, 0.35], "texture": "#2"},
				"east": {"uv": [0, 0, 1.4, 0.35], "texture": "#2"},
				"south": {"uv": [0, 0, 0.7, 0.35], "texture": "#2"},
				"west": {"uv": [0, 0, 1.4, 0.35], "texture": "#2"},
				"up": {"uv": [0, 0, 0.7, 1.4], "texture": "#2"},
				"down": {"uv": [0, 0, 0.7, 1.4], "texture": "#2"}
			}
		},
		{
			"from": [7.91997, 2.64166, 5.6],
			"to": [8.21997, 2.99166, 7],
			"rotation": {"angle": -22.5, "axis": "z", "origin": [7.81997, 2.79166, 6]},
			"faces": {
				"north": {"uv": [0, 0, 0.3, 0.35], "texture": "#2"},
				"east": {"uv": [0, 0, 1.4, 0.35], "texture": "#2"},
				"south": {"uv": [0, 0, 0.3, 0.35], "texture": "#2"},
				"west": {"uv": [0, 0, 1.4, 0.35], "texture": "#2"},
				"up": {"uv": [0, 0, 0.3, 1.4], "texture": "#2"},
				"down": {"uv": [0, 0, 0.3, 1.4], "texture": "#2"}
			}
		},
		{
			"from": [7.61585, 2.55401, 5.6],
			"to": [7.96585, 2.85401, 7],
			"rotation": {"angle": 22.5, "axis": "z", "origin": [7.76585, 2.95401, 6]},
			"faces": {
				"north": {"uv": [0, 0, 0.3, 0.35], "rotation": 270, "texture": "#2"},
				"east": {"uv": [0, 0, 0.3, 1.4], "rotation": 270, "texture": "#2"},
				"south": {"uv": [0, 0, 0.3, 0.35], "rotation": 90, "texture": "#2"},
				"west": {"uv": [0, 0, 0.3, 1.4], "rotation": 270, "texture": "#2"},
				"up": {"uv": [0, 0, 1.4, 0.35], "rotation": 90, "texture": "#2"},
				"down": {"uv": [0, 0, 1.4, 0.35], "rotation": 270, "texture": "#2"}
			}
		},
		{
			"from": [7.5, 1.7, 7],
			"to": [8.5, 2.8, 10.1],
			"faces": {
				"north": {"uv": [0, 0, 1, 1.1], "texture": "#1"},
				"east": {"uv": [0, 0, 3.1, 1.1], "texture": "#1"},
				"south": {"uv": [0, 0, 1, 1.1], "texture": "#1"},
				"west": {"uv": [0, 0, 3.1, 1.1], "texture": "#1"},
				"up": {"uv": [0, 0, 1, 3.1], "texture": "#1"},
				"down": {"uv": [0, 0, 1, 3.1], "texture": "#1"}
			}
		},
		{
			"from": [7.76997, 1.7463, 7],
			"to": [8.36997, 2.7463, 10.1],
			"rotation": {"angle": -22.5, "axis": "z", "origin": [8.56997, 2.4463, 5.4]},
			"faces": {
				"north": {"uv": [0, 0, 0.6, 1], "texture": "#1"},
				"east": {"uv": [0, 0, 3.1, 1], "texture": "#1"},
				"south": {"uv": [0, 0, 0.6, 1], "texture": "#1"},
				"west": {"uv": [0, 0, 3.1, 1], "texture": "#1"},
				"up": {"uv": [0, 0, 0.6, 3.1], "texture": "#1"},
				"down": {"uv": [0, 0, 0.6, 3.1], "texture": "#1"}
			}
		},
		{
			"from": [8.15657, 2.8537, 7],
			"to": [8.45657, 3.0537, 10.1],
			"rotation": {"angle": -22.5, "axis": "z", "origin": [8.25657, 3.4537, 5.4]},
			"faces": {
				"north": {"uv": [0, 0, 0.3, 0.2], "rotation": 180, "texture": "#1"},
				"east": {"uv": [0, 0, 3.1, 0.2], "rotation": 180, "texture": "#1"},
				"south": {"uv": [0, 0, 0.3, 0.2], "rotation": 180, "texture": "#1"},
				"west": {"uv": [0, 0, 3.1, 0.2], "texture": "#1"},
				"up": {"uv": [0, 0, 0.3, 3.1], "rotation": 180, "texture": "#1"},
				"down": {"uv": [0, 0, 0.3, 3.1], "texture": "#1"}
			}
		},
		{
			"from": [7.92612, 2.92982, 7],
			"to": [8.22612, 3.12982, 10.1],
			"rotation": {"angle": 22.5, "axis": "z", "origin": [8.12612, 2.52982, 5.4]},
			"faces": {
				"north": {"uv": [0, 0, 0.3, 0.2], "texture": "#1"},
				"east": {"uv": [0, 0, 3.1, 0.2], "texture": "#1"},
				"south": {"uv": [0, 0, 0.3, 0.2], "texture": "#1"},
				"west": {"uv": [0, 0, 3.1, 0.2], "texture": "#1"},
				"up": {"uv": [0, 0, 0.3, 3.1], "texture": "#1"},
				"down": {"uv": [0, 0, 0.3, 3.1], "texture": "#1"}
			}
		},
		{
			"from": [7.62779, 2.48561, 7],
			"to": [7.82779, 2.78561, 10.1],
			"rotation": {"angle": -22.5, "axis": "z", "origin": [8.22779, 2.68561, 5.4]},
			"faces": {
				"north": {"uv": [0, 0, 0.3, 0.2], "rotation": 90, "texture": "#1"},
				"east": {"uv": [0, 0, 0.3, 3.1], "rotation": 270, "texture": "#1"},
				"south": {"uv": [0, 0, 0.3, 0.2], "rotation": 270, "texture": "#1"},
				"west": {"uv": [0, 0, 0.3, 3.1], "rotation": 90, "texture": "#1"},
				"up": {"uv": [0, 0, 3.1, 0.2], "rotation": 270, "texture": "#1"},
				"down": {"uv": [0, 0, 3.1, 0.2], "rotation": 270, "texture": "#1"}
			}
		},
		{
			"from": [8.09609, 2.8683, 7],
			"to": [8.29609, 3.1683, 10.1],
			"rotation": {"angle": 22.5, "axis": "z", "origin": [8.69609, 3.0683, 5.4]},
			"faces": {
				"north": {"uv": [0, 0, 0.3, 0.2], "rotation": 90, "texture": "#1"},
				"east": {"uv": [0, 0, 0.3, 3.1], "rotation": 270, "texture": "#1"},
				"south": {"uv": [0, 0, 0.3, 0.2], "rotation": 270, "texture": "#1"},
				"west": {"uv": [0, 0, 0.3, 3.1], "rotation": 90, "texture": "#1"},
				"up": {"uv": [0, 0, 3.1, 0.2], "rotation": 270, "texture": "#1"},
				"down": {"uv": [0, 0, 3.1, 0.2], "rotation": 270, "texture": "#1"}
			}
		},
		{
			"from": [7.55, 1.25, 5.6],
			"to": [8.45, 1.7, 10.3],
			"faces": {
				"north": {"uv": [0, 0, 0.9, 0.45], "texture": "#3"},
				"east": {"uv": [0, 0, 4.7, 0.45], "texture": "#3"},
				"south": {"uv": [0, 0, 0.9, 0.45], "texture": "#3"},
				"west": {"uv": [0, 0, 4.7, 0.45], "texture": "#3"},
				"up": {"uv": [0, 0, 0.9, 4.7], "texture": "#3"},
				"down": {"uv": [0, 0, 0.9, 4.7], "texture": "#3"}
			}
		},
		{
			"from": [7.98388, 1.45251, 5.6],
			"to": [8.28388, 1.80251, 10.3],
			"rotation": {"angle": 45, "axis": "z", "origin": [8.43388, 1.00251, 8.1]},
			"faces": {
				"north": {"uv": [0, 0, 0.3, 0.35], "texture": "#3"},
				"east": {"uv": [0, 0, 4.7, 0.35], "texture": "#3"},
				"south": {"uv": [0, 0, 0.3, 0.35], "texture": "#3"},
				"west": {"uv": [0, 0, 4.7, 0.35], "texture": "#3"},
				"up": {"uv": [0, 0, 0.3, 4.7], "texture": "#3"},
				"down": {"uv": [0, 0, 0.3, 4.7], "texture": "#3"}
			}
		},
		{
			"from": [7.80251, 1.00251, 5.6],
			"to": [8.20251, 1.35251, 10.3],
			"faces": {
				"north": {"uv": [0, 0, 0.4, 0.35], "texture": "#3"},
				"east": {"uv": [0, 0, 4.7, 0.35], "texture": "#3"},
				"south": {"uv": [0, 0, 0.4, 0.35], "texture": "#3"},
				"west": {"uv": [0, 0, 4.7, 0.35], "texture": "#3"},
				"up": {"uv": [0, 0, 0.4, 4.7], "texture": "#3"},
				"down": {"uv": [0, 0, 0.4, 4.7], "texture": "#3"}
			}
		},
		{
			"from": [7.71612, 1.45251, 5.6],
			"to": [8.01612, 1.80251, 10.3],
			"rotation": {"angle": -45, "axis": "z", "origin": [7.56612, 1.00251, 8.1]},
			"faces": {
				"north": {"uv": [0, 0, 0.3, 0.35], "texture": "#3"},
				"east": {"uv": [0, 0, 4.7, 0.35], "texture": "#3"},
				"south": {"uv": [0, 0, 0.3, 0.35], "texture": "#3"},
				"west": {"uv": [0, 0, 4.7, 0.35], "texture": "#3"},
				"up": {"uv": [0, 0, 0.3, 4.7], "texture": "#3"},
				"down": {"uv": [0, 0, 0.3, 4.7], "texture": "#3"}
			}
		},
		{
			"from": [7.9889, 2.92242, 7],
			"to": [8.0089, 3.12242, 10.1],
			"faces": {
				"north": {"uv": [0, 0, 0.02, 0.2], "texture": "#1"},
				"east": {"uv": [0, 0, 3.1, 0.2], "texture": "#1"},
				"south": {"uv": [0, 0, 0.02, 0.2], "texture": "#1"},
				"west": {"uv": [0, 0, 3.1, 0.2], "texture": "#1"},
				"up": {"uv": [0, 0, 0.02, 3.1], "texture": "#1"},
				"down": {"uv": [0, 0, 0.02, 3.1], "texture": "#1"}
			}
		},
		{
			"from": [7.80251, 1.37648, 7.51992],
			"to": [8.20251, 1.82648, 8.31992],
			"rotation": {"angle": 22.5, "axis": "x", "origin": [8.25251, 8.02648, 6.01992]},
			"faces": {
				"north": {"uv": [0, 0, 0.4, 0.45], "texture": "#3"},
				"east": {"uv": [0, 0, 0.8, 0.45], "texture": "#3"},
				"south": {"uv": [0, 0, 0.4, 0.45], "texture": "#3"},
				"west": {"uv": [0, 0, 0.8, 0.45], "texture": "#3"},
				"up": {"uv": [0, 0, 0.4, 0.8], "texture": "#3"},
				"down": {"uv": [0, 0, 0.4, 0.8], "texture": "#3"}
			}
		},
		{
			"from": [7.55, 1.62397, 7.51992],
			"to": [8.45, 2.07397, 8.31992],
			"rotation": {"angle": 22.5, "axis": "x", "origin": [8, 8.27397, 6.01992]},
			"faces": {
				"north": {"uv": [0, 0, 0.9, 0.45], "texture": "#3"},
				"east": {"uv": [0, 0, 0.8, 0.45], "texture": "#3"},
				"south": {"uv": [0, 0, 0.9, 0.45], "texture": "#3"},
				"west": {"uv": [0, 0, 0.8, 0.45], "texture": "#3"},
				"up": {"uv": [0, 0, 0.9, 0.8], "texture": "#3"},
				"down": {"uv": [0, 0, 0.9, 0.8], "texture": "#3"}
			}
		},
		{
			"from": [7.55, 0.05, 7.4],
			"to": [8.45, 1.7, 9.9],
			"faces": {
				"north": {"uv": [0, 0, 0.9, 1.65], "texture": "#3"},
				"east": {"uv": [0, 0, 2.5, 1.65], "texture": "#3"},
				"south": {"uv": [0, 0, 0.9, 1.65], "texture": "#3"},
				"west": {"uv": [0, 0, 2.5, 1.65], "texture": "#3"},
				"up": {"uv": [0, 0, 0.9, 2.5], "texture": "#3"},
				"down": {"uv": [0, 0, 0.9, 2.5], "texture": "#3"}
			}
		},
		{
			"from": [7.55, 1.05, 8.8],
			"to": [8.45, 1.6, 10.5],
			"rotation": {"angle": 22.5, "axis": "x", "origin": [8, 7.9, 8.2]},
			"faces": {
				"north": {"uv": [0, 0, 0.9, 0.55], "texture": "#3"},
				"east": {"uv": [0, 0, 1.7, 0.55], "texture": "#3"},
				"south": {"uv": [0, 0, 0.9, 0.55], "texture": "#3"},
				"west": {"uv": [0, 0, 1.7, 0.55], "texture": "#3"},
				"up": {"uv": [0, 0, 0.9, 1.7], "texture": "#3"},
				"down": {"uv": [0, 0, 0.9, 1.7], "texture": "#3"}
			}
		},
		{
			"from": [7.55, 1.0956, 6.17348],
			"to": [8.45, 1.5456, 7.87348],
			"rotation": {"angle": 45, "axis": "x", "origin": [8, 1.2706, 7.02348]},
			"faces": {
				"north": {"uv": [0, 0, 0.9, 0.45], "texture": "#3"},
				"east": {"uv": [0, 0, 1.7, 0.45], "texture": "#3"},
				"south": {"uv": [0, 0, 0.9, 0.45], "texture": "#3"},
				"west": {"uv": [0, 0, 1.7, 0.45], "texture": "#3"},
				"up": {"uv": [0, 0, 0.9, 1.7], "texture": "#3"},
				"down": {"uv": [0, 0, 0.9, 1.7], "texture": "#3"}
			}
		},
		{
			"from": [7.55, 0.4206, 7.09848],
			"to": [8.45, 2.1206, 7.29848],
			"rotation": {"angle": -22.5, "axis": "x", "origin": [8, 1.2706, 7.02348]},
			"faces": {
				"north": {"uv": [0, 0, 0.9, 1.7], "rotation": 180, "texture": "#3"},
				"east": {"uv": [0, 0, 1.7, 0.2], "rotation": 270, "texture": "#3"},
				"south": {"uv": [0, 0, 0.9, 1.7], "texture": "#3"},
				"west": {"uv": [0, 0, 1.7, 0.2], "rotation": 90, "texture": "#3"},
				"up": {"uv": [0, 0, 0.9, 0.2], "rotation": 180, "texture": "#3"},
				"down": {"uv": [0, 0, 0.9, 0.2], "texture": "#3"}
			}
		},
		{
			"from": [7.55, 0.35, 10.35],
			"to": [8.45, 1.7, 10.5],
			"rotation": {"angle": 22.5, "axis": "x", "origin": [8, 7.9, 8.2]},
			"faces": {
				"north": {"uv": [0, 0, 0.9, 1.35], "texture": "#3"},
				"east": {"uv": [0, 0, 0.15, 1.35], "texture": "#3"},
				"south": {"uv": [0, 0, 0.9, 1.35], "texture": "#3"},
				"west": {"uv": [0, 0, 0.15, 1.35], "texture": "#3"},
				"up": {"uv": [0, 0, 0.9, 0.15], "texture": "#3"},
				"down": {"uv": [0, 0, 0.9, 0.15], "texture": "#3"}
			}
		},
		{
			"from": [7.55, -3.05, 4.9],
			"to": [8.45, 1.7, 6.8],
			"rotation": {"angle": -22.5, "axis": "x", "origin": [8, 7.9, 8.2]},
			"faces": {
				"north": {"uv": [0, 0, 0.9, 4.75], "texture": "#3"},
				"east": {"uv": [0, 0, 1.9, 4.75], "texture": "#3"},
				"south": {"uv": [0, 0, 0.9, 4.75], "texture": "#3"},
				"west": {"uv": [0, 0, 1.9, 4.75], "texture": "#3"},
				"up": {"uv": [0, 0, 0.9, 1.9], "texture": "#3"},
				"down": {"uv": [0, 0, 0.9, 1.9], "texture": "#3"}
			}
		},
		{
			"from": [7.54999, 0.56265, 9.24416],
			"to": [7.79999, 1.26265, 9.64416],
			"rotation": {"angle": -45, "axis": "x", "origin": [7.99999, 2.21265, 9.46916]},
			"faces": {
				"north": {"uv": [0, 0, 0.25, 0.7], "rotation": 180, "texture": "#3"},
				"east": {"uv": [0, 0, 0.7, 0.4], "rotation": 270, "texture": "#3"},
				"south": {"uv": [0, 0, 0.25, 0.7], "texture": "#3"},
				"west": {"uv": [0, 0, 0.7, 0.4], "rotation": 90, "texture": "#3"},
				"up": {"uv": [0, 0, 0.25, 0.4], "rotation": 180, "texture": "#3"},
				"down": {"uv": [0, 0, 0.25, 0.4], "texture": "#3"}
			}
		},
		{
			"from": [7.55041, 1.43544, 10.58103],
			"to": [7.80041, 1.68544, 11.08103],
			"rotation": {"angle": 22.5, "axis": "x", "origin": [8.00041, 1.46044, 9.63103]},
			"faces": {
				"north": {"uv": [0, 0, 0.25, 0.25], "texture": "#3"},
				"east": {"uv": [0, 0, 0.5, 0.25], "texture": "#3"},
				"south": {"uv": [0, 0, 0.25, 0.25], "texture": "#3"},
				"west": {"uv": [0, 0, 0.5, 0.25], "texture": "#3"},
				"up": {"uv": [0, 0, 0.25, 0.5], "texture": "#3"},
				"down": {"uv": [0, 0, 0.25, 0.5], "texture": "#3"}
			}
		},
		{
			"from": [7.55137, 0.86347, 9.35576],
			"to": [7.80137, 1.11347, 11.05576],
			"faces": {
				"north": {"uv": [0, 0, 0.25, 0.25], "texture": "#3"},
				"east": {"uv": [0, 0, 1.7, 0.25], "texture": "#3"},
				"south": {"uv": [0, 0, 0.25, 0.25], "texture": "#3"},
				"west": {"uv": [0, 0, 1.7, 0.25], "texture": "#3"},
				"up": {"uv": [0, 0, 0.25, 1.7], "texture": "#3"},
				"down": {"uv": [0, 0, 0.25, 1.7], "texture": "#3"}
			}
		},
		{
			"from": [7.55065, 0.46242, 9.40908],
			"to": [8.45065, 0.81242, 10.70908],
			"rotation": {"angle": -22.5, "axis": "x", "origin": [8.00065, 0.88742, 9.65908]},
			"faces": {
				"north": {"uv": [0, 0, 0.9, 0.35], "texture": "#3"},
				"east": {"uv": [0, 0, 1.3, 0.35], "texture": "#3"},
				"south": {"uv": [0, 0, 0.9, 0.35], "texture": "#3"},
				"west": {"uv": [0, 0, 1.3, 0.35], "texture": "#3"},
				"up": {"uv": [0, 0, 0.9, 1.3], "texture": "#3"},
				"down": {"uv": [0, 0, 0.9, 1.3], "texture": "#3"}
			}
		},
		{
			"from": [7.55065, 0.26242, 9.40908],
			"to": [8.45065, 1.21242, 10.30908],
			"rotation": {"angle": -45, "axis": "x", "origin": [8.00065, 0.88742, 9.65908]},
			"faces": {
				"north": {"uv": [0, 0, 0.9, 0.95], "texture": "#3"},
				"east": {"uv": [0, 0, 0.9, 0.95], "texture": "#3"},
				"south": {"uv": [0, 0, 0.9, 0.95], "texture": "#3"},
				"west": {"uv": [0, 0, 0.9, 0.95], "texture": "#3"},
				"up": {"uv": [0, 0, 0.9, 0.9], "texture": "#3"},
				"down": {"uv": [0, 0, 0.9, 0.9], "texture": "#3"}
			}
		},
		{
			"from": [7.55065, 0.13742, 9.33408],
			"to": [8.45065, 1.53742, 10.28408],
			"rotation": {"angle": 22.5, "axis": "x", "origin": [8.00065, 0.88742, 9.65908]},
			"faces": {
				"north": {"uv": [0, 0, 0.9, 1.4], "rotation": 180, "texture": "#3"},
				"east": {"uv": [0, 0, 1.4, 0.95], "rotation": 90, "texture": "#3"},
				"south": {"uv": [0, 0, 0.9, 1.4], "texture": "#3"},
				"west": {"uv": [0, 0, 1.4, 0.95], "rotation": 270, "texture": "#3"},
				"up": {"uv": [0, 0, 0.9, 0.95], "texture": "#3"},
				"down": {"uv": [0, 0, 0.9, 0.95], "rotation": 180, "texture": "#3"}
			}
		},
		{
			"from": [7.55065, -0.26258, 9.33408],
			"to": [8.45065, 1.53742, 10.08408],
			"faces": {
				"north": {"uv": [0, 0, 0.9, 1.8], "rotation": 180, "texture": "#3"},
				"east": {"uv": [0, 0, 1.8, 0.75], "rotation": 90, "texture": "#3"},
				"south": {"uv": [0, 0, 0.9, 1.8], "texture": "#3"},
				"west": {"uv": [0, 0, 1.8, 0.75], "rotation": 270, "texture": "#3"},
				"up": {"uv": [0, 0, 0.9, 0.75], "texture": "#3"},
				"down": {"uv": [0, 0, 0.9, 0.75], "rotation": 180, "texture": "#3"}
			}
		},
		{
			"from": [7.55, -0.04808, 7.2971],
			"to": [8.45, 0.10192, 7.4471],
			"faces": {
				"north": {"uv": [0, 0, 0.9, 0.15], "texture": "#3"},
				"east": {"uv": [0, 0, 0.15, 0.15], "texture": "#3"},
				"south": {"uv": [0, 0, 0.9, 0.15], "texture": "#3"},
				"west": {"uv": [0, 0, 0.15, 0.15], "texture": "#3"},
				"up": {"uv": [0, 0, 0.9, 0.15], "texture": "#3"},
				"down": {"uv": [0, 0, 0.9, 0.15], "texture": "#3"}
			}
		},
		{
			"from": [7.54982, -0.15986, 7.3394],
			"to": [8.44982, -0.00986, 7.6894],
			"rotation": {"angle": -22.5, "axis": "x", "origin": [7.99982, -0.13486, 7.4144]},
			"faces": {
				"north": {"uv": [0, 0, 0.9, 0.15], "texture": "#3"},
				"east": {"uv": [0, 0, 0.35, 0.15], "texture": "#3"},
				"south": {"uv": [0, 0, 0.9, 0.15], "texture": "#3"},
				"west": {"uv": [0, 0, 0.35, 0.15], "texture": "#3"},
				"up": {"uv": [0, 0, 0.9, 0.35], "texture": "#3"},
				"down": {"uv": [0, 0, 0.9, 0.35], "texture": "#3"}
			}
		},
		{
			"from": [7.55012, -0.24716, 7.42095],
			"to": [8.45012, -0.09716, 7.77095],
			"rotation": {"angle": -45, "axis": "x", "origin": [8.00012, -0.22216, 7.49595]},
			"faces": {
				"north": {"uv": [0, 0, 0.9, 0.15], "texture": "#3"},
				"east": {"uv": [0, 0, 0.35, 0.15], "texture": "#3"},
				"south": {"uv": [0, 0, 0.9, 0.15], "texture": "#3"},
				"west": {"uv": [0, 0, 0.35, 0.15], "texture": "#3"},
				"up": {"uv": [0, 0, 0.9, 0.35], "texture": "#3"},
				"down": {"uv": [0, 0, 0.9, 0.35], "texture": "#3"}
			}
		},
		{
			"from": [7.55039, -0.3466, 7.47969],
			"to": [8.45039, -0.0966, 8.52969],
			"rotation": {"angle": 22.5, "axis": "x", "origin": [8.00039, -0.2716, 7.60469]},
			"faces": {
				"north": {"uv": [0, 0, 0.9, 0.25], "rotation": 180, "texture": "#3"},
				"east": {"uv": [0, 0, 0.25, 1.05], "rotation": 90, "texture": "#3"},
				"south": {"uv": [0, 0, 0.9, 0.25], "texture": "#3"},
				"west": {"uv": [0, 0, 0.25, 1.05], "rotation": 270, "texture": "#3"},
				"up": {"uv": [0, 0, 0.9, 1.05], "texture": "#3"},
				"down": {"uv": [0, 0, 0.9, 1.05], "rotation": 180, "texture": "#3"}
			}
		},
		{
			"from": [7.55039, -0.1966, 7.17969],
			"to": [8.45039, 0.2034, 8.52969],
			"rotation": {"angle": 45, "axis": "x", "origin": [8.00039, -0.2716, 7.60469]},
			"faces": {
				"north": {"uv": [0, 0, 0.9, 0.4], "rotation": 180, "texture": "#3"},
				"east": {"uv": [0, 0, 0.4, 1.35], "rotation": 90, "texture": "#3"},
				"south": {"uv": [0, 0, 0.9, 0.4], "texture": "#3"},
				"west": {"uv": [0, 0, 0.4, 1.35], "rotation": 270, "texture": "#3"},
				"up": {"uv": [0, 0, 0.9, 1.35], "texture": "#3"},
				"down": {"uv": [0, 0, 0.9, 1.35], "rotation": 180, "texture": "#3"}
			}
		},
		{
			"from": [7.54999, -3.88007, 6.67697],
			"to": [8.44999, 1.71993, 6.87697],
			"rotation": {"angle": -22.5, "axis": "x", "origin": [7.99999, 7.91993, 7.97697]},
			"faces": {
				"north": {"uv": [0, 0, 0.9, 5.6], "texture": "#3"},
				"east": {"uv": [0, 0, 0.2, 5.6], "texture": "#3"},
				"south": {"uv": [0, 0, 0.9, 5.6], "texture": "#3"},
				"west": {"uv": [0, 0, 0.2, 5.6], "texture": "#3"},
				"up": {"uv": [0, 0, 0.9, 0.2], "texture": "#3"},
				"down": {"uv": [0, 0, 0.9, 0.2], "texture": "#3"}
			}
		},
		{
			"from": [7.54999, -3.47934, 9.34159],
			"to": [8.44999, -3.02934, 11.29159],
			"faces": {
				"north": {"uv": [0, 0, 0.9, 0.45], "texture": "#3"},
				"east": {"uv": [0, 0, 1.95, 0.45], "texture": "#3"},
				"south": {"uv": [0, 0, 0.9, 0.45], "texture": "#3"},
				"west": {"uv": [0, 0, 1.95, 0.45], "texture": "#3"},
				"up": {"uv": [0, 0, 0.9, 1.95], "texture": "#3"},
				"down": {"uv": [0, 0, 0.9, 1.95], "texture": "#3"}
			}
		},
		{
			"from": [7.54993, -3.38003, 5.67699],
			"to": [8.44993, 1.71997, 6.87699],
			"rotation": {"angle": -22.5, "axis": "x", "origin": [7.99993, 7.91997, 7.97699]},
			"faces": {
				"north": {"uv": [0, 0, 0.9, 5.1], "texture": "#3"},
				"east": {"uv": [0, 0, 1.2, 5.1], "texture": "#3"},
				"south": {"uv": [0, 0, 0.9, 5.1], "texture": "#3"},
				"west": {"uv": [0, 0, 1.2, 5.1], "texture": "#3"},
				"up": {"uv": [0, 0, 0.9, 1.2], "texture": "#3"},
				"down": {"uv": [0, 0, 0.9, 1.2], "texture": "#3"}
			}
		},
		{
			"from": [7.50001, 1.6363, 7.86332],
			"to": [7.80001, 2.1363, 8.16332],
			"rotation": {"angle": -22.5, "axis": "x", "origin": [8.00001, 7.3363, 7.46332]},
			"faces": {
				"north": {"uv": [0, 0, 0.3, 0.5], "texture": "#1"},
				"east": {"uv": [0, 0, 0.3, 0.5], "texture": "#1"},
				"south": {"uv": [0, 0, 0.3, 0.5], "texture": "#1"},
				"west": {"uv": [0, 0, 0.3, 0.5], "texture": "#1"},
				"up": {"uv": [0, 0, 0.3, 0.3], "texture": "#1"},
				"down": {"uv": [0, 0, 0.3, 0.3], "texture": "#1"}
			}
		},
		{
			"from": [7.49998, 1.69806, 9.99136],
			"to": [7.59998, 2.33806, 10.29136],
			"faces": {
				"north": {"uv": [0, 0, 0.1, 0.64], "texture": "#1"},
				"east": {"uv": [0, 0, 0.3, 0.64], "texture": "#1"},
				"south": {"uv": [0, 0, 0.1, 0.64], "texture": "#1"},
				"west": {"uv": [0, 0, 0.3, 0.64], "texture": "#1"},
				"up": {"uv": [0, 0, 0.1, 0.3], "texture": "#1"},
				"down": {"uv": [0, 0, 0.1, 0.3], "texture": "#1"}
			}
		},
		{
			"from": [8.20001, 1.6363, 7.86332],
			"to": [8.50001, 2.1363, 8.16332],
			"rotation": {"angle": -22.5, "axis": "x", "origin": [8.70001, 7.3363, 7.46332]},
			"faces": {
				"north": {"uv": [0, 0, 0.3, 0.5], "texture": "#1"},
				"east": {"uv": [0, 0, 0.3, 0.5], "texture": "#1"},
				"south": {"uv": [0, 0, 0.3, 0.5], "texture": "#1"},
				"west": {"uv": [0, 0, 0.3, 0.5], "texture": "#1"},
				"up": {"uv": [0, 0, 0.3, 0.3], "texture": "#1"},
				"down": {"uv": [0, 0, 0.3, 0.3], "texture": "#1"}
			}
		},
		{
			"from": [8.39998, 1.69806, 9.99136],
			"to": [8.49998, 2.33806, 10.29136],
			"faces": {
				"north": {"uv": [0, 0, 0.1, 0.64], "texture": "#1"},
				"east": {"uv": [0, 0, 0.3, 0.64], "texture": "#1"},
				"south": {"uv": [0, 0, 0.1, 0.64], "texture": "#1"},
				"west": {"uv": [0, 0, 0.3, 0.64], "texture": "#1"},
				"up": {"uv": [0, 0, 0.1, 0.3], "texture": "#1"},
				"down": {"uv": [0, 0, 0.1, 0.3], "texture": "#1"}
			}
		},
		{
			"from": [7.55001, 0.86018, 9.55029],
			"to": [8.45001, 1.56018, 9.95029],
			"rotation": {"angle": -22.5, "axis": "x", "origin": [8.00001, 2.51018, 9.77529]},
			"faces": {
				"north": {"uv": [0, 0, 0.9, 0.7], "rotation": 180, "texture": "#3"},
				"east": {"uv": [0, 0, 0.7, 0.4], "rotation": 270, "texture": "#3"},
				"south": {"uv": [0, 0, 0.9, 0.7], "texture": "#3"},
				"west": {"uv": [0, 0, 0.7, 0.4], "rotation": 90, "texture": "#3"},
				"up": {"uv": [0, 0, 0.9, 0.4], "rotation": 180, "texture": "#3"},
				"down": {"uv": [0, 0, 0.9, 0.4], "texture": "#3"}
			}
		},
		{
			"from": [7.49999, 1.69666, 9.99276],
			"to": [7.69999, 1.88666, 10.29276],
			"faces": {
				"north": {"uv": [0, 0, 0.2, 0.19], "texture": "#1"},
				"east": {"uv": [0, 0, 0.3, 0.19], "texture": "#1"},
				"south": {"uv": [0, 0, 0.2, 0.19], "texture": "#1"},
				"west": {"uv": [0, 0, 0.3, 0.19], "texture": "#1"},
				"up": {"uv": [0, 0, 0.2, 0.3], "texture": "#1"},
				"down": {"uv": [0, 0, 0.2, 0.3], "texture": "#1"}
			}
		},
		{
			"from": [8.29998, 1.69806, 9.99136],
			"to": [8.49998, 1.88806, 10.29136],
			"faces": {
				"north": {"uv": [0, 0, 0.2, 0.19], "texture": "#1"},
				"east": {"uv": [0, 0, 0.3, 0.19], "texture": "#1"},
				"south": {"uv": [0, 0, 0.2, 0.19], "texture": "#1"},
				"west": {"uv": [0, 0, 0.3, 0.19], "texture": "#1"},
				"up": {"uv": [0, 0, 0.2, 0.3], "texture": "#1"},
				"down": {"uv": [0, 0, 0.2, 0.3], "texture": "#1"}
			}
		},
		{
			"from": [7.50001, 2.04684, 9.99255],
			"to": [7.80001, 2.33684, 10.29255],
			"faces": {
				"north": {"uv": [0, 0, 0.3, 0.29], "texture": "#1"},
				"east": {"uv": [0, 0, 0.3, 0.29], "texture": "#1"},
				"south": {"uv": [0, 0, 0.3, 0.29], "texture": "#1"},
				"west": {"uv": [0, 0, 0.3, 0.29], "texture": "#1"},
				"up": {"uv": [0, 0, 0.3, 0.3], "texture": "#1"},
				"down": {"uv": [0, 0, 0.3, 0.3], "texture": "#1"}
			}
		},
		{
			"from": [8.19998, 2.04806, 9.99136],
			"to": [8.49998, 2.33806, 10.29136],
			"faces": {
				"north": {"uv": [0, 0, 0.3, 0.29], "texture": "#1"},
				"east": {"uv": [0, 0, 0.3, 0.29], "texture": "#1"},
				"south": {"uv": [0, 0, 0.3, 0.29], "texture": "#1"},
				"west": {"uv": [0, 0, 0.3, 0.29], "texture": "#1"},
				"up": {"uv": [0, 0, 0.3, 0.3], "texture": "#1"},
				"down": {"uv": [0, 0, 0.3, 0.3], "texture": "#1"}
			}
		},
		{
			"from": [7.55, 1.25, 7.9],
			"to": [8.45, 2.05, 10.26],
			"faces": {
				"north": {"uv": [0, 0, 0.9, 0.8], "texture": "#3"},
				"east": {"uv": [0, 0, 2.36, 0.8], "texture": "#3"},
				"south": {"uv": [0, 0, 0.9, 0.8], "texture": "#3"},
				"west": {"uv": [0, 0, 2.36, 0.8], "texture": "#3"},
				"up": {"uv": [0, 0, 0.9, 2.36], "texture": "#3"},
				"down": {"uv": [0, 0, 0.9, 2.36], "texture": "#3"}
			}
		},
		{
			"from": [8.20041, 1.43544, 10.58103],
			"to": [8.45041, 1.68544, 11.08103],
			"rotation": {"angle": 22.5, "axis": "x", "origin": [8.65041, 1.46044, 9.63103]},
			"faces": {
				"north": {"uv": [0, 0, 0.25, 0.25], "texture": "#3"},
				"east": {"uv": [0, 0, 0.5, 0.25], "texture": "#3"},
				"south": {"uv": [0, 0, 0.25, 0.25], "texture": "#3"},
				"west": {"uv": [0, 0, 0.5, 0.25], "texture": "#3"},
				"up": {"uv": [0, 0, 0.25, 0.5], "texture": "#3"},
				"down": {"uv": [0, 0, 0.25, 0.5], "texture": "#3"}
			}
		},
		{
			"from": [8.19999, 0.56265, 9.24416],
			"to": [8.44999, 1.26265, 9.64416],
			"rotation": {"angle": -45, "axis": "x", "origin": [8.64999, 2.21265, 9.46916]},
			"faces": {
				"north": {"uv": [0, 0, 0.25, 0.7], "rotation": 180, "texture": "#3"},
				"east": {"uv": [0, 0, 0.7, 0.4], "rotation": 270, "texture": "#3"},
				"south": {"uv": [0, 0, 0.25, 0.7], "texture": "#3"},
				"west": {"uv": [0, 0, 0.7, 0.4], "rotation": 90, "texture": "#3"},
				"up": {"uv": [0, 0, 0.25, 0.4], "rotation": 180, "texture": "#3"},
				"down": {"uv": [0, 0, 0.25, 0.4], "texture": "#3"}
			}
		},
		{
			"from": [8.20137, 0.86347, 9.35576],
			"to": [8.45137, 1.11347, 11.05576],
			"faces": {
				"north": {"uv": [0, 0, 0.25, 0.25], "texture": "#3"},
				"east": {"uv": [0, 0, 1.7, 0.25], "texture": "#3"},
				"south": {"uv": [0, 0, 0.25, 0.25], "texture": "#3"},
				"west": {"uv": [0, 0, 1.7, 0.25], "texture": "#3"},
				"up": {"uv": [0, 0, 0.25, 1.7], "texture": "#3"},
				"down": {"uv": [0, 0, 0.25, 1.7], "texture": "#3"}
			}
		},
		{
			"from": [7.80295, 1.29875, 10.59757],
			"to": [8.20295, 1.44875, 11.39757],
			"rotation": {"angle": 22.5, "axis": "x", "origin": [8.00295, 1.29875, 10.24757]},
			"faces": {
				"north": {"uv": [0, 0, 0.4, 0.15], "texture": "#1"},
				"east": {"uv": [0, 0, 0.8, 0.15], "texture": "#1"},
				"south": {"uv": [0, 0, 0.4, 0.15], "texture": "#1"},
				"west": {"uv": [0, 0, 0.8, 0.15], "texture": "#1"},
				"up": {"uv": [0, 0, 0.4, 0.8], "texture": "#1"},
				"down": {"uv": [0, 0, 0.4, 0.8], "texture": "#1"}
			}
		},
		{
			"from": [7.80295, 0.84875, 10.79757],
			"to": [8.20295, 0.99875, 11.49757],
			"faces": {
				"north": {"uv": [0, 0, 0.4, 0.15], "texture": "#1"},
				"east": {"uv": [0, 0, 0.7, 0.15], "texture": "#1"},
				"south": {"uv": [0, 0, 0.4, 0.15], "texture": "#1"},
				"west": {"uv": [0, 0, 0.7, 0.15], "texture": "#1"},
				"up": {"uv": [0, 0, 0.4, 0.7], "texture": "#1"},
				"down": {"uv": [0, 0, 0.4, 0.7], "texture": "#1"}
			}
		},
		{
			"from": [7.80295, 0.54875, 9.59757],
			"to": [8.20295, 0.69875, 10.99757],
			"rotation": {"angle": -22.5, "axis": "x", "origin": [8.00295, 1.29875, 10.24757]},
			"faces": {
				"north": {"uv": [0, 0, 0.4, 0.15], "texture": "#1"},
				"east": {"uv": [0, 0, 1.4, 0.15], "texture": "#1"},
				"south": {"uv": [0, 0, 0.4, 0.15], "texture": "#1"},
				"west": {"uv": [0, 0, 1.4, 0.15], "texture": "#1"},
				"up": {"uv": [0, 0, 0.4, 1.4], "texture": "#1"},
				"down": {"uv": [0, 0, 0.4, 1.4], "texture": "#1"}
			}
		},
		{
			"from": [7.70295, 0.54875, 8.89757],
			"to": [8.30295, 0.99875, 10.19757],
			"rotation": {"angle": -45, "axis": "x", "origin": [8.00295, 1.29875, 10.24757]},
			"faces": {
				"north": {"uv": [0, 0, 0.6, 0.45], "texture": "#1"},
				"east": {"uv": [0, 0, 1.3, 0.45], "texture": "#1"},
				"south": {"uv": [0, 0, 0.6, 0.45], "texture": "#1"},
				"west": {"uv": [0, 0, 1.3, 0.45], "texture": "#1"},
				"up": {"uv": [0, 0, 0.6, 1.3], "texture": "#1"},
				"down": {"uv": [0, 0, 0.6, 1.3], "texture": "#1"}
			}
		},
		{
			"from": [7.70295, -0.05125, 10.29757],
			"to": [8.30295, 1.24875, 10.74757],
			"rotation": {"angle": 22.5, "axis": "x", "origin": [8.00295, 1.29875, 10.24757]},
			"faces": {
				"north": {"uv": [0, 0, 0.6, 1.3], "rotation": 180, "texture": "#1"},
				"east": {"uv": [0, 0, 1.3, 0.45], "rotation": 90, "texture": "#1"},
				"south": {"uv": [0, 0, 0.6, 1.3], "texture": "#1"},
				"west": {"uv": [0, 0, 1.3, 0.45], "rotation": 270, "texture": "#1"},
				"up": {"uv": [0, 0, 0.6, 0.45], "texture": "#1"},
				"down": {"uv": [0, 0, 0.6, 0.45], "rotation": 180, "texture": "#1"}
			}
		},
		{
			"from": [7.70295, -0.55125, 9.89757],
			"to": [8.30295, 0.94875, 10.34757],
			"faces": {
				"north": {"uv": [0, 0, 0.6, 1.5], "rotation": 180, "texture": "#1"},
				"east": {"uv": [0, 0, 1.5, 0.45], "rotation": 90, "texture": "#1"},
				"south": {"uv": [0, 0, 0.6, 1.5], "texture": "#1"},
				"west": {"uv": [0, 0, 1.5, 0.45], "rotation": 270, "texture": "#1"},
				"up": {"uv": [0, 0, 0.6, 0.45], "texture": "#1"},
				"down": {"uv": [0, 0, 0.6, 0.45], "rotation": 180, "texture": "#1"}
			}
		},
		{
			"from": [7.70295, -0.95125, 9.39757],
			"to": [8.30295, 0.94875, 9.84757],
			"rotation": {"angle": -22.5, "axis": "x", "origin": [8.00295, 1.29875, 10.24757]},
			"faces": {
				"north": {"uv": [0, 0, 0.6, 1.9], "rotation": 180, "texture": "#1"},
				"east": {"uv": [0, 0, 1.9, 0.45], "rotation": 90, "texture": "#1"},
				"south": {"uv": [0, 0, 0.6, 1.9], "texture": "#1"},
				"west": {"uv": [0, 0, 1.9, 0.45], "rotation": 270, "texture": "#1"},
				"up": {"uv": [0, 0, 0.6, 0.45], "texture": "#1"},
				"down": {"uv": [0, 0, 0.6, 0.45], "rotation": 180, "texture": "#1"}
			}
		},
		{
			"from": [7.70295, -3.45125, 9.39757],
			"to": [8.30295, -1.15125, 9.84757],
			"rotation": {"angle": -22.5, "axis": "x", "origin": [8.00295, 1.29875, 10.24757]},
			"faces": {
				"north": {"uv": [0, 0, 0.6, 2.3], "rotation": 180, "texture": "#1"},
				"east": {"uv": [0, 0, 2.3, 0.45], "rotation": 90, "texture": "#1"},
				"south": {"uv": [0, 0, 0.6, 2.3], "texture": "#1"},
				"west": {"uv": [0, 0, 2.3, 0.45], "rotation": 270, "texture": "#1"},
				"up": {"uv": [0, 0, 0.6, 0.45], "texture": "#1"},
				"down": {"uv": [0, 0, 0.6, 0.45], "rotation": 180, "texture": "#1"}
			}
		},
		{
			"from": [7.80295, -3.45125, 9.39757],
			"to": [8.20295, -0.85125, 9.74757],
			"rotation": {"angle": -22.5, "axis": "x", "origin": [8.00295, 1.29875, 10.24757]},
			"faces": {
				"north": {"uv": [0, 0, 0.4, 2.6], "rotation": 180, "texture": "#1"},
				"east": {"uv": [0, 0, 2.6, 0.35], "rotation": 90, "texture": "#1"},
				"south": {"uv": [0, 0, 0.4, 2.6], "texture": "#1"},
				"west": {"uv": [0, 0, 2.6, 0.35], "rotation": 270, "texture": "#1"},
				"up": {"uv": [0, 0, 0.4, 0.35], "texture": "#1"},
				"down": {"uv": [0, 0, 0.4, 0.35], "rotation": 180, "texture": "#1"}
			}
		},
		{
			"from": [7.80295, 0.94875, 10.24757],
			"to": [8.20295, 1.44875, 10.59757],
			"faces": {
				"north": {"uv": [0, 0, 0.4, 0.5], "rotation": 180, "texture": "#1"},
				"east": {"uv": [0, 0, 0.5, 0.35], "rotation": 270, "texture": "#1"},
				"south": {"uv": [0, 0, 0.4, 0.5], "texture": "#1"},
				"west": {"uv": [0, 0, 0.5, 0.35], "rotation": 90, "texture": "#1"},
				"up": {"uv": [0, 0, 0.4, 0.35], "rotation": 180, "texture": "#1"},
				"down": {"uv": [0, 0, 0.4, 0.35], "texture": "#1"}
			}
		},
		{
			"from": [7.80329, 1.21574, 10.38525],
			"to": [8.20329, 1.51574, 10.73525],
			"rotation": {"angle": -45, "axis": "x", "origin": [8.00329, 1.16574, 10.38525]},
			"faces": {
				"north": {"uv": [0, 0, 0.4, 0.3], "rotation": 180, "texture": "#1"},
				"east": {"uv": [0, 0, 0.3, 0.35], "rotation": 270, "texture": "#1"},
				"south": {"uv": [0, 0, 0.4, 0.3], "texture": "#1"},
				"west": {"uv": [0, 0, 0.3, 0.35], "rotation": 90, "texture": "#1"},
				"up": {"uv": [0, 0, 0.4, 0.35], "rotation": 180, "texture": "#1"},
				"down": {"uv": [0, 0, 0.4, 0.35], "texture": "#1"}
			}
		},
		{
			"from": [7.80329, 1.51574, 10.23525],
			"to": [8.20329, 1.81574, 10.58525],
			"rotation": {"angle": -22.5, "axis": "x", "origin": [8.00329, 1.16574, 10.38525]},
			"faces": {
				"north": {"uv": [0, 0, 0.4, 0.3], "rotation": 180, "texture": "#1"},
				"east": {"uv": [0, 0, 0.3, 0.35], "rotation": 270, "texture": "#1"},
				"south": {"uv": [0, 0, 0.4, 0.3], "texture": "#1"},
				"west": {"uv": [0, 0, 0.3, 0.35], "rotation": 90, "texture": "#1"},
				"up": {"uv": [0, 0, 0.4, 0.35], "rotation": 180, "texture": "#1"},
				"down": {"uv": [0, 0, 0.4, 0.35], "texture": "#1"}
			}
		},
		{
			"from": [7.80329, 1.71574, 9.98525],
			"to": [8.20329, 2.01574, 10.33525],
			"faces": {
				"north": {"uv": [0, 0, 0.4, 0.3], "rotation": 180, "texture": "#1"},
				"east": {"uv": [0, 0, 0.3, 0.35], "rotation": 270, "texture": "#1"},
				"south": {"uv": [0, 0, 0.4, 0.3], "texture": "#1"},
				"west": {"uv": [0, 0, 0.3, 0.35], "rotation": 90, "texture": "#1"},
				"up": {"uv": [0, 0, 0.4, 0.35], "rotation": 180, "texture": "#1"},
				"down": {"uv": [0, 0, 0.4, 0.35], "texture": "#1"}
			}
		},
		{
			"from": [7.80329, 1.71574, 9.68525],
			"to": [8.20329, 2.21574, 10.03525],
			"rotation": {"angle": 22.5, "axis": "x", "origin": [8.00329, 1.16574, 10.38525]},
			"faces": {
				"north": {"uv": [0, 0, 0.4, 0.5], "rotation": 180, "texture": "#1"},
				"east": {"uv": [0, 0, 0.5, 0.35], "rotation": 270, "texture": "#1"},
				"south": {"uv": [0, 0, 0.4, 0.5], "texture": "#1"},
				"west": {"uv": [0, 0, 0.5, 0.35], "rotation": 90, "texture": "#1"},
				"up": {"uv": [0, 0, 0.4, 0.35], "rotation": 180, "texture": "#1"},
				"down": {"uv": [0, 0, 0.4, 0.35], "texture": "#1"}
			}
		},
		{
			"from": [7.80329, 1.71574, 8.93525],
			"to": [8.20329, 2.01574, 9.68525],
			"rotation": {"angle": 45, "axis": "x", "origin": [8.00329, 1.16574, 10.38525]},
			"faces": {
				"north": {"uv": [0, 0, 0.4, 0.3], "rotation": 180, "texture": "#1"},
				"east": {"uv": [0, 0, 0.3, 0.75], "rotation": 270, "texture": "#1"},
				"south": {"uv": [0, 0, 0.4, 0.3], "texture": "#1"},
				"west": {"uv": [0, 0, 0.3, 0.75], "rotation": 90, "texture": "#1"},
				"up": {"uv": [0, 0, 0.4, 0.75], "rotation": 180, "texture": "#1"},
				"down": {"uv": [0, 0, 0.4, 0.75], "texture": "#1"}
			}
		},
		{
			"from": [7.80329, 2.21574, 10.03525],
			"to": [8.20329, 2.41574, 10.38525],
			"faces": {
				"north": {"uv": [0, 0, 0.4, 0.2], "rotation": 180, "texture": "#1"},
				"east": {"uv": [0, 0, 0.2, 0.35], "rotation": 270, "texture": "#1"},
				"south": {"uv": [0, 0, 0.4, 0.2], "texture": "#1"},
				"west": {"uv": [0, 0, 0.2, 0.35], "rotation": 90, "texture": "#1"},
				"up": {"uv": [0, 0, 0.4, 0.35], "rotation": 180, "texture": "#1"},
				"down": {"uv": [0, 0, 0.4, 0.35], "texture": "#1"}
			}
		},
		{
			"from": [7.80347, 2.15126, 10.5054],
			"to": [8.20347, 2.45126, 10.8554],
			"rotation": {"angle": -22.5, "axis": "x", "origin": [8.00347, 1.10126, 9.9554]},
			"faces": {
				"north": {"uv": [0, 0, 0.4, 0.3], "rotation": 180, "texture": "#1"},
				"east": {"uv": [0, 0, 0.3, 0.35], "rotation": 270, "texture": "#1"},
				"south": {"uv": [0, 0, 0.4, 0.3], "texture": "#1"},
				"west": {"uv": [0, 0, 0.3, 0.35], "rotation": 90, "texture": "#1"},
				"up": {"uv": [0, 0, 0.4, 0.35], "rotation": 180, "texture": "#1"},
				"down": {"uv": [0, 0, 0.4, 0.35], "texture": "#1"}
			}
		},
		{
			"from": [7.80347, 2.84009, 9.47215],
			"to": [8.20347, 3.14009, 9.82215],
			"rotation": {"angle": 22.5, "axis": "x", "origin": [8.00347, 1.79009, 8.92215]},
			"faces": {
				"north": {"uv": [0, 0, 0.4, 0.3], "rotation": 180, "texture": "#1"},
				"east": {"uv": [0, 0, 0.3, 0.35], "rotation": 270, "texture": "#1"},
				"south": {"uv": [0, 0, 0.4, 0.3], "texture": "#1"},
				"west": {"uv": [0, 0, 0.3, 0.35], "rotation": 90, "texture": "#1"},
				"up": {"uv": [0, 0, 0.4, 0.35], "rotation": 180, "texture": "#1"},
				"down": {"uv": [0, 0, 0.4, 0.35], "texture": "#1"}
			}
		},
		{
			"name": "hexadecagon",
			"from": [7.8, 2.56022, 10.4],
			"to": [8.2, 2.63978, 10.5],
			"rotation": {"angle": -45, "axis": "x", "origin": [8, 2.6, 10.6]},
			"faces": {
				"north": {"uv": [0, 0, 1, 1], "texture": "#1"},
				"east": {"uv": [0, 0, 1, 1], "texture": "#1"},
				"south": {"uv": [0, 0, 1, 1], "texture": "#1"},
				"west": {"uv": [0, 0, 1, 1], "texture": "#1"},
				"up": {"uv": [0, 0, 1, 1], "texture": "#1"},
				"down": {"uv": [0, 0, 1, 1], "texture": "#1"}
			}
		},
		{
			"name": "hexadecagon",
			"from": [7.8, 2.56022, 10.4],
			"to": [8.2, 2.63978, 10.5],
			"rotation": {"angle": -22.5, "axis": "x", "origin": [8, 2.6, 10.6]},
			"faces": {
				"north": {"uv": [0, 0, 1, 1], "texture": "#1"},
				"east": {"uv": [0, 0, 1, 1], "texture": "#1"},
				"south": {"uv": [0, 0, 1, 1], "texture": "#1"},
				"west": {"uv": [0, 0, 1, 1], "texture": "#1"},
				"up": {"uv": [0, 0, 1, 1], "texture": "#1"},
				"down": {"uv": [0, 0, 1, 1], "texture": "#1"}
			}
		},
		{
			"name": "hexadecagon",
			"from": [7.8, 2.36022, 10.3],
			"to": [8.2, 2.63978, 10.5],
			"faces": {
				"north": {"uv": [0, 0, 1, 1], "texture": "#1"},
				"east": {"uv": [0, 0, 1, 1], "texture": "#1"},
				"south": {"uv": [0, 0, 1, 1], "texture": "#1"},
				"west": {"uv": [0, 0, 1, 1], "texture": "#1"},
				"up": {"uv": [0, 0, 1, 1], "texture": "#1"},
				"down": {"uv": [0, 0, 1, 1], "texture": "#1"}
			}
		},
		{
			"name": "hexadecagon",
			"from": [7.8, 2.56022, 10.4],
			"to": [8.2, 2.63978, 10.5],
			"rotation": {"angle": 22.5, "axis": "x", "origin": [8, 2.6, 10.6]},
			"faces": {
				"north": {"uv": [0, 0, 1, 1], "texture": "#1"},
				"east": {"uv": [0, 0, 1, 1], "texture": "#1"},
				"south": {"uv": [0, 0, 1, 1], "texture": "#1"},
				"west": {"uv": [0, 0, 1, 1], "texture": "#1"},
				"up": {"uv": [0, 0, 1, 1], "texture": "#1"},
				"down": {"uv": [0, 0, 1, 1], "texture": "#1"}
			}
		},
		{
			"name": "hexadecagon",
			"from": [7.8, 2.56022, 10.4],
			"to": [8.2, 2.63978, 10.5],
			"rotation": {"angle": 45, "axis": "x", "origin": [8, 2.6, 10.6]},
			"faces": {
				"north": {"uv": [0, 0, 1, 1], "texture": "#1"},
				"east": {"uv": [0, 0, 1, 1], "texture": "#1"},
				"south": {"uv": [0, 0, 1, 1], "texture": "#1"},
				"west": {"uv": [0, 0, 1, 1], "texture": "#1"},
				"up": {"uv": [0, 0, 1, 1], "texture": "#1"},
				"down": {"uv": [0, 0, 1, 1], "texture": "#1"}
			}
		},
		{
			"name": "hexadecagon",
			"from": [7.8, 2.56022, 10.7],
			"to": [8.2, 2.63978, 10.8],
			"rotation": {"angle": -45, "axis": "x", "origin": [8, 2.6, 10.6]},
			"faces": {
				"north": {"uv": [0, 0, 1, 1], "texture": "#1"},
				"east": {"uv": [0, 0, 1, 1], "texture": "#1"},
				"south": {"uv": [0, 0, 1, 1], "texture": "#1"},
				"west": {"uv": [0, 0, 1, 1], "texture": "#1"},
				"up": {"uv": [0, 0, 1, 1], "texture": "#1"},
				"down": {"uv": [0, 0, 1, 1], "texture": "#1"}
			}
		},
		{
			"name": "hexadecagon",
			"from": [7.8, 2.56022, 10.7],
			"to": [8.2, 2.63978, 10.8],
			"rotation": {"angle": -22.5, "axis": "x", "origin": [8, 2.6, 10.6]},
			"faces": {
				"north": {"uv": [0, 0, 1, 1], "texture": "#1"},
				"east": {"uv": [0, 0, 1, 1], "texture": "#1"},
				"south": {"uv": [0, 0, 1, 1], "texture": "#1"},
				"west": {"uv": [0, 0, 1, 1], "texture": "#1"},
				"up": {"uv": [0, 0, 1, 1], "texture": "#1"},
				"down": {"uv": [0, 0, 1, 1], "texture": "#1"}
			}
		},
		{
			"name": "hexadecagon",
			"from": [7.8, 2.56022, 10.7],
			"to": [8.2, 2.63978, 10.8],
			"faces": {
				"north": {"uv": [0, 0, 1, 1], "texture": "#1"},
				"east": {"uv": [0, 0, 1, 1], "texture": "#1"},
				"south": {"uv": [0, 0, 1, 1], "texture": "#1"},
				"west": {"uv": [0, 0, 1, 1], "texture": "#1"},
				"up": {"uv": [0, 0, 1, 1], "texture": "#1"},
				"down": {"uv": [0, 0, 1, 1], "texture": "#1"}
			}
		},
		{
			"name": "hexadecagon",
			"from": [7.8, 2.56022, 10.7],
			"to": [8.2, 2.63978, 10.8],
			"rotation": {"angle": 22.5, "axis": "x", "origin": [8, 2.6, 10.6]},
			"faces": {
				"north": {"uv": [0, 0, 1, 1], "texture": "#1"},
				"east": {"uv": [0, 0, 1, 1], "texture": "#1"},
				"south": {"uv": [0, 0, 1, 1], "texture": "#1"},
				"west": {"uv": [0, 0, 1, 1], "texture": "#1"},
				"up": {"uv": [0, 0, 1, 1], "texture": "#1"},
				"down": {"uv": [0, 0, 1, 1], "texture": "#1"}
			}
		},
		{
			"name": "hexadecagon",
			"from": [7.8, 2.56022, 10.7],
			"to": [8.2, 2.63978, 10.8],
			"rotation": {"angle": 45, "axis": "x", "origin": [8, 2.6, 10.6]},
			"faces": {
				"north": {"uv": [0, 0, 1, 1], "texture": "#1"},
				"east": {"uv": [0, 0, 1, 1], "texture": "#1"},
				"south": {"uv": [0, 0, 1, 1], "texture": "#1"},
				"west": {"uv": [0, 0, 1, 1], "texture": "#1"},
				"up": {"uv": [0, 0, 1, 1], "texture": "#1"},
				"down": {"uv": [0, 0, 1, 1], "texture": "#1"}
			}
		},
		{
			"name": "hexadecagon",
			"from": [7.8, 2.4, 10.26022],
			"to": [8.2, 2.5, 10.63978],
			"rotation": {"angle": -22.5, "axis": "x", "origin": [8, 2.6, 10.6]},
			"faces": {
				"north": {"uv": [0, 0, 1, 1], "texture": "#1"},
				"east": {"uv": [0, 0, 1, 1], "texture": "#1"},
				"south": {"uv": [0, 0, 1, 1], "texture": "#1"},
				"west": {"uv": [0, 0, 1, 1], "texture": "#1"},
				"up": {"uv": [0, 0, 1, 1], "texture": "#1"},
				"down": {"uv": [0, 0, 1, 1], "texture": "#1"}
			}
		},
		{
			"name": "hexadecagon",
			"from": [7.8, 2.4, 10.56022],
			"to": [8.2, 2.5, 10.63978],
			"faces": {
				"north": {"uv": [0, 0, 1, 1], "texture": "#1"},
				"east": {"uv": [0, 0, 1, 1], "texture": "#1"},
				"south": {"uv": [0, 0, 1, 1], "texture": "#1"},
				"west": {"uv": [0, 0, 1, 1], "texture": "#1"},
				"up": {"uv": [0, 0, 1, 1], "texture": "#1"},
				"down": {"uv": [0, 0, 1, 1], "texture": "#1"}
			}
		},
		{
			"name": "hexadecagon",
			"from": [7.8, 2.4, 10.56022],
			"to": [8.2, 2.5, 10.63978],
			"rotation": {"angle": 22.5, "axis": "x", "origin": [8, 2.6, 10.6]},
			"faces": {
				"north": {"uv": [0, 0, 1, 1], "texture": "#1"},
				"east": {"uv": [0, 0, 1, 1], "texture": "#1"},
				"south": {"uv": [0, 0, 1, 1], "texture": "#1"},
				"west": {"uv": [0, 0, 1, 1], "texture": "#1"},
				"up": {"uv": [0, 0, 1, 1], "texture": "#1"},
				"down": {"uv": [0, 0, 1, 1], "texture": "#1"}
			}
		},
		{
			"name": "hexadecagon",
			"from": [7.8, 2.7, 10.26022],
			"to": [8.2, 2.8, 10.63978],
			"rotation": {"angle": -22.5, "axis": "x", "origin": [8, 2.6, 10.6]},
			"faces": {
				"north": {"uv": [0, 0, 1, 1], "texture": "#1"},
				"east": {"uv": [0, 0, 1, 1], "texture": "#1"},
				"south": {"uv": [0, 0, 1, 1], "texture": "#1"},
				"west": {"uv": [0, 0, 1, 1], "texture": "#1"},
				"up": {"uv": [0, 0, 1, 1], "texture": "#1"},
				"down": {"uv": [0, 0, 1, 1], "texture": "#1"}
			}
		},
		{
			"name": "hexadecagon",
			"from": [7.8, 2.7, 10.56022],
			"to": [8.2, 2.8, 10.63978],
			"faces": {
				"north": {"uv": [0, 0, 1, 1], "texture": "#1"},
				"east": {"uv": [0, 0, 1, 1], "texture": "#1"},
				"south": {"uv": [0, 0, 1, 1], "texture": "#1"},
				"west": {"uv": [0, 0, 1, 1], "texture": "#1"},
				"up": {"uv": [0, 0, 1, 1], "texture": "#1"},
				"down": {"uv": [0, 0, 1, 1], "texture": "#1"}
			}
		},
		{
			"name": "hexadecagon",
			"from": [7.8, 2.7, 10.56022],
			"to": [8.2, 2.8, 10.63978],
			"rotation": {"angle": 22.5, "axis": "x", "origin": [8, 2.6, 10.6]},
			"faces": {
				"north": {"uv": [0, 0, 1, 1], "texture": "#1"},
				"east": {"uv": [0, 0, 1, 1], "texture": "#1"},
				"south": {"uv": [0, 0, 1, 1], "texture": "#1"},
				"west": {"uv": [0, 0, 1, 1], "texture": "#1"},
				"up": {"uv": [0, 0, 1, 1], "texture": "#1"},
				"down": {"uv": [0, 0, 1, 1], "texture": "#1"}
			}
		},
		{
			"from": [7.80329, 1.71574, 9.43525],
			"to": [8.20329, 2.11574, 9.68525],
			"rotation": {"angle": 45, "axis": "x", "origin": [8.00329, 1.16574, 10.38525]},
			"faces": {
				"north": {"uv": [0, 0, 0.4, 0.4], "rotation": 180, "texture": "#1"},
				"east": {"uv": [0, 0, 0.4, 0.25], "rotation": 270, "texture": "#1"},
				"south": {"uv": [0, 0, 0.4, 0.4], "texture": "#1"},
				"west": {"uv": [0, 0, 0.4, 0.25], "rotation": 90, "texture": "#1"},
				"up": {"uv": [0, 0, 0.4, 0.25], "rotation": 180, "texture": "#1"},
				"down": {"uv": [0, 0, 0.4, 0.25], "texture": "#1"}
			}
		},
		{
			"from": [7.80329, 1.71574, 9.63525],
			"to": [8.20329, 2.21574, 9.68525],
			"rotation": {"angle": 45, "axis": "x", "origin": [8.00329, 1.16574, 10.38525]},
			"faces": {
				"north": {"uv": [0, 0, 0.4, 0.5], "rotation": 180, "texture": "#1"},
				"east": {"uv": [0, 0, 0.5, 0.05], "rotation": 270, "texture": "#1"},
				"south": {"uv": [0, 0, 0.4, 0.5], "texture": "#1"},
				"west": {"uv": [0, 0, 0.5, 0.05], "rotation": 90, "texture": "#1"},
				"up": {"uv": [0, 0, 0.4, 0.05], "rotation": 180, "texture": "#1"},
				"down": {"uv": [0, 0, 0.4, 0.05], "texture": "#1"}
			}
		},
		{
			"from": [7.45, -3.1, 5.3],
			"to": [8.55, 0.3, 6.7],
			"rotation": {"angle": -22.5, "axis": "x", "origin": [8, 7.9, 8.2]},
			"faces": {
				"north": {"uv": [0, 0, 1.1, 3.4], "texture": "#1"},
				"east": {"uv": [0, 0, 1.4, 3.4], "texture": "#1"},
				"south": {"uv": [0, 0, 1.1, 3.4], "texture": "#1"},
				"west": {"uv": [0, 0, 1.4, 3.4], "texture": "#1"},
				"up": {"uv": [0, 0, 1.1, 1.4], "texture": "#1"},
				"down": {"uv": [0, 0, 1.1, 1.4], "texture": "#1"}
			}
		},
		{
			"from": [7.45, -3.05, 5.3],
			"to": [8.55, 1.25, 6.7],
			"rotation": {"angle": -22.5, "axis": "x", "origin": [8, 7.9, 8.2]},
			"faces": {
				"north": {"uv": [0, 0, 1.1, 4.3], "texture": "#1"},
				"east": {"uv": [0, 0, 1.4, 4.3], "texture": "#1"},
				"south": {"uv": [0, 0, 1.1, 4.3], "texture": "#1"},
				"west": {"uv": [0, 0, 1.4, 4.3], "texture": "#1"},
				"up": {"uv": [0, 0, 1.1, 1.4], "texture": "#1"},
				"down": {"uv": [0, 0, 1.1, 1.4], "texture": "#1"}
			}
		},
		{
			"from": [7.45007, -3.35629, 9.72675],
			"to": [8.55007, -3.20629, 11.17675],
			"faces": {
				"north": {"uv": [0, 0, 1.1, 0.15], "texture": "#1"},
				"east": {"uv": [0, 0, 1.45, 0.15], "texture": "#1"},
				"south": {"uv": [0, 0, 1.1, 0.15], "texture": "#1"},
				"west": {"uv": [0, 0, 1.45, 0.15], "texture": "#1"},
				"up": {"uv": [0, 0, 1.1, 1.45], "texture": "#1"},
				"down": {"uv": [0, 0, 1.1, 1.45], "texture": "#1"}
			}
		},
		{
			"from": [7.45, -3.5, 6.6],
			"to": [8.55, 0.3, 6.7],
			"rotation": {"angle": -22.5, "axis": "x", "origin": [8, 7.9, 8.2]},
			"faces": {
				"north": {"uv": [0, 0, 1.1, 3.8], "texture": "#1"},
				"east": {"uv": [0, 0, 0.1, 3.8], "texture": "#1"},
				"south": {"uv": [0, 0, 1.1, 3.8], "texture": "#1"},
				"west": {"uv": [0, 0, 0.1, 3.8], "texture": "#1"},
				"up": {"uv": [0, 0, 1.1, 0.1], "texture": "#1"},
				"down": {"uv": [0, 0, 1.1, 0.1], "texture": "#1"}
			}
		},
		{
			"from": [7.45, -3.5, 6.5],
			"to": [8.55, 0.3, 6.7],
			"rotation": {"angle": -22.5, "axis": "x", "origin": [8, 7.9, 8.2]},
			"faces": {
				"north": {"uv": [0, 0, 1.1, 3.8], "texture": "#1"},
				"east": {"uv": [0, 0, 0.2, 3.8], "texture": "#1"},
				"south": {"uv": [0, 0, 1.1, 3.8], "texture": "#1"},
				"west": {"uv": [0, 0, 0.2, 3.8], "texture": "#1"},
				"up": {"uv": [0, 0, 1.1, 0.2], "texture": "#1"},
				"down": {"uv": [0, 0, 1.1, 0.2], "texture": "#1"}
			}
		},
		{
			"from": [7.45007, -3.35629, 9.72675],
			"to": [8.55007, -2.80629, 10.97675],
			"faces": {
				"north": {"uv": [0, 0, 1.1, 0.55], "texture": "#1"},
				"east": {"uv": [0, 0, 1.25, 0.55], "texture": "#1"},
				"south": {"uv": [0, 0, 1.1, 0.55], "texture": "#1"},
				"west": {"uv": [0, 0, 1.25, 0.55], "texture": "#1"},
				"up": {"uv": [0, 0, 1.1, 1.25], "texture": "#1"},
				"down": {"uv": [0, 0, 1.1, 1.25], "texture": "#1"}
			}
		},
		{
			"from": [7.45, -3.05, 5.3],
			"to": [8.55, 1.6, 5.8],
			"rotation": {"angle": -22.5, "axis": "x", "origin": [8, 7.9, 8.2]},
			"faces": {
				"north": {"uv": [0, 0, 1.1, 4.65], "texture": "#1"},
				"east": {"uv": [0, 0, 0.5, 4.65], "texture": "#1"},
				"south": {"uv": [0, 0, 1.1, 4.65], "texture": "#1"},
				"west": {"uv": [0, 0, 0.5, 4.65], "texture": "#1"},
				"up": {"uv": [0, 0, 1.1, 0.5], "texture": "#1"},
				"down": {"uv": [0, 0, 1.1, 0.5], "texture": "#1"}
			}
		},
		{
			"from": [7.45473, -0.36792, 2.41584],
			"to": [8.55473, 1.08208, 2.91584],
			"rotation": {"angle": -45, "axis": "x", "origin": [8.00473, 7.68208, 5.31584]},
			"faces": {
				"north": {"uv": [0, 0, 1.1, 1.45], "texture": "#1"},
				"east": {"uv": [0, 0, 0.5, 1.45], "texture": "#1"},
				"south": {"uv": [0, 0, 1.1, 1.45], "texture": "#1"},
				"west": {"uv": [0, 0, 0.5, 1.45], "texture": "#1"},
				"up": {"uv": [0, 0, 1.1, 0.5], "texture": "#1"},
				"down": {"uv": [0, 0, 1.1, 0.5], "texture": "#1"}
			}
		},
		{
			"from": [7.4501, -1.6887, 11.40198],
			"to": [8.5501, -0.2387, 11.70198],
			"rotation": {"angle": 22.5, "axis": "x", "origin": [8.0001, 6.3613, 14.10198]},
			"faces": {
				"north": {"uv": [0, 0, 1.1, 1.45], "texture": "#1"},
				"east": {"uv": [0, 0, 0.3, 1.45], "texture": "#1"},
				"south": {"uv": [0, 0, 1.1, 1.45], "texture": "#1"},
				"west": {"uv": [0, 0, 0.3, 1.45], "texture": "#1"},
				"up": {"uv": [0, 0, 1.1, 0.3], "texture": "#1"},
				"down": {"uv": [0, 0, 1.1, 0.3], "texture": "#1"}
			}
		},
		{
			"from": [7.45471, 0.26817, 8.28565],
			"to": [8.55471, 1.31817, 9.07565],
			"faces": {
				"north": {"uv": [0, 0, 1.1, 1.05], "texture": "#1"},
				"east": {"uv": [0, 0, 0.79, 1.05], "texture": "#1"},
				"south": {"uv": [0, 0, 1.1, 1.05], "texture": "#1"},
				"west": {"uv": [0, 0, 0.79, 1.05], "texture": "#1"},
				"up": {"uv": [0, 0, 1.1, 0.79], "texture": "#1"},
				"down": {"uv": [0, 0, 1.1, 0.79], "texture": "#1"}
			}
		},
		{
			"from": [7.8, -0.09808, 6.2971],
			"to": [8.2, 0.00192, 7.5471],
			"faces": {
				"north": {"uv": [0, 0, 0.4, 0.1], "texture": "#2"},
				"east": {"uv": [0, 0, 1.25, 0.1], "texture": "#2"},
				"south": {"uv": [0, 0, 0.4, 0.1], "texture": "#2"},
				"west": {"uv": [0, 0, 1.25, 0.1], "texture": "#2"},
				"up": {"uv": [0, 0, 0.4, 1.25], "texture": "#2"},
				"down": {"uv": [0, 0, 0.4, 1.25], "texture": "#2"}
			}
		},
		{
			"from": [7.79752, 0.13936, 6.01422],
			"to": [8.19752, 0.23936, 6.36422],
			"rotation": {"angle": 22.5, "axis": "x", "origin": [7.99752, 0.18936, 5.73922]},
			"faces": {
				"north": {"uv": [0, 0, 0.4, 0.1], "texture": "#2"},
				"east": {"uv": [0, 0, 0.35, 0.1], "texture": "#2"},
				"south": {"uv": [0, 0, 0.4, 0.1], "texture": "#2"},
				"west": {"uv": [0, 0, 0.35, 0.1], "texture": "#2"},
				"up": {"uv": [0, 0, 0.4, 0.35], "texture": "#2"},
				"down": {"uv": [0, 0, 0.4, 0.35], "texture": "#2"}
			}
		},
		{
			"from": [7.79773, 0.53574, 5.97185],
			"to": [8.19773, 0.63574, 6.22185],
			"rotation": {"angle": 45, "axis": "x", "origin": [7.99773, 0.58574, 5.49685]},
			"faces": {
				"north": {"uv": [0, 0, 0.4, 0.1], "texture": "#2"},
				"east": {"uv": [0, 0, 0.25, 0.1], "texture": "#2"},
				"south": {"uv": [0, 0, 0.4, 0.1], "texture": "#2"},
				"west": {"uv": [0, 0, 0.25, 0.1], "texture": "#2"},
				"up": {"uv": [0, 0, 0.4, 0.25], "texture": "#2"},
				"down": {"uv": [0, 0, 0.4, 0.25], "texture": "#2"}
			}
		},
		{
			"from": [7.79777, 0.18614, 5.55427],
			"to": [8.19777, 0.33614, 5.65427],
			"rotation": {"angle": -22.5, "axis": "x", "origin": [7.99777, 0.81114, 5.60427]},
			"faces": {
				"north": {"uv": [0, 0, 0.4, 0.15], "rotation": 180, "texture": "#2"},
				"east": {"uv": [0, 0, 0.15, 0.1], "rotation": 270, "texture": "#2"},
				"south": {"uv": [0, 0, 0.4, 0.15], "texture": "#2"},
				"west": {"uv": [0, 0, 0.15, 0.1], "rotation": 90, "texture": "#2"},
				"up": {"uv": [0, 0, 0.4, 0.1], "rotation": 180, "texture": "#2"},
				"down": {"uv": [0, 0, 0.4, 0.1], "texture": "#2"}
			}
		},
		{
			"from": [7.79826, 0.35311, 5.73941],
			"to": [8.19826, 1.00311, 5.83941],
			"faces": {
				"north": {"uv": [0, 0, 0.4, 0.65], "rotation": 180, "texture": "#2"},
				"east": {"uv": [0, 0, 0.65, 0.1], "rotation": 270, "texture": "#2"},
				"south": {"uv": [0, 0, 0.4, 0.65], "texture": "#2"},
				"west": {"uv": [0, 0, 0.65, 0.1], "rotation": 90, "texture": "#2"},
				"up": {"uv": [0, 0, 0.4, 0.1], "rotation": 180, "texture": "#2"},
				"down": {"uv": [0, 0, 0.4, 0.1], "texture": "#2"}
			}
		},
		{
			"from": [7.79826, 0.85311, 5.63941],
			"to": [8.19826, 1.40311, 5.93941],
			"rotation": {"angle": 45, "axis": "x", "origin": [7.99826, 0.97811, 5.78941]},
			"faces": {
				"north": {"uv": [0, 0, 0.4, 0.55], "rotation": 180, "texture": "#2"},
				"east": {"uv": [0, 0, 0.55, 0.3], "rotation": 270, "texture": "#2"},
				"south": {"uv": [0, 0, 0.4, 0.55], "texture": "#2"},
				"west": {"uv": [0, 0, 0.55, 0.3], "rotation": 90, "texture": "#2"},
				"up": {"uv": [0, 0, 0.4, 0.3], "rotation": 180, "texture": "#2"},
				"down": {"uv": [0, 0, 0.4, 0.3], "texture": "#2"}
			}
		},
		{
			"from": [7.95, 0.05192, 6.7971],
			"to": [8.15, 0.15192, 7.3471],
			"faces": {
				"north": {"uv": [0, 0, 0.2, 0.1], "texture": "#2"},
				"east": {"uv": [0, 0, 0.55, 0.1], "texture": "#2"},
				"south": {"uv": [0, 0, 0.2, 0.1], "texture": "#2"},
				"west": {"uv": [0, 0, 0.55, 0.1], "texture": "#2"},
				"up": {"uv": [0, 0, 0.2, 0.55], "texture": "#2"},
				"down": {"uv": [0, 0, 0.2, 0.55], "texture": "#2"}
			}
		},
		{
			"from": [7.94952, 0.67025, 7.14242],
			"to": [8.14952, 0.77025, 7.69242],
			"rotation": {"angle": -45, "axis": "x", "origin": [7.99952, 0.04525, 7.71742]},
			"faces": {
				"north": {"uv": [0, 0, 0.2, 0.1], "texture": "#2"},
				"east": {"uv": [0, 0, 0.55, 0.1], "texture": "#2"},
				"south": {"uv": [0, 0, 0.2, 0.1], "texture": "#2"},
				"west": {"uv": [0, 0, 0.55, 0.1], "texture": "#2"},
				"up": {"uv": [0, 0, 0.2, 0.55], "texture": "#2"},
				"down": {"uv": [0, 0, 0.2, 0.55], "texture": "#2"}
			}
		},
		{
			"from": [7.94952, -0.22975, 6.89242],
			"to": [8.14952, 0.22025, 6.99242],
			"rotation": {"angle": 22.5, "axis": "x", "origin": [7.99952, 0.04525, 7.71742]},
			"faces": {
				"north": {"uv": [0, 0, 0.2, 0.45], "rotation": 180, "texture": "#2"},
				"east": {"uv": [0, 0, 0.45, 0.1], "rotation": 90, "texture": "#2"},
				"south": {"uv": [0, 0, 0.2, 0.45], "texture": "#2"},
				"west": {"uv": [0, 0, 0.45, 0.1], "rotation": 270, "texture": "#2"},
				"up": {"uv": [0, 0, 0.2, 0.1], "texture": "#2"},
				"down": {"uv": [0, 0, 0.2, 0.1], "rotation": 180, "texture": "#2"}
			}
		},
		{
			"from": [7.94887, 0.12268, 7.02281],
			"to": [8.14887, 1.17268, 7.44281],
			"faces": {
				"north": {"uv": [0, 0, 0.2, 1.05], "rotation": 180, "texture": "#2"},
				"east": {"uv": [0, 0, 1.05, 0.42], "rotation": 90, "texture": "#2"},
				"south": {"uv": [0, 0, 0.2, 1.05], "texture": "#2"},
				"west": {"uv": [0, 0, 1.05, 0.42], "rotation": 270, "texture": "#2"},
				"up": {"uv": [0, 0, 0.2, 0.42], "texture": "#2"},
				"down": {"uv": [0, 0, 0.2, 0.42], "rotation": 180, "texture": "#2"}
			}
		},
		{
			"from": [7.94952, 0.27025, 7.34242],
			"to": [8.14952, 1.32025, 7.59242],
			"rotation": {"angle": -22.5, "axis": "x", "origin": [7.99952, 0.04525, 7.71742]},
			"faces": {
				"north": {"uv": [0, 0, 0.2, 1.05], "rotation": 180, "texture": "#2"},
				"east": {"uv": [0, 0, 1.05, 0.25], "rotation": 90, "texture": "#2"},
				"south": {"uv": [0, 0, 0.2, 1.05], "texture": "#2"},
				"west": {"uv": [0, 0, 1.05, 0.25], "rotation": 270, "texture": "#2"},
				"up": {"uv": [0, 0, 0.2, 0.25], "texture": "#2"},
				"down": {"uv": [0, 0, 0.2, 0.25], "rotation": 180, "texture": "#2"}
			}
		},
		{
			"from": [7.94952, -0.12975, 6.89242],
			"to": [8.14952, 0.22025, 7.09242],
			"rotation": {"angle": 22.5, "axis": "x", "origin": [7.99952, 0.04525, 7.71742]},
			"faces": {
				"north": {"uv": [0, 0, 0.2, 0.35], "rotation": 180, "texture": "#2"},
				"east": {"uv": [0, 0, 0.35, 0.2], "rotation": 90, "texture": "#2"},
				"south": {"uv": [0, 0, 0.2, 0.35], "texture": "#2"},
				"west": {"uv": [0, 0, 0.35, 0.2], "rotation": 270, "texture": "#2"},
				"up": {"uv": [0, 0, 0.2, 0.2], "texture": "#2"},
				"down": {"uv": [0, 0, 0.2, 0.2], "rotation": 180, "texture": "#2"}
			}
		},
		{
			"from": [7.95, 0.05192, 6.9471],
			"to": [8.15, 0.30192, 7.3471],
			"faces": {
				"north": {"uv": [0, 0, 0.2, 0.25], "texture": "#2"},
				"east": {"uv": [0, 0, 0.4, 0.25], "texture": "#2"},
				"south": {"uv": [0, 0, 0.2, 0.25], "texture": "#2"},
				"west": {"uv": [0, 0, 0.4, 0.25], "texture": "#2"},
				"up": {"uv": [0, 0, 0.2, 0.4], "texture": "#2"},
				"down": {"uv": [0, 0, 0.2, 0.4], "texture": "#2"}
			}
		},
		{
			"name": "hexadecagon",
			"from": [7.5, -0.02984, 7.45],
			"to": [8.5, 0.02984, 7.75],
			"rotation": {"angle": -45, "axis": "x", "origin": [8, 0, 7.6]},
			"faces": {
				"north": {"uv": [0, 0, 1, 1], "texture": "#1"},
				"east": {"uv": [0, 0, 1, 1], "texture": "#1"},
				"south": {"uv": [0, 0, 1, 1], "texture": "#1"},
				"west": {"uv": [0, 0, 1, 1], "texture": "#1"},
				"up": {"uv": [0, 0, 1, 1], "texture": "#1"},
				"down": {"uv": [0, 0, 1, 1], "texture": "#1"}
			}
		},
		{
			"name": "hexadecagon",
			"from": [7.5, -0.02984, 7.45],
			"to": [8.5, 0.02984, 7.75],
			"rotation": {"angle": -22.5, "axis": "x", "origin": [8, 0, 7.6]},
			"faces": {
				"north": {"uv": [0, 0, 1, 1], "texture": "#1"},
				"east": {"uv": [0, 0, 1, 1], "texture": "#1"},
				"south": {"uv": [0, 0, 1, 1], "texture": "#1"},
				"west": {"uv": [0, 0, 1, 1], "texture": "#1"},
				"up": {"uv": [0, 0, 1, 1], "texture": "#1"},
				"down": {"uv": [0, 0, 1, 1], "texture": "#1"}
			}
		},
		{
			"name": "hexadecagon",
			"from": [7.5, -0.02984, 7.45],
			"to": [8.5, 0.02984, 7.75],
			"faces": {
				"north": {"uv": [0, 0, 1, 1], "texture": "#1"},
				"east": {"uv": [0, 0, 1, 1], "texture": "#1"},
				"south": {"uv": [0, 0, 1, 1], "texture": "#1"},
				"west": {"uv": [0, 0, 1, 1], "texture": "#1"},
				"up": {"uv": [0, 0, 1, 1], "texture": "#1"},
				"down": {"uv": [0, 0, 1, 1], "texture": "#1"}
			}
		},
		{
			"name": "hexadecagon",
			"from": [7.5, -0.02984, 7.45],
			"to": [8.5, 0.02984, 7.75],
			"rotation": {"angle": 22.5, "axis": "x", "origin": [8, 0, 7.6]},
			"faces": {
				"north": {"uv": [0, 0, 1, 1], "texture": "#1"},
				"east": {"uv": [0, 0, 1, 1], "texture": "#1"},
				"south": {"uv": [0, 0, 1, 1], "texture": "#1"},
				"west": {"uv": [0, 0, 1, 1], "texture": "#1"},
				"up": {"uv": [0, 0, 1, 1], "texture": "#1"},
				"down": {"uv": [0, 0, 1, 1], "texture": "#1"}
			}
		},
		{
			"name": "hexadecagon",
			"from": [7.5, -0.02984, 7.45],
			"to": [8.5, 0.02984, 7.75],
			"rotation": {"angle": 45, "axis": "x", "origin": [8, 0, 7.6]},
			"faces": {
				"north": {"uv": [0, 0, 1, 1], "texture": "#1"},
				"east": {"uv": [0, 0, 1, 1], "texture": "#1"},
				"south": {"uv": [0, 0, 1, 1], "texture": "#1"},
				"west": {"uv": [0, 0, 1, 1], "texture": "#1"},
				"up": {"uv": [0, 0, 1, 1], "texture": "#1"},
				"down": {"uv": [0, 0, 1, 1], "texture": "#1"}
			}
		},
		{
			"name": "hexadecagon",
			"from": [7.5, -0.15, 7.57016],
			"to": [8.5, 0.15, 7.62984],
			"rotation": {"angle": -22.5, "axis": "x", "origin": [8, 0, 7.6]},
			"faces": {
				"north": {"uv": [0, 0, 1, 1], "texture": "#1"},
				"east": {"uv": [0, 0, 1, 1], "texture": "#1"},
				"south": {"uv": [0, 0, 1, 1], "texture": "#1"},
				"west": {"uv": [0, 0, 1, 1], "texture": "#1"},
				"up": {"uv": [0, 0, 1, 1], "texture": "#1"},
				"down": {"uv": [0, 0, 1, 1], "texture": "#1"}
			}
		},
		{
			"name": "hexadecagon",
			"from": [7.5, -0.15, 7.57016],
			"to": [8.5, 0.15, 7.62984],
			"faces": {
				"north": {"uv": [0, 0, 1, 1], "texture": "#1"},
				"east": {"uv": [0, 0, 1, 1], "texture": "#1"},
				"south": {"uv": [0, 0, 1, 1], "texture": "#1"},
				"west": {"uv": [0, 0, 1, 1], "texture": "#1"},
				"up": {"uv": [0, 0, 1, 1], "texture": "#1"},
				"down": {"uv": [0, 0, 1, 1], "texture": "#1"}
			}
		},
		{
			"name": "hexadecagon",
			"from": [7.5, -0.15, 7.57016],
			"to": [8.5, 0.15, 7.62984],
			"rotation": {"angle": 22.5, "axis": "x", "origin": [8, 0, 7.6]},
			"faces": {
				"north": {"uv": [0, 0, 1, 1], "texture": "#1"},
				"east": {"uv": [0, 0, 1, 1], "texture": "#1"},
				"south": {"uv": [0, 0, 1, 1], "texture": "#1"},
				"west": {"uv": [0, 0, 1, 1], "texture": "#1"},
				"up": {"uv": [0, 0, 1, 1], "texture": "#1"},
				"down": {"uv": [0, 0, 1, 1], "texture": "#1"}
			}
		},
		{
			"name": "hexadecagon",
			"from": [7.4, 0.97016, 8.55],
			"to": [8.6, 1.02984, 8.85],
			"rotation": {"angle": -45, "axis": "x", "origin": [8, 1, 8.7]},
			"faces": {
				"north": {"uv": [0, 0, 1, 1], "texture": "#2"},
				"east": {"uv": [0, 0, 1, 1], "texture": "#2"},
				"south": {"uv": [0, 0, 1, 1], "texture": "#2"},
				"west": {"uv": [0, 0, 1, 1], "texture": "#2"},
				"up": {"uv": [0, 0, 1, 1], "texture": "#2"},
				"down": {"uv": [0, 0, 1, 1], "texture": "#2"}
			}
		},
		{
			"name": "hexadecagon",
			"from": [7.4, 0.97016, 8.55],
			"to": [8.6, 1.02984, 8.85],
			"rotation": {"angle": -22.5, "axis": "x", "origin": [8, 1, 8.7]},
			"faces": {
				"north": {"uv": [0, 0, 1, 1], "texture": "#2"},
				"east": {"uv": [0, 0, 1, 1], "texture": "#2"},
				"south": {"uv": [0, 0, 1, 1], "texture": "#2"},
				"west": {"uv": [0, 0, 1, 1], "texture": "#2"},
				"up": {"uv": [0, 0, 1, 1], "texture": "#2"},
				"down": {"uv": [0, 0, 1, 1], "texture": "#2"}
			}
		},
		{
			"name": "hexadecagon",
			"from": [7.4, 0.97016, 8.55],
			"to": [8.6, 1.02984, 8.85],
			"faces": {
				"north": {"uv": [0, 0, 1, 1], "texture": "#2"},
				"east": {"uv": [0, 0, 1, 1], "texture": "#2"},
				"south": {"uv": [0, 0, 1, 1], "texture": "#2"},
				"west": {"uv": [0, 0, 1, 1], "texture": "#2"},
				"up": {"uv": [0, 0, 1, 1], "texture": "#2"},
				"down": {"uv": [0, 0, 1, 1], "texture": "#2"}
			}
		},
		{
			"name": "hexadecagon",
			"from": [7.4, 0.97016, 8.55],
			"to": [8.6, 1.02984, 8.85],
			"rotation": {"angle": 22.5, "axis": "x", "origin": [8, 1, 8.7]},
			"faces": {
				"north": {"uv": [0, 0, 1, 1], "texture": "#2"},
				"east": {"uv": [0, 0, 1, 1], "texture": "#2"},
				"south": {"uv": [0, 0, 1, 1], "texture": "#2"},
				"west": {"uv": [0, 0, 1, 1], "texture": "#2"},
				"up": {"uv": [0, 0, 1, 1], "texture": "#2"},
				"down": {"uv": [0, 0, 1, 1], "texture": "#2"}
			}
		},
		{
			"name": "hexadecagon",
			"from": [7.4, 0.97016, 8.55],
			"to": [8.6, 1.02984, 8.85],
			"rotation": {"angle": 45, "axis": "x", "origin": [8, 1, 8.7]},
			"faces": {
				"north": {"uv": [0, 0, 1, 1], "texture": "#2"},
				"east": {"uv": [0, 0, 1, 1], "texture": "#2"},
				"south": {"uv": [0, 0, 1, 1], "texture": "#2"},
				"west": {"uv": [0, 0, 1, 1], "texture": "#2"},
				"up": {"uv": [0, 0, 1, 1], "texture": "#2"},
				"down": {"uv": [0, 0, 1, 1], "texture": "#2"}
			}
		},
		{
			"name": "hexadecagon",
			"from": [7.4, 0.85, 8.67016],
			"to": [8.6, 1.15, 8.72984],
			"rotation": {"angle": -22.5, "axis": "x", "origin": [8, 1, 8.7]},
			"faces": {
				"north": {"uv": [0, 0, 1, 1], "texture": "#2"},
				"east": {"uv": [0, 0, 1, 1], "texture": "#2"},
				"south": {"uv": [0, 0, 1, 1], "texture": "#2"},
				"west": {"uv": [0, 0, 1, 1], "texture": "#2"},
				"up": {"uv": [0, 0, 1, 1], "texture": "#2"},
				"down": {"uv": [0, 0, 1, 1], "texture": "#2"}
			}
		},
		{
			"name": "hexadecagon",
			"from": [7.4, 0.85, 8.67016],
			"to": [8.6, 1.15, 8.72984],
			"faces": {
				"north": {"uv": [0, 0, 1, 1], "texture": "#2"},
				"east": {"uv": [0, 0, 1, 1], "texture": "#2"},
				"south": {"uv": [0, 0, 1, 1], "texture": "#2"},
				"west": {"uv": [0, 0, 1, 1], "texture": "#2"},
				"up": {"uv": [0, 0, 1, 1], "texture": "#2"},
				"down": {"uv": [0, 0, 1, 1], "texture": "#2"}
			}
		},
		{
			"name": "hexadecagon",
			"from": [7.4, 0.85, 8.67016],
			"to": [8.6, 1.15, 8.72984],
			"rotation": {"angle": 22.5, "axis": "x", "origin": [8, 1, 8.7]},
			"faces": {
				"north": {"uv": [0, 0, 1, 1], "texture": "#2"},
				"east": {"uv": [0, 0, 1, 1], "texture": "#2"},
				"south": {"uv": [0, 0, 1, 1], "texture": "#2"},
				"west": {"uv": [0, 0, 1, 1], "texture": "#2"},
				"up": {"uv": [0, 0, 1, 1], "texture": "#2"},
				"down": {"uv": [0, 0, 1, 1], "texture": "#2"}
			}
		},
		{
			"name": "hexadecagon",
			"from": [7.4, -3.12984, 10.25],
			"to": [8.6, -3.07016, 10.55],
			"rotation": {"angle": -45, "axis": "x", "origin": [8, -3.1, 10.4]},
			"faces": {
				"north": {"uv": [0, 0, 1, 1], "texture": "#2"},
				"east": {"uv": [0, 0, 1, 1], "texture": "#2"},
				"south": {"uv": [0, 0, 1, 1], "texture": "#2"},
				"west": {"uv": [0, 0, 1, 1], "texture": "#2"},
				"up": {"uv": [0, 0, 1, 1], "texture": "#2"},
				"down": {"uv": [0, 0, 1, 1], "texture": "#2"}
			}
		},
		{
			"name": "hexadecagon",
			"from": [7.4, -3.12984, 10.25],
			"to": [8.6, -3.07016, 10.55],
			"rotation": {"angle": -22.5, "axis": "x", "origin": [8, -3.1, 10.4]},
			"faces": {
				"north": {"uv": [0, 0, 1, 1], "texture": "#2"},
				"east": {"uv": [0, 0, 1, 1], "texture": "#2"},
				"south": {"uv": [0, 0, 1, 1], "texture": "#2"},
				"west": {"uv": [0, 0, 1, 1], "texture": "#2"},
				"up": {"uv": [0, 0, 1, 1], "texture": "#2"},
				"down": {"uv": [0, 0, 1, 1], "texture": "#2"}
			}
		},
		{
			"name": "hexadecagon",
			"from": [7.4, -3.12984, 10.25],
			"to": [8.6, -3.07016, 10.55],
			"faces": {
				"north": {"uv": [0, 0, 1, 1], "texture": "#2"},
				"east": {"uv": [0, 0, 1, 1], "texture": "#2"},
				"south": {"uv": [0, 0, 1, 1], "texture": "#2"},
				"west": {"uv": [0, 0, 1, 1], "texture": "#2"},
				"up": {"uv": [0, 0, 1, 1], "texture": "#2"},
				"down": {"uv": [0, 0, 1, 1], "texture": "#2"}
			}
		},
		{
			"name": "hexadecagon",
			"from": [7.4, -3.12984, 10.25],
			"to": [8.6, -3.07016, 10.55],
			"rotation": {"angle": 22.5, "axis": "x", "origin": [8, -3.1, 10.4]},
			"faces": {
				"north": {"uv": [0, 0, 1, 1], "texture": "#2"},
				"east": {"uv": [0, 0, 1, 1], "texture": "#2"},
				"south": {"uv": [0, 0, 1, 1], "texture": "#2"},
				"west": {"uv": [0, 0, 1, 1], "texture": "#2"},
				"up": {"uv": [0, 0, 1, 1], "texture": "#2"},
				"down": {"uv": [0, 0, 1, 1], "texture": "#2"}
			}
		},
		{
			"name": "hexadecagon",
			"from": [7.4, -3.12984, 10.25],
			"to": [8.6, -3.07016, 10.55],
			"rotation": {"angle": 45, "axis": "x", "origin": [8, -3.1, 10.4]},
			"faces": {
				"north": {"uv": [0, 0, 1, 1], "texture": "#2"},
				"east": {"uv": [0, 0, 1, 1], "texture": "#2"},
				"south": {"uv": [0, 0, 1, 1], "texture": "#2"},
				"west": {"uv": [0, 0, 1, 1], "texture": "#2"},
				"up": {"uv": [0, 0, 1, 1], "texture": "#2"},
				"down": {"uv": [0, 0, 1, 1], "texture": "#2"}
			}
		},
		{
			"name": "hexadecagon",
			"from": [7.4, -3.25, 10.37016],
			"to": [8.6, -2.95, 10.42984],
			"rotation": {"angle": -22.5, "axis": "x", "origin": [8, -3.1, 10.4]},
			"faces": {
				"north": {"uv": [0, 0, 1, 1], "texture": "#2"},
				"east": {"uv": [0, 0, 1, 1], "texture": "#2"},
				"south": {"uv": [0, 0, 1, 1], "texture": "#2"},
				"west": {"uv": [0, 0, 1, 1], "texture": "#2"},
				"up": {"uv": [0, 0, 1, 1], "texture": "#2"},
				"down": {"uv": [0, 0, 1, 1], "texture": "#2"}
			}
		},
		{
			"name": "hexadecagon",
			"from": [7.4, -3.25, 10.37016],
			"to": [8.6, -2.95, 10.42984],
			"faces": {
				"north": {"uv": [0, 0, 1, 1], "texture": "#2"},
				"east": {"uv": [0, 0, 1, 1], "texture": "#2"},
				"south": {"uv": [0, 0, 1, 1], "texture": "#2"},
				"west": {"uv": [0, 0, 1, 1], "texture": "#2"},
				"up": {"uv": [0, 0, 1, 1], "texture": "#2"},
				"down": {"uv": [0, 0, 1, 1], "texture": "#2"}
			}
		},
		{
			"name": "hexadecagon",
			"from": [7.4, -3.25, 10.37016],
			"to": [8.6, -2.95, 10.42984],
			"rotation": {"angle": 22.5, "axis": "x", "origin": [8, -3.1, 10.4]},
			"faces": {
				"north": {"uv": [0, 0, 1, 1], "texture": "#2"},
				"east": {"uv": [0, 0, 1, 1], "texture": "#2"},
				"south": {"uv": [0, 0, 1, 1], "texture": "#2"},
				"west": {"uv": [0, 0, 1, 1], "texture": "#2"},
				"up": {"uv": [0, 0, 1, 1], "texture": "#2"},
				"down": {"uv": [0, 0, 1, 1], "texture": "#2"}
			}
		},
		{
			"from": [7.45, 1.35, 6.3],
			"to": [8.15, 1.65, 7.6],
			"faces": {
				"north": {"uv": [0, 0, 0.7, 0.3], "texture": "#1"},
				"east": {"uv": [0, 0, 1.3, 0.3], "texture": "#1"},
				"south": {"uv": [0, 0, 0.7, 0.3], "texture": "#1"},
				"west": {"uv": [0, 0, 1.3, 0.3], "texture": "#1"},
				"up": {"uv": [0, 0, 0.7, 1.3], "texture": "#1"},
				"down": {"uv": [0, 0, 0.7, 1.3], "texture": "#1"}
			}
		},
		{
			"from": [7.35, 1.45, 7],
			"to": [8.15, 1.6, 7.8],
			"faces": {
				"north": {"uv": [0, 0, 0.8, 0.15], "texture": "#1"},
				"east": {"uv": [0, 0, 0.8, 0.15], "texture": "#1"},
				"south": {"uv": [0, 0, 0.8, 0.15], "texture": "#1"},
				"west": {"uv": [0, 0, 0.8, 0.15], "texture": "#1"},
				"up": {"uv": [0, 0, 0.8, 0.8], "texture": "#1"},
				"down": {"uv": [0, 0, 0.8, 0.8], "texture": "#1"}
			}
		},
		{
			"name": "hexadecagon",
			"from": [7.93734, 2.135, -0.18],
			"to": [8.06266, 2.18, 0.72],
			"rotation": {"angle": -45, "axis": "z", "origin": [8, 2.45, 0.27]},
			"faces": {
				"north": {"uv": [0, 0, 1, 1], "texture": "#2"},
				"east": {"uv": [0, 0, 1, 1], "texture": "#2"},
				"south": {"uv": [0, 0, 1, 1], "texture": "#2"},
				"west": {"uv": [0, 0, 1, 1], "texture": "#2"},
				"up": {"uv": [0, 0, 1, 1], "texture": "#2"},
				"down": {"uv": [0, 0, 1, 1], "texture": "#2"}
			}
		},
		{
			"name": "hexadecagon",
			"from": [7.93734, 2.135, -0.18],
			"to": [8.06266, 2.18, 0.72],
			"rotation": {"angle": -22.5, "axis": "z", "origin": [8, 2.45, 0.27]},
			"faces": {
				"north": {"uv": [0, 0, 1, 1], "texture": "#2"},
				"east": {"uv": [0, 0, 1, 1], "texture": "#2"},
				"south": {"uv": [0, 0, 1, 1], "texture": "#2"},
				"west": {"uv": [0, 0, 1, 1], "texture": "#2"},
				"up": {"uv": [0, 0, 1, 1], "texture": "#2"},
				"down": {"uv": [0, 0, 1, 1], "texture": "#2"}
			}
		},
		{
			"name": "hexadecagon",
			"from": [7.93734, 2.135, -0.18],
			"to": [8.06266, 2.18, 0.72],
			"faces": {
				"north": {"uv": [0, 0, 1, 1], "texture": "#2"},
				"east": {"uv": [0, 0, 1, 1], "texture": "#2"},
				"south": {"uv": [0, 0, 1, 1], "texture": "#2"},
				"west": {"uv": [0, 0, 1, 1], "texture": "#2"},
				"up": {"uv": [0, 0, 1, 1], "texture": "#2"},
				"down": {"uv": [0, 0, 1, 1], "texture": "#2"}
			}
		},
		{
			"name": "hexadecagon",
			"from": [7.93734, 2.135, -0.18],
			"to": [8.06266, 2.18, 0.72],
			"rotation": {"angle": 22.5, "axis": "z", "origin": [8, 2.45, 0.27]},
			"faces": {
				"north": {"uv": [0, 0, 1, 1], "texture": "#2"},
				"east": {"uv": [0, 0, 1, 1], "texture": "#2"},
				"south": {"uv": [0, 0, 1, 1], "texture": "#2"},
				"west": {"uv": [0, 0, 1, 1], "texture": "#2"},
				"up": {"uv": [0, 0, 1, 1], "texture": "#2"},
				"down": {"uv": [0, 0, 1, 1], "texture": "#2"}
			}
		},
		{
			"name": "hexadecagon",
			"from": [7.93734, 2.135, -0.18],
			"to": [8.06266, 2.18, 0.72],
			"rotation": {"angle": 45, "axis": "z", "origin": [8, 2.45, 0.27]},
			"faces": {
				"north": {"uv": [0, 0, 1, 1], "texture": "#2"},
				"east": {"uv": [0, 0, 1, 1], "texture": "#2"},
				"south": {"uv": [0, 0, 1, 1], "texture": "#2"},
				"west": {"uv": [0, 0, 1, 1], "texture": "#2"},
				"up": {"uv": [0, 0, 1, 1], "texture": "#2"},
				"down": {"uv": [0, 0, 1, 1], "texture": "#2"}
			}
		},
		{
			"name": "hexadecagon",
			"from": [7.93734, 2.72, -0.18],
			"to": [8.06266, 2.765, 0.72],
			"rotation": {"angle": -45, "axis": "z", "origin": [8, 2.45, 0.27]},
			"faces": {
				"north": {"uv": [0, 0, 1, 1], "texture": "#2"},
				"east": {"uv": [0, 0, 1, 1], "texture": "#2"},
				"south": {"uv": [0, 0, 1, 1], "texture": "#2"},
				"west": {"uv": [0, 0, 1, 1], "texture": "#2"},
				"up": {"uv": [0, 0, 1, 1], "texture": "#2"},
				"down": {"uv": [0, 0, 1, 1], "texture": "#2"}
			}
		},
		{
			"name": "hexadecagon",
			"from": [7.93734, 2.72, -0.18],
			"to": [8.06266, 2.765, 0.72],
			"rotation": {"angle": -22.5, "axis": "z", "origin": [8, 2.45, 0.27]},
			"faces": {
				"north": {"uv": [0, 0, 1, 1], "texture": "#2"},
				"east": {"uv": [0, 0, 1, 1], "texture": "#2"},
				"south": {"uv": [0, 0, 1, 1], "texture": "#2"},
				"west": {"uv": [0, 0, 1, 1], "texture": "#2"},
				"up": {"uv": [0, 0, 1, 1], "texture": "#2"},
				"down": {"uv": [0, 0, 1, 1], "texture": "#2"}
			}
		},
		{
			"name": "hexadecagon",
			"from": [7.93734, 2.72, -0.18],
			"to": [8.06266, 2.765, 0.72],
			"faces": {
				"north": {"uv": [0, 0, 1, 1], "texture": "#2"},
				"east": {"uv": [0, 0, 1, 1], "texture": "#2"},
				"south": {"uv": [0, 0, 1, 1], "texture": "#2"},
				"west": {"uv": [0, 0, 1, 1], "texture": "#2"},
				"up": {"uv": [0, 0, 1, 1], "texture": "#2"},
				"down": {"uv": [0, 0, 1, 1], "texture": "#2"}
			}
		},
		{
			"name": "hexadecagon",
			"from": [7.93734, 2.72, -0.18],
			"to": [8.06266, 2.765, 0.72],
			"rotation": {"angle": 22.5, "axis": "z", "origin": [8, 2.45, 0.27]},
			"faces": {
				"north": {"uv": [0, 0, 1, 1], "texture": "#2"},
				"east": {"uv": [0, 0, 1, 1], "texture": "#2"},
				"south": {"uv": [0, 0, 1, 1], "texture": "#2"},
				"west": {"uv": [0, 0, 1, 1], "texture": "#2"},
				"up": {"uv": [0, 0, 1, 1], "texture": "#2"},
				"down": {"uv": [0, 0, 1, 1], "texture": "#2"}
			}
		},
		{
			"name": "hexadecagon",
			"from": [7.93734, 2.72, -0.18],
			"to": [8.06266, 2.765, 0.72],
			"rotation": {"angle": 45, "axis": "z", "origin": [8, 2.45, 0.27]},
			"faces": {
				"north": {"uv": [0, 0, 1, 1], "texture": "#2"},
				"east": {"uv": [0, 0, 1, 1], "texture": "#2"},
				"south": {"uv": [0, 0, 1, 1], "texture": "#2"},
				"west": {"uv": [0, 0, 1, 1], "texture": "#2"},
				"up": {"uv": [0, 0, 1, 1], "texture": "#2"},
				"down": {"uv": [0, 0, 1, 1], "texture": "#2"}
			}
		},
		{
			"name": "hexadecagon",
			"from": [7.685, 2.38734, -0.18],
			"to": [7.73, 2.51266, 0.72],
			"rotation": {"angle": -22.5, "axis": "z", "origin": [8, 2.45, 0.27]},
			"faces": {
				"north": {"uv": [0, 0, 1, 1], "texture": "#2"},
				"east": {"uv": [0, 0, 1, 1], "texture": "#2"},
				"south": {"uv": [0, 0, 1, 1], "texture": "#2"},
				"west": {"uv": [0, 0, 1, 1], "texture": "#2"},
				"up": {"uv": [0, 0, 1, 1], "texture": "#2"},
				"down": {"uv": [0, 0, 1, 1], "texture": "#2"}
			}
		},
		{
			"name": "hexadecagon",
			"from": [7.685, 2.38734, -0.18],
			"to": [7.73, 2.51266, 0.72],
			"faces": {
				"north": {"uv": [0, 0, 1, 1], "texture": "#2"},
				"east": {"uv": [0, 0, 1, 1], "texture": "#2"},
				"south": {"uv": [0, 0, 1, 1], "texture": "#2"},
				"west": {"uv": [0, 0, 1, 1], "texture": "#2"},
				"up": {"uv": [0, 0, 1, 1], "texture": "#2"},
				"down": {"uv": [0, 0, 1, 1], "texture": "#2"}
			}
		},
		{
			"name": "hexadecagon",
			"from": [7.685, 2.38734, -0.18],
			"to": [7.73, 2.51266, 0.72],
			"rotation": {"angle": 22.5, "axis": "z", "origin": [8, 2.45, 0.27]},
			"faces": {
				"north": {"uv": [0, 0, 1, 1], "texture": "#2"},
				"east": {"uv": [0, 0, 1, 1], "texture": "#2"},
				"south": {"uv": [0, 0, 1, 1], "texture": "#2"},
				"west": {"uv": [0, 0, 1, 1], "texture": "#2"},
				"up": {"uv": [0, 0, 1, 1], "texture": "#2"},
				"down": {"uv": [0, 0, 1, 1], "texture": "#2"}
			}
		},
		{
			"name": "hexadecagon",
			"from": [8.27, 2.38734, -0.18],
			"to": [8.315, 2.51266, 0.72],
			"rotation": {"angle": -22.5, "axis": "z", "origin": [8, 2.45, 0.27]},
			"faces": {
				"north": {"uv": [0, 0, 1, 1], "texture": "#2"},
				"east": {"uv": [0, 0, 1, 1], "texture": "#2"},
				"south": {"uv": [0, 0, 1, 1], "texture": "#2"},
				"west": {"uv": [0, 0, 1, 1], "texture": "#2"},
				"up": {"uv": [0, 0, 1, 1], "texture": "#2"},
				"down": {"uv": [0, 0, 1, 1], "texture": "#2"}
			}
		},
		{
			"name": "hexadecagon",
			"from": [8.27, 2.38734, -0.18],
			"to": [8.315, 2.51266, 0.72],
			"faces": {
				"north": {"uv": [0, 0, 1, 1], "texture": "#2"},
				"east": {"uv": [0, 0, 1, 1], "texture": "#2"},
				"south": {"uv": [0, 0, 1, 1], "texture": "#2"},
				"west": {"uv": [0, 0, 1, 1], "texture": "#2"},
				"up": {"uv": [0, 0, 1, 1], "texture": "#2"},
				"down": {"uv": [0, 0, 1, 1], "texture": "#2"}
			}
		},
		{
			"name": "hexadecagon",
			"from": [8.27, 2.38734, -0.18],
			"to": [8.315, 2.51266, 0.72],
			"rotation": {"angle": 22.5, "axis": "z", "origin": [8, 2.45, 0.27]},
			"faces": {
				"north": {"uv": [0, 0, 1, 1], "texture": "#2"},
				"east": {"uv": [0, 0, 1, 1], "texture": "#2"},
				"south": {"uv": [0, 0, 1, 1], "texture": "#2"},
				"west": {"uv": [0, 0, 1, 1], "texture": "#2"},
				"up": {"uv": [0, 0, 1, 1], "texture": "#2"},
				"down": {"uv": [0, 0, 1, 1], "texture": "#2"}
			}
		},
		{
			"from": [7.64999, -3.77934, 9.14159],
			"to": [8.34999, -3.42934, 11.29159],
			"faces": {
				"north": {"uv": [0, 0, 0.7, 0.35], "texture": "#1"},
				"east": {"uv": [0, 0, 2.15, 0.35], "texture": "#1"},
				"south": {"uv": [0, 0, 0.7, 0.35], "texture": "#1"},
				"west": {"uv": [0, 0, 2.15, 0.35], "texture": "#1"},
				"up": {"uv": [0, 0, 0.7, 2.15], "texture": "#1"},
				"down": {"uv": [0, 0, 0.7, 2.15], "texture": "#1"}
			}
		},
		{
			"from": [7.45, 1.6, 9.7],
			"to": [8.55, 2.73, 9.8],
			"rotation": {"angle": -22.5, "axis": "x", "origin": [8, 2, 9.5]},
			"faces": {
				"north": {"uv": [0, 0, 1.1, 1.13], "texture": "#1"},
				"east": {"uv": [0, 0, 0.1, 1.13], "texture": "#1"},
				"south": {"uv": [0, 0, 1.1, 1.13], "texture": "#1"},
				"west": {"uv": [0, 0, 0.1, 1.13], "texture": "#1"},
				"up": {"uv": [0, 0, 1.1, 0.1], "texture": "#1"},
				"down": {"uv": [0, 0, 1.1, 0.1], "texture": "#1"}
			}
		},
		{
			"from": [7.64999, -3.77934, 9.14159],
			"to": [8.34999, -3.42934, 11.29159],
			"faces": {
				"north": {"uv": [0, 0, 0.7, 0.35], "texture": "#1"},
				"east": {"uv": [0, 0, 2.15, 0.35], "texture": "#1"},
				"south": {"uv": [0, 0, 0.7, 0.35], "texture": "#1"},
				"west": {"uv": [0, 0, 2.15, 0.35], "texture": "#1"},
				"up": {"uv": [0, 0, 0.7, 2.15], "texture": "#1"},
				"down": {"uv": [0, 0, 0.7, 2.15], "texture": "#1"}
			}
		},
		{
			"from": [7.45, 1.6, 9.5],
			"to": [8.55, 2.73, 9.6],
			"rotation": {"angle": -22.5, "axis": "x", "origin": [8, 2, 9.3]},
			"faces": {
				"north": {"uv": [0, 0, 1.1, 1.13], "texture": "#1"},
				"east": {"uv": [0, 0, 0.1, 1.13], "texture": "#1"},
				"south": {"uv": [0, 0, 1.1, 1.13], "texture": "#1"},
				"west": {"uv": [0, 0, 0.1, 1.13], "texture": "#1"},
				"up": {"uv": [0, 0, 1.1, 0.1], "texture": "#1"},
				"down": {"uv": [0, 0, 1.1, 0.1], "texture": "#1"}
			}
		},
		{
			"from": [7.45, 1.6, 9.1],
			"to": [8.55, 2.73, 9.2],
			"rotation": {"angle": -22.5, "axis": "x", "origin": [8, 2, 8.9]},
			"faces": {
				"north": {"uv": [0, 0, 1.1, 1.13], "texture": "#1"},
				"east": {"uv": [0, 0, 0.1, 1.13], "texture": "#1"},
				"south": {"uv": [0, 0, 1.1, 1.13], "texture": "#1"},
				"west": {"uv": [0, 0, 0.1, 1.13], "texture": "#1"},
				"up": {"uv": [0, 0, 1.1, 0.1], "texture": "#1"},
				"down": {"uv": [0, 0, 1.1, 0.1], "texture": "#1"}
			}
		},
		{
			"from": [7.45, 1.6, 9.3],
			"to": [8.55, 2.73, 9.4],
			"rotation": {"angle": -22.5, "axis": "x", "origin": [8, 2, 9.1]},
			"faces": {
				"north": {"uv": [0, 0, 1.1, 1.13], "texture": "#1"},
				"east": {"uv": [0, 0, 0.1, 1.13], "texture": "#1"},
				"south": {"uv": [0, 0, 1.1, 1.13], "texture": "#1"},
				"west": {"uv": [0, 0, 0.1, 1.13], "texture": "#1"},
				"up": {"uv": [0, 0, 1.1, 0.1], "texture": "#1"},
				"down": {"uv": [0, 0, 1.1, 0.1], "texture": "#1"}
			}
		},
		{
			"from": [7.45, 1.6, 8.9],
			"to": [8.55, 2.73, 9],
			"rotation": {"angle": -22.5, "axis": "x", "origin": [8, 2, 8.7]},
			"faces": {
				"north": {"uv": [0, 0, 1.1, 1.13], "texture": "#1"},
				"east": {"uv": [0, 0, 0.1, 1.13], "texture": "#1"},
				"south": {"uv": [0, 0, 1.1, 1.13], "texture": "#1"},
				"west": {"uv": [0, 0, 0.1, 1.13], "texture": "#1"},
				"up": {"uv": [0, 0, 1.1, 0.1], "texture": "#1"},
				"down": {"uv": [0, 0, 1.1, 0.1], "texture": "#1"}
			}
		},
		{
			"from": [7.45, 1.6, 8.7],
			"to": [8.55, 2.73, 8.8],
			"rotation": {"angle": -22.5, "axis": "x", "origin": [8, 2, 8.5]},
			"faces": {
				"north": {"uv": [0, 0, 1.1, 1.13], "texture": "#1"},
				"east": {"uv": [0, 0, 0.1, 1.13], "texture": "#1"},
				"south": {"uv": [0, 0, 1.1, 1.13], "texture": "#1"},
				"west": {"uv": [0, 0, 0.1, 1.13], "texture": "#1"},
				"up": {"uv": [0, 0, 1.1, 0.1], "texture": "#1"},
				"down": {"uv": [0, 0, 1.1, 0.1], "texture": "#1"}
			}
		},
		{
			"from": [7.45, 1.6, 8.5],
			"to": [8.55, 2.73, 8.6],
			"rotation": {"angle": -22.5, "axis": "x", "origin": [8, 2, 8.3]},
			"faces": {
				"north": {"uv": [0, 0, 1.1, 1.13], "texture": "#1"},
				"east": {"uv": [0, 0, 0.1, 1.13], "texture": "#1"},
				"south": {"uv": [0, 0, 1.1, 1.13], "texture": "#1"},
				"west": {"uv": [0, 0, 0.1, 1.13], "texture": "#1"},
				"up": {"uv": [0, 0, 1.1, 0.1], "texture": "#1"},
				"down": {"uv": [0, 0, 1.1, 0.1], "texture": "#1"}
			}
		},
		{
			"from": [7.45, 1.6, 8.3],
			"to": [8.55, 2.73, 8.4],
			"rotation": {"angle": -22.5, "axis": "x", "origin": [8, 2, 8.1]},
			"faces": {
				"north": {"uv": [0, 0, 1.1, 1.13], "texture": "#1"},
				"east": {"uv": [0, 0, 0.1, 1.13], "texture": "#1"},
				"south": {"uv": [0, 0, 1.1, 1.13], "texture": "#1"},
				"west": {"uv": [0, 0, 0.1, 1.13], "texture": "#1"},
				"up": {"uv": [0, 0, 1.1, 0.1], "texture": "#1"},
				"down": {"uv": [0, 0, 1.1, 0.1], "texture": "#1"}
			}
		}
	],
	"display": {
		"thirdperson_righthand": {
			"translation": [0, 5.5, 1],
			"scale": [0.75, 0.76, 0.76]
		},
		"firstperson_righthand": {
			"translation": [-4.25, 7.75, -0.25]
		},
		"gui": {
			"rotation": [25, 52, 0],
			"translation": [2.25, 9.5, 0],
			"scale": [1.33, 1.25, 1.29]
		},
		"fixed": {
			"rotation": [89, -54, 87],
			"translation": [-8.75, 7.25, -1.25],
			"scale": [1.5, 1.5, 1.58]
		}
	},
	"groups": [0, 1, 2, 3, 4, 5, 6, 7, 8, 9, 10, 11, 12, 13, 14, 15, 16, 17, 18, 19, 20, 21, 22, 23, 24, 25, 26, 27, 28, 29, 30, 31, 32, 33, 34, 35, 36, 37, 38, 39, 40, 41, 42, 43, 44, 45, 46, 47, 48, 49, 50, 51, 52, 53, 54, 55, 56, 57, 58, 59, 60, 61, 62, 63, 64, 65, 66, 67, 68, 69, 70, 71, 72, 73, 74, 75, 76, 77, 78, 79, 80, 81, 82, 83, 84, 85, 86, 87, 88, 89, 90, 91, 92,
		{
			"name": "hexadecagon",
			"children": [93, 94, 95, 96, 97, 98, 99, 100, 101, 102, 103, 104, 105, 106, 107, 108]
		}, 109, 110, 111, 112, 113, 114, 115, 116, 117, 118, 119, 120, 121, 122, 123, 124, 125, 126, 127, 128, 129, 130, 131, 132, 133,
		{
			"name": "hexadecagon",
			"children": [134, 135, 136, 137, 138, 139, 140, 141, 142, 143, 144, 145, 146, 147, 148, 149, 150, 151, 152, 153, 154, 155, 156, 157]
		}, 158, 159,
		{
			"name": "hexadecagon",
			"children": [160, 161, 162, 163, 164, 165, 166, 167, 168, 169, 170, 171, 172, 173, 174, 175]
		}, 176, 177, 178, 179, 180, 181, 182, 183, 184, 185]
}