{
	"credit": "Made with Blockbench",
	"textures": {
		"0": "custom/nothingness1/p90_black",
		"1": "custom/nothingness1/gray4",
		"2": "custom/nothingness1/gray3",
		"particle": "custom/nothingness1/p90_black"
	},
	"elements": [
		{
			"from": [7.5, 0, 0.2],
			"to": [8.5, 0.8, 3.1],
			"faces": {
				"north": {"uv": [0, 0, 1, 0.8], "texture": "#0"},
				"east": {"uv": [0, 0, 2.9, 0.8], "texture": "#0"},
				"south": {"uv": [0, 0, 1, 0.8], "texture": "#0"},
				"west": {"uv": [0, 0, 2.9, 0.8], "texture": "#0"},
				"up": {"uv": [0, 0, 1, 2.9], "texture": "#0"},
				"down": {"uv": [0, 0, 1, 2.9], "texture": "#0"}
			}
		},
		{
			"from": [7.99289, 0.3, 0.2],
			"to": [8.29289, 0.6, 3.4],
			"rotation": {"angle": 45, "axis": "z", "origin": [7.79289, 0.8, 0.5]},
			"faces": {
				"north": {"uv": [0, 0, 0.3, 0.3], "texture": "#0"},
				"east": {"uv": [0, 0, 3.2, 0.3], "texture": "#0"},
				"south": {"uv": [0, 0, 0.3, 0.3], "texture": "#0"},
				"west": {"uv": [0, 0, 3.2, 0.3], "texture": "#0"},
				"up": {"uv": [0, 0, 0.3, 3.2], "texture": "#0"},
				"down": {"uv": [0, 0, 0.3, 3.2], "texture": "#0"}
			}
		},
		{
			"from": [7.52678, 0.66464, 0.2],
			"to": [7.82678, 0.96464, 3.4],
			"rotation": {"angle": -45, "axis": "z", "origin": [7.67678, 0.76464, 0.5]},
			"faces": {
				"north": {"uv": [0, 0, 0.3, 0.3], "texture": "#0"},
				"east": {"uv": [0, 0, 3.2, 0.3], "texture": "#0"},
				"south": {"uv": [0, 0, 0.3, 0.3], "texture": "#0"},
				"west": {"uv": [0, 0, 3.2, 0.3], "texture": "#0"},
				"up": {"uv": [0, 0, 0.3, 3.2], "texture": "#0"},
				"down": {"uv": [0, 0, 0.3, 3.2], "texture": "#0"}
			}
		},
		{
			"from": [7.71213, 0.71213, 0.2],
			"to": [8.28613, 1.01213, 3.4],
			"faces": {
				"north": {"uv": [0, 0, 0.3, 0.574], "rotation": 270, "texture": "#0"},
				"east": {"uv": [0, 0, 0.3, 3.2], "rotation": 270, "texture": "#0"},
				"south": {"uv": [0, 0, 0.3, 0.574], "rotation": 90, "texture": "#0"},
				"west": {"uv": [0, 0, 0.3, 3.2], "rotation": 270, "texture": "#0"},
				"up": {"uv": [0, 0, 3.2, 0.574], "rotation": 90, "texture": "#0"},
				"down": {"uv": [0, 0, 3.2, 0.574], "rotation": 270, "texture": "#0"}
			}
		},
		{
			"from": [7.6, -0.05, 0.2],
			"to": [8.4, 0, 7.5],
			"faces": {
				"north": {"uv": [0, 0, 0.8, 0.05], "texture": "#0"},
				"east": {"uv": [0, 0, 7.3, 0.05], "texture": "#0"},
				"south": {"uv": [0, 0, 0.8, 0.05], "texture": "#0"},
				"west": {"uv": [0, 0, 7.3, 0.05], "texture": "#0"},
				"up": {"uv": [0, 0, 0.8, 7.3], "texture": "#0"},
				"down": {"uv": [0, 0, 0.8, 7.3], "texture": "#0"}
			}
		},
		{
			"from": [7.65, -0.15, 0.2],
			"to": [8.35, 0, 7.5],
			"faces": {
				"north": {"uv": [0, 0, 0.7, 0.15], "texture": "#0"},
				"east": {"uv": [0, 0, 7.3, 0.15], "texture": "#0"},
				"south": {"uv": [0, 0, 0.7, 0.15], "texture": "#0"},
				"west": {"uv": [0, 0, 7.3, 0.15], "texture": "#0"},
				"up": {"uv": [0, 0, 0.7, 7.3], "texture": "#0"},
				"down": {"uv": [0, 0, 0.7, 7.3], "texture": "#0"}
			}
		},
		{
			"from": [7.4, -0.55, 2.9],
			"to": [8.6, -0.05, 8.3],
			"faces": {
				"north": {"uv": [0, 0, 1.2, 0.5], "texture": "#0"},
				"east": {"uv": [0, 0, 5.4, 0.5], "texture": "#0"},
				"south": {"uv": [0, 0, 1.2, 0.5], "texture": "#0"},
				"west": {"uv": [0, 0, 5.4, 0.5], "texture": "#0"},
				"up": {"uv": [0, 0, 1.2, 5.4], "texture": "#0"},
				"down": {"uv": [0, 0, 1.2, 5.4], "texture": "#0"}
			}
		},
		{
			"from": [7.4, -0.04645, 3.46066],
			"to": [8.6, 0.35355, 4.26066],
			"rotation": {"angle": 45, "axis": "x", "origin": [8, 0.95355, 3.96066]},
			"faces": {
				"north": {"uv": [0, 0, 1.2, 0.4], "rotation": 180, "texture": "#0"},
				"east": {"uv": [0, 0, 0.4, 0.8], "rotation": 270, "texture": "#0"},
				"south": {"uv": [0, 0, 1.2, 0.4], "texture": "#0"},
				"west": {"uv": [0, 0, 0.4, 0.8], "rotation": 90, "texture": "#0"},
				"up": {"uv": [0, 0, 1.2, 0.8], "rotation": 180, "texture": "#0"},
				"down": {"uv": [0, 0, 1.2, 0.8], "texture": "#0"}
			}
		},
		{
			"from": [7.4, 0.28284, 3.18284],
			"to": [8.6, 0.88284, 8.08284],
			"faces": {
				"north": {"uv": [0, 0, 1.2, 0.6], "texture": "#0"},
				"east": {"uv": [0, 0, 4.9, 0.6], "texture": "#0"},
				"south": {"uv": [0, 0, 1.2, 0.6], "texture": "#0"},
				"west": {"uv": [0, 0, 4.9, 0.6], "texture": "#0"},
				"up": {"uv": [0, 0, 1.2, 4.9], "texture": "#0"},
				"down": {"uv": [0, 0, 1.2, 4.9], "texture": "#0"}
			}
		},
		{
			"from": [7.42678, 0.74749, 3.18284],
			"to": [7.72678, 0.99749, 7.98284],
			"rotation": {"angle": -45, "axis": "z", "origin": [7.57678, 0.84749, 3.58284]},
			"faces": {
				"north": {"uv": [0, 0, 0.3, 0.25], "texture": "#0"},
				"east": {"uv": [0, 0, 4.8, 0.25], "texture": "#0"},
				"south": {"uv": [0, 0, 0.3, 0.25], "texture": "#0"},
				"west": {"uv": [0, 0, 4.8, 0.25], "texture": "#0"},
				"up": {"uv": [0, 0, 0.3, 4.8], "texture": "#0"},
				"down": {"uv": [0, 0, 0.3, 4.8], "texture": "#0"}
			}
		},
		{
			"from": [8.09289, 0.38284, 3.18284],
			"to": [8.39289, 0.63284, 7.98284],
			"rotation": {"angle": 45, "axis": "z", "origin": [7.89289, 0.88284, 3.58284]},
			"faces": {
				"north": {"uv": [0, 0, 0.3, 0.25], "texture": "#0"},
				"east": {"uv": [0, 0, 4.8, 0.25], "texture": "#0"},
				"south": {"uv": [0, 0, 0.3, 0.25], "texture": "#0"},
				"west": {"uv": [0, 0, 4.8, 0.25], "texture": "#0"},
				"up": {"uv": [0, 0, 0.3, 4.8], "texture": "#0"},
				"down": {"uv": [0, 0, 0.3, 4.8], "texture": "#0"}
			}
		},
		{
			"from": [7.57678, 0.75962, 3.18284],
			"to": [8.41678, 1.05962, 7.98284],
			"faces": {
				"north": {"uv": [0, 0, 0.3, 0.84], "rotation": 270, "texture": "#0"},
				"east": {"uv": [0, 0, 0.3, 4.8], "rotation": 270, "texture": "#0"},
				"south": {"uv": [0, 0, 0.3, 0.84], "rotation": 90, "texture": "#0"},
				"west": {"uv": [0, 0, 0.3, 4.8], "rotation": 270, "texture": "#0"},
				"up": {"uv": [0, 0, 4.8, 0.84], "rotation": 90, "texture": "#0"},
				"down": {"uv": [0, 0, 4.8, 0.84], "rotation": 270, "texture": "#0"}
			}
		},
		{
			"from": [7.55, -0.15, 0.4],
			"to": [7.65, -0.08, 3.2],
			"faces": {
				"north": {"uv": [0, 0, 0.1, 0.07], "texture": "#0"},
				"east": {"uv": [0, 0, 2.8, 0.07], "texture": "#0"},
				"south": {"uv": [0, 0, 0.1, 0.07], "texture": "#0"},
				"west": {"uv": [0, 0, 2.8, 0.07], "texture": "#0"},
				"up": {"uv": [0, 0, 0.1, 2.8], "texture": "#0"},
				"down": {"uv": [0, 0, 0.1, 2.8], "texture": "#0"}
			}
		},
		{
			"from": [8.35, -0.15, 0.4],
			"to": [8.45, -0.08, 3.2],
			"faces": {
				"north": {"uv": [0, 0, 0.1, 0.07], "texture": "#0"},
				"east": {"uv": [0, 0, 2.8, 0.07], "texture": "#0"},
				"south": {"uv": [0, 0, 0.1, 0.07], "texture": "#0"},
				"west": {"uv": [0, 0, 2.8, 0.07], "texture": "#0"},
				"up": {"uv": [0, 0, 0.1, 2.8], "texture": "#0"},
				"down": {"uv": [0, 0, 0.1, 2.8], "texture": "#0"}
			}
		},
		{
			"from": [7.59546, -0.35975, 0.4],
			"to": [7.99546, -0.08975, 3.2],
			"rotation": {"angle": 45, "axis": "z", "origin": [7.64546, -0.17475, 2.1]},
			"faces": {
				"north": {"uv": [0, 0, 0.4, 0.27], "texture": "#0"},
				"east": {"uv": [0, 0, 2.8, 0.27], "texture": "#0"},
				"south": {"uv": [0, 0, 0.4, 0.27], "texture": "#0"},
				"west": {"uv": [0, 0, 2.8, 0.27], "texture": "#0"},
				"up": {"uv": [0, 0, 0.4, 2.8], "texture": "#0"},
				"down": {"uv": [0, 0, 0.4, 2.8], "texture": "#0"}
			}
		},
		{
			"from": [7.76919, -0.3451, 0.4],
			"to": [8.36919, -0.0751, 3.2],
			"rotation": {"angle": -45, "axis": "z", "origin": [8.31919, -0.2101, 2.1]},
			"faces": {
				"north": {"uv": [0, 0, 0.6, 0.27], "texture": "#0"},
				"east": {"uv": [0, 0, 2.8, 0.27], "texture": "#0"},
				"south": {"uv": [0, 0, 0.6, 0.27], "texture": "#0"},
				"west": {"uv": [0, 0, 2.8, 0.27], "texture": "#0"},
				"up": {"uv": [0, 0, 0.6, 2.8], "texture": "#0"},
				"down": {"uv": [0, 0, 0.6, 2.8], "texture": "#0"}
			}
		},
		{
			"from": [7.74092, -0.34092, 0.4],
			"to": [8.26092, 0.12908, 3.2],
			"faces": {
				"north": {"uv": [0, 0, 0.52, 0.47], "texture": "#0"},
				"east": {"uv": [0, 0, 2.8, 0.47], "texture": "#0"},
				"south": {"uv": [0, 0, 0.52, 0.47], "texture": "#0"},
				"west": {"uv": [0, 0, 2.8, 0.47], "texture": "#0"},
				"up": {"uv": [0, 0, 0.52, 2.8], "texture": "#0"},
				"down": {"uv": [0, 0, 0.52, 2.8], "texture": "#0"}
			}
		},
		{
			"from": [7.4, 0, 2.9],
			"to": [8.6, 0.6, 8],
			"faces": {
				"north": {"uv": [0, 0, 1.2, 0.6], "texture": "#0"},
				"east": {"uv": [0, 0, 5.1, 0.6], "texture": "#0"},
				"south": {"uv": [0, 0, 1.2, 0.6], "texture": "#0"},
				"west": {"uv": [0, 0, 5.1, 0.6], "texture": "#0"},
				"up": {"uv": [0, 0, 1.2, 5.1], "texture": "#0"},
				"down": {"uv": [0, 0, 1.2, 5.1], "texture": "#0"}
			}
		},
		{
			"from": [7.74092, -0.54092, 0.4],
			"to": [8.26092, 0.12908, 3.2],
			"faces": {
				"north": {"uv": [0, 0, 0.52, 0.67], "texture": "#0"},
				"east": {"uv": [0, 0, 2.8, 0.67], "texture": "#0"},
				"south": {"uv": [0, 0, 0.52, 0.67], "texture": "#0"},
				"west": {"uv": [0, 0, 2.8, 0.67], "texture": "#0"},
				"up": {"uv": [0, 0, 0.52, 2.8], "texture": "#0"},
				"down": {"uv": [0, 0, 0.52, 2.8], "texture": "#0"}
			}
		},
		{
			"from": [8.35, -0.15, 0.4],
			"to": [8.45, -0.08, 3.2],
			"faces": {
				"north": {"uv": [0, 0, 0.1, 0.07], "texture": "#0"},
				"east": {"uv": [0, 0, 2.8, 0.07], "texture": "#0"},
				"south": {"uv": [0, 0, 0.1, 0.07], "texture": "#0"},
				"west": {"uv": [0, 0, 2.8, 0.07], "texture": "#0"},
				"up": {"uv": [0, 0, 0.1, 2.8], "texture": "#0"},
				"down": {"uv": [0, 0, 0.1, 2.8], "texture": "#0"}
			}
		},
		{
			"from": [7.61101, -0.37172, 0.4],
			"to": [8.33101, -0.27172, 2.95],
			"rotation": {"angle": -45, "axis": "z", "origin": [8.07101, -0.42172, 0.475]},
			"faces": {
				"north": {"uv": [0, 0, 0.72, 0.1], "texture": "#0"},
				"east": {"uv": [0, 0, 2.55, 0.1], "texture": "#0"},
				"south": {"uv": [0, 0, 0.72, 0.1], "texture": "#0"},
				"west": {"uv": [0, 0, 2.55, 0.1], "texture": "#0"},
				"up": {"uv": [0, 0, 0.72, 2.55], "texture": "#0"},
				"down": {"uv": [0, 0, 0.72, 2.55], "texture": "#0"}
			}
		},
		{
			"from": [7.78083, -0.68172, 0.4],
			"to": [7.88083, 0.03828, 2.95],
			"rotation": {"angle": -45, "axis": "z", "origin": [7.93083, -0.42172, 0.475]},
			"faces": {
				"north": {"uv": [0, 0, 0.72, 0.1], "rotation": 270, "texture": "#0"},
				"east": {"uv": [0, 0, 0.72, 2.55], "rotation": 270, "texture": "#0"},
				"south": {"uv": [0, 0, 0.72, 0.1], "rotation": 90, "texture": "#0"},
				"west": {"uv": [0, 0, 0.72, 2.55], "rotation": 270, "texture": "#0"},
				"up": {"uv": [0, 0, 2.55, 0.1], "rotation": 90, "texture": "#0"},
				"down": {"uv": [0, 0, 2.55, 0.1], "rotation": 270, "texture": "#0"}
			}
		},
		{
			"from": [7.64092, -0.5995, 0.4],
			"to": [8.36092, -0.4995, 0.55],
			"faces": {
				"north": {"uv": [0, 0, 0.72, 0.1], "texture": "#0"},
				"east": {"uv": [0, 0, 0.15, 0.1], "texture": "#0"},
				"south": {"uv": [0, 0, 0.72, 0.1], "texture": "#0"},
				"west": {"uv": [0, 0, 0.15, 0.1], "texture": "#0"},
				"up": {"uv": [0, 0, 0.72, 0.15], "texture": "#0"},
				"down": {"uv": [0, 0, 0.72, 0.15], "texture": "#0"}
			}
		},
		{
			"from": [8.21101, -0.82728, 0.4],
			"to": [8.33101, -0.72728, 0.55],
			"rotation": {"angle": 45, "axis": "z", "origin": [8.07101, -0.67728, 0.475]},
			"faces": {
				"north": {"uv": [0, 0.1, 0.12, 0.2], "texture": "#0"},
				"east": {"uv": [0, 0.1, 0.15, 0.2], "texture": "#0"},
				"south": {"uv": [0, 0.1, 0.12, 0.2], "texture": "#0"},
				"west": {"uv": [0, 0.1, 0.15, 0.2], "texture": "#0"},
				"up": {"uv": [0, 2.55, 0.12, 2.7], "texture": "#0"},
				"down": {"uv": [0, 2.55, 0.12, 2.7], "texture": "#0"}
			}
		},
		{
			"from": [7.78083, -0.53728, 0.4],
			"to": [7.88083, -0.41728, 0.55],
			"rotation": {"angle": 45, "axis": "z", "origin": [7.93083, -0.67728, 0.475]},
			"faces": {
				"north": {"uv": [0.72, 0, 0.84, 0.1], "rotation": 270, "texture": "#0"},
				"east": {"uv": [0.72, 0, 0.84, 0.15], "rotation": 270, "texture": "#0"},
				"south": {"uv": [0.72, 0, 0.84, 0.1], "rotation": 90, "texture": "#0"},
				"west": {"uv": [0.72, 0, 0.84, 0.15], "rotation": 270, "texture": "#0"},
				"up": {"uv": [2.55, 0, 2.7, 0.1], "rotation": 270, "texture": "#0"},
				"down": {"uv": [2.55, 0, 2.7, 0.1], "rotation": 90, "texture": "#0"}
			}
		},
		{
			"from": [7.72577, -0.68435, 0.4],
			"to": [8.27577, -0.58435, 0.55],
			"faces": {
				"north": {"uv": [0, 0, 0.55, 0.1], "texture": "#0"},
				"east": {"uv": [0, 0, 0.15, 0.1], "texture": "#0"},
				"south": {"uv": [0, 0, 0.55, 0.1], "texture": "#0"},
				"west": {"uv": [0, 0, 0.15, 0.1], "texture": "#0"},
				"up": {"uv": [0, 0, 0.55, 0.15], "texture": "#0"},
				"down": {"uv": [0, 0, 0.55, 0.15], "texture": "#0"}
			}
		},
		{
			"from": [8.21101, -0.82728, 0.75],
			"to": [8.33101, -0.72728, 0.9],
			"rotation": {"angle": 45, "axis": "z", "origin": [8.07101, -0.67728, 0.825]},
			"faces": {
				"north": {"uv": [0, 0.1, 0.12, 0.2], "texture": "#0"},
				"east": {"uv": [0, 0.1, 0.15, 0.2], "texture": "#0"},
				"south": {"uv": [0, 0.1, 0.12, 0.2], "texture": "#0"},
				"west": {"uv": [0, 0.1, 0.15, 0.2], "texture": "#0"},
				"up": {"uv": [0, 2.55, 0.12, 2.7], "texture": "#0"},
				"down": {"uv": [0, 2.55, 0.12, 2.7], "texture": "#0"}
			}
		},
		{
			"from": [7.78083, -0.53728, 0.75],
			"to": [7.88083, -0.41728, 0.9],
			"rotation": {"angle": 45, "axis": "z", "origin": [7.93083, -0.67728, 0.825]},
			"faces": {
				"north": {"uv": [0.72, 0, 0.84, 0.1], "rotation": 270, "texture": "#0"},
				"east": {"uv": [0.72, 0, 0.84, 0.15], "rotation": 270, "texture": "#0"},
				"south": {"uv": [0.72, 0, 0.84, 0.1], "rotation": 90, "texture": "#0"},
				"west": {"uv": [0.72, 0, 0.84, 0.15], "rotation": 270, "texture": "#0"},
				"up": {"uv": [2.55, 0, 2.7, 0.1], "rotation": 270, "texture": "#0"},
				"down": {"uv": [2.55, 0, 2.7, 0.1], "rotation": 90, "texture": "#0"}
			}
		},
		{
			"from": [7.72577, -0.68435, 0.75],
			"to": [8.27577, -0.58435, 0.9],
			"faces": {
				"north": {"uv": [0, 0, 0.55, 0.1], "texture": "#0"},
				"east": {"uv": [0, 0, 0.15, 0.1], "texture": "#0"},
				"south": {"uv": [0, 0, 0.55, 0.1], "texture": "#0"},
				"west": {"uv": [0, 0, 0.15, 0.1], "texture": "#0"},
				"up": {"uv": [0, 0, 0.55, 0.15], "texture": "#0"},
				"down": {"uv": [0, 0, 0.55, 0.15], "texture": "#0"}
			}
		},
		{
			"from": [7.64092, -0.5995, 0.75],
			"to": [8.36092, -0.4995, 0.9],
			"faces": {
				"north": {"uv": [0, 0, 0.72, 0.1], "texture": "#0"},
				"east": {"uv": [0, 0, 0.15, 0.1], "texture": "#0"},
				"south": {"uv": [0, 0, 0.72, 0.1], "texture": "#0"},
				"west": {"uv": [0, 0, 0.15, 0.1], "texture": "#0"},
				"up": {"uv": [0, 0, 0.72, 0.15], "texture": "#0"},
				"down": {"uv": [0, 0, 0.72, 0.15], "texture": "#0"}
			}
		},
		{
			"from": [8.21101, -0.82728, 1.1],
			"to": [8.33101, -0.72728, 1.25],
			"rotation": {"angle": 45, "axis": "z", "origin": [8.07101, -0.67728, 1.175]},
			"faces": {
				"north": {"uv": [0, 0.1, 0.12, 0.2], "texture": "#0"},
				"east": {"uv": [0, 0.1, 0.15, 0.2], "texture": "#0"},
				"south": {"uv": [0, 0.1, 0.12, 0.2], "texture": "#0"},
				"west": {"uv": [0, 0.1, 0.15, 0.2], "texture": "#0"},
				"up": {"uv": [0, 2.55, 0.12, 2.7], "texture": "#0"},
				"down": {"uv": [0, 2.55, 0.12, 2.7], "texture": "#0"}
			}
		},
		{
			"from": [7.72577, -0.68435, 1.1],
			"to": [8.27577, -0.58435, 1.25],
			"faces": {
				"north": {"uv": [0, 0, 0.55, 0.1], "texture": "#0"},
				"east": {"uv": [0, 0, 0.15, 0.1], "texture": "#0"},
				"south": {"uv": [0, 0, 0.55, 0.1], "texture": "#0"},
				"west": {"uv": [0, 0, 0.15, 0.1], "texture": "#0"},
				"up": {"uv": [0, 0, 0.55, 0.15], "texture": "#0"},
				"down": {"uv": [0, 0, 0.55, 0.15], "texture": "#0"}
			}
		},
		{
			"from": [7.78083, -0.53728, 1.1],
			"to": [7.88083, -0.41728, 1.25],
			"rotation": {"angle": 45, "axis": "z", "origin": [7.93083, -0.67728, 1.175]},
			"faces": {
				"north": {"uv": [0.72, 0, 0.84, 0.1], "rotation": 270, "texture": "#0"},
				"east": {"uv": [0.72, 0, 0.84, 0.15], "rotation": 270, "texture": "#0"},
				"south": {"uv": [0.72, 0, 0.84, 0.1], "rotation": 90, "texture": "#0"},
				"west": {"uv": [0.72, 0, 0.84, 0.15], "rotation": 270, "texture": "#0"},
				"up": {"uv": [2.55, 0, 2.7, 0.1], "rotation": 270, "texture": "#0"},
				"down": {"uv": [2.55, 0, 2.7, 0.1], "rotation": 90, "texture": "#0"}
			}
		},
		{
			"from": [7.78083, -0.53728, 1.45],
			"to": [7.88083, -0.41728, 1.6],
			"rotation": {"angle": 45, "axis": "z", "origin": [7.93083, -0.67728, 1.525]},
			"faces": {
				"north": {"uv": [0.72, 0, 0.84, 0.1], "rotation": 270, "texture": "#0"},
				"east": {"uv": [0.72, 0, 0.84, 0.15], "rotation": 270, "texture": "#0"},
				"south": {"uv": [0.72, 0, 0.84, 0.1], "rotation": 90, "texture": "#0"},
				"west": {"uv": [0.72, 0, 0.84, 0.15], "rotation": 270, "texture": "#0"},
				"up": {"uv": [2.55, 0, 2.7, 0.1], "rotation": 270, "texture": "#0"},
				"down": {"uv": [2.55, 0, 2.7, 0.1], "rotation": 90, "texture": "#0"}
			}
		},
		{
			"from": [7.72577, -0.68435, 1.45],
			"to": [8.27577, -0.58435, 1.6],
			"faces": {
				"north": {"uv": [0, 0, 0.55, 0.1], "texture": "#0"},
				"east": {"uv": [0, 0, 0.15, 0.1], "texture": "#0"},
				"south": {"uv": [0, 0, 0.55, 0.1], "texture": "#0"},
				"west": {"uv": [0, 0, 0.15, 0.1], "texture": "#0"},
				"up": {"uv": [0, 0, 0.55, 0.15], "texture": "#0"},
				"down": {"uv": [0, 0, 0.55, 0.15], "texture": "#0"}
			}
		},
		{
			"from": [8.21101, -0.82728, 1.45],
			"to": [8.33101, -0.72728, 1.6],
			"rotation": {"angle": 45, "axis": "z", "origin": [8.07101, -0.67728, 1.525]},
			"faces": {
				"north": {"uv": [0, 0.1, 0.12, 0.2], "texture": "#0"},
				"east": {"uv": [0, 0.1, 0.15, 0.2], "texture": "#0"},
				"south": {"uv": [0, 0.1, 0.12, 0.2], "texture": "#0"},
				"west": {"uv": [0, 0.1, 0.15, 0.2], "texture": "#0"},
				"up": {"uv": [0, 2.55, 0.12, 2.7], "texture": "#0"},
				"down": {"uv": [0, 2.55, 0.12, 2.7], "texture": "#0"}
			}
		},
		{
			"from": [7.64092, -0.5995, 1.45],
			"to": [8.36092, -0.4995, 1.6],
			"faces": {
				"north": {"uv": [0, 0, 0.72, 0.1], "texture": "#0"},
				"east": {"uv": [0, 0, 0.15, 0.1], "texture": "#0"},
				"south": {"uv": [0, 0, 0.72, 0.1], "texture": "#0"},
				"west": {"uv": [0, 0, 0.15, 0.1], "texture": "#0"},
				"up": {"uv": [0, 0, 0.72, 0.15], "texture": "#0"},
				"down": {"uv": [0, 0, 0.72, 0.15], "texture": "#0"}
			}
		},
		{
			"from": [7.64092, -0.5995, 1.1],
			"to": [8.36092, -0.4995, 1.25],
			"faces": {
				"north": {"uv": [0, 0, 0.72, 0.1], "texture": "#0"},
				"east": {"uv": [0, 0, 0.15, 0.1], "texture": "#0"},
				"south": {"uv": [0, 0, 0.72, 0.1], "texture": "#0"},
				"west": {"uv": [0, 0, 0.15, 0.1], "texture": "#0"},
				"up": {"uv": [0, 0, 0.72, 0.15], "texture": "#0"},
				"down": {"uv": [0, 0, 0.72, 0.15], "texture": "#0"}
			}
		},
		{
			"from": [8.21101, -0.82728, 1.8],
			"to": [8.33101, -0.72728, 1.95],
			"rotation": {"angle": 45, "axis": "z", "origin": [8.07101, -0.67728, 1.875]},
			"faces": {
				"north": {"uv": [0, 0.1, 0.12, 0.2], "texture": "#0"},
				"east": {"uv": [0, 0.1, 0.15, 0.2], "texture": "#0"},
				"south": {"uv": [0, 0.1, 0.12, 0.2], "texture": "#0"},
				"west": {"uv": [0, 0.1, 0.15, 0.2], "texture": "#0"},
				"up": {"uv": [0, 2.55, 0.12, 2.7], "texture": "#0"},
				"down": {"uv": [0, 2.55, 0.12, 2.7], "texture": "#0"}
			}
		},
		{
			"from": [7.72577, -0.68435, 1.8],
			"to": [8.27577, -0.58435, 1.95],
			"faces": {
				"north": {"uv": [0, 0, 0.55, 0.1], "texture": "#0"},
				"east": {"uv": [0, 0, 0.15, 0.1], "texture": "#0"},
				"south": {"uv": [0, 0, 0.55, 0.1], "texture": "#0"},
				"west": {"uv": [0, 0, 0.15, 0.1], "texture": "#0"},
				"up": {"uv": [0, 0, 0.55, 0.15], "texture": "#0"},
				"down": {"uv": [0, 0, 0.55, 0.15], "texture": "#0"}
			}
		},
		{
			"from": [7.78083, -0.53728, 1.8],
			"to": [7.88083, -0.41728, 1.95],
			"rotation": {"angle": 45, "axis": "z", "origin": [7.93083, -0.67728, 1.875]},
			"faces": {
				"north": {"uv": [0.72, 0, 0.84, 0.1], "rotation": 270, "texture": "#0"},
				"east": {"uv": [0.72, 0, 0.84, 0.15], "rotation": 270, "texture": "#0"},
				"south": {"uv": [0.72, 0, 0.84, 0.1], "rotation": 90, "texture": "#0"},
				"west": {"uv": [0.72, 0, 0.84, 0.15], "rotation": 270, "texture": "#0"},
				"up": {"uv": [2.55, 0, 2.7, 0.1], "rotation": 270, "texture": "#0"},
				"down": {"uv": [2.55, 0, 2.7, 0.1], "rotation": 90, "texture": "#0"}
			}
		},
		{
			"from": [7.64092, -0.5995, 1.8],
			"to": [8.36092, -0.4995, 1.95],
			"faces": {
				"north": {"uv": [0, 0, 0.72, 0.1], "texture": "#0"},
				"east": {"uv": [0, 0, 0.15, 0.1], "texture": "#0"},
				"south": {"uv": [0, 0, 0.72, 0.1], "texture": "#0"},
				"west": {"uv": [0, 0, 0.15, 0.1], "texture": "#0"},
				"up": {"uv": [0, 0, 0.72, 0.15], "texture": "#0"},
				"down": {"uv": [0, 0, 0.72, 0.15], "texture": "#0"}
			}
		},
		{
			"from": [8.21101, -0.82728, 2.15],
			"to": [8.33101, -0.72728, 2.3],
			"rotation": {"angle": 45, "axis": "z", "origin": [8.07101, -0.67728, 2.225]},
			"faces": {
				"north": {"uv": [0, 0.1, 0.12, 0.2], "texture": "#0"},
				"east": {"uv": [0, 0.1, 0.15, 0.2], "texture": "#0"},
				"south": {"uv": [0, 0.1, 0.12, 0.2], "texture": "#0"},
				"west": {"uv": [0, 0.1, 0.15, 0.2], "texture": "#0"},
				"up": {"uv": [0, 2.55, 0.12, 2.7], "texture": "#0"},
				"down": {"uv": [0, 2.55, 0.12, 2.7], "texture": "#0"}
			}
		},
		{
			"from": [7.72577, -0.68435, 2.15],
			"to": [8.27577, -0.58435, 2.3],
			"faces": {
				"north": {"uv": [0, 0, 0.55, 0.1], "texture": "#0"},
				"east": {"uv": [0, 0, 0.15, 0.1], "texture": "#0"},
				"south": {"uv": [0, 0, 0.55, 0.1], "texture": "#0"},
				"west": {"uv": [0, 0, 0.15, 0.1], "texture": "#0"},
				"up": {"uv": [0, 0, 0.55, 0.15], "texture": "#0"},
				"down": {"uv": [0, 0, 0.55, 0.15], "texture": "#0"}
			}
		},
		{
			"from": [7.78083, -0.53728, 2.15],
			"to": [7.88083, -0.41728, 2.3],
			"rotation": {"angle": 45, "axis": "z", "origin": [7.93083, -0.67728, 2.225]},
			"faces": {
				"north": {"uv": [0.72, 0, 0.84, 0.1], "rotation": 270, "texture": "#0"},
				"east": {"uv": [0.72, 0, 0.84, 0.15], "rotation": 270, "texture": "#0"},
				"south": {"uv": [0.72, 0, 0.84, 0.1], "rotation": 90, "texture": "#0"},
				"west": {"uv": [0.72, 0, 0.84, 0.15], "rotation": 270, "texture": "#0"},
				"up": {"uv": [2.55, 0, 2.7, 0.1], "rotation": 270, "texture": "#0"},
				"down": {"uv": [2.55, 0, 2.7, 0.1], "rotation": 90, "texture": "#0"}
			}
		},
		{
			"from": [7.64092, -0.5995, 2.15],
			"to": [8.36092, -0.4995, 2.3],
			"faces": {
				"north": {"uv": [0, 0, 0.72, 0.1], "texture": "#0"},
				"east": {"uv": [0, 0, 0.15, 0.1], "texture": "#0"},
				"south": {"uv": [0, 0, 0.72, 0.1], "texture": "#0"},
				"west": {"uv": [0, 0, 0.15, 0.1], "texture": "#0"},
				"up": {"uv": [0, 0, 0.72, 0.15], "texture": "#0"},
				"down": {"uv": [0, 0, 0.72, 0.15], "texture": "#0"}
			}
		},
		{
			"from": [8.21101, -0.82728, 2.5],
			"to": [8.33101, -0.72728, 2.65],
			"rotation": {"angle": 45, "axis": "z", "origin": [8.07101, -0.67728, 2.575]},
			"faces": {
				"north": {"uv": [0, 0.1, 0.12, 0.2], "texture": "#0"},
				"east": {"uv": [0, 0.1, 0.15, 0.2], "texture": "#0"},
				"south": {"uv": [0, 0.1, 0.12, 0.2], "texture": "#0"},
				"west": {"uv": [0, 0.1, 0.15, 0.2], "texture": "#0"},
				"up": {"uv": [0, 2.55, 0.12, 2.7], "texture": "#0"},
				"down": {"uv": [0, 2.55, 0.12, 2.7], "texture": "#0"}
			}
		},
		{
			"from": [7.72577, -0.68435, 2.5],
			"to": [8.27577, -0.58435, 2.65],
			"faces": {
				"north": {"uv": [0, 0, 0.55, 0.1], "texture": "#0"},
				"east": {"uv": [0, 0, 0.15, 0.1], "texture": "#0"},
				"south": {"uv": [0, 0, 0.55, 0.1], "texture": "#0"},
				"west": {"uv": [0, 0, 0.15, 0.1], "texture": "#0"},
				"up": {"uv": [0, 0, 0.55, 0.15], "texture": "#0"},
				"down": {"uv": [0, 0, 0.55, 0.15], "texture": "#0"}
			}
		},
		{
			"from": [7.78083, -0.53728, 2.5],
			"to": [7.88083, -0.41728, 2.65],
			"rotation": {"angle": 45, "axis": "z", "origin": [7.93083, -0.67728, 2.575]},
			"faces": {
				"north": {"uv": [0.72, 0, 0.84, 0.1], "rotation": 270, "texture": "#0"},
				"east": {"uv": [0.72, 0, 0.84, 0.15], "rotation": 270, "texture": "#0"},
				"south": {"uv": [0.72, 0, 0.84, 0.1], "rotation": 90, "texture": "#0"},
				"west": {"uv": [0.72, 0, 0.84, 0.15], "rotation": 270, "texture": "#0"},
				"up": {"uv": [2.55, 0, 2.7, 0.1], "rotation": 270, "texture": "#0"},
				"down": {"uv": [2.55, 0, 2.7, 0.1], "rotation": 90, "texture": "#0"}
			}
		},
		{
			"from": [7.64092, -0.6995, 2.75],
			"to": [8.36092, -0.4995, 3.2],
			"faces": {
				"north": {"uv": [0, 0, 0.72, 0.2], "texture": "#0"},
				"east": {"uv": [0, 0, 0.45, 0.2], "texture": "#0"},
				"south": {"uv": [0, 0, 0.72, 0.2], "texture": "#0"},
				"west": {"uv": [0, 0, 0.45, 0.2], "texture": "#0"},
				"up": {"uv": [0, 0, 0.72, 0.45], "texture": "#0"},
				"down": {"uv": [0, 0, 0.72, 0.45], "texture": "#0"}
			}
		},
		{
			"from": [7.64092, -0.5995, 2.5],
			"to": [8.36092, -0.4995, 2.65],
			"faces": {
				"north": {"uv": [0, 0, 0.72, 0.1], "texture": "#0"},
				"east": {"uv": [0, 0, 0.15, 0.1], "texture": "#0"},
				"south": {"uv": [0, 0, 0.72, 0.1], "texture": "#0"},
				"west": {"uv": [0, 0, 0.15, 0.1], "texture": "#0"},
				"up": {"uv": [0, 0, 0.72, 0.15], "texture": "#0"},
				"down": {"uv": [0, 0, 0.72, 0.15], "texture": "#0"}
			}
		},
		{
			"from": [7.4, -0.75, 3.4],
			"to": [8.6, -0.05, 8.3],
			"faces": {
				"north": {"uv": [0, 0, 1.2, 0.7], "texture": "#0"},
				"east": {"uv": [0, 0, 4.9, 0.7], "texture": "#0"},
				"south": {"uv": [0, 0, 1.2, 0.7], "texture": "#0"},
				"west": {"uv": [0, 0, 4.9, 0.7], "texture": "#0"},
				"up": {"uv": [0, 0, 1.2, 4.9], "texture": "#0"},
				"down": {"uv": [0, 0, 1.2, 4.9], "texture": "#0"}
			}
		},
		{
			"from": [7.4, -0.65251, 2.96464],
			"to": [8.6, -0.35251, 3.26464],
			"rotation": {"angle": 45, "axis": "x", "origin": [8, -0.50251, 3.16464]},
			"faces": {
				"north": {"uv": [0, 0, 1.2, 0.3], "texture": "#0"},
				"east": {"uv": [0, 0, 0.3, 0.3], "texture": "#0"},
				"south": {"uv": [0, 0, 1.2, 0.3], "texture": "#0"},
				"west": {"uv": [0, 0, 0.3, 0.3], "texture": "#0"},
				"up": {"uv": [0, 0, 1.2, 0.3], "texture": "#0"},
				"down": {"uv": [0, 0, 1.2, 0.3], "texture": "#0"}
			}
		},
		{
			"from": [7.4, -0.45384, 8.75881],
			"to": [8.6, 0.15616, 8.85881],
			"rotation": {"angle": -22.5, "axis": "x", "origin": [8, -1.30384, 6.55881]},
			"faces": {
				"north": {"uv": [0, 0, 1.2, 0.61], "texture": "#0"},
				"east": {"uv": [0, 0, 0.1, 0.61], "texture": "#0"},
				"south": {"uv": [0, 0, 1.2, 0.61], "texture": "#0"},
				"west": {"uv": [0, 0, 0.1, 0.61], "texture": "#0"},
				"up": {"uv": [0, 0, 1.2, 0.1], "texture": "#0"},
				"down": {"uv": [0, 0, 1.2, 0.1], "texture": "#0"}
			}
		},
		{
			"from": [7.4, -0.75, 3.4],
			"to": [8.6, -0.7, 8.7],
			"faces": {
				"north": {"uv": [0, 0, 1.2, 0.05], "texture": "#0"},
				"east": {"uv": [0, 0, 5.3, 0.05], "texture": "#0"},
				"south": {"uv": [0, 0, 1.2, 0.05], "texture": "#0"},
				"west": {"uv": [0, 0, 5.3, 0.05], "texture": "#0"},
				"up": {"uv": [0, 0, 1.2, 5.3], "texture": "#0"},
				"down": {"uv": [0, 0, 1.2, 5.3], "texture": "#0"}
			}
		},
		{
			"from": [7.4, -1.30384, 8.75881],
			"to": [8.6, -0.89384, 8.85881],
			"rotation": {"angle": -22.5, "axis": "x", "origin": [8, -1.30384, 6.55881]},
			"faces": {
				"north": {"uv": [0, 0, 1.2, 0.41], "texture": "#0"},
				"east": {"uv": [0, 0, 0.1, 0.41], "texture": "#0"},
				"south": {"uv": [0, 0, 1.2, 0.41], "texture": "#0"},
				"west": {"uv": [0, 0, 0.1, 0.41], "texture": "#0"},
				"up": {"uv": [0, 0, 1.2, 0.1], "texture": "#0"},
				"down": {"uv": [0, 0, 1.2, 0.1], "texture": "#0"}
			}
		},
		{
			"from": [7.4, -0.80384, 8.75881],
			"to": [7.65, 0.10616, 8.85881],
			"rotation": {"angle": -22.5, "axis": "x", "origin": [8, -1.30384, 6.55881]},
			"faces": {
				"north": {"uv": [0, 0, 0.25, 0.91], "texture": "#0"},
				"east": {"uv": [0, 0, 0.1, 0.91], "texture": "#0"},
				"south": {"uv": [0, 0, 0.25, 0.91], "texture": "#0"},
				"west": {"uv": [0, 0, 0.1, 0.91], "texture": "#0"},
				"up": {"uv": [0, 0, 0.25, 0.1], "texture": "#0"},
				"down": {"uv": [0, 0, 0.25, 0.1], "texture": "#0"}
			}
		},
		{
			"from": [7.4, -0.60384, 8.35881],
			"to": [7.85, 0.10616, 8.85881],
			"rotation": {"angle": -22.5, "axis": "x", "origin": [8, -1.30384, 6.55881]},
			"faces": {
				"north": {"uv": [0, 0, 0.5, 0.71], "texture": "#0"},
				"east": {"uv": [0, 0, 0.5, 0.71], "texture": "#0"},
				"south": {"uv": [0, 0, 0.5, 0.71], "texture": "#0"},
				"west": {"uv": [0, 0, 0.5, 0.71], "texture": "#0"},
				"up": {"uv": [0, 0, 0.5, 0.5], "texture": "#0"},
				"down": {"uv": [0, 0, 0.5, 0.5], "texture": "#0"}
			}
		},
		{
			"from": [8.15, -0.60384, 8.35881],
			"to": [8.6, 0.10616, 8.85881],
			"rotation": {"angle": -22.5, "axis": "x", "origin": [8, -1.30384, 6.55881]},
			"faces": {
				"north": {"uv": [0, 0, 0.5, 0.71], "texture": "#0"},
				"east": {"uv": [0, 0, 0.5, 0.71], "texture": "#0"},
				"south": {"uv": [0, 0, 0.5, 0.71], "texture": "#0"},
				"west": {"uv": [0, 0, 0.5, 0.71], "texture": "#0"},
				"up": {"uv": [0, 0, 0.5, 0.5], "texture": "#0"},
				"down": {"uv": [0, 0, 0.5, 0.5], "texture": "#0"}
			}
		},
		{
			"from": [7.4, 0, 2.9],
			"to": [8.6, 0.05, 8.4],
			"faces": {
				"north": {"uv": [0, 0, 1.2, 0.05], "texture": "#0"},
				"east": {"uv": [0, 0, 5.5, 0.05], "texture": "#0"},
				"south": {"uv": [0, 0, 1.2, 0.05], "texture": "#0"},
				"west": {"uv": [0, 0, 5.5, 0.05], "texture": "#0"},
				"up": {"uv": [0, 0, 1.2, 5.5], "texture": "#0"},
				"down": {"uv": [0, 0, 1.2, 5.5], "texture": "#0"}
			}
		},
		{
			"from": [7.4, 0, 2.9],
			"to": [8.6, 0.2, 8.3],
			"faces": {
				"north": {"uv": [0, 0, 1.2, 0.2], "texture": "#0"},
				"east": {"uv": [0, 0, 5.4, 0.2], "texture": "#0"},
				"south": {"uv": [0, 0, 1.2, 0.2], "texture": "#0"},
				"west": {"uv": [0, 0, 5.4, 0.2], "texture": "#0"},
				"up": {"uv": [0, 0, 1.2, 5.4], "texture": "#0"},
				"down": {"uv": [0, 0, 1.2, 5.4], "texture": "#0"}
			}
		},
		{
			"from": [7.5, -0.75384, 8.65881],
			"to": [8.5, 0.15616, 8.75881],
			"rotation": {"angle": -22.5, "axis": "x", "origin": [8, -1.30384, 6.55881]},
			"faces": {
				"north": {"uv": [0, 0, 1, 0.91], "texture": "#1"},
				"east": {"uv": [0, 0, 0.1, 0.91], "texture": "#1"},
				"south": {"uv": [0, 0, 1, 0.91], "texture": "#1"},
				"west": {"uv": [0, 0, 0.1, 0.91], "texture": "#1"},
				"up": {"uv": [0, 0, 1, 0.1], "texture": "#1"},
				"down": {"uv": [0, 0, 1, 0.1], "texture": "#1"}
			}
		},
		{
			"from": [8.35, -0.80384, 8.75881],
			"to": [8.6, 0.10616, 8.85881],
			"rotation": {"angle": -22.5, "axis": "x", "origin": [8, -1.30384, 6.55881]},
			"faces": {
				"north": {"uv": [0, 0, 0.25, 0.91], "texture": "#0"},
				"east": {"uv": [0, 0, 0.1, 0.91], "texture": "#0"},
				"south": {"uv": [0, 0, 0.25, 0.91], "texture": "#0"},
				"west": {"uv": [0, 0, 0.1, 0.91], "texture": "#0"},
				"up": {"uv": [0, 0, 0.25, 0.1], "texture": "#0"},
				"down": {"uv": [0, 0, 0.25, 0.1], "texture": "#0"}
			}
		},
		{
			"from": [7.7, -1.40384, 8.75881],
			"to": [8.3, -0.69384, 8.85881],
			"rotation": {"angle": -22.5, "axis": "x", "origin": [8, -1.30384, 6.55881]},
			"faces": {
				"north": {"uv": [0, 0, 0.6, 0.71], "texture": "#0"},
				"east": {"uv": [0, 0, 0.1, 0.71], "texture": "#0"},
				"south": {"uv": [0, 0, 0.6, 0.71], "texture": "#0"},
				"west": {"uv": [0, 0, 0.1, 0.71], "texture": "#0"},
				"up": {"uv": [0, 0, 0.6, 0.1], "texture": "#0"},
				"down": {"uv": [0, 0, 0.6, 0.1], "texture": "#0"}
			}
		},
		{
			"from": [7.4, -0.74488, 3.12683],
			"to": [8.6, -0.04488, 8.52683],
			"faces": {
				"north": {"uv": [0, 0, 1.2, 0.7], "texture": "#0"},
				"east": {"uv": [0, 0, 5.4, 0.7], "texture": "#0"},
				"south": {"uv": [0, 0, 1.2, 0.7], "texture": "#0"},
				"west": {"uv": [0, 0, 5.4, 0.7], "texture": "#0"},
				"up": {"uv": [0, 0, 1.2, 5.4], "texture": "#0"},
				"down": {"uv": [0, 0, 1.2, 5.4], "texture": "#0"}
			}
		},
		{
			"from": [7.4, -1.30384, 8.55881],
			"to": [8.6, -0.89384, 8.85881],
			"rotation": {"angle": -22.5, "axis": "x", "origin": [8, -1.30384, 6.55881]},
			"faces": {
				"north": {"uv": [0, 0, 1.2, 0.41], "texture": "#0"},
				"east": {"uv": [0, 0, 0.3, 0.41], "texture": "#0"},
				"south": {"uv": [0, 0, 1.2, 0.41], "texture": "#0"},
				"west": {"uv": [0, 0, 0.3, 0.41], "texture": "#0"},
				"up": {"uv": [0, 0, 1.2, 0.3], "texture": "#0"},
				"down": {"uv": [0, 0, 1.2, 0.3], "texture": "#0"}
			}
		},
		{
			"from": [7.4, -1.40384, 8.65881],
			"to": [8.6, -0.89384, 8.85881],
			"rotation": {"angle": -22.5, "axis": "x", "origin": [8, -1.30384, 6.55881]},
			"faces": {
				"north": {"uv": [0, 0, 1.2, 0.51], "texture": "#0"},
				"east": {"uv": [0, 0, 0.2, 0.51], "texture": "#0"},
				"south": {"uv": [0, 0, 1.2, 0.51], "texture": "#0"},
				"west": {"uv": [0, 0, 0.2, 0.51], "texture": "#0"},
				"up": {"uv": [0, 0, 1.2, 0.2], "texture": "#0"},
				"down": {"uv": [0, 0, 1.2, 0.2], "texture": "#0"}
			}
		},
		{
			"from": [7.4, -0.75, 3.3],
			"to": [8.6, -0.6, 8.7],
			"faces": {
				"north": {"uv": [0, 0, 1.2, 0.15], "texture": "#0"},
				"east": {"uv": [0, 0, 5.4, 0.15], "texture": "#0"},
				"south": {"uv": [0, 0, 1.2, 0.15], "texture": "#0"},
				"west": {"uv": [0, 0, 5.4, 0.15], "texture": "#0"},
				"up": {"uv": [0, 0, 1.2, 5.4], "texture": "#0"},
				"down": {"uv": [0, 0, 1.2, 5.4], "texture": "#0"}
			}
		},
		{
			"from": [7.57, -0.45219, 9.29971],
			"to": [8.42, -0.25719, 9.39971],
			"rotation": {"angle": -45, "axis": "x", "origin": [8, -1.30219, 7.09971]},
			"faces": {
				"north": {"uv": [0, 0, 0.85, 0.195], "texture": "#0"},
				"east": {"uv": [0, 0, 0.1, 0.195], "texture": "#0"},
				"south": {"uv": [0, 0, 0.85, 0.195], "texture": "#0"},
				"west": {"uv": [0, 0, 0.1, 0.195], "texture": "#0"},
				"up": {"uv": [0, 0, 0.85, 0.1], "texture": "#0"},
				"down": {"uv": [0, 0, 0.85, 0.1], "texture": "#0"}
			}
		},
		{
			"from": [7.4, -0.76606, 3.222],
			"to": [8.6, -0.51606, 8.722],
			"faces": {
				"north": {"uv": [0, 0, 1.2, 0.25], "texture": "#0"},
				"east": {"uv": [0, 0, 5.5, 0.25], "texture": "#0"},
				"south": {"uv": [0, 0, 1.2, 0.25], "texture": "#0"},
				"west": {"uv": [0, 0, 5.5, 0.25], "texture": "#0"},
				"up": {"uv": [0, 0, 1.2, 5.5], "texture": "#0"},
				"down": {"uv": [0, 0, 1.2, 5.5], "texture": "#0"}
			}
		},
		{
			"from": [7.5, -3.45474, 5.56064],
			"to": [8.5, 0.24526, 7.41064],
			"rotation": {"angle": -22.5, "axis": "x", "origin": [8, -1.10474, 8.38564]},
			"faces": {
				"north": {"uv": [0, 0, 1, 3.7], "rotation": 180, "texture": "#2"},
				"east": {"uv": [0, 0, 3.7, 1.85], "rotation": 270, "texture": "#2"},
				"south": {"uv": [0, 0, 1, 3.7], "texture": "#2"},
				"west": {"uv": [0, 0, 3.7, 1.85], "rotation": 90, "texture": "#2"},
				"up": {"uv": [0, 0, 1, 1.85], "rotation": 180, "texture": "#2"},
				"down": {"uv": [0, 0, 1, 1.85], "texture": "#2"}
			}
		},
		{
			"from": [7.5, -3.45474, 5.76064],
			"to": [8.5, -0.15474, 7.76064],
			"rotation": {"angle": -22.5, "axis": "x", "origin": [8, -1.10474, 8.38564]},
			"faces": {
				"north": {"uv": [0, 0, 1, 3.3], "rotation": 180, "texture": "#2"},
				"east": {"uv": [0, 0, 3.3, 2], "rotation": 270, "texture": "#2"},
				"south": {"uv": [0, 0, 1, 3.3], "texture": "#2"},
				"west": {"uv": [0, 0, 3.3, 2], "rotation": 90, "texture": "#2"},
				"up": {"uv": [0, 0, 1, 2], "rotation": 180, "texture": "#2"},
				"down": {"uv": [0, 0, 1, 2], "texture": "#2"}
			}
		},
		{
			"from": [7.4, -1.1031, 5.92026],
			"to": [8.6, -0.7531, 7.82026],
			"faces": {
				"north": {"uv": [0, 0, 1.2, 0.35], "texture": "#0"},
				"east": {"uv": [0, 0, 1.9, 0.35], "texture": "#0"},
				"south": {"uv": [0, 0, 1.2, 0.35], "texture": "#0"},
				"west": {"uv": [0, 0, 1.9, 0.35], "texture": "#0"},
				"up": {"uv": [0, 0, 1.2, 1.9], "texture": "#0"},
				"down": {"uv": [0, 0, 1.2, 1.9], "texture": "#0"}
			}
		},
		{
			"from": [7.4, -1.11047, 6.09051],
			"to": [8.6, -0.76047, 7.89051],
			"faces": {
				"north": {"uv": [0, 0, 1.2, 0.35], "texture": "#0"},
				"east": {"uv": [0, 0, 1.8, 0.35], "texture": "#0"},
				"south": {"uv": [0, 0, 1.2, 0.35], "texture": "#0"},
				"west": {"uv": [0, 0, 1.8, 0.35], "texture": "#0"},
				"up": {"uv": [0, 0, 1.2, 1.8], "texture": "#0"},
				"down": {"uv": [0, 0, 1.2, 1.8], "texture": "#0"}
			}
		},
		{
			"from": [7.4, -0.76606, 3.222],
			"to": [8.6, -0.51606, 8.722],
			"faces": {
				"north": {"uv": [0, 0, 1.2, 0.25], "texture": "#0"},
				"east": {"uv": [0, 0, 5.5, 0.25], "texture": "#0"},
				"south": {"uv": [0, 0, 1.2, 0.25], "texture": "#0"},
				"west": {"uv": [0, 0, 5.5, 0.25], "texture": "#0"},
				"up": {"uv": [0, 0, 1.2, 5.5], "texture": "#0"},
				"down": {"uv": [0, 0, 1.2, 5.5], "texture": "#0"}
			}
		},
		{
			"from": [7.4, -1.20033, 7.83876],
			"to": [8.6, -0.85033, 8.73876],
			"rotation": {"angle": -22.5, "axis": "x", "origin": [8, -1.02533, 7.63876]},
			"faces": {
				"north": {"uv": [0, 0, 1.2, 0.35], "texture": "#0"},
				"east": {"uv": [0, 0, 0.9, 0.35], "texture": "#0"},
				"south": {"uv": [0, 0, 1.2, 0.35], "texture": "#0"},
				"west": {"uv": [0, 0, 0.9, 0.35], "texture": "#0"},
				"up": {"uv": [0, 0, 1.2, 0.9], "texture": "#0"},
				"down": {"uv": [0, 0, 1.2, 0.9], "texture": "#0"}
			}
		},
		{
			"from": [7.5, -4.36503, 6.65752],
			"to": [8.5, -3.51503, 8.70752],
			"faces": {
				"north": {"uv": [0, 0, 1, 0.85], "rotation": 180, "texture": "#2"},
				"east": {"uv": [0, 0, 0.85, 2.05], "rotation": 270, "texture": "#2"},
				"south": {"uv": [0, 0, 1, 0.85], "texture": "#2"},
				"west": {"uv": [0, 0, 0.85, 2.05], "rotation": 90, "texture": "#2"},
				"up": {"uv": [0, 0, 1, 2.05], "rotation": 180, "texture": "#2"},
				"down": {"uv": [0, 0, 1, 2.05], "texture": "#2"}
			}
		},
		{
			"from": [7.45, -4.55693, 6.57499],
			"to": [8.55, -4.35693, 8.77499],
			"faces": {
				"north": {"uv": [0, 0, 1.1, 0.2], "rotation": 180, "texture": "#2"},
				"east": {"uv": [0, 0, 0.2, 2.2], "rotation": 270, "texture": "#2"},
				"south": {"uv": [0, 0, 1.1, 0.2], "texture": "#2"},
				"west": {"uv": [0, 0, 0.2, 2.2], "rotation": 90, "texture": "#2"},
				"up": {"uv": [0, 0, 1.1, 2.2], "rotation": 180, "texture": "#2"},
				"down": {"uv": [0, 0, 1.1, 2.2], "texture": "#2"}
			}
		},
		{
			"from": [7.8, -1.36606, 3.422],
			"to": [8.2, -0.51606, 3.672],
			"faces": {
				"north": {"uv": [0, 0, 0.4, 0.85], "texture": "#2"},
				"east": {"uv": [0, 0, 0.25, 0.85], "texture": "#2"},
				"south": {"uv": [0, 0, 0.4, 0.85], "texture": "#2"},
				"west": {"uv": [0, 0, 0.25, 0.85], "texture": "#2"},
				"up": {"uv": [0, 0, 0.4, 0.25], "texture": "#2"},
				"down": {"uv": [0, 0, 0.4, 0.25], "texture": "#2"}
			}
		},
		{
			"from": [7.8, -1.60319, 3.68591],
			"to": [8.2, -1.15319, 3.93591],
			"rotation": {"angle": -45, "axis": "x", "origin": [8, -1.57819, 3.81091]},
			"faces": {
				"north": {"uv": [0, 0, 0.4, 0.45], "texture": "#2"},
				"east": {"uv": [0, 0, 0.25, 0.45], "texture": "#2"},
				"south": {"uv": [0, 0, 0.4, 0.45], "texture": "#2"},
				"west": {"uv": [0, 0, 0.25, 0.45], "texture": "#2"},
				"up": {"uv": [0, 0, 0.4, 0.25], "texture": "#2"},
				"down": {"uv": [0, 0, 0.4, 0.25], "texture": "#2"}
			}
		},
		{
			"from": [7.8, -1.68426, 3.7402],
			"to": [8.2, -1.43426, 5.1902],
			"faces": {
				"north": {"uv": [0, 0, 0.4, 0.25], "texture": "#2"},
				"east": {"uv": [0, 0, 1.45, 0.25], "texture": "#2"},
				"south": {"uv": [0, 0, 0.4, 0.25], "texture": "#2"},
				"west": {"uv": [0, 0, 1.45, 0.25], "texture": "#2"},
				"up": {"uv": [0, 0, 0.4, 1.45], "texture": "#2"},
				"down": {"uv": [0, 0, 0.4, 1.45], "texture": "#2"}
			}
		},
		{
			"from": [7.8, -1.95219, 5.08717],
			"to": [8.2, -1.70219, 6.53717],
			"rotation": {"angle": 22.5, "axis": "x", "origin": [8, -1.82719, 5.81217]},
			"faces": {
				"north": {"uv": [0, 0, 0.4, 0.25], "texture": "#2"},
				"east": {"uv": [0, 0, 1.45, 0.25], "texture": "#2"},
				"south": {"uv": [0, 0, 0.4, 0.25], "texture": "#2"},
				"west": {"uv": [0, 0, 1.45, 0.25], "texture": "#2"},
				"up": {"uv": [0, 0, 0.4, 1.45], "texture": "#2"},
				"down": {"uv": [0, 0, 0.4, 1.45], "texture": "#2"}
			}
		},
		{
			"name": "hexadecagon",
			"from": [7.93038, 0.05, 0],
			"to": [8.06962, 0.13, 1],
			"rotation": {"angle": -45, "axis": "z", "origin": [8, 0.4, 0.5]},
			"faces": {
				"north": {"uv": [0, 0, 1, 1], "texture": "#2"},
				"east": {"uv": [0, 0, 1, 1], "texture": "#2"},
				"south": {"uv": [0, 0, 1, 1], "texture": "#2"},
				"west": {"uv": [0, 0, 1, 1], "texture": "#2"},
				"up": {"uv": [0, 0, 1, 1], "texture": "#2"},
				"down": {"uv": [0, 0, 1, 1], "texture": "#2"}
			}
		},
		{
			"name": "hexadecagon",
			"from": [7.93038, 0.05, 0],
			"to": [8.06962, 0.13, 1],
			"rotation": {"angle": -22.5, "axis": "z", "origin": [8, 0.4, 0.5]},
			"faces": {
				"north": {"uv": [0, 0, 1, 1], "texture": "#2"},
				"east": {"uv": [0, 0, 1, 1], "texture": "#2"},
				"south": {"uv": [0, 0, 1, 1], "texture": "#2"},
				"west": {"uv": [0, 0, 1, 1], "texture": "#2"},
				"up": {"uv": [0, 0, 1, 1], "texture": "#2"},
				"down": {"uv": [0, 0, 1, 1], "texture": "#2"}
			}
		},
		{
			"name": "hexadecagon",
			"from": [7.93038, 0.05, 0],
			"to": [8.06962, 0.13, 1],
			"faces": {
				"north": {"uv": [0, 0, 1, 1], "texture": "#2"},
				"east": {"uv": [0, 0, 1, 1], "texture": "#2"},
				"south": {"uv": [0, 0, 1, 1], "texture": "#2"},
				"west": {"uv": [0, 0, 1, 1], "texture": "#2"},
				"up": {"uv": [0, 0, 1, 1], "texture": "#2"},
				"down": {"uv": [0, 0, 1, 1], "texture": "#2"}
			}
		},
		{
			"name": "hexadecagon",
			"from": [7.93038, 0.05, 0],
			"to": [8.06962, 0.13, 1],
			"rotation": {"angle": 22.5, "axis": "z", "origin": [8, 0.4, 0.5]},
			"faces": {
				"north": {"uv": [0, 0, 1, 1], "texture": "#2"},
				"east": {"uv": [0, 0, 1, 1], "texture": "#2"},
				"south": {"uv": [0, 0, 1, 1], "texture": "#2"},
				"west": {"uv": [0, 0, 1, 1], "texture": "#2"},
				"up": {"uv": [0, 0, 1, 1], "texture": "#2"},
				"down": {"uv": [0, 0, 1, 1], "texture": "#2"}
			}
		},
		{
			"name": "hexadecagon",
			"from": [7.93038, 0.05, 0],
			"to": [8.06962, 0.13, 1],
			"rotation": {"angle": 45, "axis": "z", "origin": [8, 0.4, 0.5]},
			"faces": {
				"north": {"uv": [0, 0, 1, 1], "texture": "#2"},
				"east": {"uv": [0, 0, 1, 1], "texture": "#2"},
				"south": {"uv": [0, 0, 1, 1], "texture": "#2"},
				"west": {"uv": [0, 0, 1, 1], "texture": "#2"},
				"up": {"uv": [0, 0, 1, 1], "texture": "#2"},
				"down": {"uv": [0, 0, 1, 1], "texture": "#2"}
			}
		},
		{
			"name": "hexadecagon",
			"from": [7.93038, 0.67, 0],
			"to": [8.06962, 0.75, 1],
			"rotation": {"angle": -45, "axis": "z", "origin": [8, 0.4, 0.5]},
			"faces": {
				"north": {"uv": [0, 0, 1, 1], "texture": "#2"},
				"east": {"uv": [0, 0, 1, 1], "texture": "#2"},
				"south": {"uv": [0, 0, 1, 1], "texture": "#2"},
				"west": {"uv": [0, 0, 1, 1], "texture": "#2"},
				"up": {"uv": [0, 0, 1, 1], "texture": "#2"},
				"down": {"uv": [0, 0, 1, 1], "texture": "#2"}
			}
		},
		{
			"name": "hexadecagon",
			"from": [7.93038, 0.67, 0],
			"to": [8.06962, 0.75, 1],
			"rotation": {"angle": -22.5, "axis": "z", "origin": [8, 0.4, 0.5]},
			"faces": {
				"north": {"uv": [0, 0, 1, 1], "texture": "#2"},
				"east": {"uv": [0, 0, 1, 1], "texture": "#2"},
				"south": {"uv": [0, 0, 1, 1], "texture": "#2"},
				"west": {"uv": [0, 0, 1, 1], "texture": "#2"},
				"up": {"uv": [0, 0, 1, 1], "texture": "#2"},
				"down": {"uv": [0, 0, 1, 1], "texture": "#2"}
			}
		},
		{
			"name": "hexadecagon",
			"from": [7.93038, 0.67, 0],
			"to": [8.06962, 0.75, 1],
			"faces": {
				"north": {"uv": [0, 0, 1, 1], "texture": "#2"},
				"east": {"uv": [0, 0, 1, 1], "texture": "#2"},
				"south": {"uv": [0, 0, 1, 1], "texture": "#2"},
				"west": {"uv": [0, 0, 1, 1], "texture": "#2"},
				"up": {"uv": [0, 0, 1, 1], "texture": "#2"},
				"down": {"uv": [0, 0, 1, 1], "texture": "#2"}
			}
		},
		{
			"name": "hexadecagon",
			"from": [7.93038, 0.67, 0],
			"to": [8.06962, 0.75, 1],
			"rotation": {"angle": 22.5, "axis": "z", "origin": [8, 0.4, 0.5]},
			"faces": {
				"north": {"uv": [0, 0, 1, 1], "texture": "#2"},
				"east": {"uv": [0, 0, 1, 1], "texture": "#2"},
				"south": {"uv": [0, 0, 1, 1], "texture": "#2"},
				"west": {"uv": [0, 0, 1, 1], "texture": "#2"},
				"up": {"uv": [0, 0, 1, 1], "texture": "#2"},
				"down": {"uv": [0, 0, 1, 1], "texture": "#2"}
			}
		},
		{
			"name": "hexadecagon",
			"from": [7.93038, 0.67, 0],
			"to": [8.06962, 0.75, 1],
			"rotation": {"angle": 45, "axis": "z", "origin": [8, 0.4, 0.5]},
			"faces": {
				"north": {"uv": [0, 0, 1, 1], "texture": "#2"},
				"east": {"uv": [0, 0, 1, 1], "texture": "#2"},
				"south": {"uv": [0, 0, 1, 1], "texture": "#2"},
				"west": {"uv": [0, 0, 1, 1], "texture": "#2"},
				"up": {"uv": [0, 0, 1, 1], "texture": "#2"},
				"down": {"uv": [0, 0, 1, 1], "texture": "#2"}
			}
		},
		{
			"name": "hexadecagon",
			"from": [7.65, 0.33038, 0],
			"to": [7.73, 0.46962, 1],
			"rotation": {"angle": -22.5, "axis": "z", "origin": [8, 0.4, 0.5]},
			"faces": {
				"north": {"uv": [0, 0, 1, 1], "texture": "#2"},
				"east": {"uv": [0, 0, 1, 1], "texture": "#2"},
				"south": {"uv": [0, 0, 1, 1], "texture": "#2"},
				"west": {"uv": [0, 0, 1, 1], "texture": "#2"},
				"up": {"uv": [0, 0, 1, 1], "texture": "#2"},
				"down": {"uv": [0, 0, 1, 1], "texture": "#2"}
			}
		},
		{
			"name": "hexadecagon",
			"from": [7.65, 0.33038, 0],
			"to": [7.73, 0.46962, 1],
			"faces": {
				"north": {"uv": [0, 0, 1, 1], "texture": "#2"},
				"east": {"uv": [0, 0, 1, 1], "texture": "#2"},
				"south": {"uv": [0, 0, 1, 1], "texture": "#2"},
				"west": {"uv": [0, 0, 1, 1], "texture": "#2"},
				"up": {"uv": [0, 0, 1, 1], "texture": "#2"},
				"down": {"uv": [0, 0, 1, 1], "texture": "#2"}
			}
		},
		{
			"name": "hexadecagon",
			"from": [7.65, 0.33038, 0],
			"to": [7.73, 0.46962, 1],
			"rotation": {"angle": 22.5, "axis": "z", "origin": [8, 0.4, 0.5]},
			"faces": {
				"north": {"uv": [0, 0, 1, 1], "texture": "#2"},
				"east": {"uv": [0, 0, 1, 1], "texture": "#2"},
				"south": {"uv": [0, 0, 1, 1], "texture": "#2"},
				"west": {"uv": [0, 0, 1, 1], "texture": "#2"},
				"up": {"uv": [0, 0, 1, 1], "texture": "#2"},
				"down": {"uv": [0, 0, 1, 1], "texture": "#2"}
			}
		},
		{
			"name": "hexadecagon",
			"from": [8.27, 0.33038, 0],
			"to": [8.35, 0.46962, 1],
			"rotation": {"angle": -22.5, "axis": "z", "origin": [8, 0.4, 0.5]},
			"faces": {
				"north": {"uv": [0, 0, 1, 1], "texture": "#2"},
				"east": {"uv": [0, 0, 1, 1], "texture": "#2"},
				"south": {"uv": [0, 0, 1, 1], "texture": "#2"},
				"west": {"uv": [0, 0, 1, 1], "texture": "#2"},
				"up": {"uv": [0, 0, 1, 1], "texture": "#2"},
				"down": {"uv": [0, 0, 1, 1], "texture": "#2"}
			}
		},
		{
			"name": "hexadecagon",
			"from": [8.27, 0.33038, 0],
			"to": [8.35, 0.46962, 1],
			"faces": {
				"north": {"uv": [0, 0, 1, 1], "texture": "#2"},
				"east": {"uv": [0, 0, 1, 1], "texture": "#2"},
				"south": {"uv": [0, 0, 1, 1], "texture": "#2"},
				"west": {"uv": [0, 0, 1, 1], "texture": "#2"},
				"up": {"uv": [0, 0, 1, 1], "texture": "#2"},
				"down": {"uv": [0, 0, 1, 1], "texture": "#2"}
			}
		},
		{
			"name": "hexadecagon",
			"from": [8.27, 0.33038, 0],
			"to": [8.35, 0.46962, 1],
			"rotation": {"angle": 22.5, "axis": "z", "origin": [8, 0.4, 0.5]},
			"faces": {
				"north": {"uv": [0, 0, 1, 1], "texture": "#2"},
				"east": {"uv": [0, 0, 1, 1], "texture": "#2"},
				"south": {"uv": [0, 0, 1, 1], "texture": "#2"},
				"west": {"uv": [0, 0, 1, 1], "texture": "#2"},
				"up": {"uv": [0, 0, 1, 1], "texture": "#2"},
				"down": {"uv": [0, 0, 1, 1], "texture": "#2"}
			}
		},
		{
			"from": [8.17678, -0.64038, 2.88284],
			"to": [8.36678, -0.34038, 7.68284],
			"rotation": {"angle": -22.5, "axis": "x", "origin": [7.92678, 0.90962, 3.58284]},
			"faces": {
				"north": {"uv": [0, 0, 0.3, 0.19], "rotation": 270, "texture": "#2"},
				"east": {"uv": [0, 0, 0.3, 4.8], "rotation": 270, "texture": "#2"},
				"south": {"uv": [0, 0, 0.3, 0.19], "rotation": 90, "texture": "#2"},
				"west": {"uv": [0, 0, 0.3, 4.8], "rotation": 270, "texture": "#2"},
				"up": {"uv": [0, 0, 4.8, 0.19], "rotation": 90, "texture": "#2"},
				"down": {"uv": [0, 0, 4.8, 0.19], "rotation": 270, "texture": "#2"}
			}
		},
		{
			"from": [7.62678, -0.64038, 2.88284],
			"to": [7.81678, -0.34038, 7.68284],
			"rotation": {"angle": -22.5, "axis": "x", "origin": [7.92678, 0.90962, 3.58284]},
			"faces": {
				"north": {"uv": [0, 0, 0.3, 0.19], "rotation": 270, "texture": "#2"},
				"east": {"uv": [0, 0, 0.3, 4.8], "rotation": 270, "texture": "#2"},
				"south": {"uv": [0, 0, 0.3, 0.19], "rotation": 90, "texture": "#2"},
				"west": {"uv": [0, 0, 0.3, 4.8], "rotation": 270, "texture": "#2"},
				"up": {"uv": [0, 0, 4.8, 0.19], "rotation": 90, "texture": "#2"},
				"down": {"uv": [0, 0, 4.8, 0.19], "rotation": 270, "texture": "#2"}
			}
		},
		{
			"from": [7.5, -3.45474, 5.56064],
			"to": [8.5, 0.44526, 6.51064],
			"rotation": {"angle": -22.5, "axis": "x", "origin": [8, -1.10474, 8.38564]},
			"faces": {
				"north": {"uv": [0, 0, 1, 3.9], "rotation": 180, "texture": "#2"},
				"east": {"uv": [0, 0, 3.9, 0.95], "rotation": 270, "texture": "#2"},
				"south": {"uv": [0, 0, 1, 3.9], "texture": "#2"},
				"west": {"uv": [0, 0, 3.9, 0.95], "rotation": 90, "texture": "#2"},
				"up": {"uv": [0, 0, 1, 0.95], "rotation": 180, "texture": "#2"},
				"down": {"uv": [0, 0, 1, 0.95], "texture": "#2"}
			}
		},
		{
			"from": [8.5, -0.75384, 8.65881],
			"to": [8.6, 0.15616, 8.75881],
			"rotation": {"angle": -22.5, "axis": "x", "origin": [8, -1.30384, 6.55881]},
			"faces": {
				"north": {"uv": [0, 0, 0.1, 0.91], "texture": "#0"},
				"east": {"uv": [0, 0, 0.1, 0.91], "texture": "#0"},
				"south": {"uv": [0, 0, 0.1, 0.91], "texture": "#0"},
				"west": {"uv": [0, 0, 0.1, 0.91], "texture": "#0"},
				"up": {"uv": [0, 0, 0.1, 0.1], "texture": "#0"},
				"down": {"uv": [0, 0, 0.1, 0.1], "texture": "#0"}
			}
		},
		{
			"from": [7.4, -0.75384, 8.65881],
			"to": [7.5, 0.15616, 8.75881],
			"rotation": {"angle": -22.5, "axis": "x", "origin": [8, -1.30384, 6.55881]},
			"faces": {
				"north": {"uv": [0, 0, 0.1, 0.91], "texture": "#0"},
				"east": {"uv": [0, 0, 0.1, 0.91], "texture": "#0"},
				"south": {"uv": [0, 0, 0.1, 0.91], "texture": "#0"},
				"west": {"uv": [0, 0, 0.1, 0.91], "texture": "#0"},
				"up": {"uv": [0, 0, 0.1, 0.1], "texture": "#0"},
				"down": {"uv": [0, 0, 0.1, 0.1], "texture": "#0"}
			}
		}
	],
	"display": {
		"thirdperson_righthand": {
			"translation": [0, 6.75, 2.75],
			"scale": [0.75, 0.74, 0.75]
		},
		"firstperson_righthand": {
			"translation": [-3.75, 12, 2.25],
			"scale": [1.13, 1.17, 1.13]
		},
		"gui": {
			"rotation": [20, 61, 0],
			"translation": [5, 12.5, 0],
			"scale": [1.5, 1.47, 1.4]
		},
		"fixed": {
			"rotation": [87, -54, 89],
			"translation": [-12.5, 8.75, -1.75],
			"scale": [1.62, 1.62, 1.72]
		}
	},
	"groups": [0, 1, 2, 3, 4, 5, 6, 7, 8, 9, 10, 11, 12, 13, 14, 15, 16, 17, 18, 19, 20, 21, 22, 23, 24, 25, 26, 27, 28, 29, 30, 31, 32, 33, 34, 35, 36, 37, 38, 39, 40, 41, 42, 43, 44, 45, 46, 47, 48, 49, 50, 51, 52, 53, 54, 55, 56, 57, 58, 59, 60, 61, 62, 63, 64, 65, 66, 67, 68, 69, 70, 71, 72, 73, 74, 75, 76, 77, 78, 79, 80, 81,
		{
			"name": "hexadecagon",
			"children": [82, 83, 84, 85, 86, 87, 88, 89, 90, 91, 92, 93, 94, 95, 96, 97]
		}, 98, 99, 100, 101, 102]
}