{
	"credit": "Made with Blockbench",
	"textures": {
		"0": "custom/nothingness1/p90_black",
		"1": "custom/nothingness1/gray1",
		"particle": "custom/nothingness1/p90_black"
	},
	"elements": [
		{
			"from": [7.5, 4, 6],
			"to": [8.5, 7.1, 9],
			"faces": {
				"north": {"uv": [0, 0, 1, 3.1], "texture": "#0"},
				"east": {"uv": [0, 0, 3, 3.1], "texture": "#0"},
				"south": {"uv": [0, 0, 1, 3.1], "texture": "#0"},
				"west": {"uv": [0, 0, 3, 3.1], "texture": "#0"},
				"up": {"uv": [0, 0, 1, 3], "texture": "#0"},
				"down": {"uv": [0, 0, 1, 3], "texture": "#0"}
			}
		},
		{
			"from": [7.70323, 0.38902, 5.93612],
			"to": [8.50323, 4.68902, 8.53612],
			"rotation": {"angle": 22.5, "axis": "x", "origin": [8.00323, 3.18902, 7.03612]},
			"faces": {
				"north": {"uv": [0, 0, 0.8, 4.3], "texture": "#0"},
				"east": {"uv": [0, 0, 2.6, 4.3], "texture": "#0"},
				"south": {"uv": [0, 0, 0.8, 4.3], "texture": "#0"},
				"west": {"uv": [0, 0, 2.6, 4.3], "texture": "#0"},
				"up": {"uv": [0, 0, 0.8, 2.6], "texture": "#0"},
				"down": {"uv": [0, 0, 0.8, 2.6], "texture": "#0"}
			}
		},
		{
			"from": [7.4, 4, 8],
			"to": [8.6, 7, 9],
			"faces": {
				"north": {"uv": [0, 0, 1.2, 3], "texture": "#0"},
				"east": {"uv": [0, 0, 1, 3], "texture": "#0"},
				"south": {"uv": [0, 0, 1.2, 3], "texture": "#0"},
				"west": {"uv": [0, 0, 1, 3], "texture": "#0"},
				"up": {"uv": [0, 0, 1.2, 1], "texture": "#0"},
				"down": {"uv": [0, 0, 1.2, 1], "texture": "#0"}
			}
		},
		{
			"from": [7.40323, 0.38902, 7.53612],
			"to": [8.60323, 4.68902, 8.53612],
			"rotation": {"angle": 22.5, "axis": "x", "origin": [8.00323, 3.18902, 7.03612]},
			"faces": {
				"north": {"uv": [0, 0, 1.2, 4.3], "texture": "#0"},
				"east": {"uv": [0, 0, 1, 4.3], "texture": "#0"},
				"south": {"uv": [0, 0, 1.2, 4.3], "texture": "#0"},
				"west": {"uv": [0, 0, 1, 4.3], "texture": "#0"},
				"up": {"uv": [0, 0, 1.2, 1], "texture": "#0"},
				"down": {"uv": [0, 0, 1.2, 1], "texture": "#0"}
			}
		},
		{
			"from": [7.4036, 4.13154, 7.04224],
			"to": [8.6036, 7.03154, 7.64224],
			"faces": {
				"north": {"uv": [0, 0, 1.2, 2.9], "texture": "#0"},
				"east": {"uv": [0, 0, 0.6, 2.9], "texture": "#0"},
				"south": {"uv": [0, 0, 1.2, 2.9], "texture": "#0"},
				"west": {"uv": [0, 0, 0.6, 2.9], "texture": "#0"},
				"up": {"uv": [0, 0, 1.2, 0.6], "texture": "#0"},
				"down": {"uv": [0, 0, 1.2, 0.6], "texture": "#0"}
			}
		},
		{
			"from": [7.40323, 0.88902, 6.73612],
			"to": [8.60323, 4.78902, 7.33612],
			"rotation": {"angle": 22.5, "axis": "x", "origin": [8.00323, 3.68902, 5.83612]},
			"faces": {
				"north": {"uv": [0, 0, 1.2, 3.9], "texture": "#0"},
				"east": {"uv": [0, 0, 0.6, 3.9], "texture": "#0"},
				"south": {"uv": [0, 0, 1.2, 3.9], "texture": "#0"},
				"west": {"uv": [0, 0, 0.6, 3.9], "texture": "#0"},
				"up": {"uv": [0, 0, 1.2, 0.6], "texture": "#0"},
				"down": {"uv": [0, 0, 1.2, 0.6], "texture": "#0"}
			}
		},
		{
			"from": [7.4035, 4.12043, 5.75142],
			"to": [8.6035, 7.02043, 6.65142],
			"faces": {
				"north": {"uv": [0, 0, 1.2, 2.9], "texture": "#0"},
				"east": {"uv": [0, 0, 0.9, 2.9], "texture": "#0"},
				"south": {"uv": [0, 0, 1.2, 2.9], "texture": "#0"},
				"west": {"uv": [0, 0, 0.9, 2.9], "texture": "#0"},
				"up": {"uv": [0, 0, 1.2, 0.9], "texture": "#0"},
				"down": {"uv": [0, 0, 1.2, 0.9], "texture": "#0"}
			}
		},
		{
			"from": [7.40323, 1.43902, 5.63612],
			"to": [8.60323, 4.93902, 6.53612],
			"rotation": {"angle": 22.5, "axis": "x", "origin": [8.00323, 4.23902, 4.53612]},
			"faces": {
				"north": {"uv": [0, 0, 1.2, 3.5], "texture": "#0"},
				"east": {"uv": [0, 0, 0.9, 3.5], "texture": "#0"},
				"south": {"uv": [0, 0, 1.2, 3.5], "texture": "#0"},
				"west": {"uv": [0, 0, 0.9, 3.5], "texture": "#0"},
				"up": {"uv": [0, 0, 1.2, 0.9], "texture": "#0"},
				"down": {"uv": [0, 0, 1.2, 0.9], "texture": "#0"}
			}
		},
		{
			"from": [6.2035, 4.47957, 7.94858],
			"to": [7.4035, 7.37957, 8.84858],
			"faces": {
				"north": {"uv": [1.4, 2.9, 2.6, 5.8], "texture": "#0"},
				"east": {"uv": [0.9, 2.9, 1.8, 5.8], "texture": "#0"},
				"south": {"uv": [1.4, 2.9, 2.6, 5.8], "texture": "#0"},
				"west": {"uv": [0.9, 2.9, 1.8, 5.8], "texture": "#0"},
				"up": {"uv": [0, 0, 1.2, 0.9], "texture": "#0"},
				"down": {"uv": [0, 0, 1.2, 0.9], "texture": "#0"}
			}
		},
		{
			"from": [6.20323, 6.71098, 7.26388],
			"to": [7.40323, 10.61098, 7.86388],
			"rotation": {"angle": 22.5, "axis": "x", "origin": [6.80323, 7.81098, 8.76388]},
			"faces": {
				"north": {"uv": [1.4, 3.9, 2.6, 7.8], "texture": "#0"},
				"east": {"uv": [0.6, 3.9, 1.2, 7.8], "texture": "#0"},
				"south": {"uv": [1.4, 3.9, 2.6, 7.8], "texture": "#0"},
				"west": {"uv": [0.6, 3.9, 1.2, 7.8], "texture": "#0"},
				"up": {"uv": [0, 0, 1.2, 0.6], "texture": "#0"},
				"down": {"uv": [0, 0, 1.2, 0.6], "texture": "#0"}
			}
		},
		{
			"from": [6.2036, 4.46846, 6.95776],
			"to": [7.4036, 7.36846, 7.55776],
			"faces": {
				"north": {"uv": [1.4, 2.9, 2.6, 5.8], "texture": "#0"},
				"east": {"uv": [0.6, 2.9, 1.2, 5.8], "texture": "#0"},
				"south": {"uv": [1.4, 2.9, 2.6, 5.8], "texture": "#0"},
				"west": {"uv": [0.6, 2.9, 1.2, 5.8], "texture": "#0"},
				"up": {"uv": [0, 0, 1.2, 0.6], "texture": "#0"},
				"down": {"uv": [0, 0, 1.2, 0.6], "texture": "#0"}
			}
		},
		{
			"from": [6.20323, 6.81098, 6.06388],
			"to": [7.40323, 11.11098, 7.06388],
			"rotation": {"angle": 22.5, "axis": "x", "origin": [6.80323, 8.31098, 7.56388]},
			"faces": {
				"north": {"uv": [1.4, 4.3, 2.6, 8.6], "texture": "#0"},
				"east": {"uv": [1, 4.3, 2, 8.6], "texture": "#0"},
				"south": {"uv": [1.4, 4.3, 2.6, 8.6], "texture": "#0"},
				"west": {"uv": [1, 4.3, 2, 8.6], "texture": "#0"},
				"up": {"uv": [0, 0, 1.2, 1], "texture": "#0"},
				"down": {"uv": [0, 0, 1.2, 1], "texture": "#0"}
			}
		},
		{
			"from": [6.2, 4.5, 5.6],
			"to": [7.4, 7.5, 6.6],
			"faces": {
				"north": {"uv": [1.4, 3, 2.6, 6], "texture": "#0"},
				"east": {"uv": [1, 3, 2, 6], "texture": "#0"},
				"south": {"uv": [1.4, 3, 2.6, 6], "texture": "#0"},
				"west": {"uv": [1, 3, 2, 6], "texture": "#0"},
				"up": {"uv": [0, 0, 1.2, 1], "texture": "#0"},
				"down": {"uv": [0, 0, 1.2, 1], "texture": "#0"}
			}
		},
		{
			"from": [6.30323, 6.81098, 6.06388],
			"to": [7.30323, 11.11098, 8.66388],
			"rotation": {"angle": 22.5, "axis": "x", "origin": [6.80323, 8.31098, 7.56388]},
			"faces": {
				"north": {"uv": [1, 4.3, 2, 8.6], "texture": "#0"},
				"east": {"uv": [2.6, 4.3, 5.2, 8.6], "texture": "#0"},
				"south": {"uv": [1, 4.3, 2, 8.6], "texture": "#0"},
				"west": {"uv": [2.6, 4.3, 5.2, 8.6], "texture": "#0"},
				"up": {"uv": [0, 0, 1, 2.6], "texture": "#0"},
				"down": {"uv": [0, 0, 1, 2.6], "texture": "#0"}
			}
		},
		{
			"from": [6.5, 4.4, 5.6],
			"to": [7.3, 7.5, 8.6],
			"faces": {
				"north": {"uv": [1, 3.1, 1.8, 6.2], "texture": "#0"},
				"east": {"uv": [3, 3.1, 6, 6.2], "texture": "#0"},
				"south": {"uv": [1, 3.1, 1.8, 6.2], "texture": "#0"},
				"west": {"uv": [3, 3.1, 6, 6.2], "texture": "#0"},
				"up": {"uv": [0, 0, 0.8, 3], "texture": "#0"},
				"down": {"uv": [0, 0, 0.8, 3], "texture": "#0"}
			}
		},
		{
			"from": [6.20323, 6.56098, 8.06388],
			"to": [7.40323, 10.06098, 8.96388],
			"rotation": {"angle": 22.5, "axis": "x", "origin": [6.80323, 7.26098, 10.06388]},
			"faces": {
				"north": {"uv": [1.4, 3.5, 2.6, 7], "texture": "#0"},
				"east": {"uv": [0.9, 3.5, 1.8, 7], "texture": "#0"},
				"south": {"uv": [1.4, 3.5, 2.6, 7], "texture": "#0"},
				"west": {"uv": [0.9, 3.5, 1.8, 7], "texture": "#0"},
				"up": {"uv": [0, 0, 1.2, 0.9], "texture": "#0"},
				"down": {"uv": [0, 0, 1.2, 0.9], "texture": "#0"}
			}
		},
		{
			"from": [7.4, 4, 8],
			"to": [8.6, 7, 9],
			"faces": {
				"north": {"uv": [0, 0, 1.2, 3], "texture": "#0"},
				"east": {"uv": [0, 0, 1, 3], "texture": "#0"},
				"south": {"uv": [0, 0, 1.2, 3], "texture": "#0"},
				"west": {"uv": [0, 0, 1, 3], "texture": "#0"},
				"up": {"uv": [0, 0, 1.2, 1], "texture": "#0"},
				"down": {"uv": [0, 0, 1.2, 1], "texture": "#0"}
			}
		},
		{
			"from": [6, 4.8, 5.5],
			"to": [8.8, 6.4, 9.1],
			"faces": {
				"north": {"uv": [0, 0, 2.8, 1.6], "texture": "#1"},
				"east": {"uv": [0, 0, 3.6, 1.6], "texture": "#1"},
				"south": {"uv": [0, 0, 2.8, 1.6], "texture": "#1"},
				"west": {"uv": [0, 0, 3.6, 1.6], "texture": "#1"},
				"up": {"uv": [0, 0, 2.8, 3.6], "texture": "#1"},
				"down": {"uv": [0, 0, 2.8, 3.6], "texture": "#1"}
			}
		},
		{
			"from": [7.1, 6.5, 2.1],
			"to": [7.7, 7, 5.1],
			"faces": {
				"north": {"uv": [0, 0, 0.6, 0.5], "texture": "#1"},
				"east": {"uv": [0, 0, 3, 0.5], "texture": "#1"},
				"south": {"uv": [0, 0, 0.6, 0.5], "texture": "#1"},
				"west": {"uv": [0, 0, 3, 0.5], "texture": "#1"},
				"up": {"uv": [0, 0, 0.6, 3], "texture": "#1"},
				"down": {"uv": [0, 0, 0.6, 3], "texture": "#1"}
			}
		},
		{
			"from": [7.1, 5.3, 3.3],
			"to": [7.7, 8.3, 3.9],
			"faces": {
				"north": {"uv": [0, 0, 0.6, 3], "texture": "#1"},
				"east": {"uv": [0, 0, 0.6, 3], "texture": "#1"},
				"south": {"uv": [0, 0, 0.6, 3], "texture": "#1"},
				"west": {"uv": [0, 0, 0.6, 3], "texture": "#1"},
				"up": {"uv": [0, 0, 0.6, 0.6], "texture": "#1"},
				"down": {"uv": [0, 0, 0.6, 0.6], "texture": "#1"}
			}
		}
	],
	"display": {
		"firstperson_righthand": {
			"rotation": [0, 44, 0],
			"translation": [0, 3.5, 1.75]
		},
		"gui": {
			"rotation": [39, 67, 0],
			"translation": [2.5, 3, 0],
			"scale": [1.62, 1.59, 1.59]
		},
		"fixed": {
			"rotation": [0, -87, 0],
			"translation": [-2.5, 2.75, -0.75],
			"scale": [1.65, 1.65, 1.5]
		}
	}
}