{
	"credit": "Made with Blockbench",
	"textures": {
		"0": "custom/nothingness1/gray3",
		"1": "custom/nothingness1/mg3",
		"2": "custom/nothingness1/gray1"
	},
	"elements": [
		{
			"from": [7.6, 0.4, 0],
			"to": [8.5, 1.1, 3.4],
			"faces": {
				"north": {"uv": [0, 0, 0.9, 0.7], "texture": "#0"},
				"east": {"uv": [0, 0, 3.4, 0.7], "texture": "#0"},
				"south": {"uv": [0, 0, 0.9, 0.7], "texture": "#0"},
				"west": {"uv": [0, 0, 3.4, 0.7], "texture": "#0"},
				"up": {"uv": [0, 0, 0.9, 3.4], "texture": "#0"},
				"down": {"uv": [0, 0, 0.9, 3.4], "texture": "#0"}
			}
		},
		{
			"from": [7.5, 0.4, 0],
			"to": [8.6, 0.5, 5.3],
			"faces": {
				"north": {"uv": [0, 0, 1.1, 0.1], "texture": "#0"},
				"east": {"uv": [0, 0, 5.3, 0.1], "texture": "#0"},
				"south": {"uv": [0, 0, 1.1, 0.1], "texture": "#0"},
				"west": {"uv": [0, 0, 5.3, 0.1], "texture": "#0"},
				"up": {"uv": [0, 0, 1.1, 5.3], "texture": "#0"},
				"down": {"uv": [0, 0, 1.1, 5.3], "texture": "#0"}
			}
		},
		{
			"from": [7.5364, 0.91213, 0],
			"to": [8.5364, 1.01213, 5.3],
			"rotation": {"angle": 45, "axis": "z", "origin": [8.1364, 0.71213, 0.5]},
			"faces": {
				"north": {"uv": [0, 0, 1, 0.1], "texture": "#0"},
				"east": {"uv": [0, 0, 5.3, 0.1], "texture": "#0"},
				"south": {"uv": [0, 0, 1, 0.1], "texture": "#0"},
				"west": {"uv": [0, 0, 5.3, 0.1], "texture": "#0"},
				"up": {"uv": [0, 0, 1, 5.3], "texture": "#0"},
				"down": {"uv": [0, 0, 1, 5.3], "texture": "#0"}
			}
		},
		{
			"from": [7.50503, 0.77071, 0],
			"to": [8.50503, 0.87071, 3.4],
			"rotation": {"angle": -45, "axis": "z", "origin": [8.10503, 0.57071, 0.5]},
			"faces": {
				"north": {"uv": [0, 0, 1, 0.1], "texture": "#0"},
				"east": {"uv": [0, 0, 3.4, 0.1], "texture": "#0"},
				"south": {"uv": [0, 0, 1, 0.1], "texture": "#0"},
				"west": {"uv": [0, 0, 3.4, 0.1], "texture": "#0"},
				"up": {"uv": [0, 0, 1, 3.4], "texture": "#0"},
				"down": {"uv": [0, 0, 1, 3.4], "texture": "#0"}
			}
		},
		{
			"from": [7.5, 0.22008, -0.09546],
			"to": [8.6, 0.27008, 0.40454],
			"rotation": {"angle": 22.5, "axis": "x", "origin": [8, 0.07008, 0.40454]},
			"faces": {
				"north": {"uv": [0, 0, 1.1, 0.05], "texture": "#0"},
				"east": {"uv": [0, 0, 0.5, 0.05], "texture": "#0"},
				"south": {"uv": [0, 0, 1.1, 0.05], "texture": "#0"},
				"west": {"uv": [0, 0, 0.5, 0.05], "texture": "#0"},
				"up": {"uv": [0, 0, 1.1, 0.5], "texture": "#0"},
				"down": {"uv": [0, 0, 1.1, 0.5], "texture": "#0"}
			}
		},
		{
			"from": [7.5, 0.20866, 0.46194],
			"to": [8.6, 0.45866, 5.29994],
			"faces": {
				"north": {"uv": [0, 0, 1.1, 0.25], "texture": "#0"},
				"east": {"uv": [0, 0, 4.838, 0.25], "texture": "#0"},
				"south": {"uv": [0, 0, 1.1, 0.25], "texture": "#0"},
				"west": {"uv": [0, 0, 4.838, 0.25], "texture": "#0"},
				"up": {"uv": [0, 0, 1.1, 4.838], "texture": "#0"},
				"down": {"uv": [0, 0, 1.1, 4.838], "texture": "#0"}
			}
		},
		{
			"from": [7.5, 0.27008, 0.15454],
			"to": [8.6, 0.42008, 0.40454],
			"rotation": {"angle": 22.5, "axis": "x", "origin": [8, 0.02008, 0.40454]},
			"faces": {
				"north": {"uv": [0, 0, 1.1, 0.15], "texture": "#0"},
				"east": {"uv": [0, 0, 0.25, 0.15], "texture": "#0"},
				"south": {"uv": [0, 0, 1.1, 0.15], "texture": "#0"},
				"west": {"uv": [0, 0, 0.25, 0.15], "texture": "#0"},
				"up": {"uv": [0, 0, 1.1, 0.25], "texture": "#0"},
				"down": {"uv": [0, 0, 1.1, 0.25], "texture": "#0"}
			}
		},
		{
			"from": [7.75, -0.1, 0],
			"to": [8.35, 1.1, 0.4],
			"faces": {
				"north": {"uv": [0, 0, 0.6, 1.2], "texture": "#0"},
				"east": {"uv": [0, 0, 0.4, 1.2], "texture": "#0"},
				"south": {"uv": [0, 0, 0.6, 1.2], "texture": "#0"},
				"west": {"uv": [0, 0, 0.4, 1.2], "texture": "#0"},
				"up": {"uv": [0, 0, 0.6, 0.4], "texture": "#0"},
				"down": {"uv": [0, 0, 0.6, 0.4], "texture": "#0"}
			}
		},
		{
			"from": [7.43536, -0.14038, 0],
			"to": [7.63536, 0.05962, 0.4],
			"rotation": {"angle": 45, "axis": "z", "origin": [7.78536, 0.35962, 2.5]},
			"faces": {
				"north": {"uv": [0, 0, 0.2, 0.2], "texture": "#0"},
				"east": {"uv": [0, 0, 0.4, 0.2], "texture": "#0"},
				"south": {"uv": [0, 0, 0.2, 0.2], "texture": "#0"},
				"west": {"uv": [0, 0, 0.4, 0.2], "texture": "#0"},
				"up": {"uv": [0, 0, 0.2, 0.4], "texture": "#0"},
				"down": {"uv": [0, 0, 0.2, 0.4], "texture": "#0"}
			}
		},
		{
			"from": [7.75251, -0.14038, 0],
			"to": [7.95251, 0.05962, 0.4],
			"rotation": {"angle": 45, "axis": "z", "origin": [8.10251, 0.35962, 2.5]},
			"faces": {
				"north": {"uv": [0, 0, 0.2, 0.2], "texture": "#0"},
				"east": {"uv": [0, 0, 0.4, 0.2], "texture": "#0"},
				"south": {"uv": [0, 0, 0.2, 0.2], "texture": "#0"},
				"west": {"uv": [0, 0, 0.4, 0.2], "texture": "#0"},
				"up": {"uv": [0, 0, 0.2, 0.4], "texture": "#0"},
				"down": {"uv": [0, 0, 0.2, 0.4], "texture": "#0"}
			}
		},
		{
			"from": [7.89142, -0.24142, 0],
			"to": [8.20642, -0.04142, 0.4],
			"faces": {
				"north": {"uv": [0, 0, 0.2, 0.315], "rotation": 90, "texture": "#0"},
				"east": {"uv": [0, 0, 0.2, 0.4], "rotation": 270, "texture": "#0"},
				"south": {"uv": [0, 0, 0.2, 0.315], "rotation": 270, "texture": "#0"},
				"west": {"uv": [0, 0, 0.2, 0.4], "rotation": 90, "texture": "#0"},
				"up": {"uv": [0, 0, 0.4, 0.315], "rotation": 270, "texture": "#0"},
				"down": {"uv": [0, 0, 0.4, 0.315], "rotation": 270, "texture": "#0"}
			}
		},
		{
			"from": [7.65, -0.29134, 0.11194],
			"to": [8.45, 0.50866, 0.54994],
			"faces": {
				"north": {"uv": [0, 0, 0.8, 0.8], "texture": "#1"},
				"east": {"uv": [0, 0, 0.438, 0.8], "texture": "#1"},
				"south": {"uv": [0, 0, 0.8, 0.8], "texture": "#1"},
				"west": {"uv": [0, 0, 0.438, 0.8], "texture": "#1"},
				"up": {"uv": [0, 0, 0.8, 0.438], "texture": "#1"},
				"down": {"uv": [0, 0, 0.8, 0.438], "texture": "#1"}
			}
		},
		{
			"from": [7.65, -0.29134, 0.11194],
			"to": [8.45, -0.24134, 5.34994],
			"faces": {
				"north": {"uv": [0, 0, 0.8, 0.05], "texture": "#1"},
				"east": {"uv": [0, 0, 5.238, 0.05], "texture": "#1"},
				"south": {"uv": [0, 0, 0.8, 0.05], "texture": "#1"},
				"west": {"uv": [0, 0, 5.238, 0.05], "texture": "#1"},
				"up": {"uv": [0, 0, 0.8, 5.238], "texture": "#1"},
				"down": {"uv": [0, 0, 0.8, 5.238], "texture": "#1"}
			}
		},
		{
			"from": [7.65, -0.04134, 0.11194],
			"to": [8.45, 0.40866, 5.24994],
			"faces": {
				"north": {"uv": [0, 0, 0.8, 0.45], "texture": "#1"},
				"east": {"uv": [0, 0, 5.138, 0.45], "texture": "#1"},
				"south": {"uv": [0, 0, 0.8, 0.45], "texture": "#1"},
				"west": {"uv": [0, 0, 5.138, 0.45], "texture": "#1"},
				"up": {"uv": [0, 0, 0.8, 5.138], "texture": "#1"},
				"down": {"uv": [0, 0, 0.8, 5.138], "texture": "#1"}
			}
		},
		{
			"from": [7.55, 0.00866, 0.81194],
			"to": [8.55, 0.40866, 5.29994],
			"faces": {
				"north": {"uv": [0, 0, 1, 0.4], "texture": "#1"},
				"east": {"uv": [0, 0, 4.488, 0.4], "texture": "#1"},
				"south": {"uv": [0, 0, 1, 0.4], "texture": "#1"},
				"west": {"uv": [0, 0, 4.488, 0.4], "texture": "#1"},
				"up": {"uv": [0, 0, 1, 4.488], "texture": "#1"},
				"down": {"uv": [0, 0, 1, 4.488], "texture": "#1"}
			}
		},
		{
			"from": [10.79871, 0.00866, -0.23412],
			"to": [11.19871, 0.50866, 0.50388],
			"rotation": {"angle": 22.5, "axis": "y", "origin": [10.64871, 8.00866, 7.31588]},
			"faces": {
				"north": {"uv": [0, 0, 0.4, 0.5], "texture": "#1"},
				"east": {"uv": [0, 0, 0.738, 0.5], "texture": "#1"},
				"south": {"uv": [0, 0, 0.4, 0.5], "texture": "#1"},
				"west": {"uv": [0, 0, 0.738, 0.5], "texture": "#1"},
				"up": {"uv": [0, 0, 0.4, 0.738], "texture": "#1"},
				"down": {"uv": [0, 0, 0.4, 0.738], "texture": "#1"}
			}
		},
		{
			"from": [4.95458, 0.00866, -0.502],
			"to": [5.35458, 0.50866, 0.236],
			"rotation": {"angle": -22.5, "axis": "y", "origin": [4.80458, 8.90866, 7.048]},
			"faces": {
				"north": {"uv": [0, 0, 0.4, 0.5], "texture": "#1"},
				"east": {"uv": [0, 0, 0.738, 0.5], "texture": "#1"},
				"south": {"uv": [0, 0, 0.4, 0.5], "texture": "#1"},
				"west": {"uv": [0, 0, 0.738, 0.5], "texture": "#1"},
				"up": {"uv": [0, 0, 0.4, 0.738], "texture": "#1"},
				"down": {"uv": [0, 0, 0.4, 0.738], "texture": "#1"}
			}
		},
		{
			"from": [7.5, 0.22008, 0.00454],
			"to": [8.6, 0.32008, 0.40454],
			"rotation": {"angle": 22.5, "axis": "x", "origin": [8, 0.02008, 0.40454]},
			"faces": {
				"north": {"uv": [0, 0, 1.1, 0.1], "texture": "#0"},
				"east": {"uv": [0, 0, 0.4, 0.1], "texture": "#0"},
				"south": {"uv": [0, 0, 1.1, 0.1], "texture": "#0"},
				"west": {"uv": [0, 0, 0.4, 0.1], "texture": "#0"},
				"up": {"uv": [0, 0, 1.1, 0.4], "texture": "#0"},
				"down": {"uv": [0, 0, 1.1, 0.4], "texture": "#0"}
			}
		},
		{
			"from": [7.5, 0.27008, 0.10454],
			"to": [8.6, 0.37008, 0.40454],
			"rotation": {"angle": 22.5, "axis": "x", "origin": [8, 0.02008, 0.40454]},
			"faces": {
				"north": {"uv": [0, 0, 1.1, 0.1], "texture": "#0"},
				"east": {"uv": [0, 0, 0.3, 0.1], "texture": "#0"},
				"south": {"uv": [0, 0, 1.1, 0.1], "texture": "#0"},
				"west": {"uv": [0, 0, 0.3, 0.1], "texture": "#0"},
				"up": {"uv": [0, 0, 1.1, 0.3], "texture": "#0"},
				"down": {"uv": [0, 0, 1.1, 0.3], "texture": "#0"}
			}
		},
		{
			"from": [7.78373, 1.02367, 0],
			"to": [8.48373, 1.32367, 3.4],
			"rotation": {"angle": -22.5, "axis": "z", "origin": [7.88373, 1.52367, 3.5]},
			"faces": {
				"north": {"uv": [0, 0, 0.3, 0.7], "rotation": 90, "texture": "#0"},
				"east": {"uv": [0, 0, 0.3, 3.4], "rotation": 270, "texture": "#0"},
				"south": {"uv": [0, 0, 0.3, 0.7], "rotation": 270, "texture": "#0"},
				"west": {"uv": [0, 0, 0.3, 3.4], "rotation": 90, "texture": "#0"},
				"up": {"uv": [0, 0, 3.4, 0.7], "rotation": 270, "texture": "#0"},
				"down": {"uv": [0, 0, 3.4, 0.7], "rotation": 270, "texture": "#0"}
			}
		},
		{
			"from": [7.88415, 1.07696, 0],
			"to": [8.58415, 1.37696, 3.4],
			"rotation": {"angle": 22.5, "axis": "z", "origin": [8.48415, 0.87696, 3.5]},
			"faces": {
				"north": {"uv": [0, 0, 0.3, 0.7], "rotation": 270, "texture": "#0"},
				"east": {"uv": [0, 0, 0.3, 3.4], "rotation": 90, "texture": "#0"},
				"south": {"uv": [0, 0, 0.3, 0.7], "rotation": 90, "texture": "#0"},
				"west": {"uv": [0, 0, 0.3, 3.4], "rotation": 90, "texture": "#0"},
				"up": {"uv": [0, 0, 3.4, 0.7], "rotation": 270, "texture": "#0"},
				"down": {"uv": [0, 0, 3.4, 0.7], "rotation": 90, "texture": "#0"}
			}
		},
		{
			"from": [7.71481, 1.07716, 0],
			"to": [8.38481, 1.37716, 3.4],
			"faces": {
				"north": {"uv": [0, 0, 0.3, 0.67], "rotation": 270, "texture": "#0"},
				"east": {"uv": [0, 0, 0.3, 3.4], "rotation": 90, "texture": "#0"},
				"south": {"uv": [0, 0, 0.3, 0.67], "rotation": 90, "texture": "#0"},
				"west": {"uv": [0, 0, 0.3, 3.4], "rotation": 90, "texture": "#0"},
				"up": {"uv": [0, 0, 3.4, 0.67], "rotation": 270, "texture": "#0"},
				"down": {"uv": [0, 0, 3.4, 0.67], "rotation": 90, "texture": "#0"}
			}
		},
		{
			"from": [7.75, -0.29134, 0.11194],
			"to": [8.35, 0.00866, 5.34994],
			"faces": {
				"north": {"uv": [0, 0, 0.6, 0.3], "texture": "#1"},
				"east": {"uv": [0, 0, 5.238, 0.3], "texture": "#1"},
				"south": {"uv": [0, 0, 0.6, 0.3], "texture": "#1"},
				"west": {"uv": [0, 0, 5.238, 0.3], "texture": "#1"},
				"up": {"uv": [0, 0, 0.6, 5.238], "texture": "#1"},
				"down": {"uv": [0, 0, 0.6, 5.238], "texture": "#1"}
			}
		},
		{
			"from": [7.78373, 0.77367, 4.6],
			"to": [7.98373, 1.32367, 7.5],
			"rotation": {"angle": -22.5, "axis": "z", "origin": [7.88373, 1.52367, 3.5]},
			"faces": {
				"north": {"uv": [0, 0, 0.55, 0.2], "rotation": 90, "texture": "#0"},
				"east": {"uv": [0, 0, 0.55, 2.9], "rotation": 270, "texture": "#0"},
				"south": {"uv": [0, 0, 0.55, 0.2], "rotation": 270, "texture": "#0"},
				"west": {"uv": [0, 0, 0.55, 2.9], "rotation": 90, "texture": "#0"},
				"up": {"uv": [0, 0, 2.9, 0.2], "rotation": 270, "texture": "#0"},
				"down": {"uv": [0, 0, 2.9, 0.2], "rotation": 270, "texture": "#0"}
			}
		},
		{
			"from": [8.2, 0.20866, 4.59994],
			"to": [8.6, 0.86866, 7.49994],
			"faces": {
				"north": {"uv": [0, 0, 0.4, 0.66], "texture": "#0"},
				"east": {"uv": [0, 0, 2.9, 0.66], "texture": "#0"},
				"south": {"uv": [0, 0, 0.4, 0.66], "texture": "#0"},
				"west": {"uv": [0, 0, 2.9, 0.66], "texture": "#0"},
				"up": {"uv": [0, 0, 0.4, 2.9], "texture": "#0"},
				"down": {"uv": [0, 0, 0.4, 2.9], "texture": "#0"}
			}
		},
		{
			"from": [8.15866, 0.58196, 4.59994],
			"to": [8.35866, 1.13196, 7.49994],
			"rotation": {"angle": 22.5, "axis": "z", "origin": [7.75866, 1.33196, 3.49994]},
			"faces": {
				"north": {"uv": [0, 0, 0.55, 0.2], "rotation": 90, "texture": "#0"},
				"east": {"uv": [0, 0, 0.55, 2.9], "rotation": 270, "texture": "#0"},
				"south": {"uv": [0, 0, 0.55, 0.2], "rotation": 270, "texture": "#0"},
				"west": {"uv": [0, 0, 0.55, 2.9], "rotation": 90, "texture": "#0"},
				"up": {"uv": [0, 0, 2.9, 0.2], "rotation": 270, "texture": "#0"},
				"down": {"uv": [0, 0, 2.9, 0.2], "rotation": 270, "texture": "#0"}
			}
		},
		{
			"from": [7.5, 2.50866, 1.56194],
			"to": [8.6, 2.70866, 2.29994],
			"rotation": {"angle": -22.5, "axis": "x", "origin": [8, 8.05866, 8.46194]},
			"faces": {
				"north": {"uv": [0, 0, 1.1, 0.2], "texture": "#0"},
				"east": {"uv": [0, 0, 0.738, 0.2], "texture": "#0"},
				"south": {"uv": [0, 0, 1.1, 0.2], "texture": "#0"},
				"west": {"uv": [0, 0, 0.738, 0.2], "texture": "#0"},
				"up": {"uv": [0, 0, 1.1, 0.738], "texture": "#0"},
				"down": {"uv": [0, 0, 1.1, 0.738], "texture": "#0"}
			}
		},
		{
			"from": [7.55, -0.34134, 3.11194],
			"to": [8.55, 0.30866, 3.59994],
			"rotation": {"angle": -22.5, "axis": "x", "origin": [8, 0.10866, 3.15594]},
			"faces": {
				"north": {"uv": [0, 0, 1, 0.65], "texture": "#1"},
				"east": {"uv": [0, 0, 0.488, 0.65], "texture": "#1"},
				"south": {"uv": [0, 0, 1, 0.65], "texture": "#1"},
				"west": {"uv": [0, 0, 0.488, 0.65], "texture": "#1"},
				"up": {"uv": [0, 0, 1, 0.488], "texture": "#1"},
				"down": {"uv": [0, 0, 1, 0.488], "texture": "#1"}
			}
		},
		{
			"from": [7.55, -0.32393, 3.2875],
			"to": [8.55, 0.20107, 7.2755],
			"faces": {
				"north": {"uv": [0, 0, 1, 0.525], "texture": "#1"},
				"east": {"uv": [0, 0, 3.988, 0.525], "texture": "#1"},
				"south": {"uv": [0, 0, 1, 0.525], "texture": "#1"},
				"west": {"uv": [0, 0, 3.988, 0.525], "texture": "#1"},
				"up": {"uv": [0, 0, 1, 3.988], "texture": "#1"},
				"down": {"uv": [0, 0, 1, 3.988], "texture": "#1"}
			}
		},
		{
			"from": [7.65, -0.3268, 2.77683],
			"to": [8.45, 0.1732, 5.31483],
			"faces": {
				"north": {"uv": [0, 0, 0.8, 0.5], "texture": "#1"},
				"east": {"uv": [0, 0, 2.538, 0.5], "texture": "#1"},
				"south": {"uv": [0, 0, 0.8, 0.5], "texture": "#1"},
				"west": {"uv": [0, 0, 2.538, 0.5], "texture": "#1"},
				"up": {"uv": [0, 0, 0.8, 2.538], "texture": "#1"},
				"down": {"uv": [0, 0, 0.8, 2.538], "texture": "#1"}
			}
		},
		{
			"from": [7.65, -2.17928, 5.68986],
			"to": [8.45, -2.12928, 5.78986],
			"rotation": {"angle": 22.5, "axis": "x", "origin": [8, 6.32072, 8.93986]},
			"faces": {
				"north": {"uv": [0, 0, 0.8, 0.05], "texture": "#1"},
				"east": {"uv": [0, 0, 0.1, 0.05], "texture": "#1"},
				"south": {"uv": [0, 0, 0.8, 0.05], "texture": "#1"},
				"west": {"uv": [0, 0, 0.1, 0.05], "texture": "#1"},
				"up": {"uv": [0, 0, 0.8, 0.1], "texture": "#1"},
				"down": {"uv": [0, 0, 0.8, 0.1], "texture": "#1"}
			}
		},
		{
			"from": [7.71481, 1.27716, 4.6],
			"to": [8.38481, 1.37716, 7.5],
			"faces": {
				"north": {"uv": [0, 0, 0.1, 0.67], "rotation": 270, "texture": "#0"},
				"east": {"uv": [0, 0, 0.1, 2.9], "rotation": 90, "texture": "#0"},
				"south": {"uv": [0, 0, 0.1, 0.67], "rotation": 90, "texture": "#0"},
				"west": {"uv": [0, 0, 0.1, 2.9], "rotation": 90, "texture": "#0"},
				"up": {"uv": [0, 0, 2.9, 0.67], "rotation": 270, "texture": "#0"},
				"down": {"uv": [0, 0, 2.9, 0.67], "rotation": 90, "texture": "#0"}
			}
		},
		{
			"from": [7.6, 0.4, 0],
			"to": [7.8, 1.1, 4.9],
			"faces": {
				"north": {"uv": [0, 0, 0.2, 0.7], "texture": "#0"},
				"east": {"uv": [0, 0, 4.9, 0.7], "texture": "#0"},
				"south": {"uv": [0, 0, 0.2, 0.7], "texture": "#0"},
				"west": {"uv": [0, 0, 4.9, 0.7], "texture": "#0"},
				"up": {"uv": [0, 0, 0.2, 4.9], "texture": "#0"},
				"down": {"uv": [0, 0, 0.2, 4.9], "texture": "#0"}
			}
		},
		{
			"from": [7.78373, 1.02367, 0],
			"to": [8.48373, 1.17367, 4.7],
			"rotation": {"angle": -22.5, "axis": "z", "origin": [7.88373, 1.52367, 3.5]},
			"faces": {
				"north": {"uv": [0, 0, 0.15, 0.7], "rotation": 90, "texture": "#0"},
				"east": {"uv": [0, 0, 0.15, 4.7], "rotation": 270, "texture": "#0"},
				"south": {"uv": [0, 0, 0.15, 0.7], "rotation": 270, "texture": "#0"},
				"west": {"uv": [0, 0, 0.15, 4.7], "rotation": 90, "texture": "#0"},
				"up": {"uv": [0, 0, 4.7, 0.7], "rotation": 270, "texture": "#0"},
				"down": {"uv": [0, 0, 4.7, 0.7], "rotation": 270, "texture": "#0"}
			}
		},
		{
			"from": [7.76481, 1.07716, 1.4],
			"to": [8.33481, 1.32716, 4.6],
			"faces": {
				"north": {"uv": [0, 0, 0.25, 0.57], "rotation": 270, "texture": "#2"},
				"east": {"uv": [0, 0, 0.25, 3.2], "rotation": 90, "texture": "#2"},
				"south": {"uv": [0, 0, 0.25, 0.57], "rotation": 90, "texture": "#2"},
				"west": {"uv": [0, 0, 0.25, 3.2], "rotation": 90, "texture": "#2"},
				"up": {"uv": [0, 0, 3.2, 0.57], "rotation": 270, "texture": "#2"},
				"down": {"uv": [0, 0, 3.2, 0.57], "rotation": 90, "texture": "#2"}
			}
		},
		{
			"from": [7.85552, 0.82006, 3.4],
			"to": [7.92552, 1.07006, 4.6],
			"rotation": {"angle": -45, "axis": "z", "origin": [8.40552, 0.62006, 5.7]},
			"faces": {
				"north": {"uv": [0, 0, 0.25, 0.07], "rotation": 270, "texture": "#2"},
				"east": {"uv": [0, 0, 0.25, 1.2], "rotation": 90, "texture": "#2"},
				"south": {"uv": [0, 0, 0.25, 0.07], "rotation": 90, "texture": "#2"},
				"west": {"uv": [0, 0, 0.25, 1.2], "rotation": 90, "texture": "#2"},
				"up": {"uv": [0, 0, 1.2, 0.07], "rotation": 270, "texture": "#2"},
				"down": {"uv": [0, 0, 1.2, 0.07], "rotation": 90, "texture": "#2"}
			}
		},
		{
			"from": [8.3843, 0.52767, 3.4],
			"to": [8.3843, 1.27767, 4.6],
			"faces": {
				"north": {"uv": [0, 0, 0.75, 0], "rotation": 270, "texture": "#2"},
				"east": {"uv": [0, 0, 0.75, 1.2], "rotation": 90, "texture": "#2"},
				"south": {"uv": [0, 0, 0.75, 0], "rotation": 90, "texture": "#2"},
				"west": {"uv": [0, 0, 0.75, 1.2], "rotation": 90, "texture": "#2"},
				"up": {"uv": [0, 0, 1.2, 0], "rotation": 270, "texture": "#2"},
				"down": {"uv": [0, 0, 1.2, 0], "rotation": 90, "texture": "#2"}
			}
		},
		{
			"from": [7.6, 0.4, 0],
			"to": [8.5, 0.8, 4.6],
			"faces": {
				"north": {"uv": [0, 0, 0.9, 0.4], "texture": "#0"},
				"east": {"uv": [0, 0, 4.6, 0.4], "texture": "#0"},
				"south": {"uv": [0, 0, 0.9, 0.4], "texture": "#0"},
				"west": {"uv": [0, 0, 4.6, 0.4], "texture": "#0"},
				"up": {"uv": [0, 0, 0.9, 4.6], "texture": "#0"},
				"down": {"uv": [0, 0, 0.9, 4.6], "texture": "#0"}
			}
		},
		{
			"from": [7.62709, 1.13483, 1.4],
			"to": [7.87709, 1.30483, 4.6],
			"rotation": {"angle": -22.5, "axis": "z", "origin": [7.75209, 0.96983, 3]},
			"faces": {
				"north": {"uv": [0, 0, 0.25, 0.17], "texture": "#2"},
				"east": {"uv": [0, 0, 3.2, 0.17], "texture": "#2"},
				"south": {"uv": [0, 0, 0.25, 0.17], "texture": "#2"},
				"west": {"uv": [0, 0, 3.2, 0.17], "texture": "#2"},
				"up": {"uv": [0, 0, 0.25, 3.2], "texture": "#2"},
				"down": {"uv": [0, 0, 0.25, 3.2], "texture": "#2"}
			}
		},
		{
			"from": [8.5, 3.71413, 7.77056],
			"to": [8.6, 3.91413, 8.43056],
			"rotation": {"angle": -22.5, "axis": "x", "origin": [8, 0.05213, 15.62056]},
			"faces": {
				"north": {"uv": [0, 0, 0.1, 0.2], "rotation": 180, "texture": "#0"},
				"east": {"uv": [0, 0, 0.2, 0.66], "rotation": 270, "texture": "#0"},
				"south": {"uv": [0, 0, 0.1, 0.2], "texture": "#0"},
				"west": {"uv": [0, 0, 0.2, 0.66], "rotation": 90, "texture": "#0"},
				"up": {"uv": [0, 0, 0.1, 0.66], "rotation": 180, "texture": "#0"},
				"down": {"uv": [0, 0, 0.1, 0.66], "texture": "#0"}
			}
		},
		{
			"from": [8.55, 3.21413, 8.37056],
			"to": [8.6, 3.91413, 8.43056],
			"rotation": {"angle": -22.5, "axis": "x", "origin": [8, 0.05213, 15.62056]},
			"faces": {
				"north": {"uv": [0, 0, 0.05, 0.7], "rotation": 180, "texture": "#0"},
				"east": {"uv": [0, 0, 0.7, 0.06], "rotation": 270, "texture": "#0"},
				"south": {"uv": [0, 0, 0.05, 0.7], "texture": "#0"},
				"west": {"uv": [0, 0, 0.7, 0.06], "rotation": 90, "texture": "#0"},
				"up": {"uv": [0, 0, 0.05, 0.06], "rotation": 180, "texture": "#0"},
				"down": {"uv": [0, 0, 0.05, 0.06], "texture": "#0"}
			}
		},
		{
			"from": [7.5, 3.21413, 8.37056],
			"to": [7.55, 3.91413, 8.43056],
			"rotation": {"angle": -22.5, "axis": "x", "origin": [8, 0.05213, 15.62056]},
			"faces": {
				"north": {"uv": [0, 0, 0.05, 0.7], "rotation": 180, "texture": "#0"},
				"east": {"uv": [0, 0, 0.7, 0.06], "rotation": 270, "texture": "#0"},
				"south": {"uv": [0, 0, 0.05, 0.7], "texture": "#0"},
				"west": {"uv": [0, 0, 0.7, 0.06], "rotation": 90, "texture": "#0"},
				"up": {"uv": [0, 0, 0.05, 0.06], "rotation": 180, "texture": "#0"},
				"down": {"uv": [0, 0, 0.05, 0.06], "texture": "#0"}
			}
		},
		{
			"from": [8.2, 2.71413, 8.39],
			"to": [8.5, 3.91413, 8.45],
			"rotation": {"angle": -22.5, "axis": "x", "origin": [8, 0.05213, 15.62056]},
			"faces": {
				"north": {"uv": [0, 0, 0.3, 1.2], "rotation": 180, "texture": "#1"},
				"east": {"uv": [0, 0, 1.2, 0.06], "rotation": 270, "texture": "#1"},
				"south": {"uv": [0, 0, 0.3, 1.2], "texture": "#1"},
				"west": {"uv": [0, 0, 1.2, 0.06], "rotation": 90, "texture": "#1"},
				"up": {"uv": [0, 0, 0.3, 0.06], "rotation": 180, "texture": "#1"},
				"down": {"uv": [0, 0, 0.3, 0.06], "texture": "#1"}
			}
		},
		{
			"from": [8.5, 3.61413, 8.37056],
			"to": [8.6, 3.91413, 8.43056],
			"rotation": {"angle": -22.5, "axis": "x", "origin": [8, 0.05213, 15.62056]},
			"faces": {
				"north": {"uv": [0, 0, 0.1, 0.3], "rotation": 180, "texture": "#0"},
				"east": {"uv": [0, 0, 0.3, 0.06], "rotation": 270, "texture": "#0"},
				"south": {"uv": [0, 0, 0.1, 0.3], "texture": "#0"},
				"west": {"uv": [0, 0, 0.3, 0.06], "rotation": 90, "texture": "#0"},
				"up": {"uv": [0, 0, 0.1, 0.06], "rotation": 180, "texture": "#0"},
				"down": {"uv": [0, 0, 0.1, 0.06], "texture": "#0"}
			}
		},
		{
			"from": [8.5, 3.21413, 8.37056],
			"to": [8.6, 3.51413, 8.43056],
			"rotation": {"angle": -22.5, "axis": "x", "origin": [8, 0.05213, 15.62056]},
			"faces": {
				"north": {"uv": [0, 0, 0.1, 0.3], "rotation": 180, "texture": "#0"},
				"east": {"uv": [0, 0, 0.3, 0.06], "rotation": 270, "texture": "#0"},
				"south": {"uv": [0, 0, 0.1, 0.3], "texture": "#0"},
				"west": {"uv": [0, 0, 0.3, 0.06], "rotation": 90, "texture": "#0"},
				"up": {"uv": [0, 0, 0.1, 0.06], "rotation": 180, "texture": "#0"},
				"down": {"uv": [0, 0, 0.1, 0.06], "texture": "#0"}
			}
		},
		{
			"from": [8.3, 3.51413, 8.39],
			"to": [8.55, 3.61413, 8.45],
			"rotation": {"angle": -22.5, "axis": "x", "origin": [8, 0.05213, 15.62056]},
			"faces": {
				"north": {"uv": [0, 0, 0.25, 0.1], "rotation": 180, "texture": "#1"},
				"east": {"uv": [0, 0, 0.1, 0.06], "rotation": 270, "texture": "#1"},
				"south": {"uv": [0, 0, 0.25, 0.1], "texture": "#1"},
				"west": {"uv": [0, 0, 0.1, 0.06], "rotation": 90, "texture": "#1"},
				"up": {"uv": [0, 0, 0.25, 0.06], "rotation": 180, "texture": "#1"},
				"down": {"uv": [0, 0, 0.25, 0.06], "texture": "#1"}
			}
		},
		{
			"from": [7.5, 3.21413, 8.37056],
			"to": [7.6, 3.51413, 8.43056],
			"rotation": {"angle": -22.5, "axis": "x", "origin": [8, 0.05213, 15.62056]},
			"faces": {
				"north": {"uv": [0, 0, 0.1, 0.3], "rotation": 180, "texture": "#0"},
				"east": {"uv": [0, 0, 0.3, 0.06], "rotation": 270, "texture": "#0"},
				"south": {"uv": [0, 0, 0.1, 0.3], "texture": "#0"},
				"west": {"uv": [0, 0, 0.3, 0.06], "rotation": 90, "texture": "#0"},
				"up": {"uv": [0, 0, 0.1, 0.06], "rotation": 180, "texture": "#0"},
				"down": {"uv": [0, 0, 0.1, 0.06], "texture": "#0"}
			}
		},
		{
			"from": [7.5, 3.61413, 8.37056],
			"to": [7.6, 3.91413, 8.43056],
			"rotation": {"angle": -22.5, "axis": "x", "origin": [8, 0.05213, 15.62056]},
			"faces": {
				"north": {"uv": [0, 0, 0.1, 0.3], "rotation": 180, "texture": "#0"},
				"east": {"uv": [0, 0, 0.3, 0.06], "rotation": 270, "texture": "#0"},
				"south": {"uv": [0, 0, 0.1, 0.3], "texture": "#0"},
				"west": {"uv": [0, 0, 0.3, 0.06], "rotation": 90, "texture": "#0"},
				"up": {"uv": [0, 0, 0.1, 0.06], "rotation": 180, "texture": "#0"},
				"down": {"uv": [0, 0, 0.1, 0.06], "texture": "#0"}
			}
		},
		{
			"from": [7.6, 2.71413, 8.39],
			"to": [7.9, 3.91413, 8.45],
			"rotation": {"angle": -22.5, "axis": "x", "origin": [8, 0.05213, 15.62056]},
			"faces": {
				"north": {"uv": [0, 0, 0.3, 1.2], "rotation": 180, "texture": "#1"},
				"east": {"uv": [0, 0, 1.2, 0.06], "rotation": 270, "texture": "#1"},
				"south": {"uv": [0, 0, 0.3, 1.2], "texture": "#1"},
				"west": {"uv": [0, 0, 1.2, 0.06], "rotation": 90, "texture": "#1"},
				"up": {"uv": [0, 0, 0.3, 0.06], "rotation": 180, "texture": "#1"},
				"down": {"uv": [0, 0, 0.3, 0.06], "texture": "#1"}
			}
		},
		{
			"from": [7.55, 3.51413, 8.39],
			"to": [7.8, 3.61413, 8.45],
			"rotation": {"angle": -22.5, "axis": "x", "origin": [8, 0.05213, 15.62056]},
			"faces": {
				"north": {"uv": [0, 0, 0.25, 0.1], "rotation": 180, "texture": "#1"},
				"east": {"uv": [0, 0, 0.1, 0.06], "rotation": 270, "texture": "#1"},
				"south": {"uv": [0, 0, 0.25, 0.1], "texture": "#1"},
				"west": {"uv": [0, 0, 0.1, 0.06], "rotation": 90, "texture": "#1"},
				"up": {"uv": [0, 0, 0.25, 0.06], "rotation": 180, "texture": "#1"},
				"down": {"uv": [0, 0, 0.25, 0.06], "texture": "#1"}
			}
		},
		{
			"from": [7.71481, 0.77716, 4.6],
			"to": [8.38481, 1.37716, 6.7],
			"faces": {
				"north": {"uv": [0, 0, 0.6, 0.67], "rotation": 270, "texture": "#0"},
				"east": {"uv": [0, 0, 0.6, 2.1], "rotation": 90, "texture": "#0"},
				"south": {"uv": [0, 0, 0.6, 0.67], "rotation": 90, "texture": "#0"},
				"west": {"uv": [0, 0, 0.6, 2.1], "rotation": 90, "texture": "#0"},
				"up": {"uv": [0, 0, 2.1, 0.67], "rotation": 270, "texture": "#0"},
				"down": {"uv": [0, 0, 2.1, 0.67], "rotation": 90, "texture": "#0"}
			}
		},
		{
			"from": [7.71481, 0.37716, 4.6],
			"to": [7.89981, 1.37716, 7.5],
			"faces": {
				"north": {"uv": [0, 0, 1, 0.185], "rotation": 270, "texture": "#0"},
				"east": {"uv": [0, 0, 1, 2.9], "rotation": 90, "texture": "#0"},
				"south": {"uv": [0, 0, 1, 0.185], "rotation": 90, "texture": "#0"},
				"west": {"uv": [0, 0, 1, 2.9], "rotation": 90, "texture": "#0"},
				"up": {"uv": [0, 0, 2.9, 0.185], "rotation": 270, "texture": "#0"},
				"down": {"uv": [0, 0, 2.9, 0.185], "rotation": 90, "texture": "#0"}
			}
		},
		{
			"from": [8.22481, 0.37716, 4.6],
			"to": [8.38481, 1.37716, 7.5],
			"faces": {
				"north": {"uv": [0, 0, 1, 0.16], "rotation": 270, "texture": "#0"},
				"east": {"uv": [0, 0, 1, 2.9], "rotation": 90, "texture": "#0"},
				"south": {"uv": [0, 0, 1, 0.16], "rotation": 90, "texture": "#0"},
				"west": {"uv": [0, 0, 1, 2.9], "rotation": 90, "texture": "#0"},
				"up": {"uv": [0, 0, 2.9, 0.16], "rotation": 270, "texture": "#0"},
				"down": {"uv": [0, 0, 2.9, 0.16], "rotation": 90, "texture": "#0"}
			}
		},
		{
			"from": [7.5, 3.71413, 8.07056],
			"to": [7.6, 3.91413, 8.43056],
			"rotation": {"angle": -22.5, "axis": "x", "origin": [8, 0.05213, 15.62056]},
			"faces": {
				"north": {"uv": [0, 0, 0.1, 0.2], "rotation": 180, "texture": "#0"},
				"east": {"uv": [0, 0, 0.2, 0.36], "rotation": 270, "texture": "#0"},
				"south": {"uv": [0, 0, 0.1, 0.2], "texture": "#0"},
				"west": {"uv": [0, 0, 0.2, 0.36], "rotation": 90, "texture": "#0"},
				"up": {"uv": [0, 0, 0.1, 0.36], "rotation": 180, "texture": "#0"},
				"down": {"uv": [0, 0, 0.1, 0.36], "texture": "#0"}
			}
		},
		{
			"from": [7.5, 0.20866, 7.09994],
			"to": [7.9, 0.86866, 7.49994],
			"faces": {
				"north": {"uv": [0, 0, 0.4, 0.66], "texture": "#0"},
				"east": {"uv": [0, 0, 0.4, 0.66], "texture": "#0"},
				"south": {"uv": [0, 0, 0.4, 0.66], "texture": "#0"},
				"west": {"uv": [0, 0, 0.4, 0.66], "texture": "#0"},
				"up": {"uv": [0, 0, 0.4, 0.4], "texture": "#0"},
				"down": {"uv": [0, 0, 0.4, 0.4], "texture": "#0"}
			}
		},
		{
			"from": [8.19981, 0.37716, 4.6],
			"to": [8.38481, 1.37716, 7.5],
			"faces": {
				"north": {"uv": [0, 0, 1, 0.185], "rotation": 270, "texture": "#0"},
				"east": {"uv": [0, 0, 1, 2.9], "rotation": 90, "texture": "#0"},
				"south": {"uv": [0, 0, 1, 0.185], "rotation": 90, "texture": "#0"},
				"west": {"uv": [0, 0, 1, 2.9], "rotation": 90, "texture": "#0"},
				"up": {"uv": [0, 0, 2.9, 0.185], "rotation": 270, "texture": "#0"},
				"down": {"uv": [0, 0, 2.9, 0.185], "rotation": 90, "texture": "#0"}
			}
		},
		{
			"from": [7.55, -0.25552, 7.06169],
			"to": [8.55, -0.20552, 7.92169],
			"faces": {
				"north": {"uv": [0, 0, 1, 0.05], "rotation": 180, "texture": "#1"},
				"east": {"uv": [0, 0, 0.05, 0.86], "rotation": 270, "texture": "#1"},
				"south": {"uv": [0, 0, 1, 0.05], "texture": "#1"},
				"west": {"uv": [0, 0, 0.05, 0.86], "rotation": 90, "texture": "#1"},
				"up": {"uv": [0, 0, 1, 0.86], "rotation": 180, "texture": "#1"},
				"down": {"uv": [0, 0, 1, 0.86], "texture": "#1"}
			}
		},
		{
			"from": [7.55, -0.24797, 7.15964],
			"to": [8.55, -0.19797, 8.01964],
			"rotation": {"angle": -22.5, "axis": "x", "origin": [7.7, -0.49797, 7.98964]},
			"faces": {
				"north": {"uv": [0, 0, 1, 0.05], "rotation": 180, "texture": "#1"},
				"east": {"uv": [0, 0, 0.05, 0.86], "rotation": 270, "texture": "#1"},
				"south": {"uv": [0, 0, 1, 0.05], "texture": "#1"},
				"west": {"uv": [0, 0, 0.05, 0.86], "rotation": 90, "texture": "#1"},
				"up": {"uv": [0, 0, 1, 0.86], "rotation": 180, "texture": "#1"},
				"down": {"uv": [0, 0, 1, 0.86], "texture": "#1"}
			}
		},
		{
			"from": [8.4, 0.19898, 4.61239],
			"to": [8.6, 0.25898, 7.71239],
			"faces": {
				"north": {"uv": [0, 0, 0.2, 0.06], "texture": "#0"},
				"east": {"uv": [0, 0, 3.1, 0.06], "texture": "#0"},
				"south": {"uv": [0, 0, 0.2, 0.06], "texture": "#0"},
				"west": {"uv": [0, 0, 3.1, 0.06], "texture": "#0"},
				"up": {"uv": [0, 0, 0.2, 3.1], "texture": "#0"},
				"down": {"uv": [0, 0, 0.2, 3.1], "texture": "#0"}
			}
		},
		{
			"from": [8.55, 3.31413, 8.27056],
			"to": [8.6, 3.91413, 8.43056],
			"rotation": {"angle": -22.5, "axis": "x", "origin": [8, 0.05213, 15.62056]},
			"faces": {
				"north": {"uv": [0, 0, 0.05, 0.6], "rotation": 180, "texture": "#0"},
				"east": {"uv": [0, 0, 0.6, 0.16], "rotation": 270, "texture": "#0"},
				"south": {"uv": [0, 0, 0.05, 0.6], "texture": "#0"},
				"west": {"uv": [0, 0, 0.6, 0.16], "rotation": 90, "texture": "#0"},
				"up": {"uv": [0, 0, 0.05, 0.16], "rotation": 180, "texture": "#0"},
				"down": {"uv": [0, 0, 0.05, 0.16], "texture": "#0"}
			}
		},
		{
			"from": [7.5, 3.31413, 8.27056],
			"to": [7.55, 3.91413, 8.43056],
			"rotation": {"angle": -22.5, "axis": "x", "origin": [8, 0.05213, 15.62056]},
			"faces": {
				"north": {"uv": [0, 0, 0.05, 0.6], "rotation": 180, "texture": "#0"},
				"east": {"uv": [0, 0, 0.6, 0.16], "rotation": 270, "texture": "#0"},
				"south": {"uv": [0, 0, 0.05, 0.6], "texture": "#0"},
				"west": {"uv": [0, 0, 0.6, 0.16], "rotation": 90, "texture": "#0"},
				"up": {"uv": [0, 0, 0.05, 0.16], "rotation": 180, "texture": "#0"},
				"down": {"uv": [0, 0, 0.05, 0.16], "texture": "#0"}
			}
		},
		{
			"from": [8.55, 3.31413, 8.17056],
			"to": [8.6, 3.91413, 8.43056],
			"rotation": {"angle": -22.5, "axis": "x", "origin": [8, 0.05213, 15.62056]},
			"faces": {
				"north": {"uv": [0, 0, 0.05, 0.6], "rotation": 180, "texture": "#0"},
				"east": {"uv": [0, 0, 0.6, 0.26], "rotation": 270, "texture": "#0"},
				"south": {"uv": [0, 0, 0.05, 0.6], "texture": "#0"},
				"west": {"uv": [0, 0, 0.6, 0.26], "rotation": 90, "texture": "#0"},
				"up": {"uv": [0, 0, 0.05, 0.26], "rotation": 180, "texture": "#0"},
				"down": {"uv": [0, 0, 0.05, 0.26], "texture": "#0"}
			}
		},
		{
			"from": [7.5, 3.31413, 8.17056],
			"to": [7.55, 3.91413, 8.43056],
			"rotation": {"angle": -22.5, "axis": "x", "origin": [8, 0.05213, 15.62056]},
			"faces": {
				"north": {"uv": [0, 0, 0.05, 0.6], "rotation": 180, "texture": "#0"},
				"east": {"uv": [0, 0, 0.6, 0.26], "rotation": 270, "texture": "#0"},
				"south": {"uv": [0, 0, 0.05, 0.6], "texture": "#0"},
				"west": {"uv": [0, 0, 0.6, 0.26], "rotation": 90, "texture": "#0"},
				"up": {"uv": [0, 0, 0.05, 0.26], "rotation": 180, "texture": "#0"},
				"down": {"uv": [0, 0, 0.05, 0.26], "texture": "#0"}
			}
		},
		{
			"from": [8.55, 3.26413, 8.32056],
			"to": [8.6, 3.91413, 8.38056],
			"rotation": {"angle": -22.5, "axis": "x", "origin": [8, 0.05213, 15.62056]},
			"faces": {
				"north": {"uv": [0, 0, 0.05, 0.65], "rotation": 180, "texture": "#0"},
				"east": {"uv": [0, 0, 0.65, 0.06], "rotation": 270, "texture": "#0"},
				"south": {"uv": [0, 0, 0.05, 0.65], "texture": "#0"},
				"west": {"uv": [0, 0, 0.65, 0.06], "rotation": 90, "texture": "#0"},
				"up": {"uv": [0, 0, 0.05, 0.06], "rotation": 180, "texture": "#0"},
				"down": {"uv": [0, 0, 0.05, 0.06], "texture": "#0"}
			}
		},
		{
			"from": [7.5, 3.26413, 8.32056],
			"to": [7.55, 3.91413, 8.38056],
			"rotation": {"angle": -22.5, "axis": "x", "origin": [8, 0.05213, 15.62056]},
			"faces": {
				"north": {"uv": [0, 0, 0.05, 0.65], "rotation": 180, "texture": "#0"},
				"east": {"uv": [0, 0, 0.65, 0.06], "rotation": 270, "texture": "#0"},
				"south": {"uv": [0, 0, 0.05, 0.65], "texture": "#0"},
				"west": {"uv": [0, 0, 0.65, 0.06], "rotation": 90, "texture": "#0"},
				"up": {"uv": [0, 0, 0.05, 0.06], "rotation": 180, "texture": "#0"},
				"down": {"uv": [0, 0, 0.05, 0.06], "texture": "#0"}
			}
		},
		{
			"from": [8.55, 3.26413, 8.27056],
			"to": [8.6, 3.91413, 8.38056],
			"rotation": {"angle": -22.5, "axis": "x", "origin": [8, 0.05213, 15.62056]},
			"faces": {
				"north": {"uv": [0, 0, 0.05, 0.65], "rotation": 180, "texture": "#0"},
				"east": {"uv": [0, 0, 0.65, 0.11], "rotation": 270, "texture": "#0"},
				"south": {"uv": [0, 0, 0.05, 0.65], "texture": "#0"},
				"west": {"uv": [0, 0, 0.65, 0.11], "rotation": 90, "texture": "#0"},
				"up": {"uv": [0, 0, 0.05, 0.11], "rotation": 180, "texture": "#0"},
				"down": {"uv": [0, 0, 0.05, 0.11], "texture": "#0"}
			}
		},
		{
			"from": [7.5, 3.26413, 8.27056],
			"to": [7.55, 3.91413, 8.38056],
			"rotation": {"angle": -22.5, "axis": "x", "origin": [8, 0.05213, 15.62056]},
			"faces": {
				"north": {"uv": [0, 0, 0.05, 0.65], "rotation": 180, "texture": "#0"},
				"east": {"uv": [0, 0, 0.65, 0.11], "rotation": 270, "texture": "#0"},
				"south": {"uv": [0, 0, 0.05, 0.65], "texture": "#0"},
				"west": {"uv": [0, 0, 0.65, 0.11], "rotation": 90, "texture": "#0"},
				"up": {"uv": [0, 0, 0.05, 0.11], "rotation": 180, "texture": "#0"},
				"down": {"uv": [0, 0, 0.05, 0.11], "texture": "#0"}
			}
		},
		{
			"from": [8.2, 3.21413, 8.09],
			"to": [8.5, 3.71413, 8.39],
			"rotation": {"angle": -22.5, "axis": "x", "origin": [8, 0.05213, 15.62056]},
			"faces": {
				"north": {"uv": [0, 0, 0.3, 0.5], "rotation": 180, "texture": "#0"},
				"east": {"uv": [0, 0, 0.5, 0.3], "rotation": 270, "texture": "#0"},
				"south": {"uv": [0, 0, 0.3, 0.5], "texture": "#0"},
				"west": {"uv": [0, 0, 0.5, 0.3], "rotation": 90, "texture": "#0"},
				"up": {"uv": [0, 0, 0.3, 0.3], "rotation": 180, "texture": "#0"},
				"down": {"uv": [0, 0, 0.3, 0.3], "texture": "#0"}
			}
		},
		{
			"from": [7.6, 3.21413, 8.09],
			"to": [7.9, 3.71413, 8.39],
			"rotation": {"angle": -22.5, "axis": "x", "origin": [8, 0.05213, 15.62056]},
			"faces": {
				"north": {"uv": [0, 0, 0.3, 0.5], "rotation": 180, "texture": "#0"},
				"east": {"uv": [0, 0, 0.5, 0.3], "rotation": 270, "texture": "#0"},
				"south": {"uv": [0, 0, 0.3, 0.5], "texture": "#0"},
				"west": {"uv": [0, 0, 0.5, 0.3], "rotation": 90, "texture": "#0"},
				"up": {"uv": [0, 0, 0.3, 0.3], "rotation": 180, "texture": "#0"},
				"down": {"uv": [0, 0, 0.3, 0.3], "texture": "#0"}
			}
		},
		{
			"from": [8.25, -0.24797, 7.15964],
			"to": [8.55, 0.45203, 7.91964],
			"rotation": {"angle": -22.5, "axis": "x", "origin": [7.7, -0.49797, 7.98964]},
			"faces": {
				"north": {"uv": [0, 0, 0.3, 0.7], "rotation": 180, "texture": "#1"},
				"east": {"uv": [0, 0, 0.7, 0.76], "rotation": 270, "texture": "#1"},
				"south": {"uv": [0, 0, 0.3, 0.7], "texture": "#1"},
				"west": {"uv": [0, 0, 0.7, 0.76], "rotation": 90, "texture": "#1"},
				"up": {"uv": [0, 0, 0.3, 0.76], "rotation": 180, "texture": "#1"},
				"down": {"uv": [0, 0, 0.3, 0.76], "texture": "#1"}
			}
		},
		{
			"from": [7.55, -0.24797, 7.15964],
			"to": [8.5, -0.12297, 7.81964],
			"rotation": {"angle": -22.5, "axis": "x", "origin": [7.7, -0.49797, 7.98964]},
			"faces": {
				"north": {"uv": [0, 0, 0.95, 0.125], "rotation": 180, "texture": "#1"},
				"east": {"uv": [0, 0, 0.125, 0.66], "rotation": 270, "texture": "#1"},
				"south": {"uv": [0, 0, 0.95, 0.125], "texture": "#1"},
				"west": {"uv": [0, 0, 0.125, 0.66], "rotation": 90, "texture": "#1"},
				"up": {"uv": [0, 0, 0.95, 0.66], "rotation": 180, "texture": "#1"},
				"down": {"uv": [0, 0, 0.95, 0.66], "texture": "#1"}
			}
		},
		{
			"from": [7.55, 0.05203, 6.85964],
			"to": [8.55, 0.62703, 7.91964],
			"rotation": {"angle": -45, "axis": "x", "origin": [7.7, -0.49797, 8.08964]},
			"faces": {
				"north": {"uv": [0, 0, 1, 0.575], "rotation": 180, "texture": "#1"},
				"east": {"uv": [0, 0, 0.575, 1.06], "rotation": 270, "texture": "#1"},
				"south": {"uv": [0, 0, 1, 0.575], "texture": "#1"},
				"west": {"uv": [0, 0, 0.575, 1.06], "rotation": 90, "texture": "#1"},
				"up": {"uv": [0, 0, 1, 1.06], "rotation": 180, "texture": "#1"},
				"down": {"uv": [0, 0, 1, 1.06], "texture": "#1"}
			}
		},
		{
			"from": [7.55, -1.67797, 6.11464],
			"to": [8.55, -0.61797, 7.23964],
			"rotation": {"angle": 22.5, "axis": "x", "origin": [7.7, -0.44797, 8.13964]},
			"faces": {
				"north": {"uv": [0, 0, 1, 1.06], "texture": "#1"},
				"east": {"uv": [0, 0, 1.125, 1.06], "texture": "#1"},
				"south": {"uv": [0, 0, 1, 1.06], "texture": "#1"},
				"west": {"uv": [0, 0, 1.125, 1.06], "texture": "#1"},
				"up": {"uv": [0, 0, 1, 1.125], "texture": "#1"},
				"down": {"uv": [0, 0, 1, 1.125], "texture": "#1"}
			}
		},
		{
			"from": [7.55, -1.67797, 6.81464],
			"to": [8.55, -0.61797, 6.93964],
			"faces": {
				"north": {"uv": [0, 0, 1, 1.06], "texture": "#1"},
				"east": {"uv": [0, 0, 0.125, 1.06], "texture": "#1"},
				"south": {"uv": [0, 0, 1, 1.06], "texture": "#1"},
				"west": {"uv": [0, 0, 0.125, 1.06], "texture": "#1"},
				"up": {"uv": [0, 0, 1, 0.125], "texture": "#1"},
				"down": {"uv": [0, 0, 1, 0.125], "texture": "#1"}
			}
		},
		{
			"from": [7.55, -2.63286, 4.20785],
			"to": [8.55, 1.02714, 5.33285],
			"rotation": {"angle": -22.5, "axis": "x", "origin": [7.7, 0.89714, 7.63285]},
			"faces": {
				"north": {"uv": [0, 0, 1, 3.66], "texture": "#1"},
				"east": {"uv": [0, 0, 1.125, 3.66], "texture": "#1"},
				"south": {"uv": [0, 0, 1, 3.66], "texture": "#1"},
				"west": {"uv": [0, 0, 1.125, 3.66], "texture": "#1"},
				"up": {"uv": [0, 0, 1, 1.125], "texture": "#1"},
				"down": {"uv": [0, 0, 1, 1.125], "texture": "#1"}
			}
		},
		{
			"from": [7.55, -3.91159, 5.73633],
			"to": [8.55, -2.95159, 7.56133],
			"faces": {
				"north": {"uv": [0, 0, 1, 0.96], "texture": "#1"},
				"east": {"uv": [0, 0, 1.825, 0.96], "texture": "#1"},
				"south": {"uv": [0, 0, 1, 0.96], "texture": "#1"},
				"west": {"uv": [0, 0, 1.825, 0.96], "texture": "#1"},
				"up": {"uv": [0, 0, 1, 1.825], "texture": "#1"},
				"down": {"uv": [0, 0, 1, 1.825], "texture": "#1"}
			}
		},
		{
			"from": [7.55, -2.77797, 5.81464],
			"to": [8.55, 0.38203, 6.73964],
			"rotation": {"angle": -22.5, "axis": "x", "origin": [7.7, -0.44797, 8.03964]},
			"faces": {
				"north": {"uv": [0, 0, 1, 3.16], "texture": "#1"},
				"east": {"uv": [0, 0, 0.925, 3.16], "texture": "#1"},
				"south": {"uv": [0, 0, 1, 3.16], "texture": "#1"},
				"west": {"uv": [0, 0, 0.925, 3.16], "texture": "#1"},
				"up": {"uv": [0, 0, 1, 0.925], "texture": "#1"},
				"down": {"uv": [0, 0, 1, 0.925], "texture": "#1"}
			}
		},
		{
			"from": [7.54985, -3.95804, 6.30535],
			"to": [8.54985, -3.09804, 7.73035],
			"faces": {
				"north": {"uv": [0, 0, 1, 0.86], "texture": "#1"},
				"east": {"uv": [0, 0, 1.425, 0.86], "texture": "#1"},
				"south": {"uv": [0, 0, 1, 0.86], "texture": "#1"},
				"west": {"uv": [0, 0, 1.425, 0.86], "texture": "#1"},
				"up": {"uv": [0, 0, 1, 1.425], "texture": "#1"},
				"down": {"uv": [0, 0, 1, 1.425], "texture": "#1"}
			}
		},
		{
			"from": [7.8, 2.71413, 8.39],
			"to": [8.5, 3.11413, 8.45],
			"rotation": {"angle": -22.5, "axis": "x", "origin": [8, 0.05213, 15.62056]},
			"faces": {
				"north": {"uv": [0, 0, 0.7, 0.4], "rotation": 180, "texture": "#1"},
				"east": {"uv": [0, 0, 0.4, 0.06], "rotation": 270, "texture": "#1"},
				"south": {"uv": [0, 0, 0.7, 0.4], "texture": "#1"},
				"west": {"uv": [0, 0, 0.4, 0.06], "rotation": 90, "texture": "#1"},
				"up": {"uv": [0, 0, 0.7, 0.06], "rotation": 180, "texture": "#1"},
				"down": {"uv": [0, 0, 0.7, 0.06], "texture": "#1"}
			}
		},
		{
			"from": [7.5, 0.19898, 4.61239],
			"to": [7.7, 0.25898, 7.71239],
			"faces": {
				"north": {"uv": [0, 0, 0.2, 0.06], "texture": "#0"},
				"east": {"uv": [0, 0, 3.1, 0.06], "texture": "#0"},
				"south": {"uv": [0, 0, 0.2, 0.06], "texture": "#0"},
				"west": {"uv": [0, 0, 3.1, 0.06], "texture": "#0"},
				"up": {"uv": [0, 0, 0.2, 3.1], "texture": "#0"},
				"down": {"uv": [0, 0, 0.2, 3.1], "texture": "#0"}
			}
		},
		{
			"from": [7.55, -0.24797, 7.15964],
			"to": [7.85, 0.45203, 7.91964],
			"rotation": {"angle": -22.5, "axis": "x", "origin": [7.7, -0.49797, 7.98964]},
			"faces": {
				"north": {"uv": [0, 0, 0.3, 0.7], "rotation": 180, "texture": "#1"},
				"east": {"uv": [0, 0, 0.7, 0.76], "rotation": 270, "texture": "#1"},
				"south": {"uv": [0, 0, 0.3, 0.7], "texture": "#1"},
				"west": {"uv": [0, 0, 0.7, 0.76], "rotation": 90, "texture": "#1"},
				"up": {"uv": [0, 0, 0.3, 0.76], "rotation": 180, "texture": "#1"},
				"down": {"uv": [0, 0, 0.3, 0.76], "texture": "#1"}
			}
		},
		{
			"from": [7.925, 1.47607, 6.1875],
			"to": [8.175, 1.77607, 7.3255],
			"rotation": {"angle": 22.5, "axis": "x", "origin": [8, 0.17607, 3.3315]},
			"faces": {
				"north": {"uv": [0, 0, 0.25, 0.3], "texture": "#2"},
				"east": {"uv": [0, 0, 1.138, 0.3], "texture": "#2"},
				"south": {"uv": [0, 0, 0.25, 0.3], "texture": "#2"},
				"west": {"uv": [0, 0, 1.138, 0.3], "texture": "#2"},
				"up": {"uv": [0, 0, 0.25, 1.138], "texture": "#2"},
				"down": {"uv": [0, 0, 0.25, 1.138], "texture": "#2"}
			}
		},
		{
			"from": [7.925, 0.12583, 6.59577],
			"to": [8.175, 0.37583, 7.73377],
			"faces": {
				"north": {"uv": [0, 0, 0.25, 0.25], "texture": "#2"},
				"east": {"uv": [0, 0, 1.138, 0.25], "texture": "#2"},
				"south": {"uv": [0, 0, 0.25, 0.25], "texture": "#2"},
				"west": {"uv": [0, 0, 1.138, 0.25], "texture": "#2"},
				"up": {"uv": [0, 0, 0.25, 1.138], "texture": "#2"},
				"down": {"uv": [0, 0, 0.25, 1.138], "texture": "#2"}
			}
		},
		{
			"from": [7.925, -1.05366, 7.39729],
			"to": [8.175, -0.60366, 8.53529],
			"rotation": {"angle": -22.5, "axis": "x", "origin": [8, -2.35366, 4.54129]},
			"faces": {
				"north": {"uv": [0, 0, 0.25, 0.45], "texture": "#2"},
				"east": {"uv": [0, 0, 1.138, 0.45], "texture": "#2"},
				"south": {"uv": [0, 0, 0.25, 0.45], "texture": "#2"},
				"west": {"uv": [0, 0, 1.138, 0.45], "texture": "#2"},
				"up": {"uv": [0, 0, 0.25, 1.138], "texture": "#2"},
				"down": {"uv": [0, 0, 0.25, 1.138], "texture": "#2"}
			}
		},
		{
			"from": [7.6, 2.81413, 8.19],
			"to": [7.9, 3.91413, 8.45],
			"rotation": {"angle": -22.5, "axis": "x", "origin": [8, 0.05213, 15.62056]},
			"faces": {
				"north": {"uv": [0, 0, 0.3, 1.1], "rotation": 180, "texture": "#1"},
				"east": {"uv": [0, 0, 1.1, 0.26], "rotation": 270, "texture": "#1"},
				"south": {"uv": [0, 0, 0.3, 1.1], "texture": "#1"},
				"west": {"uv": [0, 0, 1.1, 0.26], "rotation": 90, "texture": "#1"},
				"up": {"uv": [0, 0, 0.3, 0.26], "rotation": 180, "texture": "#1"},
				"down": {"uv": [0, 0, 0.3, 0.26], "texture": "#1"}
			}
		},
		{
			"from": [8.2, 2.81413, 8.19],
			"to": [8.5, 3.91413, 8.45],
			"rotation": {"angle": -22.5, "axis": "x", "origin": [8, 0.05213, 15.62056]},
			"faces": {
				"north": {"uv": [0, 0, 0.3, 1.1], "rotation": 180, "texture": "#1"},
				"east": {"uv": [0, 0, 1.1, 0.26], "rotation": 270, "texture": "#1"},
				"south": {"uv": [0, 0, 0.3, 1.1], "texture": "#1"},
				"west": {"uv": [0, 0, 1.1, 0.26], "rotation": 90, "texture": "#1"},
				"up": {"uv": [0, 0, 0.3, 0.26], "rotation": 180, "texture": "#1"},
				"down": {"uv": [0, 0, 0.3, 0.26], "texture": "#1"}
			}
		},
		{
			"from": [7.6, 2.71413, 8.19],
			"to": [7.9, 3.91413, 8.45],
			"rotation": {"angle": -22.5, "axis": "x", "origin": [8, 0.05213, 15.62056]},
			"faces": {
				"north": {"uv": [0, 0, 0.3, 1.2], "rotation": 180, "texture": "#1"},
				"east": {"uv": [0, 0, 1.2, 0.26], "rotation": 270, "texture": "#1"},
				"south": {"uv": [0, 0, 0.3, 1.2], "texture": "#1"},
				"west": {"uv": [0, 0, 1.2, 0.26], "rotation": 90, "texture": "#1"},
				"up": {"uv": [0, 0, 0.3, 0.26], "rotation": 180, "texture": "#1"},
				"down": {"uv": [0, 0, 0.3, 0.26], "texture": "#1"}
			}
		},
		{
			"from": [8.2, 2.71413, 8.19],
			"to": [8.5, 3.91413, 8.45],
			"rotation": {"angle": -22.5, "axis": "x", "origin": [8, 0.05213, 15.62056]},
			"faces": {
				"north": {"uv": [0, 0, 0.3, 1.2], "rotation": 180, "texture": "#1"},
				"east": {"uv": [0, 0, 1.2, 0.26], "rotation": 270, "texture": "#1"},
				"south": {"uv": [0, 0, 0.3, 1.2], "texture": "#1"},
				"west": {"uv": [0, 0, 1.2, 0.26], "rotation": 90, "texture": "#1"},
				"up": {"uv": [0, 0, 0.3, 0.26], "rotation": 180, "texture": "#1"},
				"down": {"uv": [0, 0, 0.3, 0.26], "texture": "#1"}
			}
		},
		{
			"from": [7.925, 1.52583, 6.29577],
			"to": [8.175, 2.35083, 6.65877],
			"rotation": {"angle": 22.5, "axis": "x", "origin": [8, -1.17417, 3.73977]},
			"faces": {
				"north": {"uv": [0, 0, 0.25, 0.825], "texture": "#2"},
				"east": {"uv": [0, 0, 0.363, 0.825], "texture": "#2"},
				"south": {"uv": [0, 0, 0.25, 0.825], "texture": "#2"},
				"west": {"uv": [0, 0, 0.363, 0.825], "texture": "#2"},
				"up": {"uv": [0, 0, 0.25, 0.363], "texture": "#2"},
				"down": {"uv": [0, 0, 0.25, 0.363], "texture": "#2"}
			}
		},
		{
			"from": [7.925, -0.71817, 7.68977],
			"to": [8.175, -0.40517, 8.43977],
			"rotation": {"angle": -22.5, "axis": "x", "origin": [8, -1.07417, 3.83977]},
			"faces": {
				"north": {"uv": [0, 0, 0.25, 0.313], "rotation": 180, "texture": "#2"},
				"east": {"uv": [0, 0, 0.313, 0.75], "rotation": 270, "texture": "#2"},
				"south": {"uv": [0, 0, 0.25, 0.313], "texture": "#2"},
				"west": {"uv": [0, 0, 0.313, 0.75], "rotation": 90, "texture": "#2"},
				"up": {"uv": [0, 0, 0.25, 0.75], "rotation": 180, "texture": "#2"},
				"down": {"uv": [0, 0, 0.25, 0.75], "texture": "#2"}
			}
		},
		{
			"from": [7.92469, 1.14646, 7.89233],
			"to": [8.17469, 1.25946, 8.04233],
			"rotation": {"angle": 22.5, "axis": "x", "origin": [8.04969, 1.30296, 7.66733]},
			"faces": {
				"north": {"uv": [0, 0, 0.25, 0.113], "rotation": 180, "texture": "#2"},
				"east": {"uv": [0, 0, 0.113, 0.15], "rotation": 270, "texture": "#2"},
				"south": {"uv": [0, 0, 0.25, 0.113], "texture": "#2"},
				"west": {"uv": [0, 0, 0.113, 0.15], "rotation": 90, "texture": "#2"},
				"up": {"uv": [0, 0, 0.25, 0.15], "rotation": 180, "texture": "#2"},
				"down": {"uv": [0, 0, 0.25, 0.15], "texture": "#2"}
			}
		},
		{
			"from": [7.925, 1.13834, 7.8006],
			"to": [8.175, 1.28834, 7.9136],
			"rotation": {"angle": 22.5, "axis": "x", "origin": [8.05, 1.21334, 7.8571]},
			"faces": {
				"north": {"uv": [0, 0, 0.25, 0.15], "texture": "#2"},
				"east": {"uv": [0, 0, 0.113, 0.15], "texture": "#2"},
				"south": {"uv": [0, 0, 0.25, 0.15], "texture": "#2"},
				"west": {"uv": [0, 0, 0.113, 0.15], "texture": "#2"},
				"up": {"uv": [0, 0, 0.25, 0.113], "texture": "#2"},
				"down": {"uv": [0, 0, 0.25, 0.113], "texture": "#2"}
			}
		},
		{
			"from": [7.92473, 1.08435, 7.82164],
			"to": [8.17473, 1.23435, 7.97164],
			"rotation": {"angle": -22.5, "axis": "x", "origin": [8.04973, 1.16585, 7.89664]},
			"faces": {
				"north": {"uv": [0, 0, 0.25, 0.15], "rotation": 180, "texture": "#2"},
				"east": {"uv": [0, 0, 0.15, 0.15], "rotation": 270, "texture": "#2"},
				"south": {"uv": [0, 0, 0.25, 0.15], "texture": "#2"},
				"west": {"uv": [0, 0, 0.15, 0.15], "rotation": 90, "texture": "#2"},
				"up": {"uv": [0, 0, 0.25, 0.15], "rotation": 180, "texture": "#2"},
				"down": {"uv": [0, 0, 0.25, 0.15], "texture": "#2"}
			}
		},
		{
			"from": [7.5, 0.20866, 6.94994],
			"to": [7.9, 0.86866, 7.02494],
			"faces": {
				"north": {"uv": [0, 0, 0.4, 0.66], "texture": "#0"},
				"east": {"uv": [0, 0, 0.075, 0.66], "texture": "#0"},
				"south": {"uv": [0, 0, 0.4, 0.66], "texture": "#0"},
				"west": {"uv": [0, 0, 0.075, 0.66], "texture": "#0"},
				"up": {"uv": [0, 0, 0.4, 0.075], "texture": "#0"},
				"down": {"uv": [0, 0, 0.4, 0.075], "texture": "#0"}
			}
		},
		{
			"from": [7.5, 0.20866, 6.77494],
			"to": [7.9, 0.86866, 6.84994],
			"faces": {
				"north": {"uv": [0, 0, 0.4, 0.66], "texture": "#0"},
				"east": {"uv": [0, 0, 0.075, 0.66], "texture": "#0"},
				"south": {"uv": [0, 0, 0.4, 0.66], "texture": "#0"},
				"west": {"uv": [0, 0, 0.075, 0.66], "texture": "#0"},
				"up": {"uv": [0, 0, 0.4, 0.075], "texture": "#0"},
				"down": {"uv": [0, 0, 0.4, 0.075], "texture": "#0"}
			}
		},
		{
			"from": [7.5, 0.20866, 6.42494],
			"to": [7.9, 0.86866, 6.49994],
			"faces": {
				"north": {"uv": [0, 0, 0.4, 0.66], "texture": "#0"},
				"east": {"uv": [0, 0, 0.075, 0.66], "texture": "#0"},
				"south": {"uv": [0, 0, 0.4, 0.66], "texture": "#0"},
				"west": {"uv": [0, 0, 0.075, 0.66], "texture": "#0"},
				"up": {"uv": [0, 0, 0.4, 0.075], "texture": "#0"},
				"down": {"uv": [0, 0, 0.4, 0.075], "texture": "#0"}
			}
		},
		{
			"from": [7.5, 0.20866, 6.59994],
			"to": [7.9, 0.86866, 6.67494],
			"faces": {
				"north": {"uv": [0, 0, 0.4, 0.66], "texture": "#0"},
				"east": {"uv": [0, 0, 0.075, 0.66], "texture": "#0"},
				"south": {"uv": [0, 0, 0.4, 0.66], "texture": "#0"},
				"west": {"uv": [0, 0, 0.075, 0.66], "texture": "#0"},
				"up": {"uv": [0, 0, 0.4, 0.075], "texture": "#0"},
				"down": {"uv": [0, 0, 0.4, 0.075], "texture": "#0"}
			}
		},
		{
			"from": [7.5, 0.20866, 6.07494],
			"to": [7.9, 0.86866, 6.14994],
			"faces": {
				"north": {"uv": [0, 0, 0.4, 0.66], "texture": "#0"},
				"east": {"uv": [0, 0, 0.075, 0.66], "texture": "#0"},
				"south": {"uv": [0, 0, 0.4, 0.66], "texture": "#0"},
				"west": {"uv": [0, 0, 0.075, 0.66], "texture": "#0"},
				"up": {"uv": [0, 0, 0.4, 0.075], "texture": "#0"},
				"down": {"uv": [0, 0, 0.4, 0.075], "texture": "#0"}
			}
		},
		{
			"from": [7.5, 0.20866, 6.24994],
			"to": [7.9, 0.86866, 6.32494],
			"faces": {
				"north": {"uv": [0, 0, 0.4, 0.66], "texture": "#0"},
				"east": {"uv": [0, 0, 0.075, 0.66], "texture": "#0"},
				"south": {"uv": [0, 0, 0.4, 0.66], "texture": "#0"},
				"west": {"uv": [0, 0, 0.075, 0.66], "texture": "#0"},
				"up": {"uv": [0, 0, 0.4, 0.075], "texture": "#0"},
				"down": {"uv": [0, 0, 0.4, 0.075], "texture": "#0"}
			}
		},
		{
			"from": [7.5, 0.20866, 5.72494],
			"to": [7.9, 0.86866, 5.79994],
			"faces": {
				"north": {"uv": [0, 0, 0.4, 0.66], "texture": "#0"},
				"east": {"uv": [0, 0, 0.075, 0.66], "texture": "#0"},
				"south": {"uv": [0, 0, 0.4, 0.66], "texture": "#0"},
				"west": {"uv": [0, 0, 0.075, 0.66], "texture": "#0"},
				"up": {"uv": [0, 0, 0.4, 0.075], "texture": "#0"},
				"down": {"uv": [0, 0, 0.4, 0.075], "texture": "#0"}
			}
		},
		{
			"from": [7.5, 0.20866, 5.89994],
			"to": [7.9, 0.86866, 5.97494],
			"faces": {
				"north": {"uv": [0, 0, 0.4, 0.66], "texture": "#0"},
				"east": {"uv": [0, 0, 0.075, 0.66], "texture": "#0"},
				"south": {"uv": [0, 0, 0.4, 0.66], "texture": "#0"},
				"west": {"uv": [0, 0, 0.075, 0.66], "texture": "#0"},
				"up": {"uv": [0, 0, 0.4, 0.075], "texture": "#0"},
				"down": {"uv": [0, 0, 0.4, 0.075], "texture": "#0"}
			}
		},
		{
			"from": [7.55, 0.20866, 4.62494],
			"to": [7.9, 0.86866, 7.49994],
			"faces": {
				"north": {"uv": [0, 0, 0.35, 0.66], "texture": "#0"},
				"east": {"uv": [0, 0, 2.875, 0.66], "texture": "#0"},
				"south": {"uv": [0, 0, 0.35, 0.66], "texture": "#0"},
				"west": {"uv": [0, 0, 2.875, 0.66], "texture": "#0"},
				"up": {"uv": [0, 0, 0.35, 2.875], "texture": "#0"},
				"down": {"uv": [0, 0, 0.35, 2.875], "texture": "#0"}
			}
		},
		{
			"from": [7.5, 0.20866, 4.59994],
			"to": [7.9, 0.86866, 5.74994],
			"faces": {
				"north": {"uv": [0, 0, 0.4, 0.66], "texture": "#0"},
				"east": {"uv": [0, 0, 1.15, 0.66], "texture": "#0"},
				"south": {"uv": [0, 0, 0.4, 0.66], "texture": "#0"},
				"west": {"uv": [0, 0, 1.15, 0.66], "texture": "#0"},
				"up": {"uv": [0, 0, 0.4, 1.15], "texture": "#0"},
				"down": {"uv": [0, 0, 0.4, 1.15], "texture": "#0"}
			}
		},
		{
			"from": [7.55, -2.63286, 4.20785],
			"to": [8.55, 0.57714, 5.65785],
			"rotation": {"angle": -22.5, "axis": "x", "origin": [7.7, 0.89714, 7.63285]},
			"faces": {
				"north": {"uv": [0, 0, 1, 3.21], "texture": "#1"},
				"east": {"uv": [0, 0, 1.45, 3.21], "texture": "#1"},
				"south": {"uv": [0, 0, 1, 3.21], "texture": "#1"},
				"west": {"uv": [0, 0, 1.45, 3.21], "texture": "#1"},
				"up": {"uv": [0, 0, 1, 1.45], "texture": "#1"},
				"down": {"uv": [0, 0, 1, 1.45], "texture": "#1"}
			}
		},
		{
			"from": [7.9, -1.06793, 2.3315],
			"to": [8.2, 0.22007, 2.5565],
			"rotation": {"angle": -22.5, "axis": "x", "origin": [8, 0.17607, 3.3315]},
			"faces": {
				"north": {"uv": [0, 0, 0.3, 1.288], "rotation": 180, "texture": "#0"},
				"east": {"uv": [0, 0, 1.288, 0.225], "rotation": 270, "texture": "#0"},
				"south": {"uv": [0, 0, 0.3, 1.288], "texture": "#0"},
				"west": {"uv": [0, 0, 1.288, 0.225], "rotation": 90, "texture": "#0"},
				"up": {"uv": [0, 0, 0.3, 0.225], "rotation": 180, "texture": "#0"},
				"down": {"uv": [0, 0, 0.3, 0.225], "texture": "#0"}
			}
		},
		{
			"from": [7.902, -1.68043, 3.5764],
			"to": [8.202, -1.45543, 3.7644],
			"rotation": {"angle": 45, "axis": "x", "origin": [8.002, -0.68043, 3.6204]},
			"faces": {
				"north": {"uv": [0, 0, 0.3, 0.225], "texture": "#0"},
				"east": {"uv": [0, 0, 0.188, 0.225], "texture": "#0"},
				"south": {"uv": [0, 0, 0.3, 0.225], "texture": "#0"},
				"west": {"uv": [0, 0, 0.188, 0.225], "texture": "#0"},
				"up": {"uv": [0, 0, 0.3, 0.188], "texture": "#0"},
				"down": {"uv": [0, 0, 0.3, 0.188], "texture": "#0"}
			}
		},
		{
			"from": [7.90151, -1.582, 3.39462],
			"to": [8.20151, -1.357, 3.58262],
			"rotation": {"angle": 22.5, "axis": "x", "origin": [8.00151, -0.582, 3.43862]},
			"faces": {
				"north": {"uv": [0, 0, 0.3, 0.225], "texture": "#0"},
				"east": {"uv": [0, 0, 0.188, 0.225], "texture": "#0"},
				"south": {"uv": [0, 0, 0.3, 0.225], "texture": "#0"},
				"west": {"uv": [0, 0, 0.188, 0.225], "texture": "#0"},
				"up": {"uv": [0, 0, 0.3, 0.188], "texture": "#0"},
				"down": {"uv": [0, 0, 0.3, 0.188], "texture": "#0"}
			}
		},
		{
			"from": [7.90112, -1.56062, 3.18901],
			"to": [8.20112, -1.33562, 4.27701],
			"faces": {
				"north": {"uv": [0, 0, 0.3, 0.225], "texture": "#0"},
				"east": {"uv": [0, 0, 1.088, 0.225], "texture": "#0"},
				"south": {"uv": [0, 0, 0.3, 0.225], "texture": "#0"},
				"west": {"uv": [0, 0, 1.088, 0.225], "texture": "#0"},
				"up": {"uv": [0, 0, 0.3, 1.088], "texture": "#0"},
				"down": {"uv": [0, 0, 0.3, 1.088], "texture": "#0"}
			}
		},
		{
			"from": [7.9, -0.86793, 2.7315],
			"to": [8.2, 0.22007, 2.8565],
			"faces": {
				"north": {"uv": [0, 0, 0.3, 1.088], "rotation": 180, "texture": "#0"},
				"east": {"uv": [0, 0, 1.088, 0.125], "rotation": 270, "texture": "#0"},
				"south": {"uv": [0, 0, 0.3, 1.088], "texture": "#0"},
				"west": {"uv": [0, 0, 1.088, 0.125], "rotation": 90, "texture": "#0"},
				"up": {"uv": [0, 0, 0.3, 0.125], "rotation": 180, "texture": "#0"},
				"down": {"uv": [0, 0, 0.3, 0.125], "texture": "#0"}
			}
		},
		{
			"from": [7.9, -0.66793, 2.8315],
			"to": [8.2, 0.22007, 3.1565],
			"rotation": {"angle": 22.5, "axis": "x", "origin": [8, 0.17607, 3.3315]},
			"faces": {
				"north": {"uv": [0, 0, 0.3, 0.888], "rotation": 180, "texture": "#0"},
				"east": {"uv": [0, 0, 0.888, 0.325], "rotation": 270, "texture": "#0"},
				"south": {"uv": [0, 0, 0.3, 0.888], "texture": "#0"},
				"west": {"uv": [0, 0, 0.888, 0.325], "rotation": 90, "texture": "#0"},
				"up": {"uv": [0, 0, 0.3, 0.325], "rotation": 180, "texture": "#0"},
				"down": {"uv": [0, 0, 0.3, 0.325], "texture": "#0"}
			}
		},
		{
			"from": [7.90245, -1.62113, 3.89087],
			"to": [8.20245, -1.39613, 4.97887],
			"rotation": {"angle": -22.5, "axis": "x", "origin": [8.00245, -0.62113, 3.93487]},
			"faces": {
				"north": {"uv": [0, 0, 0.3, 0.225], "texture": "#0"},
				"east": {"uv": [0, 0, 1.088, 0.225], "texture": "#0"},
				"south": {"uv": [0, 0, 0.3, 0.225], "texture": "#0"},
				"west": {"uv": [0, 0, 1.088, 0.225], "texture": "#0"},
				"up": {"uv": [0, 0, 0.3, 1.088], "texture": "#0"},
				"down": {"uv": [0, 0, 0.3, 1.088], "texture": "#0"}
			}
		},
		{
			"from": [7.90245, -1.59613, 3.69087],
			"to": [8.20245, -1.42113, 4.97887],
			"rotation": {"angle": -45, "axis": "x", "origin": [8.00245, -0.62113, 3.93487]},
			"faces": {
				"north": {"uv": [0, 0, 0.3, 0.175], "texture": "#0"},
				"east": {"uv": [0, 0, 1.288, 0.175], "texture": "#0"},
				"south": {"uv": [0, 0, 0.3, 0.175], "texture": "#0"},
				"west": {"uv": [0, 0, 1.288, 0.175], "texture": "#0"},
				"up": {"uv": [0, 0, 0.3, 1.288], "texture": "#0"},
				"down": {"uv": [0, 0, 0.3, 1.288], "texture": "#0"}
			}
		},
		{
			"from": [7.90245, -0.86513, 4.70987],
			"to": [8.20245, 0.42287, 4.90987],
			"rotation": {"angle": 22.5, "axis": "x", "origin": [8.00245, -0.62113, 3.93487]},
			"faces": {
				"north": {"uv": [0, 0, 0.3, 1.288], "rotation": 180, "texture": "#0"},
				"east": {"uv": [0, 0, 1.288, 0.2], "rotation": 90, "texture": "#0"},
				"south": {"uv": [0, 0, 0.3, 1.288], "texture": "#0"},
				"west": {"uv": [0, 0, 1.288, 0.2], "rotation": 270, "texture": "#0"},
				"up": {"uv": [0, 0, 0.3, 0.2], "texture": "#0"},
				"down": {"uv": [0, 0, 0.3, 0.2], "rotation": 180, "texture": "#0"}
			}
		},
		{
			"from": [7.55, -0.32393, 3.2875],
			"to": [8.55, 0.20107, 7.2755],
			"faces": {
				"north": {"uv": [0, 0, 1, 0.525], "texture": "#1"},
				"east": {"uv": [0, 0, 3.988, 0.525], "texture": "#1"},
				"south": {"uv": [0, 0, 1, 0.525], "texture": "#1"},
				"west": {"uv": [0, 0, 3.988, 0.525], "texture": "#1"},
				"up": {"uv": [0, 0, 1, 3.988], "texture": "#1"},
				"down": {"uv": [0, 0, 1, 3.988], "texture": "#1"}
			}
		},
		{
			"name": "hexadecagon",
			"from": [7.95027, 0.75, -0.2],
			"to": [8.04973, 0.8, 0.8],
			"rotation": {"angle": -45, "axis": "z", "origin": [8, 1, 0.3]},
			"faces": {
				"north": {"uv": [0, 0, 1, 1], "texture": "#0"},
				"east": {"uv": [0, 0, 1, 1], "texture": "#0"},
				"south": {"uv": [0, 0, 1, 1], "texture": "#0"},
				"west": {"uv": [0, 0, 1, 1], "texture": "#0"},
				"up": {"uv": [0, 0, 1, 1], "texture": "#0"},
				"down": {"uv": [0, 0, 1, 1], "texture": "#0"}
			}
		},
		{
			"name": "hexadecagon",
			"from": [7.95027, 0.75, -0.2],
			"to": [8.04973, 0.8, 0.8],
			"rotation": {"angle": -22.5, "axis": "z", "origin": [8, 1, 0.3]},
			"faces": {
				"north": {"uv": [0, 0, 1, 1], "texture": "#0"},
				"east": {"uv": [0, 0, 1, 1], "texture": "#0"},
				"south": {"uv": [0, 0, 1, 1], "texture": "#0"},
				"west": {"uv": [0, 0, 1, 1], "texture": "#0"},
				"up": {"uv": [0, 0, 1, 1], "texture": "#0"},
				"down": {"uv": [0, 0, 1, 1], "texture": "#0"}
			}
		},
		{
			"name": "hexadecagon",
			"from": [7.95027, 0.75, -0.2],
			"to": [8.04973, 0.8, 0.8],
			"faces": {
				"north": {"uv": [0, 0, 1, 1], "texture": "#0"},
				"east": {"uv": [0, 0, 1, 1], "texture": "#0"},
				"south": {"uv": [0, 0, 1, 1], "texture": "#0"},
				"west": {"uv": [0, 0, 1, 1], "texture": "#0"},
				"up": {"uv": [0, 0, 1, 1], "texture": "#0"},
				"down": {"uv": [0, 0, 1, 1], "texture": "#0"}
			}
		},
		{
			"name": "hexadecagon",
			"from": [7.95027, 0.75, -0.2],
			"to": [8.04973, 0.8, 0.8],
			"rotation": {"angle": 22.5, "axis": "z", "origin": [8, 1, 0.3]},
			"faces": {
				"north": {"uv": [0, 0, 1, 1], "texture": "#0"},
				"east": {"uv": [0, 0, 1, 1], "texture": "#0"},
				"south": {"uv": [0, 0, 1, 1], "texture": "#0"},
				"west": {"uv": [0, 0, 1, 1], "texture": "#0"},
				"up": {"uv": [0, 0, 1, 1], "texture": "#0"},
				"down": {"uv": [0, 0, 1, 1], "texture": "#0"}
			}
		},
		{
			"name": "hexadecagon",
			"from": [7.95027, 0.75, -0.2],
			"to": [8.04973, 0.8, 0.8],
			"rotation": {"angle": 45, "axis": "z", "origin": [8, 1, 0.3]},
			"faces": {
				"north": {"uv": [0, 0, 1, 1], "texture": "#0"},
				"east": {"uv": [0, 0, 1, 1], "texture": "#0"},
				"south": {"uv": [0, 0, 1, 1], "texture": "#0"},
				"west": {"uv": [0, 0, 1, 1], "texture": "#0"},
				"up": {"uv": [0, 0, 1, 1], "texture": "#0"},
				"down": {"uv": [0, 0, 1, 1], "texture": "#0"}
			}
		},
		{
			"name": "hexadecagon",
			"from": [7.95027, 1.2, -0.2],
			"to": [8.04973, 1.25, 0.8],
			"rotation": {"angle": -45, "axis": "z", "origin": [8, 1, 0.3]},
			"faces": {
				"north": {"uv": [0, 0, 1, 1], "texture": "#0"},
				"east": {"uv": [0, 0, 1, 1], "texture": "#0"},
				"south": {"uv": [0, 0, 1, 1], "texture": "#0"},
				"west": {"uv": [0, 0, 1, 1], "texture": "#0"},
				"up": {"uv": [0, 0, 1, 1], "texture": "#0"},
				"down": {"uv": [0, 0, 1, 1], "texture": "#0"}
			}
		},
		{
			"name": "hexadecagon",
			"from": [7.95027, 1.2, -0.2],
			"to": [8.04973, 1.25, 0.8],
			"rotation": {"angle": -22.5, "axis": "z", "origin": [8, 1, 0.3]},
			"faces": {
				"north": {"uv": [0, 0, 1, 1], "texture": "#0"},
				"east": {"uv": [0, 0, 1, 1], "texture": "#0"},
				"south": {"uv": [0, 0, 1, 1], "texture": "#0"},
				"west": {"uv": [0, 0, 1, 1], "texture": "#0"},
				"up": {"uv": [0, 0, 1, 1], "texture": "#0"},
				"down": {"uv": [0, 0, 1, 1], "texture": "#0"}
			}
		},
		{
			"name": "hexadecagon",
			"from": [7.95027, 1.2, -0.2],
			"to": [8.04973, 1.25, 0.8],
			"faces": {
				"north": {"uv": [0, 0, 1, 1], "texture": "#0"},
				"east": {"uv": [0, 0, 1, 1], "texture": "#0"},
				"south": {"uv": [0, 0, 1, 1], "texture": "#0"},
				"west": {"uv": [0, 0, 1, 1], "texture": "#0"},
				"up": {"uv": [0, 0, 1, 1], "texture": "#0"},
				"down": {"uv": [0, 0, 1, 1], "texture": "#0"}
			}
		},
		{
			"name": "hexadecagon",
			"from": [7.95027, 1.2, -0.2],
			"to": [8.04973, 1.25, 0.8],
			"rotation": {"angle": 22.5, "axis": "z", "origin": [8, 1, 0.3]},
			"faces": {
				"north": {"uv": [0, 0, 1, 1], "texture": "#0"},
				"east": {"uv": [0, 0, 1, 1], "texture": "#0"},
				"south": {"uv": [0, 0, 1, 1], "texture": "#0"},
				"west": {"uv": [0, 0, 1, 1], "texture": "#0"},
				"up": {"uv": [0, 0, 1, 1], "texture": "#0"},
				"down": {"uv": [0, 0, 1, 1], "texture": "#0"}
			}
		},
		{
			"name": "hexadecagon",
			"from": [7.95027, 1.2, -0.2],
			"to": [8.04973, 1.25, 0.8],
			"rotation": {"angle": 45, "axis": "z", "origin": [8, 1, 0.3]},
			"faces": {
				"north": {"uv": [0, 0, 1, 1], "texture": "#0"},
				"east": {"uv": [0, 0, 1, 1], "texture": "#0"},
				"south": {"uv": [0, 0, 1, 1], "texture": "#0"},
				"west": {"uv": [0, 0, 1, 1], "texture": "#0"},
				"up": {"uv": [0, 0, 1, 1], "texture": "#0"},
				"down": {"uv": [0, 0, 1, 1], "texture": "#0"}
			}
		},
		{
			"name": "hexadecagon",
			"from": [7.75, 0.95027, -0.2],
			"to": [7.8, 1.04973, 0.8],
			"rotation": {"angle": -22.5, "axis": "z", "origin": [8, 1, 0.3]},
			"faces": {
				"north": {"uv": [0, 0, 1, 1], "texture": "#0"},
				"east": {"uv": [0, 0, 1, 1], "texture": "#0"},
				"south": {"uv": [0, 0, 1, 1], "texture": "#0"},
				"west": {"uv": [0, 0, 1, 1], "texture": "#0"},
				"up": {"uv": [0, 0, 1, 1], "texture": "#0"},
				"down": {"uv": [0, 0, 1, 1], "texture": "#0"}
			}
		},
		{
			"name": "hexadecagon",
			"from": [7.75, 0.95027, -0.2],
			"to": [7.8, 1.04973, 0.8],
			"faces": {
				"north": {"uv": [0, 0, 1, 1], "texture": "#0"},
				"east": {"uv": [0, 0, 1, 1], "texture": "#0"},
				"south": {"uv": [0, 0, 1, 1], "texture": "#0"},
				"west": {"uv": [0, 0, 1, 1], "texture": "#0"},
				"up": {"uv": [0, 0, 1, 1], "texture": "#0"},
				"down": {"uv": [0, 0, 1, 1], "texture": "#0"}
			}
		},
		{
			"name": "hexadecagon",
			"from": [7.75, 0.95027, -0.2],
			"to": [7.8, 1.04973, 0.8],
			"rotation": {"angle": 22.5, "axis": "z", "origin": [8, 1, 0.3]},
			"faces": {
				"north": {"uv": [0, 0, 1, 1], "texture": "#0"},
				"east": {"uv": [0, 0, 1, 1], "texture": "#0"},
				"south": {"uv": [0, 0, 1, 1], "texture": "#0"},
				"west": {"uv": [0, 0, 1, 1], "texture": "#0"},
				"up": {"uv": [0, 0, 1, 1], "texture": "#0"},
				"down": {"uv": [0, 0, 1, 1], "texture": "#0"}
			}
		},
		{
			"name": "hexadecagon",
			"from": [8.2, 0.95027, -0.2],
			"to": [8.25, 1.04973, 0.8],
			"rotation": {"angle": -22.5, "axis": "z", "origin": [8, 1, 0.3]},
			"faces": {
				"north": {"uv": [0, 0, 1, 1], "texture": "#0"},
				"east": {"uv": [0, 0, 1, 1], "texture": "#0"},
				"south": {"uv": [0, 0, 1, 1], "texture": "#0"},
				"west": {"uv": [0, 0, 1, 1], "texture": "#0"},
				"up": {"uv": [0, 0, 1, 1], "texture": "#0"},
				"down": {"uv": [0, 0, 1, 1], "texture": "#0"}
			}
		},
		{
			"name": "hexadecagon",
			"from": [8.2, 0.95027, -0.2],
			"to": [8.25, 1.04973, 0.8],
			"faces": {
				"north": {"uv": [0, 0, 1, 1], "texture": "#0"},
				"east": {"uv": [0, 0, 1, 1], "texture": "#0"},
				"south": {"uv": [0, 0, 1, 1], "texture": "#0"},
				"west": {"uv": [0, 0, 1, 1], "texture": "#0"},
				"up": {"uv": [0, 0, 1, 1], "texture": "#0"},
				"down": {"uv": [0, 0, 1, 1], "texture": "#0"}
			}
		},
		{
			"name": "hexadecagon",
			"from": [8.2, 0.95027, -0.2],
			"to": [8.25, 1.04973, 0.8],
			"rotation": {"angle": 22.5, "axis": "z", "origin": [8, 1, 0.3]},
			"faces": {
				"north": {"uv": [0, 0, 1, 1], "texture": "#0"},
				"east": {"uv": [0, 0, 1, 1], "texture": "#0"},
				"south": {"uv": [0, 0, 1, 1], "texture": "#0"},
				"west": {"uv": [0, 0, 1, 1], "texture": "#0"},
				"up": {"uv": [0, 0, 1, 1], "texture": "#0"},
				"down": {"uv": [0, 0, 1, 1], "texture": "#0"}
			}
		},
		{
			"from": [7.82745, -1.67113, 4.19087],
			"to": [8.25245, -1.54613, 4.97887],
			"rotation": {"angle": -22.5, "axis": "x", "origin": [8.00245, -0.67113, 3.93487]},
			"faces": {
				"north": {"uv": [0, 0, 0.425, 0.125], "texture": "#2"},
				"east": {"uv": [0, 0, 0.788, 0.125], "texture": "#2"},
				"south": {"uv": [0, 0, 0.425, 0.125], "texture": "#2"},
				"west": {"uv": [0, 0, 0.788, 0.125], "texture": "#2"},
				"up": {"uv": [0, 0, 0.425, 0.788], "texture": "#2"},
				"down": {"uv": [0, 0, 0.425, 0.788], "texture": "#2"}
			}
		},
		{
			"from": [7.82745, -1.44613, 4.66587],
			"to": [8.25245, -1.32113, 5.50387],
			"faces": {
				"north": {"uv": [0, 0, 0.425, 0.125], "texture": "#2"},
				"east": {"uv": [0, 0, 0.838, 0.125], "texture": "#2"},
				"south": {"uv": [0, 0, 0.425, 0.125], "texture": "#2"},
				"west": {"uv": [0, 0, 0.838, 0.125], "texture": "#2"},
				"up": {"uv": [0, 0, 0.425, 0.838], "texture": "#2"},
				"down": {"uv": [0, 0, 0.425, 0.838], "texture": "#2"}
			}
		},
		{
			"from": [7.49985, -4.08304, 5.90535],
			"to": [8.57485, -3.79804, 7.80535],
			"faces": {
				"north": {"uv": [0, 0, 1.075, 0.285], "texture": "#2"},
				"east": {"uv": [0, 0, 1.9, 0.285], "texture": "#2"},
				"south": {"uv": [0, 0, 1.075, 0.285], "texture": "#2"},
				"west": {"uv": [0, 0, 1.9, 0.285], "texture": "#2"},
				"up": {"uv": [0, 0, 1.075, 1.9], "texture": "#2"},
				"down": {"uv": [0, 0, 1.075, 1.9], "texture": "#2"}
			}
		},
		{
			"from": [7.45, -0.17393, 3.8875],
			"to": [8.55, 0.15107, 5.1755],
			"faces": {
				"north": {"uv": [0, 0, 1.1, 0.325], "texture": "#1"},
				"east": {"uv": [0, 0, 1.288, 0.325], "texture": "#1"},
				"south": {"uv": [0, 0, 1.1, 0.325], "texture": "#1"},
				"west": {"uv": [0, 0, 1.288, 0.325], "texture": "#1"},
				"up": {"uv": [0, 0, 1.1, 1.288], "texture": "#1"},
				"down": {"uv": [0, 0, 1.1, 1.288], "texture": "#1"}
			}
		},
		{
			"from": [7.425, -0.07393, 4.4125],
			"to": [8.55, 0.07607, 5.7005],
			"faces": {
				"north": {"uv": [0, 0, 1.125, 0.15], "texture": "#1"},
				"east": {"uv": [0, 0, 1.288, 0.15], "texture": "#1"},
				"south": {"uv": [0, 0, 1.125, 0.15], "texture": "#1"},
				"west": {"uv": [0, 0, 1.288, 0.15], "texture": "#1"},
				"up": {"uv": [0, 0, 1.125, 1.288], "texture": "#1"},
				"down": {"uv": [0, 0, 1.125, 1.288], "texture": "#1"}
			}
		}
	],
	"display": {
		"thirdperson_righthand": {
			"translation": [0, 6.75, 2.75],
			"scale": [0.75, 0.76, 0.76]
		},
		"firstperson_righthand": {
			"translation": [-4, 14, 1.75],
			"scale": [1.75, 1.75, 1.75]
		},
		"gui": {
			"rotation": [25, 52, 0],
			"translation": [5.25, 12.5, 0],
			"scale": [1.75, 1.75, 1.75]
		},
		"fixed": {
			"rotation": [89, -56, 90],
			"translation": [-16.25, 10.75, -1.75],
			"scale": [2.17, 2.08, 2.17]
		}
	},
	"groups": [0, 1, 2, 3, 4, 5, 6, 7, 8, 9, 10, 11, 12, 13, 14, 15, 16, 17, 18, 19, 20, 21, 22, 23, 24, 25, 26, 27, 28, 29, 30, 31, 32, 33, 34, 35, 36, 37, 38, 39, 40, 41, 42, 43, 44, 45, 46, 47, 48, 49, 50, 51, 52, 53, 54, 55, 56, 57, 58, 59, 60, 61, 62, 63, 64, 65, 66, 67, 68, 69, 70, 71, 72, 73, 74, 75, 76, 77, 78, 79, 80, 81, 82, 83, 84, 85, 86, 87, 88, 89, 90, 91, 92, 93, 94, 95, 96, 97, 98, 99, 100, 101, 102, 103, 104, 105, 106, 107, 108, 109, 110, 111, 112, 113,
		{
			"name": "hexadecagon",
			"children": [114, 115, 116, 117, 118, 119, 120, 121, 122, 123, 124, 125, 126, 127, 128, 129]
		}, 130, 131, 132, 133, 134]
}