{
	"credit": "Made with Blockbench",
	"textures": {
		"0": "custom/nothingness1/gray5",
		"1": "custom/nothingness1/gray2",
		"2": "custom/nothingness1/gray1",
		"4": "custom/nothingness1/saa",
		"particle": "custom/nothingness1/gray5"
	},
	"elements": [
		{
			"from": [7.2, 4, 3.5],
			"to": [8.8, 5, 12.8],
			"faces": {
				"north": {"uv": [0, 0, 1.6, 1], "texture": "#1"},
				"east": {"uv": [0, 0, 9.3, 1], "texture": "#1"},
				"south": {"uv": [0, 0, 1.6, 1], "texture": "#1"},
				"west": {"uv": [0, 0, 9.3, 1], "texture": "#1"},
				"up": {"uv": [0, 0, 1.6, 9.3], "texture": "#1"},
				"down": {"uv": [0, 0, 1.6, 9.3], "texture": "#1"}
			}
		},
		{
			"from": [7.2, 4.22721, 10.87573],
			"to": [8.8, 6.62721, 12.07573],
			"rotation": {"angle": 45, "axis": "x", "origin": [8, 5.42721, 11.47573]},
			"faces": {
				"north": {"uv": [0, 0, 1.6, 2.4], "texture": "#1"},
				"east": {"uv": [0, 0, 1.2, 2.4], "texture": "#1"},
				"south": {"uv": [0, 0, 1.6, 2.4], "texture": "#1"},
				"west": {"uv": [0, 0, 1.2, 2.4], "texture": "#1"},
				"up": {"uv": [0, 0, 1.6, 1.2], "texture": "#1"},
				"down": {"uv": [0, 0, 1.6, 1.2], "texture": "#1"}
			}
		},
		{
			"from": [7.4, 4.1, 5.4],
			"to": [8.6, 6.5, 12.7],
			"faces": {
				"north": {"uv": [0, 0, 1.2, 2.4], "texture": "#2"},
				"east": {"uv": [0, 0, 7.3, 2.4], "texture": "#2"},
				"south": {"uv": [0, 0, 1.2, 2.4], "texture": "#2"},
				"west": {"uv": [0, 0, 7.3, 2.4], "texture": "#2"},
				"up": {"uv": [0, 0, 1.2, 7.3], "texture": "#2"},
				"down": {"uv": [0, 0, 1.2, 7.3], "texture": "#2"}
			}
		},
		{
			"from": [7.3, 4, 8.6],
			"to": [8.7, 6.65, 13.2],
			"faces": {
				"north": {"uv": [0, 0, 1.4, 2.65], "texture": "#1"},
				"east": {"uv": [0, 0, 4.6, 2.65], "texture": "#1"},
				"south": {"uv": [0, 0, 1.4, 2.65], "texture": "#1"},
				"west": {"uv": [0, 0, 4.6, 2.65], "texture": "#1"},
				"up": {"uv": [0, 0, 1.4, 4.6], "texture": "#1"},
				"down": {"uv": [0, 0, 1.4, 4.6], "texture": "#1"}
			}
		},
		{
			"from": [8.3, 4, 5.3],
			"to": [8.7, 6.65, 13.2],
			"faces": {
				"north": {"uv": [0, 0, 0.4, 2.65], "texture": "#1"},
				"east": {"uv": [0, 0, 7.9, 2.65], "texture": "#1"},
				"south": {"uv": [0, 0, 0.4, 2.65], "texture": "#1"},
				"west": {"uv": [0, 0, 7.9, 2.65], "texture": "#1"},
				"up": {"uv": [0, 0, 0.4, 7.9], "texture": "#1"},
				"down": {"uv": [0, 0, 0.4, 7.9], "texture": "#1"}
			}
		},
		{
			"from": [8.2, 4, 5.3],
			"to": [8.7, 6.65, 8.1],
			"faces": {
				"north": {"uv": [0, 0, 0.5, 2.65], "texture": "#1"},
				"east": {"uv": [0, 0, 2.8, 2.65], "texture": "#1"},
				"south": {"uv": [0, 0, 0.5, 2.65], "texture": "#1"},
				"west": {"uv": [0, 0, 2.8, 2.65], "texture": "#1"},
				"up": {"uv": [0, 0, 0.5, 2.8], "texture": "#1"},
				"down": {"uv": [0, 0, 0.5, 2.8], "texture": "#1"}
			}
		},
		{
			"from": [7.3, 4, 5.3],
			"to": [7.7, 6.65, 13.2],
			"faces": {
				"north": {"uv": [0, 0, 0.4, 2.65], "texture": "#1"},
				"east": {"uv": [0, 0, 7.9, 2.65], "texture": "#1"},
				"south": {"uv": [0, 0, 0.4, 2.65], "texture": "#1"},
				"west": {"uv": [0, 0, 7.9, 2.65], "texture": "#1"},
				"up": {"uv": [0, 0, 0.4, 7.9], "texture": "#1"},
				"down": {"uv": [0, 0, 0.4, 7.9], "texture": "#1"}
			}
		},
		{
			"from": [7.3, 4, 5.3],
			"to": [7.8, 6.65, 8.1],
			"faces": {
				"north": {"uv": [0, 0, 0.5, 2.65], "texture": "#1"},
				"east": {"uv": [0, 0, 2.8, 2.65], "texture": "#1"},
				"south": {"uv": [0, 0, 0.5, 2.65], "texture": "#1"},
				"west": {"uv": [0, 0, 2.8, 2.65], "texture": "#1"},
				"up": {"uv": [0, 0, 0.5, 2.8], "texture": "#1"},
				"down": {"uv": [0, 0, 0.5, 2.8], "texture": "#1"}
			}
		},
		{
			"from": [7.6, 4, 5.3],
			"to": [8.7, 6.65, 5.7],
			"faces": {
				"north": {"uv": [0, 0, 1.1, 2.65], "texture": "#1"},
				"east": {"uv": [0, 0, 0.4, 2.65], "texture": "#1"},
				"south": {"uv": [0, 0, 1.1, 2.65], "texture": "#1"},
				"west": {"uv": [0, 0, 0.4, 2.65], "texture": "#1"},
				"up": {"uv": [0, 0, 1.1, 0.4], "texture": "#1"},
				"down": {"uv": [0, 0, 1.1, 0.4], "texture": "#1"}
			}
		},
		{
			"from": [7.3, 4, 3.45],
			"to": [8.7, 6.45, 5.3],
			"faces": {
				"north": {"uv": [0, 0, 1.4, 2.45], "texture": "#1"},
				"east": {"uv": [0, 0, 1.85, 2.45], "texture": "#1"},
				"south": {"uv": [0, 0, 1.4, 2.45], "texture": "#1"},
				"west": {"uv": [0, 0, 1.85, 2.45], "texture": "#1"},
				"up": {"uv": [0, 0, 1.4, 1.85], "texture": "#1"},
				"down": {"uv": [0, 0, 1.4, 1.85], "texture": "#1"}
			}
		},
		{
			"from": [7.29994, 4.51136, 3.92586],
			"to": [8.69994, 6.96136, 4.47586],
			"rotation": {"angle": -22.5, "axis": "x", "origin": [7.99994, 5.51136, 4.97586]},
			"faces": {
				"north": {"uv": [0, 0, 1.4, 2.45], "texture": "#1"},
				"east": {"uv": [0, 0, 0.55, 2.45], "texture": "#1"},
				"south": {"uv": [0, 0, 1.4, 2.45], "texture": "#1"},
				"west": {"uv": [0, 0, 0.55, 2.45], "texture": "#1"},
				"up": {"uv": [0, 0, 1.4, 0.55], "texture": "#1"},
				"down": {"uv": [0, 0, 1.4, 0.55], "texture": "#1"}
			}
		},
		{
			"from": [7.3, 4, 3.95],
			"to": [8.7, 6.65, 5.8],
			"faces": {
				"north": {"uv": [0, 0, 1.4, 2.65], "texture": "#1"},
				"east": {"uv": [0, 0, 1.85, 2.65], "texture": "#1"},
				"south": {"uv": [0, 0, 1.4, 2.65], "texture": "#1"},
				"west": {"uv": [0, 0, 1.85, 2.65], "texture": "#1"},
				"up": {"uv": [0, 0, 1.4, 1.85], "texture": "#1"},
				"down": {"uv": [0, 0, 1.4, 1.85], "texture": "#1"}
			}
		},
		{
			"from": [7.3, -0.6, 7.3],
			"to": [8.7, 5, 9.2],
			"faces": {
				"north": {"uv": [0, 0, 1.4, 5.6], "texture": "#1"},
				"east": {"uv": [0, 0, 1.9, 5.6], "texture": "#1"},
				"south": {"uv": [0, 0, 1.4, 5.6], "texture": "#1"},
				"west": {"uv": [0, 0, 1.9, 5.6], "texture": "#1"},
				"up": {"uv": [0, 0, 1.4, 1.9], "texture": "#1"},
				"down": {"uv": [0, 0, 1.4, 1.9], "texture": "#1"}
			}
		},
		{
			"from": [7.5, -0.4, 8.2],
			"to": [8.5, 5, 9.6],
			"faces": {
				"north": {"uv": [0, 0, 1, 5.4], "texture": "#2"},
				"east": {"uv": [0, 0, 1.4, 5.4], "texture": "#2"},
				"south": {"uv": [0, 0, 1, 5.4], "texture": "#2"},
				"west": {"uv": [0, 0, 1.4, 5.4], "texture": "#2"},
				"up": {"uv": [0, 0, 1, 1.4], "texture": "#2"},
				"down": {"uv": [0, 0, 1, 1.4], "texture": "#2"}
			}
		},
		{
			"from": [7.5, 6.7, 12.9],
			"to": [8.5, 8.9, 15.1],
			"rotation": {"angle": 45, "axis": "x", "origin": [8, 12, 7.8]},
			"faces": {
				"north": {"uv": [0, 0, 1, 2.2], "texture": "#2"},
				"east": {"uv": [0, 0, 2.2, 2.2], "texture": "#2"},
				"south": {"uv": [0, 0, 1, 2.2], "texture": "#2"},
				"west": {"uv": [0, 0, 2.2, 2.2], "texture": "#2"},
				"up": {"uv": [0, 0, 1, 2.2], "texture": "#2"},
				"down": {"uv": [0, 0, 1, 2.2], "texture": "#2"}
			}
		},
		{
			"from": [7.5, -0.4, 7.5],
			"to": [8.5, 1.5, 9.8],
			"faces": {
				"north": {"uv": [0, 0, 1, 1.9], "texture": "#2"},
				"east": {"uv": [0, 0, 2.3, 1.9], "texture": "#2"},
				"south": {"uv": [0, 0, 1, 1.9], "texture": "#2"},
				"west": {"uv": [0, 0, 2.3, 1.9], "texture": "#2"},
				"up": {"uv": [0, 0, 1, 2.3], "texture": "#2"},
				"down": {"uv": [0, 0, 1, 2.3], "texture": "#2"}
			}
		},
		{
			"from": [7.50001, -0.23969, 3.85386],
			"to": [8.50001, 1.86031, 5.05386],
			"rotation": {"angle": -22.5, "axis": "x", "origin": [8.00001, 12.56031, 3.05386]},
			"faces": {
				"north": {"uv": [0, 0, 1, 2.1], "texture": "#2"},
				"east": {"uv": [0, 0, 1.2, 2.1], "texture": "#2"},
				"south": {"uv": [0, 0, 1, 2.1], "texture": "#2"},
				"west": {"uv": [0, 0, 1.2, 2.1], "texture": "#2"},
				"up": {"uv": [0, 0, 1, 1.2], "texture": "#2"},
				"down": {"uv": [0, 0, 1, 1.2], "texture": "#2"}
			}
		},
		{
			"from": [7.6, -5.1, 7.4],
			"to": [8.4, 5, 9.1],
			"faces": {
				"north": {"uv": [0, 0, 0.8, 10.1], "texture": "#2"},
				"east": {"uv": [0, 0, 1.7, 10.1], "texture": "#2"},
				"south": {"uv": [0, 0, 0.8, 10.1], "texture": "#2"},
				"west": {"uv": [0, 0, 1.7, 10.1], "texture": "#2"},
				"up": {"uv": [0, 0, 0.8, 1.7], "texture": "#2"},
				"down": {"uv": [0, 0, 0.8, 1.7], "texture": "#2"}
			}
		},
		{
			"from": [7.2, 5.8, 4.2],
			"to": [8.8, 6.1, 10.2],
			"faces": {
				"north": {"uv": [0, 0, 1.6, 0.3], "texture": "#2"},
				"east": {"uv": [0, 0, 6, 0.3], "texture": "#2"},
				"south": {"uv": [0, 0, 1.6, 0.3], "texture": "#2"},
				"west": {"uv": [0, 0, 6, 0.3], "texture": "#2"},
				"up": {"uv": [0, 0, 1.6, 6], "texture": "#2"},
				"down": {"uv": [0, 0, 1.6, 6], "texture": "#2"}
			}
		},
		{
			"from": [7.2, 5.3, 4.2],
			"to": [8.8, 5.6, 10.2],
			"faces": {
				"north": {"uv": [0, 0, 1.6, 0.3], "texture": "#2"},
				"east": {"uv": [0, 0, 6, 0.3], "texture": "#2"},
				"south": {"uv": [0, 0, 1.6, 0.3], "texture": "#2"},
				"west": {"uv": [0, 0, 6, 0.3], "texture": "#2"},
				"up": {"uv": [0, 0, 1.6, 6], "texture": "#2"},
				"down": {"uv": [0, 0, 1.6, 6], "texture": "#2"}
			}
		},
		{
			"from": [7.5, -5.1, 8.6],
			"to": [8.5, 5, 9.1],
			"faces": {
				"north": {"uv": [0, 0, 1, 10.1], "texture": "#2"},
				"east": {"uv": [0, 0, 0.5, 10.1], "texture": "#2"},
				"south": {"uv": [0, 0, 1, 10.1], "texture": "#2"},
				"west": {"uv": [0, 0, 0.5, 10.1], "texture": "#2"},
				"up": {"uv": [0, 0, 1, 0.5], "texture": "#2"},
				"down": {"uv": [0, 0, 1, 0.5], "texture": "#2"}
			}
		},
		{
			"from": [7.5, -5.1, 7.4],
			"to": [8.5, 5, 8.2],
			"faces": {
				"north": {"uv": [0, 0, 1, 10.1], "texture": "#2"},
				"east": {"uv": [0, 0, 0.8, 10.1], "texture": "#2"},
				"south": {"uv": [0, 0, 1, 10.1], "texture": "#2"},
				"west": {"uv": [0, 0, 0.8, 10.1], "texture": "#2"},
				"up": {"uv": [0, 0, 1, 0.8], "texture": "#2"},
				"down": {"uv": [0, 0, 1, 0.8], "texture": "#2"}
			}
		},
		{
			"from": [7.85, 4, 5.9],
			"to": [8.15, 6.9, 6.2],
			"faces": {
				"north": {"uv": [0, 0, 0.3, 2.9], "texture": "#2"},
				"east": {"uv": [0, 0, 0.3, 2.9], "texture": "#2"},
				"south": {"uv": [0, 0, 0.3, 2.9], "texture": "#2"},
				"west": {"uv": [0, 0, 0.3, 2.9], "texture": "#2"},
				"up": {"uv": [0, 0, 0.3, 0.3], "texture": "#2"},
				"down": {"uv": [0, 0, 0.3, 0.3], "texture": "#2"}
			}
		},
		{
			"from": [7.75, 6.7, 5.8],
			"to": [8.25, 7.1, 6.5],
			"faces": {
				"north": {"uv": [0, 0, 0.5, 0.4], "texture": "#2"},
				"east": {"uv": [0, 0, 0.7, 0.4], "texture": "#2"},
				"south": {"uv": [0, 0, 0.5, 0.4], "texture": "#2"},
				"west": {"uv": [0, 0, 0.7, 0.4], "texture": "#2"},
				"up": {"uv": [0, 0, 0.5, 0.7], "texture": "#2"},
				"down": {"uv": [0, 0, 0.5, 0.7], "texture": "#2"}
			}
		},
		{
			"name": "hexadecagon",
			"from": [7.88065, 4.92, 3.24],
			"to": [8.11935, 6.12, 4.44],
			"rotation": {"angle": -45, "axis": "z", "origin": [8, 5.52, 3.84]},
			"faces": {
				"north": {"uv": [0, 0, 1, 1], "texture": "#2"},
				"east": {"uv": [0, 0, 1, 1], "texture": "#2"},
				"south": {"uv": [0, 0, 1, 1], "texture": "#2"},
				"west": {"uv": [0, 0, 1, 1], "texture": "#2"},
				"up": {"uv": [0, 0, 1, 1], "texture": "#2"},
				"down": {"uv": [0, 0, 1, 1], "texture": "#2"}
			}
		},
		{
			"name": "hexadecagon",
			"from": [7.88065, 4.92, 3.24],
			"to": [8.11935, 6.12, 4.44],
			"rotation": {"angle": -22.5, "axis": "z", "origin": [8, 5.52, 3.84]},
			"faces": {
				"north": {"uv": [0, 0, 1, 1], "texture": "#2"},
				"east": {"uv": [0, 0, 1, 1], "texture": "#2"},
				"south": {"uv": [0, 0, 1, 1], "texture": "#2"},
				"west": {"uv": [0, 0, 1, 1], "texture": "#2"},
				"up": {"uv": [0, 0, 1, 1], "texture": "#2"},
				"down": {"uv": [0, 0, 1, 1], "texture": "#2"}
			}
		},
		{
			"name": "hexadecagon",
			"from": [7.88065, 4.92, 3.24],
			"to": [8.11935, 6.12, 4.44],
			"faces": {
				"north": {"uv": [0, 0, 1, 1], "texture": "#2"},
				"east": {"uv": [0, 0, 1, 1], "texture": "#2"},
				"south": {"uv": [0, 0, 1, 1], "texture": "#2"},
				"west": {"uv": [0, 0, 1, 1], "texture": "#2"},
				"up": {"uv": [0, 0, 1, 1], "texture": "#2"},
				"down": {"uv": [0, 0, 1, 1], "texture": "#2"}
			}
		},
		{
			"name": "hexadecagon",
			"from": [7.88065, 4.92, 3.24],
			"to": [8.11935, 6.12, 4.44],
			"rotation": {"angle": 22.5, "axis": "z", "origin": [8, 5.52, 3.84]},
			"faces": {
				"north": {"uv": [0, 0, 1, 1], "texture": "#2"},
				"east": {"uv": [0, 0, 1, 1], "texture": "#2"},
				"south": {"uv": [0, 0, 1, 1], "texture": "#2"},
				"west": {"uv": [0, 0, 1, 1], "texture": "#2"},
				"up": {"uv": [0, 0, 1, 1], "texture": "#2"},
				"down": {"uv": [0, 0, 1, 1], "texture": "#2"}
			}
		},
		{
			"name": "hexadecagon",
			"from": [7.88065, 4.92, 3.24],
			"to": [8.11935, 6.12, 4.44],
			"rotation": {"angle": 45, "axis": "z", "origin": [8, 5.52, 3.84]},
			"faces": {
				"north": {"uv": [0, 0, 1, 1], "texture": "#2"},
				"east": {"uv": [0, 0, 1, 1], "texture": "#2"},
				"south": {"uv": [0, 0, 1, 1], "texture": "#2"},
				"west": {"uv": [0, 0, 1, 1], "texture": "#2"},
				"up": {"uv": [0, 0, 1, 1], "texture": "#2"},
				"down": {"uv": [0, 0, 1, 1], "texture": "#2"}
			}
		},
		{
			"name": "hexadecagon",
			"from": [7.4, 5.40065, 3.24],
			"to": [8.6, 5.63935, 4.44],
			"rotation": {"angle": -22.5, "axis": "z", "origin": [8, 5.52, 3.84]},
			"faces": {
				"north": {"uv": [0, 0, 1, 1], "texture": "#2"},
				"east": {"uv": [0, 0, 1, 1], "texture": "#2"},
				"south": {"uv": [0, 0, 1, 1], "texture": "#2"},
				"west": {"uv": [0, 0, 1, 1], "texture": "#2"},
				"up": {"uv": [0, 0, 1, 1], "texture": "#2"},
				"down": {"uv": [0, 0, 1, 1], "texture": "#2"}
			}
		},
		{
			"name": "hexadecagon",
			"from": [7.4, 5.40065, 3.24],
			"to": [8.6, 5.63935, 4.44],
			"faces": {
				"north": {"uv": [0, 0, 1, 1], "texture": "#2"},
				"east": {"uv": [0, 0, 1, 1], "texture": "#2"},
				"south": {"uv": [0, 0, 1, 1], "texture": "#2"},
				"west": {"uv": [0, 0, 1, 1], "texture": "#2"},
				"up": {"uv": [0, 0, 1, 1], "texture": "#2"},
				"down": {"uv": [0, 0, 1, 1], "texture": "#2"}
			}
		},
		{
			"name": "hexadecagon",
			"from": [7.4, 5.40065, 3.24],
			"to": [8.6, 5.63935, 4.44],
			"rotation": {"angle": 22.5, "axis": "z", "origin": [8, 5.52, 3.84]},
			"faces": {
				"north": {"uv": [0, 0, 1, 1], "texture": "#2"},
				"east": {"uv": [0, 0, 1, 1], "texture": "#2"},
				"south": {"uv": [0, 0, 1, 1], "texture": "#2"},
				"west": {"uv": [0, 0, 1, 1], "texture": "#2"},
				"up": {"uv": [0, 0, 1, 1], "texture": "#2"},
				"down": {"uv": [0, 0, 1, 1], "texture": "#2"}
			}
		},
		{
			"name": "hexadecagon",
			"from": [7.58065, 3.72, 3.34],
			"to": [8.41935, 5.52, 3.44],
			"faces": {
				"north": {"uv": [0, 0, 1, 1], "texture": "#2"},
				"east": {"uv": [0, 0, 1, 1], "texture": "#2"},
				"south": {"uv": [0, 0, 1, 1], "texture": "#2"},
				"west": {"uv": [0, 0, 1, 1], "texture": "#2"},
				"up": {"uv": [0, 0, 1, 1], "texture": "#2"},
				"down": {"uv": [0, 0, 1, 1], "texture": "#2"}
			}
		},
		{
			"name": "hexadecagon",
			"from": [7.94033, 5.22, 1.92],
			"to": [8.05967, 5.28, 3.72],
			"rotation": {"angle": -45, "axis": "z", "origin": [8, 5.52, 3.12]},
			"faces": {
				"north": {"uv": [0, 0, 1, 1], "texture": "#2"},
				"east": {"uv": [0, 0, 1, 1], "texture": "#2"},
				"south": {"uv": [0, 0, 1, 1], "texture": "#2"},
				"west": {"uv": [0, 0, 1, 1], "texture": "#2"},
				"up": {"uv": [0, 0, 1, 1], "texture": "#2"},
				"down": {"uv": [0, 0, 1, 1], "texture": "#2"}
			}
		},
		{
			"name": "hexadecagon",
			"from": [7.94033, 5.22, 1.92],
			"to": [8.05967, 5.28, 3.72],
			"rotation": {"angle": -22.5, "axis": "z", "origin": [8, 5.52, 3.12]},
			"faces": {
				"north": {"uv": [0, 0, 1, 1], "texture": "#2"},
				"east": {"uv": [0, 0, 1, 1], "texture": "#2"},
				"south": {"uv": [0, 0, 1, 1], "texture": "#2"},
				"west": {"uv": [0, 0, 1, 1], "texture": "#2"},
				"up": {"uv": [0, 0, 1, 1], "texture": "#2"},
				"down": {"uv": [0, 0, 1, 1], "texture": "#2"}
			}
		},
		{
			"name": "hexadecagon",
			"from": [7.94033, 5.22, 1.92],
			"to": [8.05967, 5.28, 3.72],
			"faces": {
				"north": {"uv": [0, 0, 1, 1], "texture": "#2"},
				"east": {"uv": [0, 0, 1, 1], "texture": "#2"},
				"south": {"uv": [0, 0, 1, 1], "texture": "#2"},
				"west": {"uv": [0, 0, 1, 1], "texture": "#2"},
				"up": {"uv": [0, 0, 1, 1], "texture": "#2"},
				"down": {"uv": [0, 0, 1, 1], "texture": "#2"}
			}
		},
		{
			"name": "hexadecagon",
			"from": [7.94033, 5.22, 1.92],
			"to": [8.05967, 5.28, 3.72],
			"rotation": {"angle": 22.5, "axis": "z", "origin": [8, 5.52, 3.12]},
			"faces": {
				"north": {"uv": [0, 0, 1, 1], "texture": "#2"},
				"east": {"uv": [0, 0, 1, 1], "texture": "#2"},
				"south": {"uv": [0, 0, 1, 1], "texture": "#2"},
				"west": {"uv": [0, 0, 1, 1], "texture": "#2"},
				"up": {"uv": [0, 0, 1, 1], "texture": "#2"},
				"down": {"uv": [0, 0, 1, 1], "texture": "#2"}
			}
		},
		{
			"name": "hexadecagon",
			"from": [7.94033, 5.22, 1.92],
			"to": [8.05967, 5.28, 3.72],
			"rotation": {"angle": 45, "axis": "z", "origin": [8, 5.52, 3.12]},
			"faces": {
				"north": {"uv": [0, 0, 1, 1], "texture": "#2"},
				"east": {"uv": [0, 0, 1, 1], "texture": "#2"},
				"south": {"uv": [0, 0, 1, 1], "texture": "#2"},
				"west": {"uv": [0, 0, 1, 1], "texture": "#2"},
				"up": {"uv": [0, 0, 1, 1], "texture": "#2"},
				"down": {"uv": [0, 0, 1, 1], "texture": "#2"}
			}
		},
		{
			"name": "hexadecagon",
			"from": [7.94033, 5.76, 1.92],
			"to": [8.05967, 5.82, 3.72],
			"rotation": {"angle": -45, "axis": "z", "origin": [8, 5.52, 3.12]},
			"faces": {
				"north": {"uv": [0, 0, 1, 1], "texture": "#2"},
				"east": {"uv": [0, 0, 1, 1], "texture": "#2"},
				"south": {"uv": [0, 0, 1, 1], "texture": "#2"},
				"west": {"uv": [0, 0, 1, 1], "texture": "#2"},
				"up": {"uv": [0, 0, 1, 1], "texture": "#2"},
				"down": {"uv": [0, 0, 1, 1], "texture": "#2"}
			}
		},
		{
			"name": "hexadecagon",
			"from": [7.94033, 5.76, 1.92],
			"to": [8.05967, 5.82, 3.72],
			"rotation": {"angle": -22.5, "axis": "z", "origin": [8, 5.52, 3.12]},
			"faces": {
				"north": {"uv": [0, 0, 1, 1], "texture": "#2"},
				"east": {"uv": [0, 0, 1, 1], "texture": "#2"},
				"south": {"uv": [0, 0, 1, 1], "texture": "#2"},
				"west": {"uv": [0, 0, 1, 1], "texture": "#2"},
				"up": {"uv": [0, 0, 1, 1], "texture": "#2"},
				"down": {"uv": [0, 0, 1, 1], "texture": "#2"}
			}
		},
		{
			"name": "hexadecagon",
			"from": [7.94033, 5.76, 1.92],
			"to": [8.05967, 5.82, 3.72],
			"faces": {
				"north": {"uv": [0, 0, 1, 1], "texture": "#2"},
				"east": {"uv": [0, 0, 1, 1], "texture": "#2"},
				"south": {"uv": [0, 0, 1, 1], "texture": "#2"},
				"west": {"uv": [0, 0, 1, 1], "texture": "#2"},
				"up": {"uv": [0, 0, 1, 1], "texture": "#2"},
				"down": {"uv": [0, 0, 1, 1], "texture": "#2"}
			}
		},
		{
			"name": "hexadecagon",
			"from": [7.94033, 5.76, 1.92],
			"to": [8.05967, 5.82, 3.72],
			"rotation": {"angle": 22.5, "axis": "z", "origin": [8, 5.52, 3.12]},
			"faces": {
				"north": {"uv": [0, 0, 1, 1], "texture": "#2"},
				"east": {"uv": [0, 0, 1, 1], "texture": "#2"},
				"south": {"uv": [0, 0, 1, 1], "texture": "#2"},
				"west": {"uv": [0, 0, 1, 1], "texture": "#2"},
				"up": {"uv": [0, 0, 1, 1], "texture": "#2"},
				"down": {"uv": [0, 0, 1, 1], "texture": "#2"}
			}
		},
		{
			"name": "hexadecagon",
			"from": [7.94033, 5.76, 1.92],
			"to": [8.05967, 5.82, 3.72],
			"rotation": {"angle": 45, "axis": "z", "origin": [8, 5.52, 3.12]},
			"faces": {
				"north": {"uv": [0, 0, 1, 1], "texture": "#2"},
				"east": {"uv": [0, 0, 1, 1], "texture": "#2"},
				"south": {"uv": [0, 0, 1, 1], "texture": "#2"},
				"west": {"uv": [0, 0, 1, 1], "texture": "#2"},
				"up": {"uv": [0, 0, 1, 1], "texture": "#2"},
				"down": {"uv": [0, 0, 1, 1], "texture": "#2"}
			}
		},
		{
			"name": "hexadecagon",
			"from": [7.7, 5.46033, 1.92],
			"to": [7.76, 5.57967, 3.72],
			"rotation": {"angle": -22.5, "axis": "z", "origin": [8, 5.52, 3.12]},
			"faces": {
				"north": {"uv": [0, 0, 1, 1], "texture": "#2"},
				"east": {"uv": [0, 0, 1, 1], "texture": "#2"},
				"south": {"uv": [0, 0, 1, 1], "texture": "#2"},
				"west": {"uv": [0, 0, 1, 1], "texture": "#2"},
				"up": {"uv": [0, 0, 1, 1], "texture": "#2"},
				"down": {"uv": [0, 0, 1, 1], "texture": "#2"}
			}
		},
		{
			"name": "hexadecagon",
			"from": [7.7, 5.46033, 1.92],
			"to": [7.76, 5.57967, 3.72],
			"faces": {
				"north": {"uv": [0, 0, 1, 1], "texture": "#2"},
				"east": {"uv": [0, 0, 1, 1], "texture": "#2"},
				"south": {"uv": [0, 0, 1, 1], "texture": "#2"},
				"west": {"uv": [0, 0, 1, 1], "texture": "#2"},
				"up": {"uv": [0, 0, 1, 1], "texture": "#2"},
				"down": {"uv": [0, 0, 1, 1], "texture": "#2"}
			}
		},
		{
			"name": "hexadecagon",
			"from": [7.7, 5.46033, 1.92],
			"to": [7.76, 5.57967, 3.72],
			"rotation": {"angle": 22.5, "axis": "z", "origin": [8, 5.52, 3.12]},
			"faces": {
				"north": {"uv": [0, 0, 1, 1], "texture": "#2"},
				"east": {"uv": [0, 0, 1, 1], "texture": "#2"},
				"south": {"uv": [0, 0, 1, 1], "texture": "#2"},
				"west": {"uv": [0, 0, 1, 1], "texture": "#2"},
				"up": {"uv": [0, 0, 1, 1], "texture": "#2"},
				"down": {"uv": [0, 0, 1, 1], "texture": "#2"}
			}
		},
		{
			"name": "hexadecagon",
			"from": [8.24, 5.46033, 1.92],
			"to": [8.3, 5.57967, 3.72],
			"rotation": {"angle": -22.5, "axis": "z", "origin": [8, 5.52, 3.12]},
			"faces": {
				"north": {"uv": [0, 0, 1, 1], "texture": "#2"},
				"east": {"uv": [0, 0, 1, 1], "texture": "#2"},
				"south": {"uv": [0, 0, 1, 1], "texture": "#2"},
				"west": {"uv": [0, 0, 1, 1], "texture": "#2"},
				"up": {"uv": [0, 0, 1, 1], "texture": "#2"},
				"down": {"uv": [0, 0, 1, 1], "texture": "#2"}
			}
		},
		{
			"name": "hexadecagon",
			"from": [8.24, 5.46033, 1.92],
			"to": [8.3, 5.57967, 3.72],
			"faces": {
				"north": {"uv": [0, 0, 1, 1], "texture": "#2"},
				"east": {"uv": [0, 0, 1, 1], "texture": "#2"},
				"south": {"uv": [0, 0, 1, 1], "texture": "#2"},
				"west": {"uv": [0, 0, 1, 1], "texture": "#2"},
				"up": {"uv": [0, 0, 1, 1], "texture": "#2"},
				"down": {"uv": [0, 0, 1, 1], "texture": "#2"}
			}
		},
		{
			"name": "hexadecagon",
			"from": [8.24, 5.46033, 1.92],
			"to": [8.3, 5.57967, 3.72],
			"rotation": {"angle": 22.5, "axis": "z", "origin": [8, 5.52, 3.12]},
			"faces": {
				"north": {"uv": [0, 0, 1, 1], "texture": "#2"},
				"east": {"uv": [0, 0, 1, 1], "texture": "#2"},
				"south": {"uv": [0, 0, 1, 1], "texture": "#2"},
				"west": {"uv": [0, 0, 1, 1], "texture": "#2"},
				"up": {"uv": [0, 0, 1, 1], "texture": "#2"},
				"down": {"uv": [0, 0, 1, 1], "texture": "#2"}
			}
		},
		{
			"from": [7.2, 4, 11.9],
			"to": [8.8, 6.7, 13.2],
			"faces": {
				"north": {"uv": [0, 0, 1.6, 2.7], "texture": "#1"},
				"east": {"uv": [0, 0, 1.3, 2.7], "texture": "#1"},
				"south": {"uv": [0, 0, 1.6, 2.7], "texture": "#1"},
				"west": {"uv": [0, 0, 1.3, 2.7], "texture": "#1"},
				"up": {"uv": [0, 0, 1.6, 1.3], "texture": "#1"},
				"down": {"uv": [0, 0, 1.6, 1.3], "texture": "#1"}
			}
		},
		{
			"from": [7.58054, 4.82864, 6.66078],
			"to": [8.40854, 5.51864, 17.28678],
			"faces": {
				"north": {"uv": [0, 0, 0.6, 0.5], "texture": "#2"},
				"east": {"uv": [0, 0, 7.7, 0.5], "texture": "#2"},
				"south": {"uv": [0, 0, 0.6, 0.5], "texture": "#2"},
				"west": {"uv": [0, 0, 7.7, 0.5], "texture": "#2"},
				"up": {"uv": [0, 0, 0.6, 7.7], "texture": "#2"},
				"down": {"uv": [0, 0, 0.6, 7.7], "texture": "#2"}
			}
		},
		{
			"from": [7.44254, 4.69064, 16.59678],
			"to": [8.54654, 5.65664, 19.35678],
			"faces": {
				"north": {"uv": [0, 0, 0.8, 0.7], "texture": "#1"},
				"east": {"uv": [0, 0, 2, 0.7], "texture": "#1"},
				"south": {"uv": [0, 0, 0.8, 0.7], "texture": "#1"},
				"west": {"uv": [0, 0, 2, 0.7], "texture": "#1"},
				"up": {"uv": [0, 0, 0.8, 2], "texture": "#1"},
				"down": {"uv": [0, 0, 0.8, 2], "texture": "#1"}
			}
		},
		{
			"from": [7.44254, 2.75864, 18.66678],
			"to": [8.54654, 5.65664, 19.35678],
			"faces": {
				"north": {"uv": [0, 0, 0.8, 2.1], "texture": "#1"},
				"east": {"uv": [0, 0, 0.5, 2.1], "texture": "#1"},
				"south": {"uv": [0, 0, 0.8, 2.1], "texture": "#1"},
				"west": {"uv": [0, 0, 0.5, 2.1], "texture": "#1"},
				"up": {"uv": [0, 0, 0.8, 0.5], "texture": "#1"},
				"down": {"uv": [0, 0, 0.8, 0.5], "texture": "#1"}
			}
		},
		{
			"from": [7.44067, 2.88482, 18.02395],
			"to": [8.54467, 5.09282, 18.98995],
			"rotation": {"angle": -45, "axis": "x", "origin": [7.92367, 3.98882, 17.74795]},
			"faces": {
				"north": {"uv": [0, 0, 0.8, 1.6], "texture": "#1"},
				"east": {"uv": [0, 0, 0.7, 1.6], "texture": "#1"},
				"south": {"uv": [0, 0, 0.8, 1.6], "texture": "#1"},
				"west": {"uv": [0, 0, 0.7, 1.6], "texture": "#1"},
				"up": {"uv": [0, 0, 0.8, 0.7], "texture": "#1"},
				"down": {"uv": [0, 0, 0.8, 0.7], "texture": "#1"}
			}
		},
		{
			"from": [7.44254, -1.38136, 18.52878],
			"to": [8.54654, -0.13936, 19.21878],
			"rotation": {"angle": -22.5, "axis": "x", "origin": [7.99454, 2.62064, 6.24678]},
			"faces": {
				"north": {"uv": [0, 0, 0.8, 0.9], "texture": "#1"},
				"east": {"uv": [0, 0, 0.5, 0.9], "texture": "#1"},
				"south": {"uv": [0, 0, 0.8, 0.9], "texture": "#1"},
				"west": {"uv": [0, 0, 0.5, 0.9], "texture": "#1"},
				"up": {"uv": [0, 0, 0.8, 0.5], "texture": "#1"},
				"down": {"uv": [0, 0, 0.8, 0.5], "texture": "#1"}
			}
		},
		{
			"from": [7.30454, 0.96464, 19.35678],
			"to": [8.68454, 4.13864, 19.77078],
			"faces": {
				"north": {"uv": [0, 0, 1, 2.3], "texture": "#0"},
				"east": {"uv": [0, 0, 0.3, 2.3], "texture": "#0"},
				"south": {"uv": [0, 0, 1, 2.3], "texture": "#0"},
				"west": {"uv": [0, 0, 0.3, 2.3], "texture": "#0"},
				"up": {"uv": [0, 0, 1, 0.3], "texture": "#0"},
				"down": {"uv": [0, 0, 1, 0.3], "texture": "#0"}
			}
		},
		{
			"from": [7.44231, -3.55724, 20.7743],
			"to": [8.54631, -1.76324, 21.1883],
			"rotation": {"angle": -22.5, "axis": "x", "origin": [7.99431, -4.79924, 8.3543]},
			"faces": {
				"north": {"uv": [0, 0, 0.8, 1.3], "texture": "#1"},
				"east": {"uv": [0, 0, 0.3, 1.3], "texture": "#1"},
				"south": {"uv": [0, 0, 0.8, 1.3], "texture": "#1"},
				"west": {"uv": [0, 0, 0.3, 1.3], "texture": "#1"},
				"up": {"uv": [0, 0, 0.8, 0.3], "texture": "#1"},
				"down": {"uv": [0, 0, 0.8, 0.3], "texture": "#1"}
			}
		},
		{
			"from": [7.44231, -2.86724, 20.7743],
			"to": [8.54631, -1.76324, 21.4643],
			"rotation": {"angle": -22.5, "axis": "x", "origin": [7.99431, -4.79924, 8.3543]},
			"faces": {
				"north": {"uv": [0, 0, 0.8, 0.8], "texture": "#1"},
				"east": {"uv": [0, 0, 0.5, 0.8], "texture": "#1"},
				"south": {"uv": [0, 0, 0.8, 0.8], "texture": "#1"},
				"west": {"uv": [0, 0, 0.5, 0.8], "texture": "#1"},
				"up": {"uv": [0, 0, 0.8, 0.5], "texture": "#1"},
				"down": {"uv": [0, 0, 0.8, 0.5], "texture": "#1"}
			}
		},
		{
			"from": [7.30894, -1.16352, 19.7488],
			"to": [8.68894, -0.47352, 20.1628],
			"rotation": {"angle": -22.5, "axis": "x", "origin": [7.99894, 0.49248, 6.6388]},
			"faces": {
				"north": {"uv": [0, 0, 1, 0.5], "texture": "#0"},
				"east": {"uv": [0, 0, 0.3, 0.5], "texture": "#0"},
				"south": {"uv": [0, 0, 1, 0.5], "texture": "#0"},
				"west": {"uv": [0, 0, 0.3, 0.5], "texture": "#0"},
				"up": {"uv": [0, 0, 1, 0.3], "texture": "#0"},
				"down": {"uv": [0, 0, 1, 0.3], "texture": "#0"}
			}
		},
		{
			"from": [7.3, 4.2, 13],
			"to": [8.7, 6.4, 13.5],
			"faces": {
				"north": {"uv": [0, 0, 1.6, 2.7], "texture": "#1"},
				"east": {"uv": [0, 0, 1.3, 2.7], "texture": "#1"},
				"south": {"uv": [0, 0, 1.6, 2.7], "texture": "#1"},
				"west": {"uv": [0, 0, 1.3, 2.7], "texture": "#1"},
				"up": {"uv": [0, 0, 1.6, 1.3], "texture": "#1"},
				"down": {"uv": [0, 0, 1.6, 1.3], "texture": "#1"}
			}
		},
		{
			"from": [7.7, 4, 11.9],
			"to": [8.3, 6.7, 13.2],
			"faces": {
				"north": {"uv": [0, 0, 1.6, 2.7], "texture": "#1"},
				"east": {"uv": [0, 0, 1.3, 2.7], "texture": "#1"},
				"south": {"uv": [0, 0, 1.6, 2.7], "texture": "#1"},
				"west": {"uv": [0, 0, 1.3, 2.7], "texture": "#1"},
				"up": {"uv": [0, 0, 1.6, 1.3], "texture": "#1"},
				"down": {"uv": [0, 0, 1.6, 1.3], "texture": "#1"}
			}
		},
		{
			"from": [8.1, 3.8, 12.6],
			"to": [8.3, 7.2, 12.7],
			"faces": {
				"north": {"uv": [0, 0, 1.6, 2.7], "texture": "#1"},
				"east": {"uv": [0, 0, 1.3, 2.7], "texture": "#1"},
				"south": {"uv": [0, 0, 1.6, 2.7], "texture": "#1"},
				"west": {"uv": [0, 0, 1.3, 2.7], "texture": "#1"},
				"up": {"uv": [0, 0, 1.6, 1.3], "texture": "#1"},
				"down": {"uv": [0, 0, 1.6, 1.3], "texture": "#1"}
			}
		},
		{
			"from": [9.48492, 7.29792, 12.4],
			"to": [9.58492, 7.89792, 12.7],
			"rotation": {"angle": 45, "axis": "z", "origin": [9.78492, 5.99792, 12.5]},
			"faces": {
				"north": {"uv": [0, 0, 1.6, 2.7], "texture": "#1"},
				"east": {"uv": [0, 0, 1.3, 2.7], "texture": "#1"},
				"south": {"uv": [0, 0, 1.6, 2.7], "texture": "#1"},
				"west": {"uv": [0, 0, 1.3, 2.7], "texture": "#1"},
				"up": {"uv": [0, 0, 1.6, 1.3], "texture": "#1"},
				"down": {"uv": [0, 0, 1.6, 1.3], "texture": "#1"}
			}
		},
		{
			"from": [8.22426, 6.17574, 12.4],
			"to": [8.72426, 6.77574, 12.7],
			"faces": {
				"north": {"uv": [0, 0, 1.6, 2.7], "texture": "#1"},
				"east": {"uv": [0, 0, 1.3, 2.7], "rotation": 180, "texture": "#1"},
				"south": {"uv": [0, 0, 1.6, 2.7], "texture": "#1"},
				"west": {"uv": [0, 0, 1.3, 2.7], "rotation": 180, "texture": "#1"},
				"up": {"uv": [0, 0, 1.6, 1.3], "rotation": 180, "texture": "#1"},
				"down": {"uv": [0, 0, 1.6, 1.3], "rotation": 180, "texture": "#1"}
			}
		},
		{
			"from": [9.25992, 7.29792, 12.6],
			"to": [9.58492, 7.69792, 12.7],
			"rotation": {"angle": 45, "axis": "z", "origin": [9.78492, 5.99792, 12.5]},
			"faces": {
				"north": {"uv": [0, 0, 1.6, 2.7], "texture": "#1"},
				"east": {"uv": [0, 0, 1.3, 2.7], "texture": "#1"},
				"south": {"uv": [0, 0, 1.6, 2.7], "texture": "#1"},
				"west": {"uv": [0, 0, 1.3, 2.7], "texture": "#1"},
				"up": {"uv": [0, 0, 1.6, 1.3], "texture": "#1"},
				"down": {"uv": [0, 0, 1.6, 1.3], "texture": "#1"}
			}
		},
		{
			"from": [9.38492, 7.29792, 12.6],
			"to": [9.58492, 7.82292, 12.7],
			"rotation": {"angle": 45, "axis": "z", "origin": [9.78492, 5.99792, 12.5]},
			"faces": {
				"north": {"uv": [0, 0, 1.6, 2.7], "texture": "#1"},
				"east": {"uv": [0, 0, 1.3, 2.7], "texture": "#1"},
				"south": {"uv": [0, 0, 1.6, 2.7], "texture": "#1"},
				"west": {"uv": [0, 0, 1.3, 2.7], "texture": "#1"},
				"up": {"uv": [0, 0, 1.6, 1.3], "texture": "#1"},
				"down": {"uv": [0, 0, 1.6, 1.3], "texture": "#1"}
			}
		},
		{
			"from": [7.7, 3.8, 12.6],
			"to": [7.9, 7.2, 12.7],
			"faces": {
				"north": {"uv": [1.6, 0, 0, 2.7], "texture": "#1"},
				"east": {"uv": [1.3, 0, 0, 2.7], "texture": "#1"},
				"south": {"uv": [1.6, 0, 0, 2.7], "texture": "#1"},
				"west": {"uv": [1.3, 0, 0, 2.7], "texture": "#1"},
				"up": {"uv": [1.6, 0, 0, 1.3], "texture": "#1"},
				"down": {"uv": [1.6, 0, 0, 1.3], "texture": "#1"}
			}
		},
		{
			"from": [6.41508, 7.29792, 12.6],
			"to": [6.61508, 7.82292, 12.7],
			"rotation": {"angle": -45, "axis": "z", "origin": [6.21508, 5.99792, 12.5]},
			"faces": {
				"north": {"uv": [1.6, 0, 0, 2.7], "texture": "#1"},
				"east": {"uv": [1.3, 0, 0, 2.7], "texture": "#1"},
				"south": {"uv": [1.6, 0, 0, 2.7], "texture": "#1"},
				"west": {"uv": [1.3, 0, 0, 2.7], "texture": "#1"},
				"up": {"uv": [1.6, 0, 0, 1.3], "texture": "#1"},
				"down": {"uv": [1.6, 0, 0, 1.3], "texture": "#1"}
			}
		},
		{
			"from": [6.41508, 7.29792, 12.6],
			"to": [6.51508, 7.89792, 12.7],
			"rotation": {"angle": -45, "axis": "z", "origin": [6.21508, 5.99792, 12.5]},
			"faces": {
				"north": {"uv": [1.6, 0, 0, 2.7], "texture": "#1"},
				"east": {"uv": [1.3, 0, 0, 2.7], "texture": "#1"},
				"south": {"uv": [1.6, 0, 0, 2.7], "texture": "#1"},
				"west": {"uv": [1.3, 0, 0, 2.7], "texture": "#1"},
				"up": {"uv": [1.6, 0, 0, 1.3], "texture": "#1"},
				"down": {"uv": [1.6, 0, 0, 1.3], "texture": "#1"}
			}
		},
		{
			"from": [7.27574, 6.17574, 12.4],
			"to": [7.77574, 6.77574, 12.7],
			"faces": {
				"north": {"uv": [1.6, 0, 0, 2.7], "texture": "#1"},
				"east": {"uv": [1.3, 0, 0, 2.7], "rotation": 180, "texture": "#1"},
				"south": {"uv": [1.6, 0, 0, 2.7], "texture": "#1"},
				"west": {"uv": [1.3, 0, 0, 2.7], "rotation": 180, "texture": "#1"},
				"up": {"uv": [1.6, 0, 0, 1.3], "rotation": 180, "texture": "#1"},
				"down": {"uv": [1.6, 0, 0, 1.3], "rotation": 180, "texture": "#1"}
			}
		},
		{
			"from": [6.41508, 7.29792, 12.6],
			"to": [6.74008, 7.69792, 12.7],
			"rotation": {"angle": -45, "axis": "z", "origin": [6.21508, 5.99792, 12.5]},
			"faces": {
				"north": {"uv": [1.6, 0, 0, 2.7], "texture": "#1"},
				"east": {"uv": [1.3, 0, 0, 2.7], "texture": "#1"},
				"south": {"uv": [1.6, 0, 0, 2.7], "texture": "#1"},
				"west": {"uv": [1.3, 0, 0, 2.7], "texture": "#1"},
				"up": {"uv": [1.6, 0, 0, 1.3], "texture": "#1"},
				"down": {"uv": [1.6, 0, 0, 1.3], "texture": "#1"}
			}
		},
		{
			"from": [8.1, 3.8, 12.4],
			"to": [8.3, 7.2, 12.7],
			"faces": {
				"north": {"uv": [0, 0, 1.6, 2.7], "texture": "#1"},
				"east": {"uv": [0, 0, 1.3, 2.7], "texture": "#1"},
				"south": {"uv": [0, 0, 1.6, 2.7], "texture": "#1"},
				"west": {"uv": [0, 0, 1.3, 2.7], "texture": "#1"},
				"up": {"uv": [0, 0, 1.6, 1.3], "texture": "#1"},
				"down": {"uv": [0, 0, 1.6, 1.3], "texture": "#1"}
			}
		},
		{
			"from": [6.41508, 7.29792, 12.4],
			"to": [6.51508, 7.89792, 12.7],
			"rotation": {"angle": -45, "axis": "z", "origin": [6.21508, 5.99792, 12.5]},
			"faces": {
				"north": {"uv": [1.6, 0, 0, 2.7], "texture": "#1"},
				"east": {"uv": [1.3, 0, 0, 2.7], "texture": "#1"},
				"south": {"uv": [1.6, 0, 0, 2.7], "texture": "#1"},
				"west": {"uv": [1.3, 0, 0, 2.7], "texture": "#1"},
				"up": {"uv": [1.6, 0, 0, 1.3], "texture": "#1"},
				"down": {"uv": [1.6, 0, 0, 1.3], "texture": "#1"}
			}
		},
		{
			"from": [7.7, 3.8, 12.4],
			"to": [7.9, 7.2, 12.7],
			"faces": {
				"north": {"uv": [1.6, 0, 0, 2.7], "texture": "#1"},
				"east": {"uv": [1.3, 0, 0, 2.7], "texture": "#1"},
				"south": {"uv": [1.6, 0, 0, 2.7], "texture": "#1"},
				"west": {"uv": [1.3, 0, 0, 2.7], "texture": "#1"},
				"up": {"uv": [1.6, 0, 0, 1.3], "texture": "#1"},
				"down": {"uv": [1.6, 0, 0, 1.3], "texture": "#1"}
			}
		},
		{
			"from": [6.41508, 7.29792, 12.4],
			"to": [6.74008, 7.69792, 12.7],
			"rotation": {"angle": -45, "axis": "z", "origin": [6.21508, 5.99792, 12.5]},
			"faces": {
				"north": {"uv": [1.6, 0, 0, 2.7], "texture": "#1"},
				"east": {"uv": [1.3, 0, 0, 2.7], "texture": "#1"},
				"south": {"uv": [1.6, 0, 0, 2.7], "texture": "#1"},
				"west": {"uv": [1.3, 0, 0, 2.7], "texture": "#1"},
				"up": {"uv": [1.6, 0, 0, 1.3], "texture": "#1"},
				"down": {"uv": [1.6, 0, 0, 1.3], "texture": "#1"}
			}
		},
		{
			"from": [6.41508, 7.29792, 12.4],
			"to": [6.61508, 7.82292, 12.7],
			"rotation": {"angle": -45, "axis": "z", "origin": [6.21508, 5.99792, 12.5]},
			"faces": {
				"north": {"uv": [1.6, 0, 0, 2.7], "texture": "#1"},
				"east": {"uv": [1.3, 0, 0, 2.7], "texture": "#1"},
				"south": {"uv": [1.6, 0, 0, 2.7], "texture": "#1"},
				"west": {"uv": [1.3, 0, 0, 2.7], "texture": "#1"},
				"up": {"uv": [1.6, 0, 0, 1.3], "texture": "#1"},
				"down": {"uv": [1.6, 0, 0, 1.3], "texture": "#1"}
			}
		},
		{
			"from": [9.25992, 7.29792, 12.4],
			"to": [9.58492, 7.69792, 12.7],
			"rotation": {"angle": 45, "axis": "z", "origin": [9.78492, 5.99792, 12.5]},
			"faces": {
				"north": {"uv": [0, 0, 1.6, 2.7], "texture": "#1"},
				"east": {"uv": [0, 0, 1.3, 2.7], "texture": "#1"},
				"south": {"uv": [0, 0, 1.6, 2.7], "texture": "#1"},
				"west": {"uv": [0, 0, 1.3, 2.7], "texture": "#1"},
				"up": {"uv": [0, 0, 1.6, 1.3], "texture": "#1"},
				"down": {"uv": [0, 0, 1.6, 1.3], "texture": "#1"}
			}
		},
		{
			"from": [9.38492, 7.29792, 12.4],
			"to": [9.58492, 7.82292, 12.7],
			"rotation": {"angle": 45, "axis": "z", "origin": [9.78492, 5.99792, 12.5]},
			"faces": {
				"north": {"uv": [0, 0, 1.6, 2.7], "texture": "#1"},
				"east": {"uv": [0, 0, 1.3, 2.7], "texture": "#1"},
				"south": {"uv": [0, 0, 1.6, 2.7], "texture": "#1"},
				"west": {"uv": [0, 0, 1.3, 2.7], "texture": "#1"},
				"up": {"uv": [0, 0, 1.6, 1.3], "texture": "#1"},
				"down": {"uv": [0, 0, 1.6, 1.3], "texture": "#1"}
			}
		},
		{
			"from": [7.7, 4.19185, 11.15398],
			"to": [7.9, 7.59185, 11.45398],
			"rotation": {"angle": 45, "axis": "x", "origin": [8, 5.89185, 11.30398]},
			"faces": {
				"north": {"uv": [1.6, 0, 0, 2.7], "texture": "#1"},
				"east": {"uv": [1.3, 0, 0, 2.7], "texture": "#1"},
				"south": {"uv": [1.6, 0, 0, 2.7], "texture": "#1"},
				"west": {"uv": [1.3, 0, 0, 2.7], "texture": "#1"},
				"up": {"uv": [1.6, 0, 0, 1.3], "texture": "#1"},
				"down": {"uv": [1.6, 0, 0, 1.3], "texture": "#1"}
			}
		},
		{
			"from": [8.1, 4.19185, 11.15398],
			"to": [8.3, 7.59185, 11.45398],
			"rotation": {"angle": 45, "axis": "x", "origin": [8, 5.89185, 11.30398]},
			"faces": {
				"north": {"uv": [0, 0, 1.6, 2.7], "texture": "#1"},
				"east": {"uv": [0, 0, 1.3, 2.7], "texture": "#1"},
				"south": {"uv": [0, 0, 1.6, 2.7], "texture": "#1"},
				"west": {"uv": [0, 0, 1.3, 2.7], "texture": "#1"},
				"up": {"uv": [0, 0, 1.6, 1.3], "texture": "#1"},
				"down": {"uv": [0, 0, 1.6, 1.3], "texture": "#1"}
			}
		},
		{
			"from": [8.15, 7.05, 12.625],
			"to": [8.25, 7.15, 12.725],
			"faces": {
				"north": {"uv": [0, 0, 1.6, 2.7], "texture": "#4"},
				"east": {"uv": [0, 0, 1.3, 2.7], "texture": "#4"},
				"south": {"uv": [0, 0, 1.6, 2.7], "texture": "#4"},
				"west": {"uv": [0, 0, 1.3, 2.7], "texture": "#4"},
				"up": {"uv": [0, 0, 1.6, 1.3], "texture": "#4"},
				"down": {"uv": [0, 0, 1.6, 1.3], "texture": "#4"}
			}
		},
		{
			"from": [7.75, 7.05, 12.625],
			"to": [7.85, 7.15, 12.725],
			"faces": {
				"north": {"uv": [0, 0, 1.6, 2.7], "texture": "#4"},
				"east": {"uv": [0, 0, 1.3, 2.7], "texture": "#4"},
				"south": {"uv": [0, 0, 1.6, 2.7], "texture": "#4"},
				"west": {"uv": [0, 0, 1.3, 2.7], "texture": "#4"},
				"up": {"uv": [0, 0, 1.6, 1.3], "texture": "#4"},
				"down": {"uv": [0, 0, 1.6, 1.3], "texture": "#4"}
			}
		},
		{
			"from": [8.1, 4.19185, 11.15398],
			"to": [8.3, 7.49185, 11.65398],
			"rotation": {"angle": 45, "axis": "x", "origin": [8, 5.89185, 11.30398]},
			"faces": {
				"north": {"uv": [0, 0, 1.6, 2.7], "texture": "#1"},
				"east": {"uv": [0, 0, 1.3, 2.7], "texture": "#1"},
				"south": {"uv": [0, 0, 1.6, 2.7], "texture": "#1"},
				"west": {"uv": [0, 0, 1.3, 2.7], "texture": "#1"},
				"up": {"uv": [0, 0, 1.6, 1.3], "texture": "#1"},
				"down": {"uv": [0, 0, 1.6, 1.3], "texture": "#1"}
			}
		},
		{
			"from": [7.7, 4.19185, 11.15398],
			"to": [7.9, 7.49185, 11.65398],
			"rotation": {"angle": 45, "axis": "x", "origin": [8, 5.89185, 11.30398]},
			"faces": {
				"north": {"uv": [1.6, 0, 0, 2.7], "texture": "#1"},
				"east": {"uv": [1.3, 0, 0, 2.7], "texture": "#1"},
				"south": {"uv": [1.6, 0, 0, 2.7], "texture": "#1"},
				"west": {"uv": [1.3, 0, 0, 2.7], "texture": "#1"},
				"up": {"uv": [1.6, 0, 0, 1.3], "texture": "#1"},
				"down": {"uv": [1.6, 0, 0, 1.3], "texture": "#1"}
			}
		}
	],
	"display": {
		"thirdperson_righthand": {
			"translation": [0, 3.25, 0],
			"scale": [0.72, 0.72, 0.72]
		},
		"firstperson_righthand": {
			"translation": [-3.5, 5.5, 0],
			"scale": [0.99, 1, 1]
		},
		"ground": {
			"translation": [0, 10.25, 0]
		},
		"gui": {
			"rotation": [17, 62, 0],
			"translation": [0.75, 6.25, 0]
		},
		"fixed": {
			"rotation": [93, -43, 92],
			"translation": [-7.5, 6, -2.25],
			"scale": [1.37, 1.34, 1.28]
		}
	},
	"groups": [0, 1, 2, 3, 4, 5, 6, 7, 8, 9, 10, 11, 12, 13, 14, 15, 16, 17, 18, 19, 20, 21, 22, 23,
		{
			"name": "hexadecagon",
			"children": [24, 25, 26, 27, 28, 29, 30, 31, 32]
		},
		{
			"name": "hexadecagon",
			"children": [33, 34, 35, 36, 37, 38, 39, 40, 41, 42, 43, 44, 45, 46, 47, 48]
		}, 49,
		{
			"name": "tmp",
			"children": [50, 51, 52, 53, 54, 55, 56, 57, 58,
				{
					"name": "hexadecagon",
					"children": []
				},
				{
					"name": "hexadecagon",
					"children": []
				}
			]
		}, 59, 60, 61, 62, 63, 64, 65, 66, 67, 68, 69, 70, 71, 72, 73, 74, 75, 76, 77, 78, 79, 80, 81, 82, 83]
}