{
	"credit": "Made with Blockbench",
	"textures": {
		"0": "custom/nothingness1/gray4",
		"1": "custom/nothingness1/gray3",
		"2": "custom/nothingness1/mg3"
	},
	"elements": [
		{
			"from": [7.3, 0.3, -7.8],
			"to": [8.7, 1, 9.6],
			"faces": {
				"north": {"uv": [0, 0, 1.4, 0.7], "texture": "#1"},
				"east": {"uv": [0, 0, 16, 0.7], "texture": "#1"},
				"south": {"uv": [0, 0, 1.4, 0.7], "texture": "#1"},
				"west": {"uv": [0, 0, 16, 0.7], "texture": "#1"},
				"up": {"uv": [0, 0, 1.4, 16], "texture": "#1"},
				"down": {"uv": [0, 0, 1.4, 16], "texture": "#1"}
			}
		},
		{
			"from": [7.7096, 0.41296, -7.79829],
			"to": [8.2846, 1.81296, 9.60171],
			"faces": {
				"north": {"uv": [0, 0, 0.575, 1.4], "texture": "#1"},
				"east": {"uv": [0, 0, 16, 1.4], "texture": "#1"},
				"south": {"uv": [0, 0, 0.575, 1.4], "texture": "#1"},
				"west": {"uv": [0, 0, 16, 1.4], "texture": "#1"},
				"up": {"uv": [0, 0, 0.575, 16], "texture": "#1"},
				"down": {"uv": [0, 0, 0.575, 16], "texture": "#1"}
			}
		},
		{
			"from": [7.65971, 0.80926, -7.80005],
			"to": [8.45971, 1.40926, 9.59995],
			"rotation": {"angle": -22.5, "axis": "z", "origin": [7.95971, 1.80926, 0.49995]},
			"faces": {
				"north": {"uv": [0, 0, 0.8, 0.6], "texture": "#1"},
				"east": {"uv": [0, 0, 16, 0.6], "texture": "#1"},
				"south": {"uv": [0, 0, 0.8, 0.6], "texture": "#1"},
				"west": {"uv": [0, 0, 16, 0.6], "texture": "#1"},
				"up": {"uv": [0, 0, 0.8, 16], "texture": "#1"},
				"down": {"uv": [0, 0, 0.8, 16], "texture": "#1"}
			}
		},
		{
			"from": [7.55551, 0.73236, -7.79995],
			"to": [8.35551, 1.33236, 9.60005],
			"rotation": {"angle": 22.5, "axis": "z", "origin": [7.85551, 1.73236, 0.50005]},
			"faces": {
				"north": {"uv": [0, 0, 0.8, 0.6], "texture": "#1"},
				"east": {"uv": [0, 0, 16, 0.6], "texture": "#1"},
				"south": {"uv": [0, 0, 0.8, 0.6], "texture": "#1"},
				"west": {"uv": [0, 0, 16, 0.6], "texture": "#1"},
				"up": {"uv": [0, 0, 0.8, 16], "texture": "#1"},
				"down": {"uv": [0, 0, 0.8, 16], "texture": "#1"}
			}
		},
		{
			"from": [7.5, 0.4, -7.8],
			"to": [8.5, 1.6, 9.6],
			"faces": {
				"north": {"uv": [0, 0, 1, 1.2], "texture": "#1"},
				"east": {"uv": [0, 0, 16, 1.2], "texture": "#1"},
				"south": {"uv": [0, 0, 1, 1.2], "texture": "#1"},
				"west": {"uv": [0, 0, 16, 1.2], "texture": "#1"},
				"up": {"uv": [0, 0, 1, 16], "texture": "#1"},
				"down": {"uv": [0, 0, 1, 16], "texture": "#1"}
			}
		},
		{
			"from": [8.05812, 0.95453, -7.79844],
			"to": [8.55812, 1.25453, 0.20156],
			"rotation": {"angle": -45, "axis": "z", "origin": [8.55812, 1.95453, 0.50156]},
			"faces": {
				"north": {"uv": [0, 0, 0.5, 0.3], "texture": "#1"},
				"east": {"uv": [0, 0, 8, 0.3], "texture": "#1"},
				"south": {"uv": [0, 0, 0.5, 0.3], "texture": "#1"},
				"west": {"uv": [0, 0, 8, 0.3], "texture": "#1"},
				"up": {"uv": [0, 0, 0.5, 8], "texture": "#1"},
				"down": {"uv": [0, 0, 0.5, 8], "texture": "#1"}
			}
		},
		{
			"from": [7.64143, 0.75146, -7.8],
			"to": [7.94143, 1.25146, 0.2],
			"rotation": {"angle": -45, "axis": "z", "origin": [8.64143, 0.75146, 0.5]},
			"faces": {
				"north": {"uv": [0, 0, 0.5, 0.3], "rotation": 270, "texture": "#1"},
				"east": {"uv": [0, 0, 0.5, 8], "rotation": 270, "texture": "#1"},
				"south": {"uv": [0, 0, 0.5, 0.3], "rotation": 90, "texture": "#1"},
				"west": {"uv": [0, 0, 0.5, 8], "rotation": 270, "texture": "#1"},
				"up": {"uv": [0, 0, 8, 0.3], "rotation": 90, "texture": "#1"},
				"down": {"uv": [0, 0, 8, 0.3], "rotation": 270, "texture": "#1"}
			}
		},
		{
			"from": [7.64143, 0.85146, 1.2],
			"to": [7.94143, 1.35146, 2.6],
			"rotation": {"angle": -45, "axis": "z", "origin": [8.64143, 0.85146, 1.5]},
			"faces": {
				"north": {"uv": [0, 0, 0.5, 0.3], "rotation": 270, "texture": "#2"},
				"east": {"uv": [0, 0, 0.5, 1.4], "rotation": 270, "texture": "#2"},
				"south": {"uv": [0, 0, 0.5, 0.3], "rotation": 90, "texture": "#2"},
				"west": {"uv": [0, 0, 0.5, 1.4], "rotation": 270, "texture": "#2"},
				"up": {"uv": [0, 0, 1.4, 0.3], "rotation": 90, "texture": "#2"},
				"down": {"uv": [0, 0, 1.4, 0.3], "rotation": 270, "texture": "#2"}
			}
		},
		{
			"from": [7.7096, 0.41296, 1.20171],
			"to": [8.2846, 1.91296, 2.60171],
			"faces": {
				"north": {"uv": [0, 0, 0.575, 1.5], "texture": "#2"},
				"east": {"uv": [0, 0, 1.4, 1.5], "texture": "#2"},
				"south": {"uv": [0, 0, 0.575, 1.5], "texture": "#2"},
				"west": {"uv": [0, 0, 1.4, 1.5], "texture": "#2"},
				"up": {"uv": [0, 0, 0.575, 1.4], "texture": "#2"},
				"down": {"uv": [0, 0, 0.575, 1.4], "texture": "#2"}
			}
		},
		{
			"from": [8.05812, 1.05453, 1.20156],
			"to": [8.55812, 1.35453, 2.60156],
			"rotation": {"angle": -45, "axis": "z", "origin": [8.55812, 2.05453, 1.50156]},
			"faces": {
				"north": {"uv": [0, 0, 0.5, 0.3], "texture": "#2"},
				"east": {"uv": [0, 0, 1.4, 0.3], "texture": "#2"},
				"south": {"uv": [0, 0, 0.5, 0.3], "texture": "#2"},
				"west": {"uv": [0, 0, 1.4, 0.3], "texture": "#2"},
				"up": {"uv": [0, 0, 0.5, 1.4], "texture": "#2"},
				"down": {"uv": [0, 0, 0.5, 1.4], "texture": "#2"}
			}
		},
		{
			"from": [7.64143, 0.85146, 4.2],
			"to": [7.94143, 1.35146, 5.6],
			"rotation": {"angle": -45, "axis": "z", "origin": [8.64143, 0.85146, 4.5]},
			"faces": {
				"north": {"uv": [0, 0, 0.5, 0.3], "rotation": 270, "texture": "#2"},
				"east": {"uv": [0, 0, 0.5, 1.4], "rotation": 270, "texture": "#2"},
				"south": {"uv": [0, 0, 0.5, 0.3], "rotation": 90, "texture": "#2"},
				"west": {"uv": [0, 0, 0.5, 1.4], "rotation": 270, "texture": "#2"},
				"up": {"uv": [0, 0, 1.4, 0.3], "rotation": 90, "texture": "#2"},
				"down": {"uv": [0, 0, 1.4, 0.3], "rotation": 270, "texture": "#2"}
			}
		},
		{
			"from": [7.7096, 0.41296, 2.30171],
			"to": [8.2846, 1.91296, 5.60171],
			"faces": {
				"north": {"uv": [0, 0, 0.575, 1.5], "texture": "#2"},
				"east": {"uv": [0, 0, 3.3, 1.5], "texture": "#2"},
				"south": {"uv": [0, 0, 0.575, 1.5], "texture": "#2"},
				"west": {"uv": [0, 0, 3.3, 1.5], "texture": "#2"},
				"up": {"uv": [0, 0, 0.575, 3.3], "texture": "#2"},
				"down": {"uv": [0, 0, 0.575, 3.3], "texture": "#2"}
			}
		},
		{
			"from": [8.05812, 1.05453, 4.20156],
			"to": [8.55812, 1.35453, 5.60156],
			"rotation": {"angle": -45, "axis": "z", "origin": [8.55812, 2.05453, 4.50156]},
			"faces": {
				"north": {"uv": [0, 0, 0.5, 0.3], "texture": "#2"},
				"east": {"uv": [0, 0, 1.4, 0.3], "texture": "#2"},
				"south": {"uv": [0, 0, 0.5, 0.3], "texture": "#2"},
				"west": {"uv": [0, 0, 1.4, 0.3], "texture": "#2"},
				"up": {"uv": [0, 0, 0.5, 1.4], "texture": "#2"},
				"down": {"uv": [0, 0, 0.5, 1.4], "texture": "#2"}
			}
		},
		{
			"from": [7.5096, 0.61296, 7.20171],
			"to": [8.4846, 1.86296, 8.90171],
			"faces": {
				"north": {"uv": [0, 0, 0.975, 1.25], "texture": "#2"},
				"east": {"uv": [0, 0, 1.7, 1.25], "texture": "#2"},
				"south": {"uv": [0, 0, 0.975, 1.25], "texture": "#2"},
				"west": {"uv": [0, 0, 1.7, 1.25], "texture": "#2"},
				"up": {"uv": [0, 0, 0.975, 1.7], "texture": "#2"},
				"down": {"uv": [0, 0, 0.975, 1.7], "texture": "#2"}
			}
		},
		{
			"from": [7.5096, 0.61296, 7.20171],
			"to": [8.4846, 2.01296, 8.50171],
			"faces": {
				"north": {"uv": [0, 0, 0.975, 1.4], "texture": "#2"},
				"east": {"uv": [0, 0, 1.3, 1.4], "texture": "#2"},
				"south": {"uv": [0, 0, 0.975, 1.4], "texture": "#2"},
				"west": {"uv": [0, 0, 1.3, 1.4], "texture": "#2"},
				"up": {"uv": [0, 0, 0.975, 1.3], "texture": "#2"},
				"down": {"uv": [0, 0, 0.975, 1.3], "texture": "#2"}
			}
		},
		{
			"from": [7.50934, -1.80298, 12.41446],
			"to": [7.63434, -0.90298, 13.31446],
			"rotation": {"angle": 45, "axis": "x", "origin": [7.90934, 6.39702, 14.41446]},
			"faces": {
				"north": {"uv": [0, 0, 0.125, 0.9], "texture": "#2"},
				"east": {"uv": [0, 0, 0.9, 0.9], "texture": "#2"},
				"south": {"uv": [0, 0, 0.125, 0.9], "texture": "#2"},
				"west": {"uv": [0, 0, 0.9, 0.9], "texture": "#2"},
				"up": {"uv": [0, 0, 0.125, 0.9], "texture": "#2"},
				"down": {"uv": [0, 0, 0.125, 0.9], "texture": "#2"}
			}
		},
		{
			"from": [8.35934, -1.80298, 12.41446],
			"to": [8.48434, -0.90298, 13.31446],
			"rotation": {"angle": 45, "axis": "x", "origin": [7.90934, 6.39702, 14.41446]},
			"faces": {
				"north": {"uv": [0, 0, 0.125, 0.9], "texture": "#2"},
				"east": {"uv": [0, 0, 0.9, 0.9], "texture": "#2"},
				"south": {"uv": [0, 0, 0.125, 0.9], "texture": "#2"},
				"west": {"uv": [0, 0, 0.9, 0.9], "texture": "#2"},
				"up": {"uv": [0, 0, 0.125, 0.9], "texture": "#2"},
				"down": {"uv": [0, 0, 0.125, 0.9], "texture": "#2"}
			}
		},
		{
			"from": [8.35935, 1.74932, 7.83839],
			"to": [8.48435, 2.64932, 8.23839],
			"faces": {
				"north": {"uv": [0, 0, 0.125, 0.9], "rotation": 180, "texture": "#2"},
				"east": {"uv": [0, 0, 0.9, 0.4], "rotation": 270, "texture": "#2"},
				"south": {"uv": [0, 0, 0.125, 0.9], "texture": "#2"},
				"west": {"uv": [0, 0, 0.9, 0.4], "rotation": 90, "texture": "#2"},
				"up": {"uv": [0, 0, 0.125, 0.4], "rotation": 180, "texture": "#2"},
				"down": {"uv": [0, 0, 0.125, 0.4], "texture": "#2"}
			}
		},
		{
			"from": [7.50935, 1.74932, 7.83839],
			"to": [7.63435, 2.64932, 8.23839],
			"faces": {
				"north": {"uv": [0, 0, 0.125, 0.9], "rotation": 180, "texture": "#2"},
				"east": {"uv": [0, 0, 0.9, 0.4], "rotation": 270, "texture": "#2"},
				"south": {"uv": [0, 0, 0.125, 0.9], "texture": "#2"},
				"west": {"uv": [0, 0, 0.9, 0.4], "rotation": 90, "texture": "#2"},
				"up": {"uv": [0, 0, 0.125, 0.4], "rotation": 180, "texture": "#2"},
				"down": {"uv": [0, 0, 0.125, 0.4], "texture": "#2"}
			}
		},
		{
			"from": [8.35954, 1.90202, 7.94494],
			"to": [8.48454, 2.60202, 8.34494],
			"rotation": {"angle": -22.5, "axis": "x", "origin": [7.99704, 2.35202, 8.14494]},
			"faces": {
				"north": {"uv": [0, 0, 0.125, 0.7], "rotation": 180, "texture": "#2"},
				"east": {"uv": [0, 0, 0.7, 0.4], "rotation": 270, "texture": "#2"},
				"south": {"uv": [0, 0, 0.125, 0.7], "texture": "#2"},
				"west": {"uv": [0, 0, 0.7, 0.4], "rotation": 90, "texture": "#2"},
				"up": {"uv": [0, 0, 0.125, 0.4], "rotation": 180, "texture": "#2"},
				"down": {"uv": [0, 0, 0.125, 0.4], "texture": "#2"}
			}
		},
		{
			"from": [7.50954, 1.90202, 7.94494],
			"to": [7.63454, 2.60202, 8.34494],
			"rotation": {"angle": -22.5, "axis": "x", "origin": [7.99704, 2.35202, 8.14494]},
			"faces": {
				"north": {"uv": [0, 0, 0.125, 0.7], "rotation": 180, "texture": "#2"},
				"east": {"uv": [0, 0, 0.7, 0.4], "rotation": 270, "texture": "#2"},
				"south": {"uv": [0, 0, 0.125, 0.7], "texture": "#2"},
				"west": {"uv": [0, 0, 0.7, 0.4], "rotation": 90, "texture": "#2"},
				"up": {"uv": [0, 0, 0.125, 0.4], "rotation": 180, "texture": "#2"},
				"down": {"uv": [0, 0, 0.125, 0.4], "texture": "#2"}
			}
		},
		{
			"from": [7.55934, -1.80298, 12.41446],
			"to": [8.48434, -0.90298, 12.51446],
			"rotation": {"angle": 45, "axis": "x", "origin": [7.90934, 6.39702, 14.41446]},
			"faces": {
				"north": {"uv": [0, 0, 0.925, 0.9], "texture": "#2"},
				"east": {"uv": [0, 0, 0.1, 0.9], "texture": "#2"},
				"south": {"uv": [0, 0, 0.925, 0.9], "texture": "#2"},
				"west": {"uv": [0, 0, 0.1, 0.9], "texture": "#2"},
				"up": {"uv": [0, 0, 0.925, 0.1], "texture": "#2"},
				"down": {"uv": [0, 0, 0.925, 0.1], "texture": "#2"}
			}
		},
		{
			"from": [7.55935, 1.74932, 7.83839],
			"to": [8.48435, 2.64932, 8.03839],
			"faces": {
				"north": {"uv": [0, 0, 0.925, 0.9], "rotation": 180, "texture": "#2"},
				"east": {"uv": [0, 0, 0.9, 0.2], "rotation": 270, "texture": "#2"},
				"south": {"uv": [0, 0, 0.925, 0.9], "texture": "#2"},
				"west": {"uv": [0, 0, 0.9, 0.2], "rotation": 90, "texture": "#2"},
				"up": {"uv": [0, 0, 0.925, 0.2], "rotation": 180, "texture": "#2"},
				"down": {"uv": [0, 0, 0.925, 0.2], "texture": "#2"}
			}
		},
		{
			"from": [7.55954, 2.35202, 8.19494],
			"to": [8.48454, 2.40202, 8.24494],
			"rotation": {"angle": -22.5, "axis": "x", "origin": [7.99704, 2.35202, 8.14494]},
			"faces": {
				"north": {"uv": [0, 0, 0.925, 0.05], "rotation": 180, "texture": "#2"},
				"east": {"uv": [0, 0, 0.05, 0.05], "rotation": 270, "texture": "#2"},
				"south": {"uv": [0, 0, 0.925, 0.05], "texture": "#2"},
				"west": {"uv": [0, 0, 0.05, 0.05], "rotation": 90, "texture": "#2"},
				"up": {"uv": [0, 0, 0.925, 0.05], "rotation": 180, "texture": "#2"},
				"down": {"uv": [0, 0, 0.925, 0.05], "texture": "#2"}
			}
		},
		{
			"from": [7.59166, 0.77111, 0.01994],
			"to": [8.55166, 1.49111, 0.97994],
			"rotation": {"angle": -22.5, "axis": "z", "origin": [7.95166, 1.97111, 0.49994]},
			"faces": {
				"north": {"uv": [0, 0, 0.8, 0.6], "texture": "#0"},
				"east": {"uv": [0, 0, 0.8, 0.6], "texture": "#0"},
				"south": {"uv": [0, 0, 0.8, 0.6], "texture": "#0"},
				"west": {"uv": [0, 0, 0.8, 0.6], "texture": "#0"},
				"up": {"uv": [0, 0, 0.8, 0.8], "texture": "#0"},
				"down": {"uv": [0, 0, 0.8, 0.8], "texture": "#0"}
			}
		},
		{
			"from": [7.16, -0.04, 0.02],
			"to": [8.84, 1, 0.98],
			"faces": {
				"north": {"uv": [0, 0, 1.4, 0.7], "texture": "#0"},
				"east": {"uv": [0, 0, 0.8, 0.7], "texture": "#0"},
				"south": {"uv": [0, 0, 1.4, 0.7], "texture": "#0"},
				"west": {"uv": [0, 0, 0.8, 0.7], "texture": "#0"},
				"up": {"uv": [0, 0, 1.4, 0.8], "texture": "#0"},
				"down": {"uv": [0, 0, 1.4, 0.8], "texture": "#0"}
			}
		},
		{
			"from": [7.46661, 0.67883, 0.02006],
			"to": [8.42661, 1.39883, 0.98006],
			"rotation": {"angle": 22.5, "axis": "z", "origin": [7.82661, 1.87883, 0.50006]},
			"faces": {
				"north": {"uv": [0, 0, 0.8, 0.6], "texture": "#0"},
				"east": {"uv": [0, 0, 0.8, 0.6], "texture": "#0"},
				"south": {"uv": [0, 0, 0.8, 0.6], "texture": "#0"},
				"west": {"uv": [0, 0, 0.8, 0.6], "texture": "#0"},
				"up": {"uv": [0, 0, 0.8, 0.8], "texture": "#0"},
				"down": {"uv": [0, 0, 0.8, 0.8], "texture": "#0"}
			}
		},
		{
			"from": [7.4, 0.28, 0.02],
			"to": [8.6, 1.72, 0.98],
			"faces": {
				"north": {"uv": [0, 0, 1, 1.2], "texture": "#0"},
				"east": {"uv": [0, 0, 0.8, 1.2], "texture": "#0"},
				"south": {"uv": [0, 0, 1, 1.2], "texture": "#0"},
				"west": {"uv": [0, 0, 0.8, 1.2], "texture": "#0"},
				"up": {"uv": [0, 0, 1, 0.8], "texture": "#0"},
				"down": {"uv": [0, 0, 1, 0.8], "texture": "#0"}
			}
		},
		{
			"from": [7.56971, 0.70176, 0.02],
			"to": [7.92971, 1.30176, 0.98],
			"rotation": {"angle": -45, "axis": "z", "origin": [8.76971, 0.70176, 0.5]},
			"faces": {
				"north": {"uv": [0, 0, 0.5, 0.3], "rotation": 270, "texture": "#0"},
				"east": {"uv": [0, 0, 0.5, 0.8], "rotation": 270, "texture": "#0"},
				"south": {"uv": [0, 0, 0.5, 0.3], "rotation": 90, "texture": "#0"},
				"west": {"uv": [0, 0, 0.5, 0.8], "rotation": 270, "texture": "#0"},
				"up": {"uv": [0, 0, 0.8, 0.3], "rotation": 90, "texture": "#0"},
				"down": {"uv": [0, 0, 0.8, 0.3], "rotation": 270, "texture": "#0"}
			}
		},
		{
			"from": [7.65152, 0.29555, 0.02205],
			"to": [8.34152, 1.97555, 0.98205],
			"faces": {
				"north": {"uv": [0, 0, 0.575, 1.4], "texture": "#0"},
				"east": {"uv": [0, 0, 0.8, 1.4], "texture": "#0"},
				"south": {"uv": [0, 0, 0.575, 1.4], "texture": "#0"},
				"west": {"uv": [0, 0, 0.8, 1.4], "texture": "#0"},
				"up": {"uv": [0, 0, 0.575, 0.8], "texture": "#0"},
				"down": {"uv": [0, 0, 0.575, 0.8], "texture": "#0"}
			}
		},
		{
			"from": [8.06975, 0.94544, 0.02188],
			"to": [8.66975, 1.30544, 0.98188],
			"rotation": {"angle": -45, "axis": "z", "origin": [8.66975, 2.14544, 0.50188]},
			"faces": {
				"north": {"uv": [0, 0, 0.5, 0.3], "texture": "#0"},
				"east": {"uv": [0, 0, 0.8, 0.3], "texture": "#0"},
				"south": {"uv": [0, 0, 0.5, 0.3], "texture": "#0"},
				"west": {"uv": [0, 0, 0.8, 0.3], "texture": "#0"},
				"up": {"uv": [0, 0, 0.5, 0.8], "texture": "#0"},
				"down": {"uv": [0, 0, 0.5, 0.8], "texture": "#0"}
			}
		},
		{
			"from": [7.11, -0.04, -4.48],
			"to": [8.89, 1.2, 0.18],
			"faces": {
				"north": {"uv": [0, 0, 1.4, 0.7], "texture": "#0"},
				"east": {"uv": [0, 0, 0.8, 0.7], "texture": "#0"},
				"south": {"uv": [0, 0, 1.4, 0.7], "texture": "#0"},
				"west": {"uv": [0, 0, 0.8, 0.7], "texture": "#0"},
				"up": {"uv": [0, 0, 1.4, 0.8], "texture": "#0"},
				"down": {"uv": [0, 0, 1.4, 0.8], "texture": "#0"}
			}
		},
		{
			"from": [4.18805, 0.11928, -4.47305],
			"to": [5.26805, 0.55928, -3.41305],
			"rotation": {"angle": 22.5, "axis": "z", "origin": [4.37805, 9.75928, 9.50695]},
			"faces": {
				"north": {"uv": [0, 0, 1.4, 0.7], "texture": "#0"},
				"east": {"uv": [0, 0, 0.8, 0.7], "texture": "#0"},
				"south": {"uv": [0, 0, 1.4, 0.7], "texture": "#0"},
				"west": {"uv": [0, 0, 0.8, 0.7], "texture": "#0"},
				"up": {"uv": [0, 0, 1.4, 0.8], "texture": "#0"},
				"down": {"uv": [0, 0, 1.4, 0.8], "texture": "#0"}
			}
		},
		{
			"from": [10.78409, 0.40503, -4.49101],
			"to": [11.86409, 0.84503, -3.43101],
			"rotation": {"angle": -22.5, "axis": "z", "origin": [10.97409, 10.04503, 9.48899]},
			"faces": {
				"north": {"uv": [0, 0, 1.4, 0.7], "texture": "#0"},
				"east": {"uv": [0, 0, 0.8, 0.7], "texture": "#0"},
				"south": {"uv": [0, 0, 1.4, 0.7], "texture": "#0"},
				"west": {"uv": [0, 0, 0.8, 0.7], "texture": "#0"},
				"up": {"uv": [0, 0, 1.4, 0.8], "texture": "#0"},
				"down": {"uv": [0, 0, 1.4, 0.8], "texture": "#0"}
			}
		},
		{
			"from": [7.275, 1.17199, -4.49095],
			"to": [8.355, 1.61199, 0.16905],
			"rotation": {"angle": -45, "axis": "z", "origin": [7.815, 1.39199, -2.96095]},
			"faces": {
				"north": {"uv": [0, 0, 1.4, 0.7], "texture": "#0"},
				"east": {"uv": [0, 0, 0.8, 0.7], "texture": "#0"},
				"south": {"uv": [0, 0, 1.4, 0.7], "texture": "#0"},
				"west": {"uv": [0, 0, 0.8, 0.7], "texture": "#0"},
				"up": {"uv": [0, 0, 1.4, 0.8], "texture": "#0"},
				"down": {"uv": [0, 0, 1.4, 0.8], "texture": "#0"}
			}
		},
		{
			"from": [7.91365, 0.83451, -4.47373],
			"to": [8.40365, 1.91451, 0.18627],
			"rotation": {"angle": -45, "axis": "z", "origin": [8.18365, 1.37451, -2.94373]},
			"faces": {
				"north": {"uv": [0, 0, 1.4, 0.7], "rotation": 270, "texture": "#0"},
				"east": {"uv": [0, 0, 1.4, 0.8], "rotation": 270, "texture": "#0"},
				"south": {"uv": [0, 0, 1.4, 0.7], "rotation": 90, "texture": "#0"},
				"west": {"uv": [0, 0, 1.4, 0.8], "rotation": 270, "texture": "#0"},
				"up": {"uv": [0, 0, 0.8, 0.7], "rotation": 90, "texture": "#0"},
				"down": {"uv": [0, 0, 0.8, 0.7], "rotation": 270, "texture": "#0"}
			}
		},
		{
			"from": [7.595, 0.85199, -4.49095],
			"to": [8.385, 1.93199, 0.16905],
			"faces": {
				"north": {"uv": [0, 0, 1.4, 0.7], "rotation": 270, "texture": "#0"},
				"east": {"uv": [0, 0, 1.4, 0.8], "rotation": 270, "texture": "#0"},
				"south": {"uv": [0, 0, 1.4, 0.7], "rotation": 90, "texture": "#0"},
				"west": {"uv": [0, 0, 1.4, 0.8], "rotation": 270, "texture": "#0"},
				"up": {"uv": [0, 0, 0.8, 0.7], "rotation": 90, "texture": "#0"},
				"down": {"uv": [0, 0, 0.8, 0.7], "rotation": 270, "texture": "#0"}
			}
		},
		{
			"from": [4.18805, 0.11928, -1.57305],
			"to": [5.26805, 0.55928, -1.21305],
			"rotation": {"angle": 22.5, "axis": "z", "origin": [4.37805, 9.75928, 10.10695]},
			"faces": {
				"north": {"uv": [0, 0, 1.4, 0.7], "texture": "#0"},
				"east": {"uv": [0, 0, 0.8, 0.7], "texture": "#0"},
				"south": {"uv": [0, 0, 1.4, 0.7], "texture": "#0"},
				"west": {"uv": [0, 0, 0.8, 0.7], "texture": "#0"},
				"up": {"uv": [0, 0, 1.4, 0.8], "texture": "#0"},
				"down": {"uv": [0, 0, 1.4, 0.8], "texture": "#0"}
			}
		},
		{
			"from": [10.78409, 0.40503, -1.59101],
			"to": [11.86409, 0.84503, -1.23101],
			"rotation": {"angle": -22.5, "axis": "z", "origin": [10.97409, 10.04503, 10.08899]},
			"faces": {
				"north": {"uv": [0, 0, 1.4, 0.7], "texture": "#0"},
				"east": {"uv": [0, 0, 0.8, 0.7], "texture": "#0"},
				"south": {"uv": [0, 0, 1.4, 0.7], "texture": "#0"},
				"west": {"uv": [0, 0, 0.8, 0.7], "texture": "#0"},
				"up": {"uv": [0, 0, 1.4, 0.8], "texture": "#0"},
				"down": {"uv": [0, 0, 1.4, 0.8], "texture": "#0"}
			}
		},
		{
			"from": [4.18805, 0.11928, -0.37305],
			"to": [5.26805, 0.55928, 0.18695],
			"rotation": {"angle": 22.5, "axis": "z", "origin": [4.37805, 9.75928, 11.50695]},
			"faces": {
				"north": {"uv": [0, 0, 1.4, 0.7], "texture": "#0"},
				"east": {"uv": [0, 0, 0.8, 0.7], "texture": "#0"},
				"south": {"uv": [0, 0, 1.4, 0.7], "texture": "#0"},
				"west": {"uv": [0, 0, 0.8, 0.7], "texture": "#0"},
				"up": {"uv": [0, 0, 1.4, 0.8], "texture": "#0"},
				"down": {"uv": [0, 0, 1.4, 0.8], "texture": "#0"}
			}
		},
		{
			"from": [10.78409, 0.40503, -0.39101],
			"to": [11.86409, 0.84503, 0.16899],
			"rotation": {"angle": -22.5, "axis": "z", "origin": [10.97409, 10.04503, 11.48899]},
			"faces": {
				"north": {"uv": [0, 0, 1.4, 0.7], "texture": "#0"},
				"east": {"uv": [0, 0, 0.8, 0.7], "texture": "#0"},
				"south": {"uv": [0, 0, 1.4, 0.7], "texture": "#0"},
				"west": {"uv": [0, 0, 0.8, 0.7], "texture": "#0"},
				"up": {"uv": [0, 0, 1.4, 0.8], "texture": "#0"},
				"down": {"uv": [0, 0, 1.4, 0.8], "texture": "#0"}
			}
		},
		{
			"from": [10.78409, 0.40503, -2.79101],
			"to": [11.86409, 0.84503, -2.43101],
			"rotation": {"angle": -22.5, "axis": "z", "origin": [10.97409, 10.04503, 8.88899]},
			"faces": {
				"north": {"uv": [0, 0, 1.4, 0.7], "texture": "#0"},
				"east": {"uv": [0, 0, 0.8, 0.7], "texture": "#0"},
				"south": {"uv": [0, 0, 1.4, 0.7], "texture": "#0"},
				"west": {"uv": [0, 0, 0.8, 0.7], "texture": "#0"},
				"up": {"uv": [0, 0, 1.4, 0.8], "texture": "#0"},
				"down": {"uv": [0, 0, 1.4, 0.8], "texture": "#0"}
			}
		},
		{
			"from": [4.18805, 0.11928, -2.77305],
			"to": [5.26805, 0.55928, -2.41305],
			"rotation": {"angle": 22.5, "axis": "z", "origin": [4.37805, 9.75928, 8.90695]},
			"faces": {
				"north": {"uv": [0, 0, 1.4, 0.7], "texture": "#0"},
				"east": {"uv": [0, 0, 0.8, 0.7], "texture": "#0"},
				"south": {"uv": [0, 0, 1.4, 0.7], "texture": "#0"},
				"west": {"uv": [0, 0, 0.8, 0.7], "texture": "#0"},
				"up": {"uv": [0, 0, 1.4, 0.8], "texture": "#0"},
				"down": {"uv": [0, 0, 1.4, 0.8], "texture": "#0"}
			}
		},
		{
			"from": [10.78409, 0.60503, -3.59101],
			"to": [11.86409, 0.84503, -0.13101],
			"rotation": {"angle": -22.5, "axis": "z", "origin": [10.97409, 10.04503, 8.88899]},
			"faces": {
				"north": {"uv": [0, 0, 1.4, 0.7], "texture": "#0"},
				"east": {"uv": [0, 0, 0.8, 0.7], "texture": "#0"},
				"south": {"uv": [0, 0, 1.4, 0.7], "texture": "#0"},
				"west": {"uv": [0, 0, 0.8, 0.7], "texture": "#0"},
				"up": {"uv": [0, 0, 1.4, 0.8], "texture": "#0"},
				"down": {"uv": [0, 0, 1.4, 0.8], "texture": "#0"}
			}
		},
		{
			"from": [4.18805, 0.31928, -3.47305],
			"to": [5.26805, 0.55928, -0.01305],
			"rotation": {"angle": 22.5, "axis": "z", "origin": [4.37805, 9.75928, 8.90695]},
			"faces": {
				"north": {"uv": [0, 0, 1.4, 0.7], "texture": "#0"},
				"east": {"uv": [0, 0, 0.8, 0.7], "texture": "#0"},
				"south": {"uv": [0, 0, 1.4, 0.7], "texture": "#0"},
				"west": {"uv": [0, 0, 0.8, 0.7], "texture": "#0"},
				"up": {"uv": [0, 0, 1.4, 0.8], "texture": "#0"},
				"down": {"uv": [0, 0, 1.4, 0.8], "texture": "#0"}
			}
		},
		{
			"from": [7.40352, -0.34499, -4.48015],
			"to": [8.34352, 1.43501, 0.17985],
			"rotation": {"angle": -22.5, "axis": "z", "origin": [8.02352, 0.54501, -2.15015]},
			"faces": {
				"north": {"uv": [0, 0, 1.4, 0.7], "rotation": 90, "texture": "#0"},
				"east": {"uv": [0, 0, 1.4, 0.8], "rotation": 270, "texture": "#0"},
				"south": {"uv": [0, 0, 1.4, 0.7], "rotation": 270, "texture": "#0"},
				"west": {"uv": [0, 0, 1.4, 0.8], "rotation": 90, "texture": "#0"},
				"up": {"uv": [0, 0, 0.8, 0.7], "rotation": 270, "texture": "#0"},
				"down": {"uv": [0, 0, 0.8, 0.7], "rotation": 270, "texture": "#0"}
			}
		},
		{
			"from": [7.7411, -0.42812, -4.48028],
			"to": [8.7211, 0.81188, 0.17972],
			"rotation": {"angle": 22.5, "axis": "z", "origin": [7.8311, 0.19188, -2.15028]},
			"faces": {
				"north": {"uv": [0, 0, 1.4, 0.7], "texture": "#0"},
				"east": {"uv": [0, 0, 0.8, 0.7], "rotation": 180, "texture": "#0"},
				"south": {"uv": [0, 0, 1.4, 0.7], "texture": "#0"},
				"west": {"uv": [0, 0, 0.8, 0.7], "rotation": 180, "texture": "#0"},
				"up": {"uv": [0, 0, 1.4, 0.8], "rotation": 180, "texture": "#0"},
				"down": {"uv": [0, 0, 1.4, 0.8], "rotation": 180, "texture": "#0"}
			}
		},
		{
			"from": [7.75157, 0.54116, -7.79984],
			"to": [8.55157, 0.64116, 0.00016],
			"rotation": {"angle": -45, "axis": "z", "origin": [7.85157, 0.44116, 1.00016]},
			"faces": {
				"north": {"uv": [0, 0, 0.8, 0.1], "texture": "#1"},
				"east": {"uv": [0, 0, 7.8, 0.1], "texture": "#1"},
				"south": {"uv": [0, 0, 0.8, 0.1], "texture": "#1"},
				"west": {"uv": [0, 0, 7.8, 0.1], "texture": "#1"},
				"up": {"uv": [0, 0, 0.8, 7.8], "texture": "#1"},
				"down": {"uv": [0, 0, 0.8, 7.8], "texture": "#1"}
			}
		},
		{
			"from": [8.03602, -0.0463, -7.79978],
			"to": [8.13602, 0.7537, -0.69978],
			"rotation": {"angle": -45, "axis": "z", "origin": [7.93602, 0.6537, 1.00022]},
			"faces": {
				"north": {"uv": [0, 0, 0.8, 0.1], "rotation": 270, "texture": "#1"},
				"east": {"uv": [0, 0, 0.8, 7.1], "rotation": 270, "texture": "#1"},
				"south": {"uv": [0, 0, 0.8, 0.1], "rotation": 90, "texture": "#1"},
				"west": {"uv": [0, 0, 0.8, 7.1], "rotation": 270, "texture": "#1"},
				"up": {"uv": [0, 0, 7.1, 0.1], "rotation": 90, "texture": "#1"},
				"down": {"uv": [0, 0, 7.1, 0.1], "rotation": 270, "texture": "#1"}
			}
		},
		{
			"from": [7.58246, 0.01709, -7.79955],
			"to": [8.42246, 1.01709, 9.60045],
			"faces": {
				"north": {"uv": [0, 0, 0.84, 1], "texture": "#1"},
				"east": {"uv": [0, 0, 16, 1], "texture": "#1"},
				"south": {"uv": [0, 0, 0.84, 1], "texture": "#1"},
				"west": {"uv": [0, 0, 16, 1], "texture": "#1"},
				"up": {"uv": [0, 0, 0.84, 16], "texture": "#1"},
				"down": {"uv": [0, 0, 0.84, 16], "texture": "#1"}
			}
		},
		{
			"from": [7.51886, -1.54757, 8.96184],
			"to": [8.51886, -0.64757, 16.06184],
			"rotation": {"angle": 22.5, "axis": "x", "origin": [8.01886, -1.39757, 14.26184]},
			"faces": {
				"north": {"uv": [0, 0, 1, 0.7], "rotation": 180, "texture": "#0"},
				"east": {"uv": [0, 0, 7.1, 0.7], "rotation": 180, "texture": "#0"},
				"south": {"uv": [0, 0, 1, 0.7], "rotation": 180, "texture": "#0"},
				"west": {"uv": [0, 0, 7.1, 0.7], "rotation": 180, "texture": "#0"},
				"up": {"uv": [0, 0, 1, 7.1], "texture": "#0"},
				"down": {"uv": [0, 0, 1, 7.1], "texture": "#0"}
			}
		},
		{
			"from": [7.73602, -0.0463, -6.69978],
			"to": [8.13602, 0.7537, -6.49978],
			"rotation": {"angle": -45, "axis": "z", "origin": [7.93602, 0.6537, 1.00022]},
			"faces": {
				"north": {"uv": [0, 0, 0.8, 0.4], "rotation": 270, "texture": "#1"},
				"east": {"uv": [0, 0, 0.8, 0.2], "rotation": 270, "texture": "#1"},
				"south": {"uv": [0, 0, 0.8, 0.4], "rotation": 90, "texture": "#1"},
				"west": {"uv": [0, 0, 0.8, 0.2], "rotation": 270, "texture": "#1"},
				"up": {"uv": [0, 0, 0.2, 0.4], "rotation": 90, "texture": "#1"},
				"down": {"uv": [0, 0, 0.2, 0.4], "rotation": 270, "texture": "#1"}
			}
		},
		{
			"from": [7.73602, -0.0463, -7.79978],
			"to": [8.13602, 0.7537, -7.39978],
			"rotation": {"angle": -45, "axis": "z", "origin": [7.93602, 0.6537, 1.00022]},
			"faces": {
				"north": {"uv": [0, 0, 0.8, 0.4], "rotation": 270, "texture": "#1"},
				"east": {"uv": [0, 0, 0.8, 0.4], "rotation": 270, "texture": "#1"},
				"south": {"uv": [0, 0, 0.8, 0.4], "rotation": 90, "texture": "#1"},
				"west": {"uv": [0, 0, 0.8, 0.4], "rotation": 270, "texture": "#1"},
				"up": {"uv": [0, 0, 0.4, 0.4], "rotation": 90, "texture": "#1"},
				"down": {"uv": [0, 0, 0.4, 0.4], "rotation": 270, "texture": "#1"}
			}
		},
		{
			"from": [7.73602, -0.0463, -5.89978],
			"to": [8.13602, 0.7537, -5.69978],
			"rotation": {"angle": -45, "axis": "z", "origin": [7.93602, 0.6537, 1.00022]},
			"faces": {
				"north": {"uv": [0, 0, 0.8, 0.4], "rotation": 270, "texture": "#1"},
				"east": {"uv": [0, 0, 0.8, 0.2], "rotation": 270, "texture": "#1"},
				"south": {"uv": [0, 0, 0.8, 0.4], "rotation": 90, "texture": "#1"},
				"west": {"uv": [0, 0, 0.8, 0.2], "rotation": 270, "texture": "#1"},
				"up": {"uv": [0, 0, 0.2, 0.4], "rotation": 90, "texture": "#1"},
				"down": {"uv": [0, 0, 0.2, 0.4], "rotation": 270, "texture": "#1"}
			}
		},
		{
			"from": [7.73602, -0.0463, -5.09978],
			"to": [8.13602, 0.7537, -4.39978],
			"rotation": {"angle": -45, "axis": "z", "origin": [7.93602, 0.6537, 1.00022]},
			"faces": {
				"north": {"uv": [0, 0, 0.8, 0.4], "rotation": 270, "texture": "#1"},
				"east": {"uv": [0, 0, 0.8, 0.7], "rotation": 270, "texture": "#1"},
				"south": {"uv": [0, 0, 0.8, 0.4], "rotation": 90, "texture": "#1"},
				"west": {"uv": [0, 0, 0.8, 0.7], "rotation": 270, "texture": "#1"},
				"up": {"uv": [0, 0, 0.7, 0.4], "rotation": 90, "texture": "#1"},
				"down": {"uv": [0, 0, 0.7, 0.4], "rotation": 270, "texture": "#1"}
			}
		},
		{
			"from": [8.38488, 1.27337, -5.09966],
			"to": [9.18488, 1.67337, -4.39966],
			"rotation": {"angle": -45, "axis": "z", "origin": [7.28488, 1.57337, -0.09966]},
			"faces": {
				"north": {"uv": [0, 0, 0.8, 0.4], "rotation": 180, "texture": "#1"},
				"east": {"uv": [0, 0, 0.7, 0.4], "texture": "#1"},
				"south": {"uv": [0, 0, 0.8, 0.4], "rotation": 180, "texture": "#1"},
				"west": {"uv": [0, 0, 0.7, 0.4], "rotation": 180, "texture": "#1"},
				"up": {"uv": [0, 0, 0.8, 0.7], "texture": "#1"},
				"down": {"uv": [0, 0, 0.8, 0.7], "rotation": 180, "texture": "#1"}
			}
		},
		{
			"from": [8.38488, 1.27337, -6.69966],
			"to": [9.18488, 1.67337, -6.49966],
			"rotation": {"angle": -45, "axis": "z", "origin": [7.28488, 1.57337, -0.09966]},
			"faces": {
				"north": {"uv": [0, 0, 0.8, 0.4], "rotation": 180, "texture": "#1"},
				"east": {"uv": [0, 0, 0.2, 0.4], "texture": "#1"},
				"south": {"uv": [0, 0, 0.8, 0.4], "rotation": 180, "texture": "#1"},
				"west": {"uv": [0, 0, 0.2, 0.4], "rotation": 180, "texture": "#1"},
				"up": {"uv": [0, 0, 0.8, 0.2], "texture": "#1"},
				"down": {"uv": [0, 0, 0.8, 0.2], "rotation": 180, "texture": "#1"}
			}
		},
		{
			"from": [8.38488, 1.27337, -5.89966],
			"to": [9.18488, 1.67337, -5.69966],
			"rotation": {"angle": -45, "axis": "z", "origin": [7.28488, 1.57337, -0.09966]},
			"faces": {
				"north": {"uv": [0, 0, 0.8, 0.4], "rotation": 180, "texture": "#1"},
				"east": {"uv": [0, 0, 0.2, 0.4], "texture": "#1"},
				"south": {"uv": [0, 0, 0.8, 0.4], "rotation": 180, "texture": "#1"},
				"west": {"uv": [0, 0, 0.2, 0.4], "rotation": 180, "texture": "#1"},
				"up": {"uv": [0, 0, 0.8, 0.2], "texture": "#1"},
				"down": {"uv": [0, 0, 0.8, 0.2], "rotation": 180, "texture": "#1"}
			}
		},
		{
			"from": [8.04645, 0.11299, -7.80086],
			"to": [8.44645, 0.91299, -7.40086],
			"rotation": {"angle": 45, "axis": "z", "origin": [8.34645, 0.51299, -7.60086]},
			"faces": {
				"north": {"uv": [0, 0, 0.8, 0.4], "rotation": 270, "texture": "#1"},
				"east": {"uv": [0, 0, 0.8, 0.4], "rotation": 270, "texture": "#1"},
				"south": {"uv": [0, 0, 0.8, 0.4], "rotation": 90, "texture": "#1"},
				"west": {"uv": [0, 0, 0.8, 0.4], "rotation": 270, "texture": "#1"},
				"up": {"uv": [0, 0, 0.4, 0.4], "rotation": 90, "texture": "#1"},
				"down": {"uv": [0, 0, 0.4, 0.4], "rotation": 270, "texture": "#1"}
			}
		},
		{
			"name": "hexadecagon",
			"from": [7.95027, 0.15, -12.9],
			"to": [8.04973, 0.2, -7.4],
			"rotation": {"angle": -45, "axis": "z", "origin": [8, 0.4, -7.9]},
			"faces": {
				"north": {"uv": [0, 0, 1, 1], "texture": "#2"},
				"east": {"uv": [0, 0, 1, 1], "texture": "#2"},
				"south": {"uv": [0, 0, 1, 1], "texture": "#2"},
				"west": {"uv": [0, 0, 1, 1], "texture": "#2"},
				"up": {"uv": [0, 0, 1, 1], "texture": "#2"},
				"down": {"uv": [0, 0, 1, 1], "texture": "#2"}
			}
		},
		{
			"name": "hexadecagon",
			"from": [7.95027, 0.15, -12.9],
			"to": [8.04973, 0.2, -7.4],
			"rotation": {"angle": -22.5, "axis": "z", "origin": [8, 0.4, -7.9]},
			"faces": {
				"north": {"uv": [0, 0, 1, 1], "texture": "#2"},
				"east": {"uv": [0, 0, 1, 1], "texture": "#2"},
				"south": {"uv": [0, 0, 1, 1], "texture": "#2"},
				"west": {"uv": [0, 0, 1, 1], "texture": "#2"},
				"up": {"uv": [0, 0, 1, 1], "texture": "#2"},
				"down": {"uv": [0, 0, 1, 1], "texture": "#2"}
			}
		},
		{
			"name": "hexadecagon",
			"from": [7.95027, 0.15, -12.9],
			"to": [8.04973, 0.2, -7.4],
			"faces": {
				"north": {"uv": [0, 0, 1, 1], "texture": "#2"},
				"east": {"uv": [0, 0, 1, 1], "texture": "#2"},
				"south": {"uv": [0, 0, 1, 1], "texture": "#2"},
				"west": {"uv": [0, 0, 1, 1], "texture": "#2"},
				"up": {"uv": [0, 0, 1, 1], "texture": "#2"},
				"down": {"uv": [0, 0, 1, 1], "texture": "#2"}
			}
		},
		{
			"name": "hexadecagon",
			"from": [7.95027, 0.15, -12.9],
			"to": [8.04973, 0.2, -7.4],
			"rotation": {"angle": 22.5, "axis": "z", "origin": [8, 0.4, -7.9]},
			"faces": {
				"north": {"uv": [0, 0, 1, 1], "texture": "#2"},
				"east": {"uv": [0, 0, 1, 1], "texture": "#2"},
				"south": {"uv": [0, 0, 1, 1], "texture": "#2"},
				"west": {"uv": [0, 0, 1, 1], "texture": "#2"},
				"up": {"uv": [0, 0, 1, 1], "texture": "#2"},
				"down": {"uv": [0, 0, 1, 1], "texture": "#2"}
			}
		},
		{
			"name": "hexadecagon",
			"from": [7.95027, 0.15, -12.9],
			"to": [8.04973, 0.2, -7.4],
			"rotation": {"angle": 45, "axis": "z", "origin": [8, 0.4, -7.9]},
			"faces": {
				"north": {"uv": [0, 0, 1, 1], "texture": "#2"},
				"east": {"uv": [0, 0, 1, 1], "texture": "#2"},
				"south": {"uv": [0, 0, 1, 1], "texture": "#2"},
				"west": {"uv": [0, 0, 1, 1], "texture": "#2"},
				"up": {"uv": [0, 0, 1, 1], "texture": "#2"},
				"down": {"uv": [0, 0, 1, 1], "texture": "#2"}
			}
		},
		{
			"name": "hexadecagon",
			"from": [7.95027, 0.6, -12.9],
			"to": [8.04973, 0.65, -7.4],
			"rotation": {"angle": -45, "axis": "z", "origin": [8, 0.4, -7.9]},
			"faces": {
				"north": {"uv": [0, 0, 1, 1], "texture": "#2"},
				"east": {"uv": [0, 0, 1, 1], "texture": "#2"},
				"south": {"uv": [0, 0, 1, 1], "texture": "#2"},
				"west": {"uv": [0, 0, 1, 1], "texture": "#2"},
				"up": {"uv": [0, 0, 1, 1], "texture": "#2"},
				"down": {"uv": [0, 0, 1, 1], "texture": "#2"}
			}
		},
		{
			"name": "hexadecagon",
			"from": [7.95027, 0.6, -12.9],
			"to": [8.04973, 0.65, -7.4],
			"rotation": {"angle": -22.5, "axis": "z", "origin": [8, 0.4, -7.9]},
			"faces": {
				"north": {"uv": [0, 0, 1, 1], "texture": "#2"},
				"east": {"uv": [0, 0, 1, 1], "texture": "#2"},
				"south": {"uv": [0, 0, 1, 1], "texture": "#2"},
				"west": {"uv": [0, 0, 1, 1], "texture": "#2"},
				"up": {"uv": [0, 0, 1, 1], "texture": "#2"},
				"down": {"uv": [0, 0, 1, 1], "texture": "#2"}
			}
		},
		{
			"name": "hexadecagon",
			"from": [7.95027, 0.6, -12.9],
			"to": [8.04973, 0.65, -7.4],
			"faces": {
				"north": {"uv": [0, 0, 1, 1], "texture": "#2"},
				"east": {"uv": [0, 0, 1, 1], "texture": "#2"},
				"south": {"uv": [0, 0, 1, 1], "texture": "#2"},
				"west": {"uv": [0, 0, 1, 1], "texture": "#2"},
				"up": {"uv": [0, 0, 1, 1], "texture": "#2"},
				"down": {"uv": [0, 0, 1, 1], "texture": "#2"}
			}
		},
		{
			"name": "hexadecagon",
			"from": [7.95027, 0.6, -12.9],
			"to": [8.04973, 0.65, -7.4],
			"rotation": {"angle": 22.5, "axis": "z", "origin": [8, 0.4, -7.9]},
			"faces": {
				"north": {"uv": [0, 0, 1, 1], "texture": "#2"},
				"east": {"uv": [0, 0, 1, 1], "texture": "#2"},
				"south": {"uv": [0, 0, 1, 1], "texture": "#2"},
				"west": {"uv": [0, 0, 1, 1], "texture": "#2"},
				"up": {"uv": [0, 0, 1, 1], "texture": "#2"},
				"down": {"uv": [0, 0, 1, 1], "texture": "#2"}
			}
		},
		{
			"name": "hexadecagon",
			"from": [7.95027, 0.6, -12.9],
			"to": [8.04973, 0.65, -7.4],
			"rotation": {"angle": 45, "axis": "z", "origin": [8, 0.4, -7.9]},
			"faces": {
				"north": {"uv": [0, 0, 1, 1], "texture": "#2"},
				"east": {"uv": [0, 0, 1, 1], "texture": "#2"},
				"south": {"uv": [0, 0, 1, 1], "texture": "#2"},
				"west": {"uv": [0, 0, 1, 1], "texture": "#2"},
				"up": {"uv": [0, 0, 1, 1], "texture": "#2"},
				"down": {"uv": [0, 0, 1, 1], "texture": "#2"}
			}
		},
		{
			"name": "hexadecagon",
			"from": [7.75, 0.35027, -12.9],
			"to": [7.8, 0.44973, -7.4],
			"rotation": {"angle": -22.5, "axis": "z", "origin": [8, 0.4, -7.9]},
			"faces": {
				"north": {"uv": [0, 0, 1, 1], "texture": "#2"},
				"east": {"uv": [0, 0, 1, 1], "texture": "#2"},
				"south": {"uv": [0, 0, 1, 1], "texture": "#2"},
				"west": {"uv": [0, 0, 1, 1], "texture": "#2"},
				"up": {"uv": [0, 0, 1, 1], "texture": "#2"},
				"down": {"uv": [0, 0, 1, 1], "texture": "#2"}
			}
		},
		{
			"name": "hexadecagon",
			"from": [7.75, 0.35027, -12.9],
			"to": [7.8, 0.44973, -7.4],
			"faces": {
				"north": {"uv": [0, 0, 1, 1], "texture": "#2"},
				"east": {"uv": [0, 0, 1, 1], "texture": "#2"},
				"south": {"uv": [0, 0, 1, 1], "texture": "#2"},
				"west": {"uv": [0, 0, 1, 1], "texture": "#2"},
				"up": {"uv": [0, 0, 1, 1], "texture": "#2"},
				"down": {"uv": [0, 0, 1, 1], "texture": "#2"}
			}
		},
		{
			"name": "hexadecagon",
			"from": [7.75, 0.35027, -12.9],
			"to": [7.8, 0.44973, -7.4],
			"rotation": {"angle": 22.5, "axis": "z", "origin": [8, 0.4, -7.9]},
			"faces": {
				"north": {"uv": [0, 0, 1, 1], "texture": "#2"},
				"east": {"uv": [0, 0, 1, 1], "texture": "#2"},
				"south": {"uv": [0, 0, 1, 1], "texture": "#2"},
				"west": {"uv": [0, 0, 1, 1], "texture": "#2"},
				"up": {"uv": [0, 0, 1, 1], "texture": "#2"},
				"down": {"uv": [0, 0, 1, 1], "texture": "#2"}
			}
		},
		{
			"name": "hexadecagon",
			"from": [8.2, 0.35027, -12.9],
			"to": [8.25, 0.44973, -7.4],
			"rotation": {"angle": -22.5, "axis": "z", "origin": [8, 0.4, -7.9]},
			"faces": {
				"north": {"uv": [0, 0, 1, 1], "texture": "#2"},
				"east": {"uv": [0, 0, 1, 1], "texture": "#2"},
				"south": {"uv": [0, 0, 1, 1], "texture": "#2"},
				"west": {"uv": [0, 0, 1, 1], "texture": "#2"},
				"up": {"uv": [0, 0, 1, 1], "texture": "#2"},
				"down": {"uv": [0, 0, 1, 1], "texture": "#2"}
			}
		},
		{
			"name": "hexadecagon",
			"from": [8.2, 0.35027, -12.9],
			"to": [8.25, 0.44973, -7.4],
			"faces": {
				"north": {"uv": [0, 0, 1, 1], "texture": "#2"},
				"east": {"uv": [0, 0, 1, 1], "texture": "#2"},
				"south": {"uv": [0, 0, 1, 1], "texture": "#2"},
				"west": {"uv": [0, 0, 1, 1], "texture": "#2"},
				"up": {"uv": [0, 0, 1, 1], "texture": "#2"},
				"down": {"uv": [0, 0, 1, 1], "texture": "#2"}
			}
		},
		{
			"name": "hexadecagon",
			"from": [8.2, 0.35027, -12.9],
			"to": [8.25, 0.44973, -7.4],
			"rotation": {"angle": 22.5, "axis": "z", "origin": [8, 0.4, -7.9]},
			"faces": {
				"north": {"uv": [0, 0, 1, 1], "texture": "#2"},
				"east": {"uv": [0, 0, 1, 1], "texture": "#2"},
				"south": {"uv": [0, 0, 1, 1], "texture": "#2"},
				"west": {"uv": [0, 0, 1, 1], "texture": "#2"},
				"up": {"uv": [0, 0, 1, 1], "texture": "#2"},
				"down": {"uv": [0, 0, 1, 1], "texture": "#2"}
			}
		},
		{
			"name": "hexadecagon",
			"from": [8.2, 1.15027, -8.6],
			"to": [8.25, 1.24973, -3.1],
			"faces": {
				"north": {"uv": [0, 0, 1, 1], "texture": "#2"},
				"east": {"uv": [0, 0, 1, 1], "texture": "#2"},
				"south": {"uv": [0, 0, 1, 1], "texture": "#2"},
				"west": {"uv": [0, 0, 1, 1], "texture": "#2"},
				"up": {"uv": [0, 0, 1, 1], "texture": "#2"},
				"down": {"uv": [0, 0, 1, 1], "texture": "#2"}
			}
		},
		{
			"name": "hexadecagon",
			"from": [8.2, 1.15027, -8.6],
			"to": [8.25, 1.24973, -3.1],
			"rotation": {"angle": -22.5, "axis": "z", "origin": [8, 1.2, -3.6]},
			"faces": {
				"north": {"uv": [0, 0, 1, 1], "texture": "#2"},
				"east": {"uv": [0, 0, 1, 1], "texture": "#2"},
				"south": {"uv": [0, 0, 1, 1], "texture": "#2"},
				"west": {"uv": [0, 0, 1, 1], "texture": "#2"},
				"up": {"uv": [0, 0, 1, 1], "texture": "#2"},
				"down": {"uv": [0, 0, 1, 1], "texture": "#2"}
			}
		},
		{
			"name": "hexadecagon",
			"from": [7.75, 1.15027, -8.6],
			"to": [7.8, 1.24973, -3.1],
			"rotation": {"angle": 22.5, "axis": "z", "origin": [8, 1.2, -3.6]},
			"faces": {
				"north": {"uv": [0, 0, 1, 1], "texture": "#2"},
				"east": {"uv": [0, 0, 1, 1], "texture": "#2"},
				"south": {"uv": [0, 0, 1, 1], "texture": "#2"},
				"west": {"uv": [0, 0, 1, 1], "texture": "#2"},
				"up": {"uv": [0, 0, 1, 1], "texture": "#2"},
				"down": {"uv": [0, 0, 1, 1], "texture": "#2"}
			}
		},
		{
			"name": "hexadecagon",
			"from": [7.75, 1.15027, -8.6],
			"to": [7.8, 1.24973, -3.1],
			"faces": {
				"north": {"uv": [0, 0, 1, 1], "texture": "#2"},
				"east": {"uv": [0, 0, 1, 1], "texture": "#2"},
				"south": {"uv": [0, 0, 1, 1], "texture": "#2"},
				"west": {"uv": [0, 0, 1, 1], "texture": "#2"},
				"up": {"uv": [0, 0, 1, 1], "texture": "#2"},
				"down": {"uv": [0, 0, 1, 1], "texture": "#2"}
			}
		},
		{
			"name": "hexadecagon",
			"from": [7.75, 1.15027, -8.6],
			"to": [7.8, 1.24973, -3.1],
			"rotation": {"angle": -22.5, "axis": "z", "origin": [8, 1.2, -3.6]},
			"faces": {
				"north": {"uv": [0, 0, 1, 1], "texture": "#2"},
				"east": {"uv": [0, 0, 1, 1], "texture": "#2"},
				"south": {"uv": [0, 0, 1, 1], "texture": "#2"},
				"west": {"uv": [0, 0, 1, 1], "texture": "#2"},
				"up": {"uv": [0, 0, 1, 1], "texture": "#2"},
				"down": {"uv": [0, 0, 1, 1], "texture": "#2"}
			}
		},
		{
			"name": "hexadecagon",
			"from": [7.95027, 1.4, -8.6],
			"to": [8.04973, 1.45, -3.1],
			"rotation": {"angle": 45, "axis": "z", "origin": [8, 1.2, -3.6]},
			"faces": {
				"north": {"uv": [0, 0, 1, 1], "texture": "#2"},
				"east": {"uv": [0, 0, 1, 1], "texture": "#2"},
				"south": {"uv": [0, 0, 1, 1], "texture": "#2"},
				"west": {"uv": [0, 0, 1, 1], "texture": "#2"},
				"up": {"uv": [0, 0, 1, 1], "texture": "#2"},
				"down": {"uv": [0, 0, 1, 1], "texture": "#2"}
			}
		},
		{
			"name": "hexadecagon",
			"from": [7.95027, 1.4, -8.6],
			"to": [8.04973, 1.45, -3.1],
			"rotation": {"angle": 22.5, "axis": "z", "origin": [8, 1.2, -3.6]},
			"faces": {
				"north": {"uv": [0, 0, 1, 1], "texture": "#2"},
				"east": {"uv": [0, 0, 1, 1], "texture": "#2"},
				"south": {"uv": [0, 0, 1, 1], "texture": "#2"},
				"west": {"uv": [0, 0, 1, 1], "texture": "#2"},
				"up": {"uv": [0, 0, 1, 1], "texture": "#2"},
				"down": {"uv": [0, 0, 1, 1], "texture": "#2"}
			}
		},
		{
			"name": "hexadecagon",
			"from": [7.95027, 1.4, -8.6],
			"to": [8.04973, 1.45, -3.1],
			"faces": {
				"north": {"uv": [0, 0, 1, 1], "texture": "#2"},
				"east": {"uv": [0, 0, 1, 1], "texture": "#2"},
				"south": {"uv": [0, 0, 1, 1], "texture": "#2"},
				"west": {"uv": [0, 0, 1, 1], "texture": "#2"},
				"up": {"uv": [0, 0, 1, 1], "texture": "#2"},
				"down": {"uv": [0, 0, 1, 1], "texture": "#2"}
			}
		},
		{
			"name": "hexadecagon",
			"from": [7.95027, 1.4, -8.6],
			"to": [8.04973, 1.45, -3.1],
			"rotation": {"angle": -22.5, "axis": "z", "origin": [8, 1.2, -3.6]},
			"faces": {
				"north": {"uv": [0, 0, 1, 1], "texture": "#2"},
				"east": {"uv": [0, 0, 1, 1], "texture": "#2"},
				"south": {"uv": [0, 0, 1, 1], "texture": "#2"},
				"west": {"uv": [0, 0, 1, 1], "texture": "#2"},
				"up": {"uv": [0, 0, 1, 1], "texture": "#2"},
				"down": {"uv": [0, 0, 1, 1], "texture": "#2"}
			}
		},
		{
			"name": "hexadecagon",
			"from": [7.95027, 1.4, -8.6],
			"to": [8.04973, 1.45, -3.1],
			"rotation": {"angle": -45, "axis": "z", "origin": [8, 1.2, -3.6]},
			"faces": {
				"north": {"uv": [0, 0, 1, 1], "texture": "#2"},
				"east": {"uv": [0, 0, 1, 1], "texture": "#2"},
				"south": {"uv": [0, 0, 1, 1], "texture": "#2"},
				"west": {"uv": [0, 0, 1, 1], "texture": "#2"},
				"up": {"uv": [0, 0, 1, 1], "texture": "#2"},
				"down": {"uv": [0, 0, 1, 1], "texture": "#2"}
			}
		},
		{
			"name": "hexadecagon",
			"from": [7.95027, 0.95, -8.6],
			"to": [8.04973, 1, -3.1],
			"rotation": {"angle": 45, "axis": "z", "origin": [8, 1.2, -3.6]},
			"faces": {
				"north": {"uv": [0, 0, 1, 1], "texture": "#2"},
				"east": {"uv": [0, 0, 1, 1], "texture": "#2"},
				"south": {"uv": [0, 0, 1, 1], "texture": "#2"},
				"west": {"uv": [0, 0, 1, 1], "texture": "#2"},
				"up": {"uv": [0, 0, 1, 1], "texture": "#2"},
				"down": {"uv": [0, 0, 1, 1], "texture": "#2"}
			}
		},
		{
			"name": "hexadecagon",
			"from": [7.95027, 0.95, -8.6],
			"to": [8.04973, 1, -3.1],
			"rotation": {"angle": 22.5, "axis": "z", "origin": [8, 1.2, -3.6]},
			"faces": {
				"north": {"uv": [0, 0, 1, 1], "texture": "#2"},
				"east": {"uv": [0, 0, 1, 1], "texture": "#2"},
				"south": {"uv": [0, 0, 1, 1], "texture": "#2"},
				"west": {"uv": [0, 0, 1, 1], "texture": "#2"},
				"up": {"uv": [0, 0, 1, 1], "texture": "#2"},
				"down": {"uv": [0, 0, 1, 1], "texture": "#2"}
			}
		},
		{
			"name": "hexadecagon",
			"from": [7.95027, 0.95, -8.6],
			"to": [8.04973, 1, -3.1],
			"faces": {
				"north": {"uv": [0, 0, 1, 1], "texture": "#2"},
				"east": {"uv": [0, 0, 1, 1], "texture": "#2"},
				"south": {"uv": [0, 0, 1, 1], "texture": "#2"},
				"west": {"uv": [0, 0, 1, 1], "texture": "#2"},
				"up": {"uv": [0, 0, 1, 1], "texture": "#2"},
				"down": {"uv": [0, 0, 1, 1], "texture": "#2"}
			}
		},
		{
			"name": "hexadecagon",
			"from": [7.95027, 0.95, -8.6],
			"to": [8.04973, 1, -3.1],
			"rotation": {"angle": -22.5, "axis": "z", "origin": [8, 1.2, -3.6]},
			"faces": {
				"north": {"uv": [0, 0, 1, 1], "texture": "#2"},
				"east": {"uv": [0, 0, 1, 1], "texture": "#2"},
				"south": {"uv": [0, 0, 1, 1], "texture": "#2"},
				"west": {"uv": [0, 0, 1, 1], "texture": "#2"},
				"up": {"uv": [0, 0, 1, 1], "texture": "#2"},
				"down": {"uv": [0, 0, 1, 1], "texture": "#2"}
			}
		},
		{
			"name": "hexadecagon",
			"from": [7.95027, 0.95, -8.6],
			"to": [8.04973, 1, -3.1],
			"rotation": {"angle": -45, "axis": "z", "origin": [8, 1.2, -3.6]},
			"faces": {
				"north": {"uv": [0, 0, 1, 1], "texture": "#2"},
				"east": {"uv": [0, 0, 1, 1], "texture": "#2"},
				"south": {"uv": [0, 0, 1, 1], "texture": "#2"},
				"west": {"uv": [0, 0, 1, 1], "texture": "#2"},
				"up": {"uv": [0, 0, 1, 1], "texture": "#2"},
				"down": {"uv": [0, 0, 1, 1], "texture": "#2"}
			}
		},
		{
			"name": "hexadecagon",
			"from": [8.2, 1.15027, -8.6],
			"to": [8.25, 1.24973, -3.1],
			"rotation": {"angle": 22.5, "axis": "z", "origin": [8, 1.2, -3.6]},
			"faces": {
				"north": {"uv": [0, 0, 1, 1], "texture": "#2"},
				"east": {"uv": [0, 0, 1, 1], "texture": "#2"},
				"south": {"uv": [0, 0, 1, 1], "texture": "#2"},
				"west": {"uv": [0, 0, 1, 1], "texture": "#2"},
				"up": {"uv": [0, 0, 1, 1], "texture": "#2"},
				"down": {"uv": [0, 0, 1, 1], "texture": "#2"}
			}
		},
		{
			"name": "hexadecagon",
			"from": [7.65027, 0.1, -8.1],
			"to": [8.34973, 1.45, -3.1],
			"faces": {
				"north": {"uv": [0, 0, 1, 1], "texture": "#2"},
				"east": {"uv": [0, 0, 1, 1], "texture": "#2"},
				"south": {"uv": [0, 0, 1, 1], "texture": "#2"},
				"west": {"uv": [0, 0, 1, 1], "texture": "#2"},
				"up": {"uv": [0, 0, 1, 1], "texture": "#2"},
				"down": {"uv": [0, 0, 1, 1], "texture": "#2"}
			}
		},
		{
			"name": "hexadecagon",
			"from": [8.24, 1.13033, -8.82],
			"to": [8.3, 1.24967, -8.52],
			"rotation": {"angle": 22.5, "axis": "z", "origin": [8, 1.19, -5.52]},
			"faces": {
				"north": {"uv": [0, 0, 1, 1], "texture": "#2"},
				"east": {"uv": [0, 0, 1, 1], "texture": "#2"},
				"south": {"uv": [0, 0, 1, 1], "texture": "#2"},
				"west": {"uv": [0, 0, 1, 1], "texture": "#2"},
				"up": {"uv": [0, 0, 1, 1], "texture": "#2"},
				"down": {"uv": [0, 0, 1, 1], "texture": "#2"}
			}
		},
		{
			"name": "hexadecagon",
			"from": [7.94033, 0.89, -8.82],
			"to": [8.05967, 0.95, -8.52],
			"rotation": {"angle": -45, "axis": "z", "origin": [8, 1.19, -5.52]},
			"faces": {
				"north": {"uv": [0, 0, 1, 1], "texture": "#2"},
				"east": {"uv": [0, 0, 1, 1], "texture": "#2"},
				"south": {"uv": [0, 0, 1, 1], "texture": "#2"},
				"west": {"uv": [0, 0, 1, 1], "texture": "#2"},
				"up": {"uv": [0, 0, 1, 1], "texture": "#2"},
				"down": {"uv": [0, 0, 1, 1], "texture": "#2"}
			}
		},
		{
			"name": "hexadecagon",
			"from": [7.94033, 0.89, -8.82],
			"to": [8.05967, 0.95, -8.52],
			"rotation": {"angle": -22.5, "axis": "z", "origin": [8, 1.19, -5.52]},
			"faces": {
				"north": {"uv": [0, 0, 1, 1], "texture": "#2"},
				"east": {"uv": [0, 0, 1, 1], "texture": "#2"},
				"south": {"uv": [0, 0, 1, 1], "texture": "#2"},
				"west": {"uv": [0, 0, 1, 1], "texture": "#2"},
				"up": {"uv": [0, 0, 1, 1], "texture": "#2"},
				"down": {"uv": [0, 0, 1, 1], "texture": "#2"}
			}
		},
		{
			"name": "hexadecagon",
			"from": [7.94033, 0.89, -8.82],
			"to": [8.05967, 0.95, -8.52],
			"faces": {
				"north": {"uv": [0, 0, 1, 1], "texture": "#2"},
				"east": {"uv": [0, 0, 1, 1], "texture": "#2"},
				"south": {"uv": [0, 0, 1, 1], "texture": "#2"},
				"west": {"uv": [0, 0, 1, 1], "texture": "#2"},
				"up": {"uv": [0, 0, 1, 1], "texture": "#2"},
				"down": {"uv": [0, 0, 1, 1], "texture": "#2"}
			}
		},
		{
			"name": "hexadecagon",
			"from": [7.94033, 0.89, -8.82],
			"to": [8.05967, 0.95, -8.52],
			"rotation": {"angle": 22.5, "axis": "z", "origin": [8, 1.19, -5.52]},
			"faces": {
				"north": {"uv": [0, 0, 1, 1], "texture": "#2"},
				"east": {"uv": [0, 0, 1, 1], "texture": "#2"},
				"south": {"uv": [0, 0, 1, 1], "texture": "#2"},
				"west": {"uv": [0, 0, 1, 1], "texture": "#2"},
				"up": {"uv": [0, 0, 1, 1], "texture": "#2"},
				"down": {"uv": [0, 0, 1, 1], "texture": "#2"}
			}
		},
		{
			"name": "hexadecagon",
			"from": [7.94033, 0.89, -8.82],
			"to": [8.05967, 0.95, -8.52],
			"rotation": {"angle": 45, "axis": "z", "origin": [8, 1.19, -5.52]},
			"faces": {
				"north": {"uv": [0, 0, 1, 1], "texture": "#2"},
				"east": {"uv": [0, 0, 1, 1], "texture": "#2"},
				"south": {"uv": [0, 0, 1, 1], "texture": "#2"},
				"west": {"uv": [0, 0, 1, 1], "texture": "#2"},
				"up": {"uv": [0, 0, 1, 1], "texture": "#2"},
				"down": {"uv": [0, 0, 1, 1], "texture": "#2"}
			}
		},
		{
			"name": "hexadecagon",
			"from": [7.94033, 1.43, -8.82],
			"to": [8.05967, 1.49, -8.52],
			"rotation": {"angle": -45, "axis": "z", "origin": [8, 1.19, -5.52]},
			"faces": {
				"north": {"uv": [0, 0, 1, 1], "texture": "#2"},
				"east": {"uv": [0, 0, 1, 1], "texture": "#2"},
				"south": {"uv": [0, 0, 1, 1], "texture": "#2"},
				"west": {"uv": [0, 0, 1, 1], "texture": "#2"},
				"up": {"uv": [0, 0, 1, 1], "texture": "#2"},
				"down": {"uv": [0, 0, 1, 1], "texture": "#2"}
			}
		},
		{
			"name": "hexadecagon",
			"from": [7.94033, 1.43, -8.82],
			"to": [8.05967, 1.49, -8.52],
			"rotation": {"angle": -22.5, "axis": "z", "origin": [8, 1.19, -5.52]},
			"faces": {
				"north": {"uv": [0, 0, 1, 1], "texture": "#2"},
				"east": {"uv": [0, 0, 1, 1], "texture": "#2"},
				"south": {"uv": [0, 0, 1, 1], "texture": "#2"},
				"west": {"uv": [0, 0, 1, 1], "texture": "#2"},
				"up": {"uv": [0, 0, 1, 1], "texture": "#2"},
				"down": {"uv": [0, 0, 1, 1], "texture": "#2"}
			}
		},
		{
			"name": "hexadecagon",
			"from": [7.94033, 1.43, -8.82],
			"to": [8.05967, 1.49, -8.52],
			"faces": {
				"north": {"uv": [0, 0, 1, 1], "texture": "#2"},
				"east": {"uv": [0, 0, 1, 1], "texture": "#2"},
				"south": {"uv": [0, 0, 1, 1], "texture": "#2"},
				"west": {"uv": [0, 0, 1, 1], "texture": "#2"},
				"up": {"uv": [0, 0, 1, 1], "texture": "#2"},
				"down": {"uv": [0, 0, 1, 1], "texture": "#2"}
			}
		},
		{
			"name": "hexadecagon",
			"from": [7.94033, 1.43, -8.82],
			"to": [8.05967, 1.49, -8.52],
			"rotation": {"angle": 22.5, "axis": "z", "origin": [8, 1.19, -5.52]},
			"faces": {
				"north": {"uv": [0, 0, 1, 1], "texture": "#2"},
				"east": {"uv": [0, 0, 1, 1], "texture": "#2"},
				"south": {"uv": [0, 0, 1, 1], "texture": "#2"},
				"west": {"uv": [0, 0, 1, 1], "texture": "#2"},
				"up": {"uv": [0, 0, 1, 1], "texture": "#2"},
				"down": {"uv": [0, 0, 1, 1], "texture": "#2"}
			}
		},
		{
			"name": "hexadecagon",
			"from": [7.94033, 1.43, -8.82],
			"to": [8.05967, 1.49, -8.52],
			"rotation": {"angle": 45, "axis": "z", "origin": [8, 1.19, -5.52]},
			"faces": {
				"north": {"uv": [0, 0, 1, 1], "texture": "#2"},
				"east": {"uv": [0, 0, 1, 1], "texture": "#2"},
				"south": {"uv": [0, 0, 1, 1], "texture": "#2"},
				"west": {"uv": [0, 0, 1, 1], "texture": "#2"},
				"up": {"uv": [0, 0, 1, 1], "texture": "#2"},
				"down": {"uv": [0, 0, 1, 1], "texture": "#2"}
			}
		},
		{
			"name": "hexadecagon",
			"from": [7.7, 1.13033, -8.82],
			"to": [7.76, 1.24967, -8.52],
			"rotation": {"angle": -22.5, "axis": "z", "origin": [8, 1.19, -5.52]},
			"faces": {
				"north": {"uv": [0, 0, 1, 1], "texture": "#2"},
				"east": {"uv": [0, 0, 1, 1], "texture": "#2"},
				"south": {"uv": [0, 0, 1, 1], "texture": "#2"},
				"west": {"uv": [0, 0, 1, 1], "texture": "#2"},
				"up": {"uv": [0, 0, 1, 1], "texture": "#2"},
				"down": {"uv": [0, 0, 1, 1], "texture": "#2"}
			}
		},
		{
			"name": "hexadecagon",
			"from": [7.7, 1.13033, -8.82],
			"to": [7.76, 1.24967, -8.52],
			"faces": {
				"north": {"uv": [0, 0, 1, 1], "texture": "#2"},
				"east": {"uv": [0, 0, 1, 1], "texture": "#2"},
				"south": {"uv": [0, 0, 1, 1], "texture": "#2"},
				"west": {"uv": [0, 0, 1, 1], "texture": "#2"},
				"up": {"uv": [0, 0, 1, 1], "texture": "#2"},
				"down": {"uv": [0, 0, 1, 1], "texture": "#2"}
			}
		},
		{
			"name": "hexadecagon",
			"from": [7.7, 1.13033, -8.82],
			"to": [7.76, 1.24967, -8.52],
			"rotation": {"angle": 22.5, "axis": "z", "origin": [8, 1.19, -5.52]},
			"faces": {
				"north": {"uv": [0, 0, 1, 1], "texture": "#2"},
				"east": {"uv": [0, 0, 1, 1], "texture": "#2"},
				"south": {"uv": [0, 0, 1, 1], "texture": "#2"},
				"west": {"uv": [0, 0, 1, 1], "texture": "#2"},
				"up": {"uv": [0, 0, 1, 1], "texture": "#2"},
				"down": {"uv": [0, 0, 1, 1], "texture": "#2"}
			}
		},
		{
			"name": "hexadecagon",
			"from": [8.24, 1.13033, -8.82],
			"to": [8.3, 1.24967, -8.52],
			"rotation": {"angle": -22.5, "axis": "z", "origin": [8, 1.19, -5.52]},
			"faces": {
				"north": {"uv": [0, 0, 1, 1], "texture": "#2"},
				"east": {"uv": [0, 0, 1, 1], "texture": "#2"},
				"south": {"uv": [0, 0, 1, 1], "texture": "#2"},
				"west": {"uv": [0, 0, 1, 1], "texture": "#2"},
				"up": {"uv": [0, 0, 1, 1], "texture": "#2"},
				"down": {"uv": [0, 0, 1, 1], "texture": "#2"}
			}
		},
		{
			"name": "hexadecagon",
			"from": [8.24, 1.13033, -8.82],
			"to": [8.3, 1.24967, -8.52],
			"faces": {
				"north": {"uv": [0, 0, 1, 1], "texture": "#2"},
				"east": {"uv": [0, 0, 1, 1], "texture": "#2"},
				"south": {"uv": [0, 0, 1, 1], "texture": "#2"},
				"west": {"uv": [0, 0, 1, 1], "texture": "#2"},
				"up": {"uv": [0, 0, 1, 1], "texture": "#2"},
				"down": {"uv": [0, 0, 1, 1], "texture": "#2"}
			}
		},
		{
			"name": "hexadecagon",
			"from": [8.24, 0.33033, -14.22],
			"to": [8.3, 0.44967, -12.72],
			"rotation": {"angle": 22.5, "axis": "z", "origin": [8, 0.39, -9.72]},
			"faces": {
				"north": {"uv": [0, 0, 1, 1], "texture": "#2"},
				"east": {"uv": [0, 0, 1, 1], "texture": "#2"},
				"south": {"uv": [0, 0, 1, 1], "texture": "#2"},
				"west": {"uv": [0, 0, 1, 1], "texture": "#2"},
				"up": {"uv": [0, 0, 1, 1], "texture": "#2"},
				"down": {"uv": [0, 0, 1, 1], "texture": "#2"}
			}
		},
		{
			"name": "hexadecagon",
			"from": [7.94033, 0.09, -14.22],
			"to": [8.05967, 0.15, -12.72],
			"rotation": {"angle": -45, "axis": "z", "origin": [8, 0.39, -9.72]},
			"faces": {
				"north": {"uv": [0, 0, 1, 1], "texture": "#2"},
				"east": {"uv": [0, 0, 1, 1], "texture": "#2"},
				"south": {"uv": [0, 0, 1, 1], "texture": "#2"},
				"west": {"uv": [0, 0, 1, 1], "texture": "#2"},
				"up": {"uv": [0, 0, 1, 1], "texture": "#2"},
				"down": {"uv": [0, 0, 1, 1], "texture": "#2"}
			}
		},
		{
			"name": "hexadecagon",
			"from": [7.94033, 0.09, -14.22],
			"to": [8.05967, 0.15, -12.72],
			"rotation": {"angle": -22.5, "axis": "z", "origin": [8, 0.39, -9.72]},
			"faces": {
				"north": {"uv": [0, 0, 1, 1], "texture": "#2"},
				"east": {"uv": [0, 0, 1, 1], "texture": "#2"},
				"south": {"uv": [0, 0, 1, 1], "texture": "#2"},
				"west": {"uv": [0, 0, 1, 1], "texture": "#2"},
				"up": {"uv": [0, 0, 1, 1], "texture": "#2"},
				"down": {"uv": [0, 0, 1, 1], "texture": "#2"}
			}
		},
		{
			"name": "hexadecagon",
			"from": [7.94033, 0.09, -14.22],
			"to": [8.05967, 0.15, -12.72],
			"faces": {
				"north": {"uv": [0, 0, 1, 1], "texture": "#2"},
				"east": {"uv": [0, 0, 1, 1], "texture": "#2"},
				"south": {"uv": [0, 0, 1, 1], "texture": "#2"},
				"west": {"uv": [0, 0, 1, 1], "texture": "#2"},
				"up": {"uv": [0, 0, 1, 1], "texture": "#2"},
				"down": {"uv": [0, 0, 1, 1], "texture": "#2"}
			}
		},
		{
			"name": "hexadecagon",
			"from": [7.94033, 0.09, -14.22],
			"to": [8.05967, 0.15, -12.72],
			"rotation": {"angle": 22.5, "axis": "z", "origin": [8, 0.39, -9.72]},
			"faces": {
				"north": {"uv": [0, 0, 1, 1], "texture": "#2"},
				"east": {"uv": [0, 0, 1, 1], "texture": "#2"},
				"south": {"uv": [0, 0, 1, 1], "texture": "#2"},
				"west": {"uv": [0, 0, 1, 1], "texture": "#2"},
				"up": {"uv": [0, 0, 1, 1], "texture": "#2"},
				"down": {"uv": [0, 0, 1, 1], "texture": "#2"}
			}
		},
		{
			"name": "hexadecagon",
			"from": [7.94033, 0.09, -14.22],
			"to": [8.05967, 0.15, -12.72],
			"rotation": {"angle": 45, "axis": "z", "origin": [8, 0.39, -9.72]},
			"faces": {
				"north": {"uv": [0, 0, 1, 1], "texture": "#2"},
				"east": {"uv": [0, 0, 1, 1], "texture": "#2"},
				"south": {"uv": [0, 0, 1, 1], "texture": "#2"},
				"west": {"uv": [0, 0, 1, 1], "texture": "#2"},
				"up": {"uv": [0, 0, 1, 1], "texture": "#2"},
				"down": {"uv": [0, 0, 1, 1], "texture": "#2"}
			}
		},
		{
			"name": "hexadecagon",
			"from": [7.94033, 0.63, -14.22],
			"to": [8.05967, 0.69, -12.72],
			"rotation": {"angle": -45, "axis": "z", "origin": [8, 0.39, -9.72]},
			"faces": {
				"north": {"uv": [0, 0, 1, 1], "texture": "#2"},
				"east": {"uv": [0, 0, 1, 1], "texture": "#2"},
				"south": {"uv": [0, 0, 1, 1], "texture": "#2"},
				"west": {"uv": [0, 0, 1, 1], "texture": "#2"},
				"up": {"uv": [0, 0, 1, 1], "texture": "#2"},
				"down": {"uv": [0, 0, 1, 1], "texture": "#2"}
			}
		},
		{
			"name": "hexadecagon",
			"from": [7.94033, 0.63, -14.22],
			"to": [8.05967, 0.69, -12.72],
			"rotation": {"angle": -22.5, "axis": "z", "origin": [8, 0.39, -9.72]},
			"faces": {
				"north": {"uv": [0, 0, 1, 1], "texture": "#2"},
				"east": {"uv": [0, 0, 1, 1], "texture": "#2"},
				"south": {"uv": [0, 0, 1, 1], "texture": "#2"},
				"west": {"uv": [0, 0, 1, 1], "texture": "#2"},
				"up": {"uv": [0, 0, 1, 1], "texture": "#2"},
				"down": {"uv": [0, 0, 1, 1], "texture": "#2"}
			}
		},
		{
			"name": "hexadecagon",
			"from": [7.94033, 0.63, -14.22],
			"to": [8.05967, 0.69, -12.72],
			"faces": {
				"north": {"uv": [0, 0, 1, 1], "texture": "#2"},
				"east": {"uv": [0, 0, 1, 1], "texture": "#2"},
				"south": {"uv": [0, 0, 1, 1], "texture": "#2"},
				"west": {"uv": [0, 0, 1, 1], "texture": "#2"},
				"up": {"uv": [0, 0, 1, 1], "texture": "#2"},
				"down": {"uv": [0, 0, 1, 1], "texture": "#2"}
			}
		},
		{
			"name": "hexadecagon",
			"from": [7.94033, 0.63, -14.22],
			"to": [8.05967, 0.69, -12.72],
			"rotation": {"angle": 22.5, "axis": "z", "origin": [8, 0.39, -9.72]},
			"faces": {
				"north": {"uv": [0, 0, 1, 1], "texture": "#2"},
				"east": {"uv": [0, 0, 1, 1], "texture": "#2"},
				"south": {"uv": [0, 0, 1, 1], "texture": "#2"},
				"west": {"uv": [0, 0, 1, 1], "texture": "#2"},
				"up": {"uv": [0, 0, 1, 1], "texture": "#2"},
				"down": {"uv": [0, 0, 1, 1], "texture": "#2"}
			}
		},
		{
			"name": "hexadecagon",
			"from": [7.94033, 0.63, -14.22],
			"to": [8.05967, 0.69, -12.72],
			"rotation": {"angle": 45, "axis": "z", "origin": [8, 0.39, -9.72]},
			"faces": {
				"north": {"uv": [0, 0, 1, 1], "texture": "#2"},
				"east": {"uv": [0, 0, 1, 1], "texture": "#2"},
				"south": {"uv": [0, 0, 1, 1], "texture": "#2"},
				"west": {"uv": [0, 0, 1, 1], "texture": "#2"},
				"up": {"uv": [0, 0, 1, 1], "texture": "#2"},
				"down": {"uv": [0, 0, 1, 1], "texture": "#2"}
			}
		},
		{
			"name": "hexadecagon",
			"from": [7.7, 0.33033, -14.22],
			"to": [7.76, 0.44967, -12.72],
			"rotation": {"angle": -22.5, "axis": "z", "origin": [8, 0.39, -9.72]},
			"faces": {
				"north": {"uv": [0, 0, 1, 1], "texture": "#2"},
				"east": {"uv": [0, 0, 1, 1], "texture": "#2"},
				"south": {"uv": [0, 0, 1, 1], "texture": "#2"},
				"west": {"uv": [0, 0, 1, 1], "texture": "#2"},
				"up": {"uv": [0, 0, 1, 1], "texture": "#2"},
				"down": {"uv": [0, 0, 1, 1], "texture": "#2"}
			}
		},
		{
			"name": "hexadecagon",
			"from": [7.7, 0.33033, -14.22],
			"to": [7.76, 0.44967, -12.72],
			"faces": {
				"north": {"uv": [0, 0, 1, 1], "texture": "#2"},
				"east": {"uv": [0, 0, 1, 1], "texture": "#2"},
				"south": {"uv": [0, 0, 1, 1], "texture": "#2"},
				"west": {"uv": [0, 0, 1, 1], "texture": "#2"},
				"up": {"uv": [0, 0, 1, 1], "texture": "#2"},
				"down": {"uv": [0, 0, 1, 1], "texture": "#2"}
			}
		},
		{
			"name": "hexadecagon",
			"from": [7.7, 0.33033, -14.22],
			"to": [7.76, 0.44967, -12.72],
			"rotation": {"angle": 22.5, "axis": "z", "origin": [8, 0.39, -9.72]},
			"faces": {
				"north": {"uv": [0, 0, 1, 1], "texture": "#2"},
				"east": {"uv": [0, 0, 1, 1], "texture": "#2"},
				"south": {"uv": [0, 0, 1, 1], "texture": "#2"},
				"west": {"uv": [0, 0, 1, 1], "texture": "#2"},
				"up": {"uv": [0, 0, 1, 1], "texture": "#2"},
				"down": {"uv": [0, 0, 1, 1], "texture": "#2"}
			}
		},
		{
			"name": "hexadecagon",
			"from": [8.24, 0.33033, -14.22],
			"to": [8.3, 0.44967, -12.72],
			"rotation": {"angle": -22.5, "axis": "z", "origin": [8, 0.39, -9.72]},
			"faces": {
				"north": {"uv": [0, 0, 1, 1], "texture": "#2"},
				"east": {"uv": [0, 0, 1, 1], "texture": "#2"},
				"south": {"uv": [0, 0, 1, 1], "texture": "#2"},
				"west": {"uv": [0, 0, 1, 1], "texture": "#2"},
				"up": {"uv": [0, 0, 1, 1], "texture": "#2"},
				"down": {"uv": [0, 0, 1, 1], "texture": "#2"}
			}
		},
		{
			"name": "hexadecagon",
			"from": [8.24, 0.33033, -14.22],
			"to": [8.3, 0.44967, -12.72],
			"faces": {
				"north": {"uv": [0, 0, 1, 1], "texture": "#2"},
				"east": {"uv": [0, 0, 1, 1], "texture": "#2"},
				"south": {"uv": [0, 0, 1, 1], "texture": "#2"},
				"west": {"uv": [0, 0, 1, 1], "texture": "#2"},
				"up": {"uv": [0, 0, 1, 1], "texture": "#2"},
				"down": {"uv": [0, 0, 1, 1], "texture": "#2"}
			}
		},
		{
			"name": "hexadecagon",
			"from": [7.75027, 0.4, -7.7],
			"to": [8.24973, 2.45, -7.2],
			"faces": {
				"north": {"uv": [0, 0, 1, 1], "texture": "#2"},
				"east": {"uv": [0, 0, 1, 1], "texture": "#2"},
				"south": {"uv": [0, 0, 1, 1], "texture": "#2"},
				"west": {"uv": [0, 0, 1, 1], "texture": "#2"},
				"up": {"uv": [0, 0, 1, 1], "texture": "#2"},
				"down": {"uv": [0, 0, 1, 1], "texture": "#2"}
			}
		},
		{
			"name": "hexadecagon",
			"from": [7.85105, -1.52937, -9.78917],
			"to": [8.15051, -0.07937, -9.38917],
			"rotation": {"angle": 45, "axis": "x", "origin": [8.00078, -1.32937, -5.68917]},
			"faces": {
				"north": {"uv": [0, 0, 1, 1], "texture": "#2"},
				"east": {"uv": [0, 0, 1, 1], "texture": "#2"},
				"south": {"uv": [0, 0, 1, 1], "texture": "#2"},
				"west": {"uv": [0, 0, 1, 1], "texture": "#2"},
				"up": {"uv": [0, 0, 1, 1], "texture": "#2"},
				"down": {"uv": [0, 0, 1, 1], "texture": "#2"}
			}
		},
		{
			"name": "hexadecagon",
			"from": [7.85105, -1.12937, -9.78917],
			"to": [8.15051, -0.47937, -8.98917],
			"rotation": {"angle": 45, "axis": "x", "origin": [8.00078, -1.32937, -5.68917]},
			"faces": {
				"north": {"uv": [0, 0, 1, 1], "texture": "#2"},
				"east": {"uv": [0, 0, 1, 1], "texture": "#2"},
				"south": {"uv": [0, 0, 1, 1], "texture": "#2"},
				"west": {"uv": [0, 0, 1, 1], "texture": "#2"},
				"up": {"uv": [0, 0, 1, 1], "texture": "#2"},
				"down": {"uv": [0, 0, 1, 1], "texture": "#2"}
			}
		},
		{
			"name": "hexadecagon",
			"from": [7.75027, 2.3, -7.7],
			"to": [7.84973, 2.85, -7.2],
			"faces": {
				"north": {"uv": [0, 0, 1, 1], "texture": "#2"},
				"east": {"uv": [0, 0, 1, 1], "texture": "#2"},
				"south": {"uv": [0, 0, 1, 1], "texture": "#2"},
				"west": {"uv": [0, 0, 1, 1], "texture": "#2"},
				"up": {"uv": [0, 0, 1, 1], "texture": "#2"},
				"down": {"uv": [0, 0, 1, 1], "texture": "#2"}
			}
		},
		{
			"name": "hexadecagon",
			"from": [8.15027, 2.3, -7.7],
			"to": [8.24973, 2.85, -7.2],
			"faces": {
				"north": {"uv": [0, 0, 1, 1], "texture": "#2"},
				"east": {"uv": [0, 0, 1, 1], "texture": "#2"},
				"south": {"uv": [0, 0, 1, 1], "texture": "#2"},
				"west": {"uv": [0, 0, 1, 1], "texture": "#2"},
				"up": {"uv": [0, 0, 1, 1], "texture": "#2"},
				"down": {"uv": [0, 0, 1, 1], "texture": "#2"}
			}
		},
		{
			"name": "hexadecagon",
			"from": [8.55858, 2.99265, -7.7002],
			"to": [8.65803, 3.14265, -7.2002],
			"rotation": {"angle": 22.5, "axis": "z", "origin": [8.8083, 1.89265, -3.6002]},
			"faces": {
				"north": {"uv": [0, 0, 1, 1], "texture": "#2"},
				"east": {"uv": [0, 0, 1, 1], "texture": "#2"},
				"south": {"uv": [0, 0, 1, 1], "texture": "#2"},
				"west": {"uv": [0, 0, 1, 1], "texture": "#2"},
				"up": {"uv": [0, 0, 1, 1], "texture": "#2"},
				"down": {"uv": [0, 0, 1, 1], "texture": "#2"}
			}
		},
		{
			"name": "hexadecagon",
			"from": [7.7752, 2.82467, -7.69942],
			"to": [7.87465, 2.97467, -7.19942],
			"rotation": {"angle": -22.5, "axis": "z", "origin": [7.82492, 2.89967, -7.44942]},
			"faces": {
				"north": {"uv": [0, 0, 1, 1], "rotation": 180, "texture": "#2"},
				"east": {"uv": [0, 0, 1, 1], "rotation": 180, "texture": "#2"},
				"south": {"uv": [0, 0, 1, 1], "rotation": 180, "texture": "#2"},
				"west": {"uv": [0, 0, 1, 1], "texture": "#2"},
				"up": {"uv": [0, 0, 1, 1], "rotation": 180, "texture": "#2"},
				"down": {"uv": [0, 0, 1, 1], "texture": "#2"}
			}
		},
		{
			"from": [7.40301, -2.10428, 2.70126],
			"to": [8.60301, -0.40428, 4.90126],
			"rotation": {"angle": 22.5, "axis": "x", "origin": [8.00301, -0.10428, 6.40126]},
			"faces": {
				"north": {"uv": [0, 0, 1.4, 0.7], "texture": "#1"},
				"east": {"uv": [0, 0, 16, 0.7], "texture": "#1"},
				"south": {"uv": [0, 0, 1.4, 0.7], "texture": "#1"},
				"west": {"uv": [0, 0, 16, 0.7], "texture": "#1"},
				"up": {"uv": [0, 0, 1.4, 16], "texture": "#1"},
				"down": {"uv": [0, 0, 1.4, 16], "texture": "#1"}
			}
		},
		{
			"from": [7.40144, -1.37644, 4.25008],
			"to": [8.60144, 0.62356, 7.35008],
			"faces": {
				"north": {"uv": [0, 0, 1.4, 0.7], "texture": "#1"},
				"east": {"uv": [0, 0, 16, 0.7], "texture": "#1"},
				"south": {"uv": [0, 0, 1.4, 0.7], "texture": "#1"},
				"west": {"uv": [0, 0, 16, 0.7], "texture": "#1"},
				"up": {"uv": [0, 0, 1.4, 16], "texture": "#1"},
				"down": {"uv": [0, 0, 1.4, 16], "texture": "#1"}
			}
		},
		{
			"from": [7.40438, -0.11791, 6.30527],
			"to": [8.60438, 0.78209, 8.70527],
			"rotation": {"angle": -22.5, "axis": "x", "origin": [8.00438, 1.88209, 10.00527]},
			"faces": {
				"north": {"uv": [0, 0, 1.4, 0.7], "texture": "#1"},
				"east": {"uv": [0, 0, 16, 0.7], "texture": "#1"},
				"south": {"uv": [0, 0, 1.4, 0.7], "texture": "#1"},
				"west": {"uv": [0, 0, 16, 0.7], "texture": "#1"},
				"up": {"uv": [0, 0, 1.4, 16], "texture": "#1"},
				"down": {"uv": [0, 0, 1.4, 16], "texture": "#1"}
			}
		},
		{
			"from": [7.40438, -0.41791, 6.30527],
			"to": [8.60438, 0.68209, 11.00527],
			"faces": {
				"north": {"uv": [0, 0, 1.4, 0.7], "texture": "#1"},
				"east": {"uv": [0, 0, 16, 0.7], "texture": "#1"},
				"south": {"uv": [0, 0, 1.4, 0.7], "texture": "#1"},
				"west": {"uv": [0, 0, 16, 0.7], "texture": "#1"},
				"up": {"uv": [0, 0, 1.4, 16], "texture": "#1"},
				"down": {"uv": [0, 0, 1.4, 16], "texture": "#1"}
			}
		},
		{
			"from": [7.52077, 0.1083, 4.02675],
			"to": [8.52077, 1.4283, 18.18675],
			"faces": {
				"north": {"uv": [0, 0, 1, 1.1], "texture": "#0"},
				"east": {"uv": [0, 0, 11.8, 1.1], "texture": "#0"},
				"south": {"uv": [0, 0, 1, 1.1], "texture": "#0"},
				"west": {"uv": [0, 0, 11.8, 1.1], "texture": "#0"},
				"up": {"uv": [0, 0, 1, 11.8], "texture": "#0"},
				"down": {"uv": [0, 0, 1, 11.8], "texture": "#0"}
			}
		},
		{
			"from": [7.51885, -2.89171, 17.34907],
			"to": [8.51885, 1.42829, 18.18907],
			"faces": {
				"north": {"uv": [0, 0, 1, 3.6], "rotation": 180, "texture": "#0"},
				"east": {"uv": [0, 0, 3.6, 0.7], "rotation": 270, "texture": "#0"},
				"south": {"uv": [0, 0, 1, 3.6], "texture": "#0"},
				"west": {"uv": [0, 0, 3.6, 0.7], "rotation": 90, "texture": "#0"},
				"up": {"uv": [0, 0, 1, 0.7], "rotation": 180, "texture": "#0"},
				"down": {"uv": [0, 0, 1, 0.7], "texture": "#0"}
			}
		},
		{
			"from": [7.51886, -2.09708, 11.43421],
			"to": [8.51886, -0.05708, 17.67421],
			"rotation": {"angle": 22.5, "axis": "x", "origin": [8.01886, -1.67708, 15.51421]},
			"faces": {
				"north": {"uv": [0, 0, 1, 1.7], "rotation": 180, "texture": "#0"},
				"east": {"uv": [0, 0, 5.2, 1.7], "rotation": 180, "texture": "#0"},
				"south": {"uv": [0, 0, 1, 1.7], "rotation": 180, "texture": "#0"},
				"west": {"uv": [0, 0, 5.2, 1.7], "rotation": 180, "texture": "#0"},
				"up": {"uv": [0, 0, 1, 5.2], "texture": "#0"},
				"down": {"uv": [0, 0, 1, 5.2], "texture": "#0"}
			}
		},
		{
			"from": [7.51886, -2.09708, 14.07421],
			"to": [8.51886, 1.02292, 17.19421],
			"rotation": {"angle": 22.5, "axis": "x", "origin": [8.01886, -1.67708, 15.51421]},
			"faces": {
				"north": {"uv": [0, 0, 1, 2.6], "rotation": 180, "texture": "#0"},
				"east": {"uv": [0, 0, 2.6, 2.6], "rotation": 180, "texture": "#0"},
				"south": {"uv": [0, 0, 1, 2.6], "rotation": 180, "texture": "#0"},
				"west": {"uv": [0, 0, 2.6, 2.6], "rotation": 180, "texture": "#0"},
				"up": {"uv": [0, 0, 1, 2.6], "texture": "#0"},
				"down": {"uv": [0, 0, 1, 2.6], "texture": "#0"}
			}
		},
		{
			"from": [7.39799, -0.53256, 2.21902],
			"to": [8.59799, 0.46744, 6.21902],
			"faces": {
				"north": {"uv": [0, 0, 1.4, 0.7], "texture": "#1"},
				"east": {"uv": [0, 0, 16, 0.7], "texture": "#1"},
				"south": {"uv": [0, 0, 1.4, 0.7], "texture": "#1"},
				"west": {"uv": [0, 0, 16, 0.7], "texture": "#1"},
				"up": {"uv": [0, 0, 1.4, 16], "texture": "#1"},
				"down": {"uv": [0, 0, 1.4, 16], "texture": "#1"}
			}
		},
		{
			"from": [7.50438, -0.71791, 6.30527],
			"to": [8.50438, 0.78209, 9.50527],
			"faces": {
				"north": {"uv": [0, 0, 1.4, 0.7], "texture": "#0"},
				"east": {"uv": [0, 0, 16, 0.7], "texture": "#0"},
				"south": {"uv": [0, 0, 1.4, 0.7], "texture": "#0"},
				"west": {"uv": [0, 0, 16, 0.7], "texture": "#0"},
				"up": {"uv": [0, 0, 1.4, 16], "texture": "#0"},
				"down": {"uv": [0, 0, 1.4, 16], "texture": "#0"}
			}
		},
		{
			"from": [7.50163, -0.06361, 5.38215],
			"to": [8.50163, 0.73639, 7.08215],
			"rotation": {"angle": -45, "axis": "x", "origin": [8.00163, 2.53639, 9.08215]},
			"faces": {
				"north": {"uv": [0, 0, 1.4, 0.7], "texture": "#0"},
				"east": {"uv": [0, 0, 16, 0.7], "texture": "#0"},
				"south": {"uv": [0, 0, 1.4, 0.7], "texture": "#0"},
				"west": {"uv": [0, 0, 16, 0.7], "texture": "#0"},
				"up": {"uv": [0, 0, 1.4, 16], "texture": "#0"},
				"down": {"uv": [0, 0, 1.4, 16], "texture": "#0"}
			}
		},
		{
			"from": [7.50438, -1.71791, 7.30527],
			"to": [8.50438, -0.81791, 9.10527],
			"faces": {
				"north": {"uv": [0, 0, 1.4, 0.7], "texture": "#0"},
				"east": {"uv": [0, 0, 16, 0.7], "texture": "#0"},
				"south": {"uv": [0, 0, 1.4, 0.7], "texture": "#0"},
				"west": {"uv": [0, 0, 16, 0.7], "texture": "#0"},
				"up": {"uv": [0, 0, 1.4, 16], "texture": "#0"},
				"down": {"uv": [0, 0, 1.4, 16], "texture": "#0"}
			}
		},
		{
			"from": [7.50334, -1.81167, 8.51845],
			"to": [8.50334, -0.81167, 11.71845],
			"rotation": {"angle": 45, "axis": "x", "origin": [8.00334, 1.88833, 9.31845]},
			"faces": {
				"north": {"uv": [0, 0, 1.4, 0.7], "texture": "#0"},
				"east": {"uv": [0, 0, 16, 0.7], "texture": "#0"},
				"south": {"uv": [0, 0, 1.4, 0.7], "texture": "#0"},
				"west": {"uv": [0, 0, 16, 0.7], "texture": "#0"},
				"up": {"uv": [0, 0, 1.4, 16], "texture": "#0"},
				"down": {"uv": [0, 0, 1.4, 16], "texture": "#0"}
			}
		},
		{
			"from": [7.50979, -2.42812, 6.59586],
			"to": [8.50979, 0.77188, 8.39586],
			"faces": {
				"north": {"uv": [0, 0, 1.4, 16], "rotation": 180, "texture": "#0"},
				"east": {"uv": [0, 0, 16, 0.7], "rotation": 270, "texture": "#0"},
				"south": {"uv": [0, 0, 1.4, 16], "texture": "#0"},
				"west": {"uv": [0, 0, 16, 0.7], "rotation": 90, "texture": "#0"},
				"up": {"uv": [0, 0, 1.4, 0.7], "rotation": 180, "texture": "#0"},
				"down": {"uv": [0, 0, 1.4, 0.7], "texture": "#0"}
			}
		},
		{
			"from": [7.60979, -3.42812, 6.19586],
			"to": [8.40979, -0.42812, 7.99586],
			"rotation": {"angle": -22.5, "axis": "x", "origin": [8.00979, -0.02812, 11.09586]},
			"faces": {
				"north": {"uv": [0, 0, 1.4, 16], "rotation": 180, "texture": "#0"},
				"east": {"uv": [0, 0, 16, 0.7], "rotation": 270, "texture": "#0"},
				"south": {"uv": [0, 0, 1.4, 16], "texture": "#0"},
				"west": {"uv": [0, 0, 16, 0.7], "rotation": 90, "texture": "#0"},
				"up": {"uv": [0, 0, 1.4, 0.7], "rotation": 180, "texture": "#0"},
				"down": {"uv": [0, 0, 1.4, 0.7], "texture": "#0"}
			}
		},
		{
			"from": [7.60301, -4.10428, 2.40126],
			"to": [8.40301, -0.40428, 4.80126],
			"faces": {
				"north": {"uv": [0, 0, 1.4, 0.7], "texture": "#2"},
				"east": {"uv": [0, 0, 16, 0.7], "texture": "#2"},
				"south": {"uv": [0, 0, 1.4, 0.7], "texture": "#2"},
				"west": {"uv": [0, 0, 16, 0.7], "texture": "#2"},
				"up": {"uv": [0, 0, 1.4, 16], "texture": "#2"},
				"down": {"uv": [0, 0, 1.4, 16], "texture": "#2"}
			}
		},
		{
			"from": [7.60979, -3.42812, 5.99586],
			"to": [8.40979, -3.02812, 7.99586],
			"rotation": {"angle": -22.5, "axis": "x", "origin": [8.00979, -0.02812, 11.09586]},
			"faces": {
				"north": {"uv": [0, 0, 1.4, 16], "rotation": 180, "texture": "#0"},
				"east": {"uv": [0, 0, 16, 0.7], "rotation": 270, "texture": "#0"},
				"south": {"uv": [0, 0, 1.4, 16], "texture": "#0"},
				"west": {"uv": [0, 0, 16, 0.7], "rotation": 90, "texture": "#0"},
				"up": {"uv": [0, 0, 1.4, 0.7], "rotation": 180, "texture": "#0"},
				"down": {"uv": [0, 0, 1.4, 0.7], "texture": "#0"}
			}
		},
		{
			"from": [7.55301, -4.00428, 2.40126],
			"to": [8.45301, -0.40428, 2.90126],
			"faces": {
				"north": {"uv": [0, 0, 1.4, 0.7], "texture": "#2"},
				"east": {"uv": [0, 0, 16, 0.7], "texture": "#2"},
				"south": {"uv": [0, 0, 1.4, 0.7], "texture": "#2"},
				"west": {"uv": [0, 0, 16, 0.7], "texture": "#2"},
				"up": {"uv": [0, 0, 1.4, 16], "texture": "#2"},
				"down": {"uv": [0, 0, 1.4, 16], "texture": "#2"}
			}
		},
		{
			"from": [7.55301, -4.00428, 3.10126],
			"to": [8.45301, -0.40428, 3.70126],
			"faces": {
				"north": {"uv": [0, 0, 1.4, 0.7], "texture": "#2"},
				"east": {"uv": [0, 0, 16, 0.7], "texture": "#2"},
				"south": {"uv": [0, 0, 1.4, 0.7], "texture": "#2"},
				"west": {"uv": [0, 0, 16, 0.7], "texture": "#2"},
				"up": {"uv": [0, 0, 1.4, 16], "texture": "#2"},
				"down": {"uv": [0, 0, 1.4, 16], "texture": "#2"}
			}
		},
		{
			"from": [7.55301, -4.00428, 3.90126],
			"to": [8.45301, -0.40428, 4.80126],
			"faces": {
				"north": {"uv": [0, 0, 1.4, 0.7], "texture": "#2"},
				"east": {"uv": [0, 0, 16, 0.7], "texture": "#2"},
				"south": {"uv": [0, 0, 1.4, 0.7], "texture": "#2"},
				"west": {"uv": [0, 0, 16, 0.7], "texture": "#2"},
				"up": {"uv": [0, 0, 1.4, 16], "texture": "#2"},
				"down": {"uv": [0, 0, 1.4, 16], "texture": "#2"}
			}
		}
	],
	"display": {
		"thirdperson_righthand": {
			"translation": [0, 6.25, 3.25],
			"scale": [0.74, 0.72, 0.69]
		},
		"thirdperson_lefthand": {
			"translation": [0, 8.5, 4.25],
			"scale": [0.88, 0.91, 0.89]
		},
		"firstperson_righthand": {
			"translation": [0, 14, 0],
			"scale": [1.88, 1.88, 1.96]
		},
		"firstperson_lefthand": {
			"translation": [0, 7, 0]
		},
		"ground": {
			"translation": [0, 6, 3.75]
		},
		"gui": {
			"rotation": [31, 52, 0],
			"translation": [3.75, 4.5, 0],
			"scale": [0.75, 0.78, 0.69]
		},
		"fixed": {
			"rotation": [92, -52, 92],
			"translation": [-9, 3, -1.5],
			"scale": [0.98, 0.98, 0.98]
		}
	},
	"groups": [0, 1, 2, 3, 4, 5, 6, 7, 8, 9, 10, 11, 12, 13, 14, 15, 16, 17, 18, 19, 20, 21, 22, 23, 24, 25, 26, 27, 28, 29, 30, 31, 32, 33, 34, 35, 36, 37, 38, 39, 40, 41, 42, 43, 44, 45, 46, 47, 48, 49, 50, 51, 52, 53, 54, 55, 56, 57, 58,
		{
			"name": "hexadecagon2",
			"children": [59, 60, 61, 62, 63, 64, 65, 66, 67, 68, 69, 70, 71, 72, 73, 74, 75, 76, 77, 78, 79, 80, 81, 82, 83, 84, 85, 86, 87, 88, 89, 90, 91, 92, 93, 94, 95, 96, 97, 98, 99, 100, 101, 102, 103, 104, 105, 106, 107, 108, 109, 110, 111, 112, 113, 114, 115, 116, 117, 118, 119, 120, 121, 122, 123, 124, 125, 126, 127, 128, 129, 130]
		}, 131, 132, 133, 134,
		{
			"name": "group",
			"children": [135, 136, 137, 138]
		}, 139, 140, 141, 142, 143, 144, 145, 146, 147, 148, 149, 150]
}