{"textures":{"0":"minecraft:block/blue_ice"},"elements":[{"name":"cube","from":[5.0,6.8,5.0],"to":[11.0,14.6,11.0],"rotation":{"angle":0.0,"axis":"x","origin":[3.1999998,1.3999997,3.1999998]},"faces":{"down":{"uv":[0.0,0.0,10.0,10.0],"rotation":0,"texture":"#0","tintindex":0},"east":{"uv":[0.0,0.0,10.0,13.0],"rotation":0,"texture":"#0","tintindex":0},"north":{"uv":[0.0,0.0,10.0,13.0],"rotation":0,"texture":"#0","tintindex":0},"south":{"uv":[0.0,0.0,10.0,13.0],"rotation":0,"texture":"#0","tintindex":0},"up":{"uv":[0.0,0.0,10.0,10.0],"rotation":0,"texture":"#0","tintindex":0},"west":{"uv":[0.0,0.0,10.0,13.0],"rotation":0,"texture":"#0","tintindex":0}}}],"display":{"head":{"translation":[0.0,-6.4,0.0],"rotation":[0.0,0.0,0.0],"scale":[3.8095,3.8095,3.8095]}}}