{"textures":{"0":"minecraft:block/blue_ice"},"elements":[{"name":"cube","from":[5.7763476,8.199091,4.1121016],"to":[6.3763475,9.99909,4.712102],"rotation":{"angle":0.0,"axis":"x","origin":[9.860001,8.12,6.14]},"faces":{"down":{"uv":[0.0,0.0,1.0,1.0],"rotation":0,"texture":"#0","tintindex":0},"east":{"uv":[0.0,0.0,7.0,9.0],"rotation":0,"texture":"#0","tintindex":0},"north":{"uv":[0.0,0.0,1.0,3.0],"rotation":0,"texture":"#0","tintindex":0},"south":{"uv":[0.0,0.0,1.0,3.0],"rotation":0,"texture":"#0","tintindex":0},"up":{"uv":[0.0,0.0,1.0,1.0],"rotation":0,"texture":"#0","tintindex":0},"west":{"uv":[4.0,4.0,16.0,14.0],"rotation":0,"texture":"#0","tintindex":0}}},{"name":"cube","from":[6.2,3.7999997,6.2],"to":[9.8,11.0,9.8],"rotation":{"angle":0.0,"axis":"x","origin":[3.1999998,-7.000001,3.1999998]},"faces":{"down":{"uv":[0.0,0.0,6.0,6.0],"rotation":0,"texture":"#0","tintindex":0},"east":{"uv":[0.0,0.0,6.0,12.0],"rotation":0,"texture":"#0","tintindex":0},"north":{"uv":[0.0,0.0,6.0,12.0],"rotation":0,"texture":"#0","tintindex":0},"south":{"uv":[0.0,0.0,6.0,12.0],"rotation":0,"texture":"#0","tintindex":0},"up":{"uv":[0.0,0.0,6.0,6.0],"rotation":0,"texture":"#0","tintindex":0},"west":{"uv":[0.0,0.0,6.0,12.0],"rotation":0,"texture":"#0","tintindex":0}}},{"name":"cube","from":[8.780001,9.8,8.0],"to":[9.38,11.6,8.6],"rotation":{"angle":-22.5,"axis":"z","origin":[10.04,8.0,8.3]},"faces":{"down":{"uv":[0.0,0.0,1.0,1.0],"rotation":0,"texture":"#0","tintindex":0},"east":{"uv":[0.0,0.0,11.0,10.0],"rotation":0,"texture":"#0","tintindex":0},"north":{"uv":[0.0,0.0,1.0,3.0],"rotation":0,"texture":"#0","tintindex":0},"south":{"uv":[0.0,0.0,1.0,3.0],"rotation":0,"texture":"#0","tintindex":0},"up":{"uv":[0.0,0.0,1.0,1.0],"rotation":0,"texture":"#0","tintindex":0},"west":{"uv":[0.0,0.0,1.0,3.0],"rotation":0,"texture":"#0","tintindex":0}}},{"name":"cube","from":[9.3763485,7.8990903,5.792102],"to":[9.976348,9.699091,6.3921022],"rotation":{"angle":0.0,"axis":"x","origin":[9.860001,8.12,6.14]},"faces":{"down":{"uv":[0.0,0.0,1.0,1.0],"rotation":0,"texture":"#0","tintindex":0},"east":{"uv":[0.0,0.0,8.0,11.0],"rotation":0,"texture":"#0","tintindex":0},"north":{"uv":[0.0,0.0,1.0,3.0],"rotation":0,"texture":"#0","tintindex":0},"south":{"uv":[0.0,0.0,1.0,3.0],"rotation":0,"texture":"#0","tintindex":0},"up":{"uv":[0.0,0.0,1.0,1.0],"rotation":0,"texture":"#0","tintindex":0},"west":{"uv":[0.0,0.0,1.0,3.0],"rotation":0,"texture":"#0","tintindex":0}}},{"name":"cube","from":[8.176348,8.199091,1.7121019],"to":[8.776348,9.99909,2.3121018],"rotation":{"angle":0.0,"axis":"x","origin":[9.860001,8.12,6.14]},"faces":{"down":{"uv":[0.0,0.0,1.0,1.0],"rotation":0,"texture":"#0","tintindex":0},"east":{"uv":[0.0,0.0,7.0,9.0],"rotation":0,"texture":"#0","tintindex":0},"north":{"uv":[0.0,0.0,1.0,3.0],"rotation":0,"texture":"#0","tintindex":0},"south":{"uv":[0.0,0.0,1.0,3.0],"rotation":0,"texture":"#0","tintindex":0},"up":{"uv":[0.0,0.0,1.0,1.0],"rotation":0,"texture":"#0","tintindex":0},"west":{"uv":[4.0,4.0,16.0,14.0],"rotation":0,"texture":"#0","tintindex":0}}}],"display":{"head":{"translation":[0.0,-6.4,0.0],"rotation":[0.0,0.0,0.0],"scale":[3.8095,3.8095,3.8095]}}}