{"textures":{"0":"modelengine:entity/astrea","1":"modelengine:entity/trident2","2":"modelengine:entity/trid2","3":"modelengine:entity/trid3","4":"modelengine:entity/texture","5":"modelengine:entity/trident1","6":"modelengine:entity/trid4"},"elements":[{"name":"body","from":[3.7529597,7.8588805,5.87648],"to":[12.24704,20.600002,10.12352],"rotation":{"angle":0.0,"axis":"x","origin":[8.0,-4.8822403,8.0]},"faces":{"down":{"uv":[9.0,4.0,7.0,5.0],"rotation":0,"texture":"#0","tintindex":0},"east":{"uv":[4.0,5.0,5.0,8.0],"rotation":0,"texture":"#0","tintindex":0},"north":{"uv":[5.0,5.0,7.0,8.0],"rotation":0,"texture":"#0","tintindex":0},"south":{"uv":[8.0,5.0,10.0,8.0],"rotation":0,"texture":"#0","tintindex":0},"up":{"uv":[7.0,5.0,5.0,4.0],"rotation":0,"texture":"#0","tintindex":0},"west":{"uv":[7.0,5.0,8.0,8.0],"rotation":0,"texture":"#0","tintindex":0}}},{"name":"body layer","from":[3.4875197,7.5934405,5.61104],"to":[12.51248,20.86544,10.38896],"rotation":{"angle":0.0,"axis":"x","origin":[8.0,-4.8822403,8.0]},"faces":{"down":{"uv":[9.0,8.0,7.0,9.0],"rotation":0,"texture":"#0","tintindex":0},"east":{"uv":[4.0,9.0,5.0,12.0],"rotation":0,"texture":"#0","tintindex":0},"north":{"uv":[5.0,9.0,7.0,12.0],"rotation":0,"texture":"#0","tintindex":0},"south":{"uv":[8.0,9.0,10.0,12.0],"rotation":0,"texture":"#0","tintindex":0},"up":{"uv":[7.0,9.0,5.0,8.0],"rotation":0,"texture":"#0","tintindex":0},"west":{"uv":[7.0,9.0,8.0,12.0],"rotation":0,"texture":"#0","tintindex":0}}}],"display":{"head":{"translation":[0.0,-6.4,0.0],"rotation":[0.0,0.0,0.0],"scale":[3.8095,3.8095,3.8095]}}}