{"textures":{"0":"modelengine:entity/astrea","1":"modelengine:entity/trident2","2":"modelengine:entity/trid2","3":"modelengine:entity/trid3","4":"modelengine:entity/texture","5":"modelengine:entity/trident1","6":"modelengine:entity/trid4"},"elements":[{"name":"head","from":[3.7529597,8.0,3.7529597],"to":[12.24704,16.49408,12.24704],"rotation":{"angle":0.0,"axis":"x","origin":[8.0,-17.482243,8.0]},"faces":{"down":{"uv":[6.0,0.0,4.0,2.0],"rotation":0,"texture":"#0","tintindex":0},"east":{"uv":[0.0,2.0,2.0,4.0],"rotation":0,"texture":"#0","tintindex":0},"north":{"uv":[2.0,2.0,4.0,4.0],"rotation":0,"texture":"#0","tintindex":0},"south":{"uv":[6.0,2.0,8.0,4.0],"rotation":0,"texture":"#0","tintindex":0},"up":{"uv":[4.0,2.0,2.0,0.0],"rotation":0,"texture":"#0","tintindex":0},"west":{"uv":[4.0,2.0,6.0,4.0],"rotation":0,"texture":"#0","tintindex":0}}},{"name":"hat layer","from":[3.2220798,7.46912,3.2220798],"to":[12.77792,17.02496,12.77792],"rotation":{"angle":0.0,"axis":"x","origin":[8.0,-17.482243,8.0]},"faces":{"down":{"uv":[14.0,0.0,12.0,2.0],"rotation":0,"texture":"#0","tintindex":0},"east":{"uv":[8.0,2.0,10.0,4.0],"rotation":0,"texture":"#0","tintindex":0},"north":{"uv":[10.0,2.0,12.0,4.0],"rotation":0,"texture":"#0","tintindex":0},"south":{"uv":[14.0,2.0,16.0,4.0],"rotation":0,"texture":"#0","tintindex":0},"up":{"uv":[12.0,2.0,10.0,0.0],"rotation":0,"texture":"#0","tintindex":0},"west":{"uv":[12.0,2.0,14.0,4.0],"rotation":0,"texture":"#0","tintindex":0}}}],"display":{"head":{"translation":[0.0,-6.4,0.0],"rotation":[0.0,0.0,0.0],"scale":[3.8095,3.8095,3.8095]}}}