{"textures":{"0":"modelengine:entity/astrea","1":"modelengine:entity/trident2","2":"modelengine:entity/trid2","3":"modelengine:entity/trid3","4":"modelengine:entity/texture","5":"modelengine:entity/trident1","6":"modelengine:entity/trid4"},"elements":[{"name":"left arm","from":[5.876479,1.9529611,5.87648],"to":[9.06176,8.323523,10.12352],"rotation":{"angle":0.0,"axis":"x","origin":[13.3088,-17.158718,8.0]},"faces":{"down":{"uv":[10.5,12.0,9.75,13.0],"rotation":0,"texture":"#0","tintindex":0},"east":{"uv":[8.0,13.0,9.0,16.0],"rotation":0,"texture":"#0","tintindex":0},"north":{"uv":[9.0,13.0,9.75,16.0],"rotation":0,"texture":"#0","tintindex":0},"south":{"uv":[10.75,13.0,11.5,16.0],"rotation":0,"texture":"#0","tintindex":0},"up":{"uv":[9.75,13.0,9.0,12.0],"rotation":0,"texture":"#0","tintindex":0},"west":{"uv":[9.75,13.0,10.75,16.0],"rotation":0,"texture":"#0","tintindex":0}}}],"display":{"head":{"translation":[0.0,-6.4,0.0],"rotation":[0.0,0.0,0.0],"scale":[3.8095,3.8095,3.8095]}}}