{"textures":{"0":"modelengine:entity/astrea","1":"modelengine:entity/trident2","2":"modelengine:entity/trid2","3":"modelengine:entity/trid3","4":"modelengine:entity/texture","5":"modelengine:entity/trident1","6":"modelengine:entity/trid4"},"elements":[{"name":"right leg","from":[5.87648,-4.741121,5.87648],"to":[10.12352,8.0,10.12352],"rotation":{"angle":0.0,"axis":"x","origin":[5.982656,-4.741121,8.0]},"faces":{"down":{"uv":[3.0,4.0,2.0,5.0],"rotation":0,"texture":"#0","tintindex":0},"east":{"uv":[0.0,5.0,1.0,8.0],"rotation":0,"texture":"#0","tintindex":0},"north":{"uv":[1.0,5.0,2.0,8.0],"rotation":0,"texture":"#0","tintindex":0},"south":{"uv":[3.0,5.0,4.0,8.0],"rotation":0,"texture":"#0","tintindex":0},"up":{"uv":[2.0,5.0,1.0,4.0],"rotation":0,"texture":"#0","tintindex":0},"west":{"uv":[2.0,5.0,3.0,8.0],"rotation":0,"texture":"#0","tintindex":0}}}],"display":{"head":{"translation":[0.0,-6.4,0.0],"rotation":[0.0,0.0,0.0],"scale":[3.8095,3.8095,3.8095]}}}