{"textures":{"0":"modelengine:entity/astrea","1":"modelengine:entity/trident2","2":"modelengine:entity/trid2","3":"modelengine:entity/trid3","4":"modelengine:entity/texture","5":"modelengine:entity/trident1","6":"modelengine:entity/trid4"},"elements":[{"name":"rwrist1","from":[6.24704,2.1411204,6.47648],"to":[9.43232,8.511681,10.72352],"rotation":{"angle":0.0,"axis":"x","origin":[1.9999998,-10.6,8.6]},"faces":{"down":{"uv":[12.5,4.0,11.75,5.0],"rotation":0,"texture":"#0","tintindex":0},"east":{"uv":[10.0,5.0,11.0,8.0],"rotation":0,"texture":"#0","tintindex":0},"north":{"uv":[11.0,5.0,11.75,8.0],"rotation":0,"texture":"#0","tintindex":0},"south":{"uv":[12.75,5.0,13.5,8.0],"rotation":0,"texture":"#0","tintindex":0},"up":{"uv":[11.75,5.0,11.0,4.0],"rotation":0,"texture":"#0","tintindex":0},"west":{"uv":[11.75,5.0,12.75,8.0],"rotation":0,"texture":"#0","tintindex":0}}}],"display":{"head":{"translation":[0.0,-6.4,0.0],"rotation":[0.0,0.0,0.0],"scale":[3.8095,3.8095,3.8095]}}}