{"textures":{"0":"modelengine:entity/astrea","1":"modelengine:entity/trident2","2":"modelengine:entity/trid2","3":"modelengine:entity/trid3","4":"modelengine:entity/texture","5":"modelengine:entity/trident1","6":"modelengine:entity/trid4"},"elements":[{"name":"cube","from":[8.0,12.285714,7.5714283],"to":[8.857142,21.714285,8.428572],"rotation":{"angle":0.0,"axis":"x","origin":[8.0,8.0,8.0]},"faces":{"down":{"uv":[0.0,0.0,0.5,0.5],"rotation":0,"texture":"#6","tintindex":0},"east":{"uv":[0.0,0.0,0.5,5.5],"rotation":0,"texture":"#6","tintindex":0},"north":{"uv":[0.0,0.0,0.5,5.5],"rotation":0,"texture":"#6","tintindex":0},"south":{"uv":[0.0,0.0,0.5,5.5],"rotation":0,"texture":"#6","tintindex":0},"up":{"uv":[0.0,0.0,0.5,0.5],"rotation":0,"texture":"#6","tintindex":0},"west":{"uv":[0.0,0.0,0.5,5.5],"rotation":0,"texture":"#6","tintindex":0}}},{"name":"cube","from":[8.0,5.8571424,7.5714283],"to":[8.857142,12.285714,8.428572],"rotation":{"angle":0.0,"axis":"x","origin":[8.0,8.0,8.0]},"faces":{"down":{"uv":[0.0,0.0,0.5,0.5],"rotation":0,"texture":"#3","tintindex":0},"east":{"uv":[0.0,0.0,0.5,3.75],"rotation":0,"texture":"#3","tintindex":0},"north":{"uv":[0.0,0.0,0.5,3.75],"rotation":0,"texture":"#3","tintindex":0},"south":{"uv":[0.0,0.0,0.5,3.75],"rotation":0,"texture":"#3","tintindex":0},"up":{"uv":[0.0,0.0,0.5,0.5],"rotation":0,"texture":"#3","tintindex":0},"west":{"uv":[0.0,0.0,0.5,3.75],"rotation":0,"texture":"#3","tintindex":0}}},{"name":"cube","from":[8.0,-7.4285717,7.5714283],"to":[8.857142,5.8571424,8.428572],"rotation":{"angle":0.0,"axis":"x","origin":[8.0,8.0,8.0]},"faces":{"down":{"uv":[0.0,0.0,0.5,0.5],"rotation":0,"texture":"#5","tintindex":0},"east":{"uv":[0.0,0.0,0.5,7.75],"rotation":0,"texture":"#5","tintindex":0},"north":{"uv":[0.0,0.0,0.5,7.75],"rotation":0,"texture":"#5","tintindex":0},"south":{"uv":[0.0,0.0,0.5,7.75],"rotation":0,"texture":"#5","tintindex":0},"up":{"uv":[0.0,0.0,0.5,0.5],"rotation":0,"texture":"#5","tintindex":0},"west":{"uv":[0.0,0.0,0.5,7.75],"rotation":0,"texture":"#5","tintindex":0}}},{"name":"cube","from":[7.5714283,20.857143,8.428572],"to":[9.285714,21.714285,9.285714],"rotation":{"angle":0.0,"axis":"x","origin":[8.0,8.0,8.0]},"faces":{"down":{"uv":[0.0,0.0,1.0,0.5],"rotation":0,"texture":"#1","tintindex":0},"east":{"uv":[0.0,0.0,0.5,0.5],"rotation":0,"texture":"#1","tintindex":0},"north":{"uv":[0.0,0.0,1.0,0.5],"rotation":0,"texture":"#1","tintindex":0},"south":{"uv":[0.0,0.0,1.0,0.5],"rotation":0,"texture":"#1","tintindex":0},"up":{"uv":[0.0,0.0,1.0,0.5],"rotation":0,"texture":"#1","tintindex":0},"west":{"uv":[0.0,0.0,0.5,0.5],"rotation":0,"texture":"#1","tintindex":0}}},{"name":"cube","from":[7.5714283,21.714285,8.428572],"to":[9.285714,22.571428,9.285714],"rotation":{"angle":0.0,"axis":"x","origin":[8.0,8.0,8.0]},"faces":{"down":{"uv":[0.0,0.0,1.0,0.5],"rotation":0,"texture":"#4","tintindex":0},"east":{"uv":[0.0,0.0,0.5,0.5],"rotation":0,"texture":"#4","tintindex":0},"north":{"uv":[0.0,0.0,1.0,0.5],"rotation":0,"texture":"#4","tintindex":0},"south":{"uv":[0.0,0.0,1.0,0.5],"rotation":0,"texture":"#4","tintindex":0},"up":{"uv":[0.0,0.0,1.0,0.5],"rotation":0,"texture":"#4","tintindex":0},"west":{"uv":[0.0,0.0,0.5,0.5],"rotation":0,"texture":"#4","tintindex":0}}},{"name":"cube","from":[7.5714283,20.857143,6.7142854],"to":[9.285714,21.714285,7.5714283],"rotation":{"angle":0.0,"axis":"x","origin":[8.0,8.0,8.0]},"faces":{"down":{"uv":[0.0,0.0,1.0,0.5],"rotation":0,"texture":"#1","tintindex":0},"east":{"uv":[0.0,0.0,0.5,0.5],"rotation":0,"texture":"#1","tintindex":0},"north":{"uv":[0.0,0.0,1.0,0.5],"rotation":0,"texture":"#1","tintindex":0},"south":{"uv":[0.0,0.0,1.0,0.5],"rotation":0,"texture":"#1","tintindex":0},"up":{"uv":[0.0,0.0,1.0,0.5],"rotation":0,"texture":"#1","tintindex":0},"west":{"uv":[0.0,0.0,0.5,0.5],"rotation":0,"texture":"#1","tintindex":0}}},{"name":"cube","from":[7.5714283,21.714285,6.7142854],"to":[9.285714,22.571428,7.5714283],"rotation":{"angle":0.0,"axis":"x","origin":[8.0,8.0,8.0]},"faces":{"down":{"uv":[0.0,0.0,1.0,0.5],"rotation":0,"texture":"#4","tintindex":0},"east":{"uv":[0.0,0.0,0.5,0.5],"rotation":0,"texture":"#4","tintindex":0},"north":{"uv":[0.0,0.0,1.0,0.5],"rotation":0,"texture":"#4","tintindex":0},"south":{"uv":[0.0,0.0,1.0,0.5],"rotation":0,"texture":"#4","tintindex":0},"up":{"uv":[0.0,0.0,1.0,0.5],"rotation":0,"texture":"#4","tintindex":0},"west":{"uv":[0.0,0.0,0.5,0.5],"rotation":0,"texture":"#4","tintindex":0}}},{"name":"cube","from":[8.0,24.285715,7.5714283],"to":[8.857142,27.285715,8.428572],"rotation":{"angle":0.0,"axis":"x","origin":[8.0,8.0,8.0]},"faces":{"down":{"uv":[0.0,0.0,0.5,0.5],"rotation":0,"texture":"#2","tintindex":0},"east":{"uv":[0.0,0.0,0.5,1.75],"rotation":0,"texture":"#2","tintindex":0},"north":{"uv":[0.0,0.0,0.5,1.75],"rotation":0,"texture":"#2","tintindex":0},"south":{"uv":[0.0,0.0,0.5,1.75],"rotation":0,"texture":"#2","tintindex":0},"up":{"uv":[0.0,0.0,0.5,0.5],"rotation":0,"texture":"#2","tintindex":0},"west":{"uv":[0.0,0.0,0.5,1.75],"rotation":0,"texture":"#2","tintindex":0}}},{"name":"cube","from":[8.0,21.714285,7.5714283],"to":[8.857142,24.285715,8.428572],"rotation":{"angle":0.0,"axis":"x","origin":[8.0,8.0,8.0]},"faces":{"down":{"uv":[0.0,0.0,0.5,0.5],"rotation":0,"texture":"#3","tintindex":0},"east":{"uv":[0.0,0.0,0.5,1.5],"rotation":0,"texture":"#3","tintindex":0},"north":{"uv":[0.0,0.0,0.5,1.5],"rotation":0,"texture":"#3","tintindex":0},"south":{"uv":[0.0,0.0,0.5,1.5],"rotation":0,"texture":"#3","tintindex":0},"up":{"uv":[0.0,0.0,0.5,0.5],"rotation":0,"texture":"#3","tintindex":0},"west":{"uv":[0.0,0.0,0.5,1.5],"rotation":0,"texture":"#3","tintindex":0}}},{"name":"cube","from":[8.0,21.714285,9.285714],"to":[8.857142,23.428572,10.142857],"rotation":{"angle":0.0,"axis":"x","origin":[8.0,8.0,8.0]},"faces":{"down":{"uv":[0.0,0.0,0.5,0.5],"rotation":0,"texture":"#3","tintindex":0},"east":{"uv":[0.0,0.0,0.5,1.0],"rotation":0,"texture":"#3","tintindex":0},"north":{"uv":[0.0,0.0,0.5,1.0],"rotation":0,"texture":"#3","tintindex":0},"south":{"uv":[0.0,0.0,0.5,1.0],"rotation":0,"texture":"#3","tintindex":0},"up":{"uv":[0.0,0.0,0.5,0.5],"rotation":0,"texture":"#3","tintindex":0},"west":{"uv":[0.0,0.0,0.5,1.0],"rotation":0,"texture":"#3","tintindex":0}}},{"name":"cube","from":[8.0,23.428572,9.285714],"to":[8.857142,25.571428,10.142857],"rotation":{"angle":0.0,"axis":"x","origin":[8.0,8.0,8.0]},"faces":{"down":{"uv":[0.0,0.0,0.5,0.5],"rotation":0,"texture":"#2","tintindex":0},"east":{"uv":[0.0,0.0,0.5,1.25],"rotation":0,"texture":"#2","tintindex":0},"north":{"uv":[0.0,0.0,0.5,1.25],"rotation":0,"texture":"#2","tintindex":0},"south":{"uv":[0.0,0.0,0.5,1.25],"rotation":0,"texture":"#2","tintindex":0},"up":{"uv":[0.0,0.0,0.5,0.5],"rotation":0,"texture":"#2","tintindex":0},"west":{"uv":[0.0,0.0,0.5,1.25],"rotation":0,"texture":"#2","tintindex":0}}},{"name":"cube","from":[8.0,21.714285,5.8571424],"to":[8.857142,23.857143,6.7142854],"rotation":{"angle":0.0,"axis":"x","origin":[8.0,8.0,8.0]},"faces":{"down":{"uv":[0.0,0.0,0.5,0.5],"rotation":0,"texture":"#3","tintindex":0},"east":{"uv":[0.0,0.0,0.5,1.25],"rotation":0,"texture":"#3","tintindex":0},"north":{"uv":[0.0,0.0,0.5,1.25],"rotation":0,"texture":"#3","tintindex":0},"south":{"uv":[0.0,0.0,0.5,1.25],"rotation":0,"texture":"#3","tintindex":0},"up":{"uv":[0.0,0.0,0.5,0.5],"rotation":0,"texture":"#3","tintindex":0},"west":{"uv":[0.0,0.0,0.5,1.25],"rotation":0,"texture":"#3","tintindex":0}}},{"name":"cube","from":[8.0,23.857143,5.8571424],"to":[8.857142,25.571428,6.7142854],"rotation":{"angle":0.0,"axis":"x","origin":[8.0,8.0,8.0]},"faces":{"down":{"uv":[0.0,0.0,0.5,0.5],"rotation":0,"texture":"#2","tintindex":0},"east":{"uv":[0.0,0.0,0.5,1.0],"rotation":0,"texture":"#2","tintindex":0},"north":{"uv":[0.0,0.0,0.5,1.0],"rotation":0,"texture":"#2","tintindex":0},"south":{"uv":[0.0,0.0,0.5,1.0],"rotation":0,"texture":"#2","tintindex":0},"up":{"uv":[0.0,0.0,0.5,0.5],"rotation":0,"texture":"#2","tintindex":0},"west":{"uv":[0.0,0.0,0.5,1.0],"rotation":0,"texture":"#2","tintindex":0}}}],"display":{"head":{"translation":[0.0,-6.4,0.0],"rotation":[0.0,0.0,0.0],"scale":[3.7333333,3.7333333,3.7333333]}}}