{"textures":{"0":"modelengine:entity/nockenbody","1":"modelengine:entity/nockenhead","2":"modelengine:entity/nockenface","3":"modelengine:entity/nockenwings","4":"modelengine:entity/nockentorso"},"elements":[{"name":"cube","from":[7.4,1.9399996,6.8],"to":[8.6,3.1399996,8.0],"rotation":{"angle":0.0,"axis":"x","origin":[8.0,4.3999996,8.0]},"faces":{"down":{"uv":[0.0,0.0,2.0,2.0],"rotation":0,"texture":"#4","tintindex":0},"east":{"uv":[0.0,0.0,2.0,2.0],"rotation":0,"texture":"#4","tintindex":0},"north":{"uv":[0.0,0.0,2.0,2.0],"rotation":0,"texture":"#4","tintindex":0},"south":{"uv":[0.0,0.0,2.0,2.0],"rotation":0,"texture":"#4","tintindex":0},"up":{"uv":[0.0,0.0,2.0,2.0],"rotation":0,"texture":"#4","tintindex":0},"west":{"uv":[0.0,0.0,2.0,2.0],"rotation":0,"texture":"#4","tintindex":0}}},{"name":"cube","from":[6.2,3.1399996,5.6],"to":[9.8,7.9399996,9.2],"rotation":{"angle":0.0,"axis":"x","origin":[8.0,4.3999996,8.0]},"faces":{"down":{"uv":[0.0,0.0,6.0,6.0],"rotation":0,"texture":"#4","tintindex":0},"east":{"uv":[0.0,0.0,6.0,8.0],"rotation":0,"texture":"#4","tintindex":0},"north":{"uv":[0.0,0.0,6.0,8.0],"rotation":0,"texture":"#4","tintindex":0},"south":{"uv":[0.0,0.0,6.0,8.0],"rotation":0,"texture":"#4","tintindex":0},"up":{"uv":[0.0,0.0,6.0,6.0],"rotation":0,"texture":"#4","tintindex":0},"west":{"uv":[0.0,0.0,6.0,8.0],"rotation":0,"texture":"#4","tintindex":0}}}],"display":{"head":{"translation":[0.0,-6.4,0.0],"rotation":[0.0,0.0,0.0],"scale":[3.8095,3.8095,3.8095]}}}