{"textures":{"0":"modelengine:entity/nockenbody","1":"modelengine:entity/nockenhead","2":"modelengine:entity/nockenface","3":"modelengine:entity/nockenwings","4":"modelengine:entity/nockentorso"},"elements":[{"name":"cube","from":[5.0,8.0,5.0],"to":[11.0,11.0,11.0],"rotation":{"angle":0.0,"axis":"x","origin":[8.0,-1.6000004,8.0]},"faces":{"down":{"uv":[0.0,0.0,10.0,10.0],"rotation":0,"texture":"#1","tintindex":0},"east":{"uv":[0.0,0.0,10.0,5.0],"rotation":0,"texture":"#1","tintindex":0},"north":{"uv":[0.0,0.0,10.0,5.0],"rotation":0,"texture":"#1","tintindex":0},"south":{"uv":[0.0,0.0,10.0,5.0],"rotation":0,"texture":"#2","tintindex":0},"up":{"uv":[0.0,0.0,10.0,10.0],"rotation":0,"texture":"#1","tintindex":0},"west":{"uv":[0.0,0.0,10.0,5.0],"rotation":0,"texture":"#1","tintindex":0}}}],"display":{"head":{"translation":[0.0,-6.4,0.0],"rotation":[0.0,0.0,0.0],"scale":[3.8095,3.8095,3.8095]}}}