{"textures":{"0":"modelengine:entity/nockenbody","1":"modelengine:entity/nockenhead","2":"modelengine:entity/nockenface","3":"modelengine:entity/nockenwings","4":"modelengine:entity/nockentorso"},"elements":[{"name":"cube","from":[8.0,2.6,7.4],"to":[9.2,8.0,8.6],"rotation":{"angle":0.0,"axis":"x","origin":[8.0,7.4,8.0]},"faces":{"down":{"uv":[0.0,0.0,2.0,2.0],"rotation":0,"texture":"#0","tintindex":0},"east":{"uv":[0.0,0.0,2.0,9.0],"rotation":0,"texture":"#0","tintindex":0},"north":{"uv":[0.0,0.0,2.0,9.0],"rotation":0,"texture":"#0","tintindex":0},"south":{"uv":[0.0,0.0,2.0,9.0],"rotation":0,"texture":"#0","tintindex":0},"up":{"uv":[0.0,0.0,2.0,2.0],"rotation":0,"texture":"#0","tintindex":0},"west":{"uv":[0.0,0.0,2.0,9.0],"rotation":0,"texture":"#0","tintindex":0}}}],"display":{"head":{"translation":[0.0,-6.4,0.0],"rotation":[0.0,0.0,0.0],"scale":[3.8095,3.8095,3.8095]}}}