{"textures":{"0":"modelengine:entity/warden","1":"modelengine:entity/warden2","2":"modelengine:entity/warden3"},"elements":[{"name":"neck","from":[4.900659,24.291332,5.1072817],"to":[11.09934,26.874115,10.686096],"rotation":{"angle":0.0,"axis":"x","origin":[8.0,-1.1232648,8.0]},"faces":{"down":{"uv":[8.25,6.0,6.75,7.25],"rotation":0,"texture":"#0","tintindex":0},"east":{"uv":[4.0,7.25,5.25,7.75],"rotation":0,"texture":"#0","tintindex":0},"north":{"uv":[5.25,7.25,6.75,7.75],"rotation":0,"texture":"#0","tintindex":0},"south":{"uv":[8.0,7.25,9.5,7.75],"rotation":0,"texture":"#0","tintindex":0},"up":{"uv":[6.75,7.25,5.25,6.0],"rotation":0,"texture":"#0","tintindex":0},"west":{"uv":[6.75,7.25,8.0,7.75],"rotation":0,"texture":"#0","tintindex":0}}},{"name":"chest","from":[2.8344321,15.406555,5.1072817],"to":[13.165568,24.704578,10.686096],"rotation":{"angle":0.0,"axis":"x","origin":[8.0,-1.1232648,8.0]},"faces":{"down":{"uv":[9.75,4.5,7.25,5.75],"rotation":0,"texture":"#0","tintindex":0},"east":{"uv":[3.5,5.75,4.75,8.0],"rotation":0,"texture":"#0","tintindex":0},"north":{"uv":[4.75,5.75,7.25,8.0],"rotation":0,"texture":"#0","tintindex":0},"south":{"uv":[8.5,5.75,11.0,8.0],"rotation":0,"texture":"#0","tintindex":0},"up":{"uv":[7.25,5.75,4.75,4.5],"rotation":0,"texture":"#0","tintindex":0},"west":{"uv":[7.25,5.75,8.5,8.0],"rotation":0,"texture":"#0","tintindex":0}}},{"name":"body layer","from":[3.6092672,7.9164786,5.675494],"to":[12.390733,15.664829,10.324506],"rotation":{"angle":0.0,"axis":"x","origin":[8.0,-1.1232648,8.0]},"faces":{"down":{"uv":[9.0,5.0,7.0,6.0],"rotation":0,"texture":"#0","tintindex":0},"east":{"uv":[4.0,6.0,5.0,7.75],"rotation":0,"texture":"#0","tintindex":0},"north":{"uv":[5.0,6.0,7.0,7.75],"rotation":0,"texture":"#0","tintindex":0},"south":{"uv":[8.0,6.0,10.0,7.75],"rotation":0,"texture":"#0","tintindex":0},"up":{"uv":[7.0,6.0,5.0,5.0],"rotation":0,"texture":"#0","tintindex":0},"west":{"uv":[7.0,6.0,8.0,7.75],"rotation":0,"texture":"#0","tintindex":0}}},{"name":"body1","from":[3.8675454,8.174758,5.9337726],"to":[12.132455,15.406555,10.066227],"rotation":{"angle":0.0,"axis":"x","origin":[8.0,-1.1232648,8.0]},"faces":{"down":{"uv":[9.0,5.0,7.0,6.0],"rotation":0,"texture":"#0","tintindex":0},"east":{"uv":[4.0,6.0,5.0,7.75],"rotation":0,"texture":"#0","tintindex":0},"north":{"uv":[5.0,6.0,7.0,7.75],"rotation":0,"texture":"#0","tintindex":0},"south":{"uv":[8.0,6.0,10.0,7.75],"rotation":0,"texture":"#0","tintindex":0},"up":{"uv":[7.0,6.0,5.0,5.0],"rotation":0,"texture":"#0","tintindex":0},"west":{"uv":[7.0,6.0,8.0,7.75],"rotation":0,"texture":"#0","tintindex":0}}},{"name":"left sholder","from":[9.0331135,18.505894,4.900659],"to":[15.231795,24.704578,11.09934],"rotation":{"angle":0.0,"axis":"x","origin":[8.0,-1.1232648,8.0]},"faces":{"down":{"uv":[9.25,4.75,7.75,6.25],"rotation":0,"texture":"#0","tintindex":0},"east":{"uv":[4.75,6.25,6.25,7.75],"rotation":0,"texture":"#0","tintindex":0},"north":{"uv":[6.25,6.25,7.75,7.75],"rotation":0,"texture":"#0","tintindex":0},"south":{"uv":[9.25,6.25,10.75,7.75],"rotation":0,"texture":"#0","tintindex":0},"up":{"uv":[7.75,6.25,6.25,4.75],"rotation":0,"texture":"#0","tintindex":0},"west":{"uv":[7.75,6.25,9.25,7.75],"rotation":0,"texture":"#0","tintindex":0}}},{"name":"right sholder","from":[0.7682047,18.505894,4.900659],"to":[6.9668865,24.704578,11.09934],"rotation":{"angle":0.0,"axis":"x","origin":[8.0,-1.1232648,8.0]},"faces":{"down":{"uv":[9.25,4.75,7.75,6.25],"rotation":0,"texture":"#0","tintindex":0},"east":{"uv":[4.75,6.25,6.25,7.75],"rotation":0,"texture":"#0","tintindex":0},"north":{"uv":[6.25,6.25,7.75,7.75],"rotation":0,"texture":"#0","tintindex":0},"south":{"uv":[9.25,6.25,10.75,7.75],"rotation":0,"texture":"#0","tintindex":0},"up":{"uv":[7.75,6.25,6.25,4.75],"rotation":0,"texture":"#0","tintindex":0},"west":{"uv":[7.75,6.25,9.25,7.75],"rotation":0,"texture":"#0","tintindex":0}}}],"display":{"head":{"translation":[0.0,-6.4,0.0],"rotation":[0.0,0.0,0.0],"scale":[3.8095,3.8095,3.8095]}}}