{"textures":{"0":"modelengine:entity/warden","1":"modelengine:entity/warden2","2":"modelengine:entity/warden3"},"elements":[{"name":"leftelbow1","from":[4.9006596,-1.7387781,4.6940365],"to":[10.789408,8.592358,11.3059635],"rotation":{"angle":0.0,"axis":"x","origin":[-1.2980227,-2.7718916,8.0]},"faces":{"down":{"uv":[9.75,3.75,8.5,5.25],"rotation":0,"texture":"#0","tintindex":0},"east":{"uv":[5.75,5.25,7.25,7.75],"rotation":0,"texture":"#0","tintindex":0},"north":{"uv":[7.25,5.25,8.5,7.75],"rotation":0,"texture":"#0","tintindex":0},"south":{"uv":[10.0,5.25,11.25,7.75],"rotation":0,"texture":"#0","tintindex":0},"up":{"uv":[8.5,5.25,7.25,3.75],"rotation":0,"texture":"#0","tintindex":0},"west":{"uv":[8.5,5.25,10.0,7.75],"rotation":0,"texture":"#0","tintindex":0}}},{"name":"leftelbow2","from":[4.4874134,-6.9043474,4.280791],"to":[11.202652,-0.7056651,11.82252],"rotation":{"angle":0.0,"axis":"x","origin":[-1.2980227,-2.7718916,8.0]},"faces":{"down":{"uv":[9.0,4.0,7.5,5.75],"rotation":0,"texture":"#2","tintindex":0},"east":{"uv":[4.25,5.75,6.0,7.25],"rotation":0,"texture":"#2","tintindex":0},"north":{"uv":[6.0,5.75,7.5,7.25],"rotation":0,"texture":"#2","tintindex":0},"south":{"uv":[9.25,5.75,10.75,7.25],"rotation":0,"texture":"#2","tintindex":0},"up":{"uv":[7.5,5.75,6.0,4.0],"rotation":0,"texture":"#2","tintindex":0},"west":{"uv":[7.5,5.75,9.25,7.25],"rotation":0,"texture":"#2","tintindex":0}}}],"display":{"head":{"translation":[0.0,-6.4,0.0],"rotation":[0.0,0.0,0.0],"scale":[3.8095,3.8095,3.8095]}}}