{"textures":{"0":"modelengine:entity/warden","1":"modelengine:entity/warden2","2":"modelengine:entity/warden3"},"elements":[{"name":"leftleg1","from":[5.3049884,-10.424422,5.6238384],"to":[9.954,1.9729414,10.582785],"rotation":{"angle":0.0,"axis":"x","origin":[8.958784,29.053974,8.0]},"faces":{"down":{"uv":[7.0,12.0,6.0,13.0],"rotation":0,"texture":"#0","tintindex":0},"east":{"uv":[4.0,13.0,5.0,16.0],"rotation":0,"texture":"#0","tintindex":0},"north":{"uv":[5.0,13.0,6.0,16.0],"rotation":0,"texture":"#0","tintindex":0},"south":{"uv":[7.0,13.0,8.0,16.0],"rotation":0,"texture":"#0","tintindex":0},"up":{"uv":[6.0,13.0,5.0,12.0],"rotation":0,"texture":"#0","tintindex":0},"west":{"uv":[6.0,13.0,7.0,16.0],"rotation":0,"texture":"#0","tintindex":0}}},{"name":"leftleg2","from":[4.8917427,1.8696287,4.900659],"to":[10.367245,8.068312,11.09934],"rotation":{"angle":0.0,"axis":"x","origin":[6.3759995,42.484455,8.0]},"faces":{"down":{"uv":[12.5,4.75,11.25,6.25],"rotation":0,"texture":"#0","tintindex":0},"east":{"uv":[8.5,6.25,10.0,7.75],"rotation":0,"texture":"#0","tintindex":0},"north":{"uv":[10.0,6.25,11.25,7.75],"rotation":0,"texture":"#0","tintindex":0},"south":{"uv":[12.75,6.25,14.0,7.75],"rotation":0,"texture":"#0","tintindex":0},"up":{"uv":[11.25,6.25,10.0,4.75],"rotation":0,"texture":"#0","tintindex":0},"west":{"uv":[11.25,6.25,12.75,7.75],"rotation":0,"texture":"#0","tintindex":0}}}],"display":{"head":{"translation":[0.0,-6.4,0.0],"rotation":[0.0,0.0,0.0],"scale":[3.8095,3.8095,3.8095]}}}