{"textures":{"0":"modelengine:entity/warden","1":"modelengine:entity/warden2","2":"modelengine:entity/warden3"},"elements":[{"name":"leftarm1","from":[2.2876773,-3.9142933,4.900659],"to":[7.453246,4.3506165,11.09934],"rotation":{"angle":0.0,"axis":"x","origin":[-4.3242507,-15.2785425,8.0]},"faces":{"down":{"uv":[7.5,4.0,6.25,5.5],"rotation":0,"texture":"#0","tintindex":0},"east":{"uv":[3.5,5.5,5.0,7.5],"rotation":0,"texture":"#0","tintindex":0},"north":{"uv":[5.0,5.5,6.25,7.5],"rotation":0,"texture":"#0","tintindex":0},"south":{"uv":[7.75,5.5,9.0,7.5],"rotation":0,"texture":"#0","tintindex":0},"up":{"uv":[6.25,5.5,5.0,4.0],"rotation":0,"texture":"#0","tintindex":0},"west":{"uv":[6.25,5.5,7.75,7.5],"rotation":0,"texture":"#0","tintindex":0}}},{"name":"left sholder1","from":[0.84131813,4.3506165,3.8675454],"to":[8.073114,12.615526,12.132455],"rotation":{"angle":0.0,"axis":"x","origin":[-6.390477,-10.112974,8.0]},"faces":{"down":{"uv":[9.5,4.0,7.75,6.0],"rotation":0,"texture":"#0","tintindex":0},"east":{"uv":[4.0,6.0,6.0,8.0],"rotation":0,"texture":"#0","tintindex":0},"north":{"uv":[6.0,6.0,7.75,8.0],"rotation":0,"texture":"#0","tintindex":0},"south":{"uv":[9.75,6.0,11.5,8.0],"rotation":0,"texture":"#0","tintindex":0},"up":{"uv":[7.75,6.0,6.0,4.0],"rotation":0,"texture":"#0","tintindex":0},"west":{"uv":[7.75,6.0,9.75,8.0],"rotation":0,"texture":"#0","tintindex":0}}}],"display":{"head":{"translation":[0.0,-6.4,0.0],"rotation":[0.0,0.0,0.0],"scale":[3.8095,3.8095,3.8095]}}}