{"textures":{"0":"modelengine:entity/warden","1":"modelengine:entity/warden2","2":"modelengine:entity/warden3"},"elements":[{"name":"leftknee1","from":[5.682831,-4.280716,5.210593],"to":[10.951711,8.116649,10.996029],"rotation":{"angle":0.0,"axis":"x","origin":[9.543249,47.59505,8.0]},"faces":{"down":{"uv":[7.75,12.0,6.5,13.25],"rotation":0,"texture":"#0","tintindex":0},"east":{"uv":[4.0,13.25,5.25,16.25],"rotation":0,"texture":"#0","tintindex":0},"north":{"uv":[5.25,13.25,6.5,16.25],"rotation":0,"texture":"#0","tintindex":0},"south":{"uv":[7.75,13.25,9.0,16.25],"rotation":0,"texture":"#0","tintindex":0},"up":{"uv":[6.5,13.25,5.25,12.0],"rotation":0,"texture":"#0","tintindex":0},"west":{"uv":[6.5,13.25,7.75,16.25],"rotation":0,"texture":"#0","tintindex":0}}},{"name":"leftknee2","from":[4.6497173,-5.5204525,4.1774797],"to":[10.951711,-0.3548844,12.029143],"rotation":{"angle":0.0,"axis":"x","origin":[9.543249,47.59505,8.0]},"faces":{"down":{"uv":[9.5,5.0,8.0,6.75],"rotation":0,"texture":"#0","tintindex":0},"east":{"uv":[4.75,6.75,6.5,8.0],"rotation":0,"texture":"#0","tintindex":0},"north":{"uv":[6.5,6.75,8.0,8.0],"rotation":0,"texture":"#0","tintindex":0},"south":{"uv":[9.75,6.75,11.25,8.0],"rotation":0,"texture":"#0","tintindex":0},"up":{"uv":[8.0,6.75,6.5,5.0],"rotation":0,"texture":"#0","tintindex":0},"west":{"uv":[8.0,6.75,9.75,8.0],"rotation":0,"texture":"#0","tintindex":0}}}],"display":{"head":{"translation":[0.0,-6.4,0.0],"rotation":[0.0,0.0,0.0],"scale":[3.8095,3.8095,3.8095]}}}