{"textures":{"0":"modelengine:entity/warden","1":"modelengine:entity/warden2","2":"modelengine:entity/warden3"},"elements":[{"name":"rightknee1","from":[4.975621,-4.1181836,5.210593],"to":[10.451123,8.692426,11.09934],"rotation":{"angle":0.0,"axis":"x","origin":[6.4873934,47.964203,8.0]},"faces":{"down":{"uv":[9.0,11.75,7.75,13.0],"rotation":0,"texture":"#0","tintindex":0},"east":{"uv":[5.25,13.0,6.5,16.0],"rotation":0,"texture":"#0","tintindex":0},"north":{"uv":[6.5,13.0,7.75,16.0],"rotation":0,"texture":"#0","tintindex":0},"south":{"uv":[9.0,13.0,10.25,16.0],"rotation":0,"texture":"#0","tintindex":0},"up":{"uv":[7.75,13.0,6.5,11.75],"rotation":0,"texture":"#0","tintindex":0},"west":{"uv":[7.75,13.0,9.0,16.0],"rotation":0,"texture":"#0","tintindex":0}}},{"name":"rightknee2","from":[4.975621,-5.1512966,4.1774797],"to":[11.484237,0.1175828,12.132455],"rotation":{"angle":0.0,"axis":"x","origin":[6.4873934,47.964203,8.0]},"faces":{"down":{"uv":[9.0,5.0,7.5,6.75],"rotation":0,"texture":"#0","tintindex":0},"east":{"uv":[4.25,6.75,6.0,8.0],"rotation":0,"texture":"#0","tintindex":0},"north":{"uv":[6.0,6.75,7.5,8.0],"rotation":0,"texture":"#0","tintindex":0},"south":{"uv":[9.25,6.75,10.75,8.0],"rotation":0,"texture":"#0","tintindex":0},"up":{"uv":[7.5,6.75,6.0,5.0],"rotation":0,"texture":"#0","tintindex":0},"west":{"uv":[7.5,6.75,9.25,8.0],"rotation":0,"texture":"#0","tintindex":0}}}],"display":{"head":{"translation":[0.0,-6.4,0.0],"rotation":[0.0,0.0,0.0],"scale":[3.8095,3.8095,3.8095]}}}