{"textures":{"0":"modelengine:entity/warden","1":"modelengine:entity/warden2","2":"modelengine:entity/warden3"},"elements":[{"name":"rightleg1","from":[5.9715652,-10.247588,5.5205274],"to":[10.827199,2.1497755,10.582785],"rotation":{"angle":0.0,"axis":"x","origin":[7.2767143,28.920876,8.0]},"faces":{"down":{"uv":[3.0,4.0,2.0,5.0],"rotation":0,"texture":"#0","tintindex":0},"east":{"uv":[0.0,5.0,1.0,8.0],"rotation":0,"texture":"#0","tintindex":0},"north":{"uv":[1.0,5.0,2.0,8.0],"rotation":0,"texture":"#0","tintindex":0},"south":{"uv":[3.0,5.0,4.0,8.0],"rotation":0,"texture":"#0","tintindex":0},"up":{"uv":[2.0,5.0,1.0,4.0],"rotation":0,"texture":"#0","tintindex":0},"west":{"uv":[2.0,5.0,3.0,8.0],"rotation":0,"texture":"#0","tintindex":0}}},{"name":"rightleg2","from":[5.8682537,1.7365294,4.900659],"to":[11.447067,7.9352126,11.09934],"rotation":{"angle":0.0,"axis":"x","origin":[4.69393,42.351357,8.0]},"faces":{"down":{"uv":[12.25,4.75,11.0,6.25],"rotation":0,"texture":"#0","tintindex":0},"east":{"uv":[8.25,6.25,9.75,7.75],"rotation":0,"texture":"#0","tintindex":0},"north":{"uv":[9.75,6.25,11.0,7.75],"rotation":0,"texture":"#0","tintindex":0},"south":{"uv":[12.5,6.25,13.75,7.75],"rotation":0,"texture":"#0","tintindex":0},"up":{"uv":[11.0,6.25,9.75,4.75],"rotation":0,"texture":"#0","tintindex":0},"west":{"uv":[11.0,6.25,12.5,7.75],"rotation":0,"texture":"#0","tintindex":0}}}],"display":{"head":{"translation":[0.0,-6.4,0.0],"rotation":[0.0,0.0,0.0],"scale":[3.8095,3.8095,3.8095]}}}