{"textures":{"0":"modelengine:entity/warden","1":"modelengine:entity/warden2","2":"modelengine:entity/warden3"},"elements":[{"name":"rightarm1","from":[9.613245,-3.6838918,4.900659],"to":[14.778814,4.581018,11.09934],"rotation":{"angle":0.0,"axis":"x","origin":[3.0013185,-15.048141,8.0]},"faces":{"down":{"uv":[8.5,4.0,7.25,5.5],"rotation":0,"texture":"#0","tintindex":0},"east":{"uv":[4.5,5.5,6.0,7.5],"rotation":0,"texture":"#0","tintindex":0},"north":{"uv":[6.0,5.5,7.25,7.5],"rotation":0,"texture":"#0","tintindex":0},"south":{"uv":[8.75,5.5,10.0,7.5],"rotation":0,"texture":"#0","tintindex":0},"up":{"uv":[7.25,5.5,6.0,4.0],"rotation":0,"texture":"#0","tintindex":0},"west":{"uv":[7.25,5.5,8.75,7.5],"rotation":0,"texture":"#0","tintindex":0}}},{"name":"right sholder1","from":[8.166886,4.581018,3.8675454],"to":[15.398682,12.845927,12.132455],"rotation":{"angle":0.0,"axis":"x","origin":[0.935091,-9.882573,8.0]},"faces":{"down":{"uv":[10.0,4.0,8.25,6.0],"rotation":0,"texture":"#0","tintindex":0},"east":{"uv":[4.5,6.0,6.5,8.0],"rotation":0,"texture":"#0","tintindex":0},"north":{"uv":[6.5,6.0,8.25,8.0],"rotation":0,"texture":"#0","tintindex":0},"south":{"uv":[10.25,6.0,12.0,8.0],"rotation":0,"texture":"#0","tintindex":0},"up":{"uv":[8.25,6.0,6.5,4.0],"rotation":0,"texture":"#0","tintindex":0},"west":{"uv":[8.25,6.0,10.25,8.0],"rotation":0,"texture":"#0","tintindex":0}}}],"display":{"head":{"translation":[0.0,-6.4,0.0],"rotation":[0.0,0.0,0.0],"scale":[3.8095,3.8095,3.8095]}}}