{"textures":{"0":"modelengine:entity/novawarp"},"elements":[{"name":"left leg","from":[5.791312,-4.6315475,5.816],"to":[10.159313,8.472453,10.184],"rotation":{"angle":0.0,"axis":"x","origin":[10.050114,-4.6315475,8.0]},"faces":{"down":{"uv":[7.0,12.0,6.0,13.0],"rotation":0,"texture":"#0","tintindex":0},"east":{"uv":[4.0,13.0,5.0,16.0],"rotation":0,"texture":"#0","tintindex":0},"north":{"uv":[5.0,13.0,6.0,16.0],"rotation":0,"texture":"#0","tintindex":0},"south":{"uv":[7.0,13.0,8.0,16.0],"rotation":0,"texture":"#0","tintindex":0},"up":{"uv":[6.0,13.0,5.0,12.0],"rotation":0,"texture":"#0","tintindex":0},"west":{"uv":[6.0,13.0,7.0,16.0],"rotation":0,"texture":"#0","tintindex":0}}},{"name":"left leg layer","from":[5.5183125,-4.9045477,5.5429997],"to":[10.432312,8.745453,10.457001],"rotation":{"angle":0.0,"axis":"x","origin":[10.050114,-4.6315475,8.0]},"faces":{"down":{"uv":[3.0,12.0,2.0,13.0],"rotation":0,"texture":"#0","tintindex":0},"east":{"uv":[0.0,13.0,1.0,16.0],"rotation":0,"texture":"#0","tintindex":0},"north":{"uv":[1.0,13.0,2.0,16.0],"rotation":0,"texture":"#0","tintindex":0},"south":{"uv":[3.0,13.0,4.0,16.0],"rotation":0,"texture":"#0","tintindex":0},"up":{"uv":[2.0,13.0,1.0,12.0],"rotation":0,"texture":"#0","tintindex":0},"west":{"uv":[2.0,13.0,3.0,16.0],"rotation":0,"texture":"#0","tintindex":0}}}],"display":{"head":{"translation":[0.0,-6.4,0.0],"rotation":[0.0,0.0,0.0],"scale":[3.8095,3.8095,3.8095]}}}