{"textures":{"0":"modelengine:entity/novawarp"},"elements":[{"name":"lwrist","from":[6.4160004,1.8440008,6.476],"to":[9.691999,8.396,10.844],"rotation":{"angle":0.0,"axis":"x","origin":[2.0479999,-11.26,8.66]},"faces":{"down":{"uv":[12.25,5.25,11.5,6.25],"rotation":0,"texture":"#0","tintindex":0},"east":{"uv":[9.75,6.25,10.75,7.75],"rotation":0,"texture":"#0","tintindex":0},"north":{"uv":[10.75,6.25,11.5,7.75],"rotation":0,"texture":"#0","tintindex":0},"south":{"uv":[12.5,6.25,13.25,7.75],"rotation":0,"texture":"#0","tintindex":0},"up":{"uv":[11.5,6.25,10.75,5.25],"rotation":0,"texture":"#0","tintindex":0},"west":{"uv":[11.5,6.25,12.5,7.75],"rotation":0,"texture":"#0","tintindex":0}}},{"name":"lwrist layer","from":[6.1430006,1.5710008,6.203],"to":[9.965,8.669001,11.117001],"rotation":{"angle":0.0,"axis":"x","origin":[2.0479999,-11.26,8.66]},"faces":{"down":{"uv":[13.0,9.0,12.25,10.0],"rotation":0,"texture":"#0","tintindex":0},"east":{"uv":[10.5,10.0,11.5,11.5],"rotation":0,"texture":"#0","tintindex":0},"north":{"uv":[11.5,10.0,12.25,11.5],"rotation":0,"texture":"#0","tintindex":0},"south":{"uv":[13.25,10.0,14.0,11.5],"rotation":0,"texture":"#0","tintindex":0},"up":{"uv":[12.25,10.0,11.5,9.0],"rotation":0,"texture":"#0","tintindex":0},"west":{"uv":[12.25,10.0,13.25,11.5],"rotation":0,"texture":"#0","tintindex":0}}}],"display":{"head":{"translation":[0.0,-6.4,0.0],"rotation":[0.0,0.0,0.0],"scale":[3.8095,3.8095,3.8095]}}}