{"textures":{"0":"modelengine:entity/novawarp"},"elements":[{"name":"left arm","from":[5.276,2.515998,5.816],"to":[8.552,9.067999,10.184],"rotation":{"angle":0.0,"axis":"x","origin":[0.9079993,-17.140003,8.0]},"faces":{"down":{"uv":[12.5,5.25,11.75,6.25],"rotation":0,"texture":"#0","tintindex":0},"east":{"uv":[10.0,6.25,11.0,7.75],"rotation":0,"texture":"#0","tintindex":0},"north":{"uv":[11.0,6.25,11.75,7.75],"rotation":0,"texture":"#0","tintindex":0},"south":{"uv":[12.75,6.25,13.5,7.75],"rotation":0,"texture":"#0","tintindex":0},"up":{"uv":[11.75,6.25,11.0,5.25],"rotation":0,"texture":"#0","tintindex":0},"west":{"uv":[11.75,6.25,12.75,7.75],"rotation":0,"texture":"#0","tintindex":0}}},{"name":"left arm layer","from":[5.003,2.242999,5.5429997],"to":[8.825,9.340998,10.457001],"rotation":{"angle":0.0,"axis":"x","origin":[0.9079993,-17.140003,8.0]},"faces":{"down":{"uv":[14.5,12.5,13.75,13.5],"rotation":0,"texture":"#0","tintindex":0},"east":{"uv":[12.0,13.5,13.0,15.0],"rotation":0,"texture":"#0","tintindex":0},"north":{"uv":[13.0,13.5,13.75,15.0],"rotation":0,"texture":"#0","tintindex":0},"south":{"uv":[14.75,13.5,15.5,15.0],"rotation":0,"texture":"#0","tintindex":0},"up":{"uv":[13.75,13.5,13.0,12.5],"rotation":0,"texture":"#0","tintindex":0},"west":{"uv":[13.75,13.5,14.75,15.0],"rotation":0,"texture":"#0","tintindex":0}}}],"display":{"head":{"translation":[0.0,-6.4,0.0],"rotation":[0.0,0.0,0.0],"scale":[3.8095,3.8095,3.8095]}}}