{"textures":{"0":"modelengine:entity/novawarp"},"elements":[{"name":"rwrist","from":[6.5480003,1.6039999,6.356],"to":[9.823999,8.155999,10.724],"rotation":{"angle":0.0,"axis":"x","origin":[2.1799998,-11.500001,8.54]},"faces":{"down":{"uv":[12.5,5.25,11.75,6.25],"rotation":0,"texture":"#0","tintindex":0},"east":{"uv":[10.0,6.25,11.0,7.75],"rotation":0,"texture":"#0","tintindex":0},"north":{"uv":[11.0,6.25,11.75,7.75],"rotation":0,"texture":"#0","tintindex":0},"south":{"uv":[12.75,6.25,13.5,7.75],"rotation":0,"texture":"#0","tintindex":0},"up":{"uv":[11.75,6.25,11.0,5.25],"rotation":0,"texture":"#0","tintindex":0},"west":{"uv":[11.75,6.25,12.75,7.75],"rotation":0,"texture":"#0","tintindex":0}}},{"name":"rwrist layer","from":[6.2749996,1.3309999,6.0829997],"to":[10.097,8.429,10.997],"rotation":{"angle":0.0,"axis":"x","origin":[2.1799998,-11.500001,8.54]},"faces":{"down":{"uv":[12.5,8.0,11.75,9.0],"rotation":0,"texture":"#0","tintindex":0},"east":{"uv":[10.0,9.0,11.0,10.5],"rotation":0,"texture":"#0","tintindex":0},"north":{"uv":[11.0,9.0,11.75,10.5],"rotation":0,"texture":"#0","tintindex":0},"south":{"uv":[12.75,9.0,13.5,10.5],"rotation":0,"texture":"#0","tintindex":0},"up":{"uv":[11.75,9.0,11.0,8.0],"rotation":0,"texture":"#0","tintindex":0},"west":{"uv":[11.75,9.0,12.75,10.5],"rotation":0,"texture":"#0","tintindex":0}}}],"display":{"head":{"translation":[0.0,-6.4,0.0],"rotation":[0.0,0.0,0.0],"scale":[3.8095,3.8095,3.8095]}}}