{"textures":{"0":"modelengine:entity/novawarp"},"elements":[{"name":"right arm","from":[7.508,2.515998,5.816],"to":[10.784,9.067999,10.184],"rotation":{"angle":0.0,"axis":"x","origin":[3.1399996,-17.140003,8.0]},"faces":{"down":{"uv":[12.5,5.25,11.75,6.25],"rotation":0,"texture":"#0","tintindex":0},"east":{"uv":[10.0,6.25,11.0,7.75],"rotation":0,"texture":"#0","tintindex":0},"north":{"uv":[11.0,6.25,11.75,7.75],"rotation":0,"texture":"#0","tintindex":0},"south":{"uv":[12.75,6.25,13.5,7.75],"rotation":0,"texture":"#0","tintindex":0},"up":{"uv":[11.75,6.25,11.0,5.25],"rotation":0,"texture":"#0","tintindex":0},"west":{"uv":[11.75,6.25,12.75,7.75],"rotation":0,"texture":"#0","tintindex":0}}},{"name":"right arm layer","from":[7.2349997,2.242999,5.5429997],"to":[11.056999,9.340998,10.457001],"rotation":{"angle":0.0,"axis":"x","origin":[3.1399996,-17.140003,8.0]},"faces":{"down":{"uv":[12.5,9.25,11.75,10.25],"rotation":0,"texture":"#0","tintindex":0},"east":{"uv":[10.0,10.25,11.0,11.75],"rotation":0,"texture":"#0","tintindex":0},"north":{"uv":[11.0,10.25,11.75,11.75],"rotation":0,"texture":"#0","tintindex":0},"south":{"uv":[12.75,10.25,13.5,11.75],"rotation":0,"texture":"#0","tintindex":0},"up":{"uv":[11.75,10.25,11.0,9.25],"rotation":0,"texture":"#0","tintindex":0},"west":{"uv":[11.75,10.25,12.75,11.75],"rotation":0,"texture":"#0","tintindex":0}}}],"display":{"head":{"translation":[0.0,-6.4,0.0],"rotation":[0.0,0.0,0.0],"scale":[3.8095,3.8095,3.8095]}}}