{"textures":{"0":"modelengine:entity/novawarp"},"elements":[{"name":"right leg","from":[6.076353,-4.759849,5.816],"to":[10.444353,8.3441515,10.184],"rotation":{"angle":0.0,"axis":"x","origin":[6.1855526,-4.759849,8.0]},"faces":{"down":{"uv":[3.0,4.0,2.0,5.0],"rotation":0,"texture":"#0","tintindex":0},"east":{"uv":[0.0,5.0,1.0,8.0],"rotation":0,"texture":"#0","tintindex":0},"north":{"uv":[1.0,5.0,2.0,8.0],"rotation":0,"texture":"#0","tintindex":0},"south":{"uv":[3.0,5.0,4.0,8.0],"rotation":0,"texture":"#0","tintindex":0},"up":{"uv":[2.0,5.0,1.0,4.0],"rotation":0,"texture":"#0","tintindex":0},"west":{"uv":[2.0,5.0,3.0,8.0],"rotation":0,"texture":"#0","tintindex":0}}},{"name":"right leg layer","from":[5.8033533,-5.0328493,5.5429997],"to":[10.717354,8.617151,10.457001],"rotation":{"angle":0.0,"axis":"x","origin":[6.1855526,-4.759849,8.0]},"faces":{"down":{"uv":[3.0,8.0,2.0,9.0],"rotation":0,"texture":"#0","tintindex":0},"east":{"uv":[0.0,9.0,1.0,12.0],"rotation":0,"texture":"#0","tintindex":0},"north":{"uv":[1.0,9.0,2.0,12.0],"rotation":0,"texture":"#0","tintindex":0},"south":{"uv":[3.0,9.0,4.0,12.0],"rotation":0,"texture":"#0","tintindex":0},"up":{"uv":[2.0,9.0,1.0,8.0],"rotation":0,"texture":"#0","tintindex":0},"west":{"uv":[2.0,9.0,3.0,12.0],"rotation":0,"texture":"#0","tintindex":0}}}],"display":{"head":{"translation":[0.0,-6.4,0.0],"rotation":[0.0,0.0,0.0],"scale":[3.8095,3.8095,3.8095]}}}