{
	"credit": "Made with Blockbench",
	"parent": "item/handheld",
	"textures": {
		"layer0": "items/0394"
	},
	"display": {
		"thirdperson_righthand": {
			"rotation": [0, -90, 45],
			"translation": [-1.25, 1.25, 1],
			"scale": [0.6, 0.6, 2]
		},
		"thirdperson_lefthand": {
			"rotation": [0, 90, -45],
			"translation": [1.25, 1.25, 1],
			"scale": [0.6, 0.6, 2]
		},
		"firstperson_righthand": {
			"rotation": [0, -90, 45],
			"translation": [0.5, 1.5, 0],
			"scale": [0.9, 0.9, 2]
		},
		"firstperson_lefthand": {
			"rotation": [0, 90, -45],
			"translation": [0.5, 1.5, 0],
			"scale": [0.9, 0.9, 2]
		},
		"head": {
			"translation": [0, 14.25, 0]
		}
	}
}