{"textures":{"0":"modelengine:entity/warden","1":"modelengine:entity/warden2","2":"modelengine:entity/warden3"},"elements":[{"name":"neck","from":[6.98048,13.338464,7.048448],"to":[9.01952,14.188064,8.883584],"rotation":{"angle":0.0,"axis":"x","origin":[8.0,4.9783998,8.0]},"faces":{"down":{"uv":[8.25,6.0,6.75,7.25],"rotation":0,"texture":"#0","tintindex":0},"east":{"uv":[4.0,7.25,5.25,7.75],"rotation":0,"texture":"#0","tintindex":0},"north":{"uv":[5.25,7.25,6.75,7.75],"rotation":0,"texture":"#0","tintindex":0},"south":{"uv":[8.0,7.25,9.5,7.75],"rotation":0,"texture":"#0","tintindex":0},"up":{"uv":[6.75,7.25,5.25,6.0],"rotation":0,"texture":"#0","tintindex":0},"west":{"uv":[6.75,7.25,8.0,7.75],"rotation":0,"texture":"#0","tintindex":0}}},{"name":"chest","from":[6.3008003,10.41584,7.048448],"to":[9.6992,13.4744,8.883584],"rotation":{"angle":0.0,"axis":"x","origin":[8.0,4.9783998,8.0]},"faces":{"down":{"uv":[9.75,4.5,7.25,5.75],"rotation":0,"texture":"#0","tintindex":0},"east":{"uv":[3.5,5.75,4.75,8.0],"rotation":0,"texture":"#0","tintindex":0},"north":{"uv":[4.75,5.75,7.25,8.0],"rotation":0,"texture":"#0","tintindex":0},"south":{"uv":[8.5,5.75,11.0,8.0],"rotation":0,"texture":"#0","tintindex":0},"up":{"uv":[7.25,5.75,4.75,4.5],"rotation":0,"texture":"#0","tintindex":0},"west":{"uv":[7.25,5.75,8.5,8.0],"rotation":0,"texture":"#0","tintindex":0}}},{"name":"body layer","from":[6.5556803,7.952,7.23536],"to":[9.444321,10.500799,8.76464],"rotation":{"angle":0.0,"axis":"x","origin":[8.0,4.9783998,8.0]},"faces":{"down":{"uv":[9.0,5.0,7.0,6.0],"rotation":0,"texture":"#0","tintindex":0},"east":{"uv":[4.0,6.0,5.0,7.75],"rotation":0,"texture":"#0","tintindex":0},"north":{"uv":[5.0,6.0,7.0,7.75],"rotation":0,"texture":"#0","tintindex":0},"south":{"uv":[8.0,6.0,10.0,7.75],"rotation":0,"texture":"#0","tintindex":0},"up":{"uv":[7.0,6.0,5.0,5.0],"rotation":0,"texture":"#0","tintindex":0},"west":{"uv":[7.0,6.0,8.0,7.75],"rotation":0,"texture":"#0","tintindex":0}}},{"name":"body1","from":[6.64064,8.03696,7.32032],"to":[9.35936,10.41584,8.67968],"rotation":{"angle":0.0,"axis":"x","origin":[8.0,4.9783998,8.0]},"faces":{"down":{"uv":[9.0,5.0,7.0,6.0],"rotation":0,"texture":"#0","tintindex":0},"east":{"uv":[4.0,6.0,5.0,7.75],"rotation":0,"texture":"#0","tintindex":0},"north":{"uv":[5.0,6.0,7.0,7.75],"rotation":0,"texture":"#0","tintindex":0},"south":{"uv":[8.0,6.0,10.0,7.75],"rotation":0,"texture":"#0","tintindex":0},"up":{"uv":[7.0,6.0,5.0,5.0],"rotation":0,"texture":"#0","tintindex":0},"west":{"uv":[7.0,6.0,8.0,7.75],"rotation":0,"texture":"#0","tintindex":0}}},{"name":"left sholder","from":[8.33984,11.43536,6.98048],"to":[10.37888,13.4744,9.01952],"rotation":{"angle":0.0,"axis":"x","origin":[8.0,4.9783998,8.0]},"faces":{"down":{"uv":[9.25,4.75,7.75,6.25],"rotation":0,"texture":"#0","tintindex":0},"east":{"uv":[4.75,6.25,6.25,7.75],"rotation":0,"texture":"#0","tintindex":0},"north":{"uv":[6.25,6.25,7.75,7.75],"rotation":0,"texture":"#0","tintindex":0},"south":{"uv":[9.25,6.25,10.75,7.75],"rotation":0,"texture":"#0","tintindex":0},"up":{"uv":[7.75,6.25,6.25,4.75],"rotation":0,"texture":"#0","tintindex":0},"west":{"uv":[7.75,6.25,9.25,7.75],"rotation":0,"texture":"#0","tintindex":0}}},{"name":"right sholder","from":[5.62112,11.43536,6.98048],"to":[7.66016,13.4744,9.01952],"rotation":{"angle":0.0,"axis":"x","origin":[8.0,4.9783998,8.0]},"faces":{"down":{"uv":[9.25,4.75,7.75,6.25],"rotation":0,"texture":"#0","tintindex":0},"east":{"uv":[4.75,6.25,6.25,7.75],"rotation":0,"texture":"#0","tintindex":0},"north":{"uv":[6.25,6.25,7.75,7.75],"rotation":0,"texture":"#0","tintindex":0},"south":{"uv":[9.25,6.25,10.75,7.75],"rotation":0,"texture":"#0","tintindex":0},"up":{"uv":[7.75,6.25,6.25,4.75],"rotation":0,"texture":"#0","tintindex":0},"west":{"uv":[7.75,6.25,9.25,7.75],"rotation":0,"texture":"#0","tintindex":0}}}],"display":{"head":{"translation":[0.0,-6.4,0.0],"rotation":[0.0,0.0,0.0],"scale":[3.8095,3.8095,3.8095]}}}