{"textures":{"0":"modelengine:entity/warden","1":"modelengine:entity/warden2","2":"modelengine:entity/warden3"},"elements":[{"name":"rightelbow1","from":[6.98048,4.5785604,6.912512],"to":[8.917568,7.9769597,9.087488],"rotation":{"angle":0.0,"axis":"x","origin":[4.9414396,4.23872,8.0]},"faces":{"down":{"uv":[8.5,4.0,7.25,5.5],"rotation":0,"texture":"#0","tintindex":0},"east":{"uv":[4.5,5.5,6.0,8.0],"rotation":0,"texture":"#0","tintindex":0},"north":{"uv":[6.0,5.5,7.25,8.0],"rotation":0,"texture":"#0","tintindex":0},"south":{"uv":[8.75,5.5,10.0,8.0],"rotation":0,"texture":"#0","tintindex":0},"up":{"uv":[7.25,5.5,6.0,4.0],"rotation":0,"texture":"#0","tintindex":0},"west":{"uv":[7.25,5.5,8.75,8.0],"rotation":0,"texture":"#0","tintindex":0}}},{"name":"rightelbow2","from":[6.8445435,2.8793597,6.776576],"to":[9.053504,4.9184,9.257408],"rotation":{"angle":0.0,"axis":"x","origin":[4.9414396,4.23872,8.0]},"faces":{"down":{"uv":[9.25,4.0,7.75,5.75],"rotation":0,"texture":"#1","tintindex":0},"east":{"uv":[4.5,5.75,6.25,7.25],"rotation":0,"texture":"#1","tintindex":0},"north":{"uv":[6.25,5.75,7.75,7.25],"rotation":0,"texture":"#1","tintindex":0},"south":{"uv":[9.5,5.75,11.0,7.25],"rotation":0,"texture":"#1","tintindex":0},"up":{"uv":[7.75,5.75,6.25,4.0],"rotation":0,"texture":"#1","tintindex":0},"west":{"uv":[7.75,5.75,9.5,7.25],"rotation":0,"texture":"#1","tintindex":0}}}],"display":{"head":{"translation":[0.0,-6.4,0.0],"rotation":[0.0,0.0,0.0],"scale":[3.8095,3.8095,3.8095]}}}