{"textures":{"0":"modelengine:entity/warden","1":"modelengine:entity/warden2","2":"modelengine:entity/warden3"},"elements":[{"name":"head1","from":[6.64064,8.03696,6.64064],"to":[9.35936,10.755679,9.35936],"rotation":{"angle":0.0,"axis":"x","origin":[8.0,-0.11920071,8.0]},"faces":{"down":{"uv":[6.0,0.0,4.0,2.0],"rotation":0,"texture":"#0","tintindex":0},"east":{"uv":[0.0,2.0,2.0,4.0],"rotation":0,"texture":"#0","tintindex":0},"north":{"uv":[2.0,2.0,4.0,4.0],"rotation":0,"texture":"#0","tintindex":0},"south":{"uv":[6.0,2.0,8.0,4.0],"rotation":0,"texture":"#0","tintindex":0},"up":{"uv":[4.0,2.0,2.0,0.0],"rotation":0,"texture":"#0","tintindex":0},"west":{"uv":[4.0,2.0,6.0,4.0],"rotation":0,"texture":"#0","tintindex":0}}},{"name":"hat layer","from":[6.4707203,7.867039,6.4707203],"to":[9.52928,10.925598,9.52928],"rotation":{"angle":0.0,"axis":"x","origin":[8.0,-0.11920071,8.0]},"faces":{"down":{"uv":[14.0,0.0,12.0,2.0],"rotation":0,"texture":"#0","tintindex":0},"east":{"uv":[8.0,2.0,10.0,4.0],"rotation":0,"texture":"#0","tintindex":0},"north":{"uv":[10.0,2.0,12.0,4.0],"rotation":0,"texture":"#0","tintindex":0},"south":{"uv":[14.0,2.0,16.0,4.0],"rotation":0,"texture":"#0","tintindex":0},"up":{"uv":[12.0,2.0,10.0,0.0],"rotation":0,"texture":"#0","tintindex":0},"west":{"uv":[12.0,2.0,14.0,4.0],"rotation":0,"texture":"#0","tintindex":0}}}],"display":{"head":{"translation":[0.0,-6.4,0.0],"rotation":[0.0,0.0,0.0],"scale":[3.8095,3.8095,3.8095]}}}