{"textures":{"0":"modelengine:entity/warden","1":"modelengine:entity/warden2","2":"modelengine:entity/warden3"},"elements":[{"name":"leftleg1","from":[7.3349032,2.1186643,7.218368],"to":[8.864183,6.196744,8.8496],"rotation":{"angle":0.0,"axis":"x","origin":[8.53681,15.1049795,8.0]},"faces":{"down":{"uv":[7.0,12.0,6.0,13.0],"rotation":0,"texture":"#0","tintindex":0},"east":{"uv":[4.0,13.0,5.0,16.0],"rotation":0,"texture":"#0","tintindex":0},"north":{"uv":[5.0,13.0,6.0,16.0],"rotation":0,"texture":"#0","tintindex":0},"south":{"uv":[7.0,13.0,8.0,16.0],"rotation":0,"texture":"#0","tintindex":0},"up":{"uv":[6.0,13.0,5.0,12.0],"rotation":0,"texture":"#0","tintindex":0},"west":{"uv":[6.0,13.0,7.0,16.0],"rotation":0,"texture":"#0","tintindex":0}}},{"name":"leftleg2","from":[7.198967,6.1627603,6.98048],"to":[9.000119,8.2018,9.01952],"rotation":{"angle":0.0,"axis":"x","origin":[7.6872096,19.5229,8.0]},"faces":{"down":{"uv":[12.5,4.75,11.25,6.25],"rotation":0,"texture":"#0","tintindex":0},"east":{"uv":[8.5,6.25,10.0,7.75],"rotation":0,"texture":"#0","tintindex":0},"north":{"uv":[10.0,6.25,11.25,7.75],"rotation":0,"texture":"#0","tintindex":0},"south":{"uv":[12.75,6.25,14.0,7.75],"rotation":0,"texture":"#0","tintindex":0},"up":{"uv":[11.25,6.25,10.0,4.75],"rotation":0,"texture":"#0","tintindex":0},"west":{"uv":[11.25,6.25,12.75,7.75],"rotation":0,"texture":"#0","tintindex":0}}}],"display":{"head":{"translation":[0.0,-6.4,0.0],"rotation":[0.0,0.0,0.0],"scale":[3.8095,3.8095,3.8095]}}}