{"textures":{"0":"modelengine:entity/warden","1":"modelengine:entity/warden2","2":"modelengine:entity/warden3"},"elements":[{"name":"leftknee1","from":[7.2377734,3.9397647,7.082432],"to":[8.970957,8.017845,8.985537],"rotation":{"angle":0.0,"axis":"x","origin":[8.507648,21.004162,8.0]},"faces":{"down":{"uv":[7.75,12.0,6.5,13.25],"rotation":0,"texture":"#0","tintindex":0},"east":{"uv":[4.0,13.25,5.25,16.25],"rotation":0,"texture":"#0","tintindex":0},"north":{"uv":[5.25,13.25,6.5,16.25],"rotation":0,"texture":"#0","tintindex":0},"south":{"uv":[7.75,13.25,9.0,16.25],"rotation":0,"texture":"#0","tintindex":0},"up":{"uv":[6.5,13.25,5.25,12.0],"rotation":0,"texture":"#0","tintindex":0},"west":{"uv":[6.5,13.25,7.75,16.25],"rotation":0,"texture":"#0","tintindex":0}}},{"name":"leftknee2","from":[6.897933,3.5319567,6.742592],"to":[8.970957,5.231157,9.3253765],"rotation":{"angle":0.0,"axis":"x","origin":[8.507648,21.004162,8.0]},"faces":{"down":{"uv":[9.5,5.0,8.0,6.75],"rotation":0,"texture":"#0","tintindex":0},"east":{"uv":[4.75,6.75,6.5,8.0],"rotation":0,"texture":"#0","tintindex":0},"north":{"uv":[6.5,6.75,8.0,8.0],"rotation":0,"texture":"#0","tintindex":0},"south":{"uv":[9.75,6.75,11.25,8.0],"rotation":0,"texture":"#0","tintindex":0},"up":{"uv":[8.0,6.75,6.5,5.0],"rotation":0,"texture":"#0","tintindex":0},"west":{"uv":[8.0,6.75,9.75,8.0],"rotation":0,"texture":"#0","tintindex":0}}}],"display":{"head":{"translation":[0.0,-6.4,0.0],"rotation":[0.0,0.0,0.0],"scale":[3.8095,3.8095,3.8095]}}}