{"textures":{"0":"modelengine:entity/warden","1":"modelengine:entity/warden2","2":"modelengine:entity/warden3"},"elements":[{"name":"leftarm1","from":[6.436736,4.178719,6.98048],"to":[8.135936,6.8974395,9.01952],"rotation":{"angle":0.0,"axis":"x","origin":[4.2617598,0.44047952,8.0]},"faces":{"down":{"uv":[7.5,4.0,6.25,5.5],"rotation":0,"texture":"#0","tintindex":0},"east":{"uv":[3.5,5.5,5.0,7.5],"rotation":0,"texture":"#0","tintindex":0},"north":{"uv":[5.0,5.5,6.25,7.5],"rotation":0,"texture":"#0","tintindex":0},"south":{"uv":[7.75,5.5,9.0,7.5],"rotation":0,"texture":"#0","tintindex":0},"up":{"uv":[6.25,5.5,5.0,4.0],"rotation":0,"texture":"#0","tintindex":0},"west":{"uv":[6.25,5.5,7.75,7.5],"rotation":0,"texture":"#0","tintindex":0}}},{"name":"left sholder1","from":[5.9609594,6.8974395,6.64064],"to":[8.33984,9.616159,9.35936],"rotation":{"angle":0.0,"axis":"x","origin":[3.5820796,2.1396794,8.0]},"faces":{"down":{"uv":[9.5,4.0,7.75,6.0],"rotation":0,"texture":"#0","tintindex":0},"east":{"uv":[4.0,6.0,6.0,8.0],"rotation":0,"texture":"#0","tintindex":0},"north":{"uv":[6.0,6.0,7.75,8.0],"rotation":0,"texture":"#0","tintindex":0},"south":{"uv":[9.75,6.0,11.5,8.0],"rotation":0,"texture":"#0","tintindex":0},"up":{"uv":[7.75,6.0,6.0,4.0],"rotation":0,"texture":"#0","tintindex":0},"west":{"uv":[7.75,6.0,9.75,8.0],"rotation":0,"texture":"#0","tintindex":0}}}],"display":{"head":{"translation":[0.0,-6.4,0.0],"rotation":[0.0,0.0,0.0],"scale":[3.8095,3.8095,3.8095]}}}