{"textures":{"0":"modelengine:entity/warden","1":"modelengine:entity/warden2","2":"modelengine:entity/warden3"},"elements":[{"name":"rightleg1","from":[7.029677,2.100689,7.1843843],"to":[8.6269245,6.178769,8.8496],"rotation":{"angle":0.0,"axis":"x","origin":[7.4590025,14.985053,8.0]},"faces":{"down":{"uv":[3.0,4.0,2.0,5.0],"rotation":0,"texture":"#0","tintindex":0},"east":{"uv":[0.0,5.0,1.0,8.0],"rotation":0,"texture":"#0","tintindex":0},"north":{"uv":[1.0,5.0,2.0,8.0],"rotation":0,"texture":"#0","tintindex":0},"south":{"uv":[3.0,5.0,4.0,8.0],"rotation":0,"texture":"#0","tintindex":0},"up":{"uv":[2.0,5.0,1.0,4.0],"rotation":0,"texture":"#0","tintindex":0},"west":{"uv":[2.0,5.0,3.0,8.0],"rotation":0,"texture":"#0","tintindex":0}}},{"name":"rightleg2","from":[6.9956927,6.0428333,6.98048],"to":[8.83083,8.081873,9.01952],"rotation":{"angle":0.0,"axis":"x","origin":[6.6094027,19.402973,8.0]},"faces":{"down":{"uv":[12.25,4.75,11.0,6.25],"rotation":0,"texture":"#0","tintindex":0},"east":{"uv":[8.25,6.25,9.75,7.75],"rotation":0,"texture":"#0","tintindex":0},"north":{"uv":[9.75,6.25,11.0,7.75],"rotation":0,"texture":"#0","tintindex":0},"south":{"uv":[12.5,6.25,13.75,7.75],"rotation":0,"texture":"#0","tintindex":0},"up":{"uv":[11.0,6.25,9.75,4.75],"rotation":0,"texture":"#0","tintindex":0},"west":{"uv":[11.0,6.25,12.5,7.75],"rotation":0,"texture":"#0","tintindex":0}}}],"display":{"head":{"translation":[0.0,-6.4,0.0],"rotation":[0.0,0.0,0.0],"scale":[3.8095,3.8095,3.8095]}}}