{"textures":{"0":"modelengine:entity/warden","1":"modelengine:entity/warden2","2":"modelengine:entity/warden3"},"elements":[{"name":"rightknee1","from":[7.0051384,3.7958605,7.082432],"to":[8.806291,8.009876,9.01952],"rotation":{"angle":0.0,"axis":"x","origin":[7.502432,20.928223,8.0]},"faces":{"down":{"uv":[9.0,11.75,7.75,13.0],"rotation":0,"texture":"#0","tintindex":0},"east":{"uv":[5.25,13.0,6.5,16.0],"rotation":0,"texture":"#0","tintindex":0},"north":{"uv":[6.5,13.0,7.75,16.0],"rotation":0,"texture":"#0","tintindex":0},"south":{"uv":[9.0,13.0,10.25,16.0],"rotation":0,"texture":"#0","tintindex":0},"up":{"uv":[7.75,13.0,6.5,11.75],"rotation":0,"texture":"#0","tintindex":0},"west":{"uv":[7.75,13.0,9.0,16.0],"rotation":0,"texture":"#0","tintindex":0}}},{"name":"rightknee2","from":[7.0051384,3.4560204,6.742592],"to":[9.146131,5.189204,9.35936],"rotation":{"angle":0.0,"axis":"x","origin":[7.502432,20.928223,8.0]},"faces":{"down":{"uv":[9.0,5.0,7.5,6.75],"rotation":0,"texture":"#0","tintindex":0},"east":{"uv":[4.25,6.75,6.0,8.0],"rotation":0,"texture":"#0","tintindex":0},"north":{"uv":[6.0,6.75,7.5,8.0],"rotation":0,"texture":"#0","tintindex":0},"south":{"uv":[9.25,6.75,10.75,8.0],"rotation":0,"texture":"#0","tintindex":0},"up":{"uv":[7.5,6.75,6.0,5.0],"rotation":0,"texture":"#0","tintindex":0},"west":{"uv":[7.5,6.75,9.25,8.0],"rotation":0,"texture":"#0","tintindex":0}}}],"display":{"head":{"translation":[0.0,-6.4,0.0],"rotation":[0.0,0.0,0.0],"scale":[3.8095,3.8095,3.8095]}}}