{
	"textures": {
		"usamimi": "items/3d/usamimi"
	},
	"elements": [
		{
			"from": [10, 0, 8],
			"to": [13, 8, 9],
			"faces": {
				"north": {"uv": [13, 0, 16, 8], "texture": "#usamimi"},
				"east": {"uv": [0, 0, 1, 8], "texture": "#usamimi"},
				"south": {"uv": [0, 0, 3, 8], "texture": "#usamimi"},
				"west": {"uv": [0, 0, 1, 8], "texture": "#usamimi"},
				"up": {"uv": [0, 0, 3, 1], "texture": "#usamimi"},
				"down": {"uv": [0, 0, 3, 1], "texture": "#usamimi"}
			}
		},
		{
			"from": [3, 0, 8],
			"to": [6, 8, 9],
			"faces": {
				"north": {"uv": [13, 0, 16, 8], "texture": "#usamimi"},
				"east": {"uv": [0, 0, 1, 8], "texture": "#usamimi"},
				"south": {"uv": [0, 0, 3, 8], "texture": "#usamimi"},
				"west": {"uv": [0, 0, 1, 8], "texture": "#usamimi"},
				"up": {"uv": [0, 0, 3, 1], "texture": "#usamimi"},
				"down": {"uv": [0, 0, 3, 1], "texture": "#usamimi"}
			}
		}
	],
	"display": {
		"thirdperson_righthand": {
			"translation": [0, 1.5, 0]
		},
		"head": {
			"translation": [0, 14, 0]
		}
	},
	"groups": [
		{
			"name": "usamimi",
			"children": [0, 1]
		}
	]
}