{
	"textures": {
		"mikomimiate": "items/3d/mikomimiate"
	},
	"elements": [
		{
			"from": [9.75, 5, 16.75],
			"to": [10, 5.75, 17],
			"rotation": {"angle": -22.5, "axis": "z", "origin": [11.5, 8, 9]},
			"faces": {
				"north": {"uv": [0, 15, 0.75, 15.25], "rotation": 90, "texture": "#mikomimiate"},
				"east": {"uv": [0, 14, 0.25, 14.25], "rotation": 90, "texture": "#mikomimiate"},
				"south": {"uv": [0, 15, 0.75, 15.25], "rotation": 270, "texture": "#mikomimiate"},
				"west": {"uv": [0, 15, 0.25, 15.25], "rotation": 270, "texture": "#mikomimiate"},
				"up": {"uv": [0, 15, 0.75, 15.25], "rotation": 270, "texture": "#mikomimiate"},
				"down": {"uv": [0, 15, 0.75, 15.25], "rotation": 270, "texture": "#mikomimiate"}
			}
		},
		{
			"from": [9.25, 5.75, 16.75],
			"to": [9.5, 7.25, 17],
			"faces": {
				"north": {"uv": [0, 15, 0.75, 15.25], "texture": "#mikomimiate"},
				"east": {"uv": [0, 14, 0.25, 14.25], "texture": "#mikomimiate"},
				"south": {"uv": [0, 15, 0.75, 15.25], "texture": "#mikomimiate"},
				"west": {"uv": [0, 15, 0.25, 15.25], "texture": "#mikomimiate"},
				"up": {"uv": [0, 15, 0.75, 15.25], "rotation": 180, "texture": "#mikomimiate"},
				"down": {"uv": [0, 15, 0.75, 15.25], "rotation": 180, "texture": "#mikomimiate"}
			}
		},
		{
			"from": [8.75, 6.5, 16.75],
			"to": [9.75, 6.75, 17],
			"faces": {
				"north": {"uv": [0, 15, 0.75, 15.25], "texture": "#mikomimiate"},
				"east": {"uv": [0, 14, 0.25, 14.25], "texture": "#mikomimiate"},
				"south": {"uv": [0, 15, 0.75, 15.25], "texture": "#mikomimiate"},
				"west": {"uv": [0, 15, 0.25, 15.25], "texture": "#mikomimiate"},
				"up": {"uv": [0, 15, 0.75, 15.25], "rotation": 180, "texture": "#mikomimiate"},
				"down": {"uv": [0, 15, 0.75, 15.25], "rotation": 180, "texture": "#mikomimiate"}
			}
		},
		{
			"from": [8.75, 8, 16.75],
			"to": [9.5, 8.25, 17],
			"rotation": {"angle": 22.5, "axis": "z", "origin": [11.5, 8, 9]},
			"faces": {
				"north": {"uv": [0, 15, 0.75, 15.25], "texture": "#mikomimiate"},
				"east": {"uv": [0, 14, 0.25, 14.25], "rotation": 180, "texture": "#mikomimiate"},
				"south": {"uv": [0, 15, 0.75, 15.25], "texture": "#mikomimiate"},
				"west": {"uv": [0, 15, 0.25, 15.25], "texture": "#mikomimiate"},
				"up": {"uv": [0, 15, 0.75, 15.25], "texture": "#mikomimiate"},
				"down": {"uv": [0, 15, 0.75, 15.25], "rotation": 180, "texture": "#mikomimiate"}
			}
		},
		{
			"from": [9, 7, 16.75],
			"to": [9.25, 7.5, 17],
			"rotation": {"angle": 22.5, "axis": "z", "origin": [11.5, 8, 9]},
			"faces": {
				"north": {"uv": [0, 15, 0.75, 15.25], "rotation": 270, "texture": "#mikomimiate"},
				"east": {"uv": [0, 14, 0.25, 14.25], "rotation": 270, "texture": "#mikomimiate"},
				"south": {"uv": [0, 15, 0.75, 15.25], "rotation": 90, "texture": "#mikomimiate"},
				"west": {"uv": [0, 15, 0.25, 15.25], "rotation": 90, "texture": "#mikomimiate"},
				"up": {"uv": [0, 15, 0.75, 15.25], "rotation": 90, "texture": "#mikomimiate"},
				"down": {"uv": [0, 15, 0.75, 15.25], "rotation": 90, "texture": "#mikomimiate"}
			}
		},
		{
			"from": [10, 6.75, 16.75],
			"to": [10.75, 7, 17],
			"faces": {
				"north": {"uv": [0, 15, 0.75, 15.25], "texture": "#mikomimiate"},
				"east": {"uv": [0, 14, 0.25, 14.25], "texture": "#mikomimiate"},
				"south": {"uv": [0, 15, 0.75, 15.25], "texture": "#mikomimiate"},
				"west": {"uv": [0, 15, 0.25, 15.25], "texture": "#mikomimiate"},
				"up": {"uv": [0, 15, 0.75, 15.25], "rotation": 180, "texture": "#mikomimiate"},
				"down": {"uv": [0, 15, 0.75, 15.25], "rotation": 180, "texture": "#mikomimiate"}
			}
		},
		{
			"from": [10, 6, 16.75],
			"to": [10.75, 6.25, 17],
			"faces": {
				"north": {"uv": [0, 15, 0.75, 15.25], "texture": "#mikomimiate"},
				"east": {"uv": [0, 14, 0.25, 14.25], "texture": "#mikomimiate"},
				"south": {"uv": [0, 15, 0.75, 15.25], "texture": "#mikomimiate"},
				"west": {"uv": [0, 15, 0.25, 15.25], "texture": "#mikomimiate"},
				"up": {"uv": [0, 15, 0.75, 15.25], "rotation": 180, "texture": "#mikomimiate"},
				"down": {"uv": [0, 15, 0.75, 15.25], "rotation": 180, "texture": "#mikomimiate"}
			}
		},
		{
			"from": [10, 6.25, 16.75],
			"to": [10.25, 6.75, 17],
			"faces": {
				"north": {"uv": [0, 15, 0.75, 15.25], "texture": "#mikomimiate"},
				"east": {"uv": [0, 14, 0.25, 14.25], "texture": "#mikomimiate"},
				"south": {"uv": [0, 15, 0.75, 15.25], "texture": "#mikomimiate"},
				"west": {"uv": [0, 15, 0.25, 15.25], "texture": "#mikomimiate"},
				"up": {"uv": [0, 15, 0.75, 15.25], "rotation": 180, "texture": "#mikomimiate"},
				"down": {"uv": [0, 15, 0.75, 15.25], "rotation": 180, "texture": "#mikomimiate"}
			}
		},
		{
			"from": [10.5, 6.25, 16.75],
			"to": [10.75, 6.75, 17],
			"faces": {
				"north": {"uv": [0, 15, 0.75, 15.25], "texture": "#mikomimiate"},
				"east": {"uv": [0, 14, 0.25, 14.25], "texture": "#mikomimiate"},
				"south": {"uv": [0, 15, 0.75, 15.25], "texture": "#mikomimiate"},
				"west": {"uv": [0, 15, 0.25, 15.25], "texture": "#mikomimiate"},
				"up": {"uv": [0, 15, 0.75, 15.25], "rotation": 180, "texture": "#mikomimiate"},
				"down": {"uv": [0, 15, 0.75, 15.25], "rotation": 180, "texture": "#mikomimiate"}
			}
		},
		{
			"from": [8.5, 5.75, 16.25],
			"to": [11, 7.5, 16.75],
			"faces": {
				"north": {"uv": [0, 0, 2.5, 1.75], "texture": "#mikomimiate"},
				"east": {"uv": [0, 0, 0.5, 1.75], "texture": "#mikomimiate"},
				"south": {"uv": [0, 0, 2.5, 1.75], "texture": "#mikomimiate"},
				"west": {"uv": [0, 0, 0.5, 1.75], "texture": "#mikomimiate"},
				"up": {"uv": [0, 0, 0.5, 2.5], "rotation": 270, "texture": "#mikomimiate"},
				"down": {"uv": [0, 0, 0.5, 2.5], "rotation": 90, "texture": "#mikomimiate"}
			}
		},
		{
			"from": [11, 5.75, 16.25],
			"to": [11.25, 7.5, 16.5],
			"faces": {
				"north": {"uv": [0, 0, 0.25, 1.75], "texture": "#mikomimiate"},
				"east": {"uv": [0, 0, 0.25, 1.75], "texture": "#mikomimiate"},
				"south": {"uv": [0, 0, 0.25, 1.75], "texture": "#mikomimiate"},
				"west": {"uv": [0, 0, 0.25, 1.75], "texture": "#mikomimiate"},
				"up": {"uv": [0, 0, 0.25, 0.25], "rotation": 270, "texture": "#mikomimiate"},
				"down": {"uv": [0, 0, 0.25, 0.25], "rotation": 90, "texture": "#mikomimiate"}
			}
		},
		{
			"from": [11.25, 5.5, 16],
			"to": [11.5, 7.5, 16.5],
			"faces": {
				"north": {"uv": [0, 8, 0.25, 8.25], "texture": "#mikomimiate"},
				"east": {"uv": [0, 8, 0.5, 8.25], "texture": "#mikomimiate"},
				"south": {"uv": [0, 9, 0.25, 9.25], "texture": "#mikomimiate"},
				"west": {"uv": [0, 9, 0.5, 9.25], "texture": "#mikomimiate"},
				"up": {"uv": [0, 11, 0.5, 11.25], "rotation": 270, "texture": "#mikomimiate"},
				"down": {"uv": [1, 9, 1.5, 9.25], "rotation": 90, "texture": "#mikomimiate"}
			}
		},
		{
			"from": [8.25, 5.75, 16.25],
			"to": [8.5, 7.5, 16.5],
			"faces": {
				"north": {"uv": [0, 0, 0.25, 1.75], "texture": "#mikomimiate"},
				"east": {"uv": [0, 0, 0.25, 1.75], "texture": "#mikomimiate"},
				"south": {"uv": [0, 0, 0.25, 1.75], "texture": "#mikomimiate"},
				"west": {"uv": [0, 0, 0.25, 1.75], "texture": "#mikomimiate"},
				"up": {"uv": [0, 0, 0.25, 0.25], "rotation": 270, "texture": "#mikomimiate"},
				"down": {"uv": [0, 0, 0.25, 0.25], "rotation": 90, "texture": "#mikomimiate"}
			}
		},
		{
			"from": [8, 5.5, 16],
			"to": [8.25, 7.5, 16.5],
			"faces": {
				"north": {"uv": [0, 8, 0.25, 8.25], "texture": "#mikomimiate"},
				"east": {"uv": [0, 8, 0.5, 8.25], "texture": "#mikomimiate"},
				"south": {"uv": [0, 9, 0.25, 9.25], "texture": "#mikomimiate"},
				"west": {"uv": [0, 9, 0.5, 9.25], "texture": "#mikomimiate"},
				"up": {"uv": [0, 11, 0.5, 11.25], "rotation": 270, "texture": "#mikomimiate"},
				"down": {"uv": [1, 9, 1.5, 9.25], "rotation": 90, "texture": "#mikomimiate"}
			}
		},
		{
			"from": [8.75, 5.25, 16.25],
			"to": [10.75, 5.5, 16.5],
			"faces": {
				"north": {"uv": [0, 0, 2, 0.25], "texture": "#mikomimiate"},
				"east": {"uv": [0, 0, 0.25, 0.25], "texture": "#mikomimiate"},
				"south": {"uv": [0, 0, 2, 0.25], "texture": "#mikomimiate"},
				"west": {"uv": [0, 0, 0.25, 0.25], "texture": "#mikomimiate"},
				"up": {"uv": [0, 0, 0.25, 2], "rotation": 270, "texture": "#mikomimiate"},
				"down": {"uv": [0, 0, 0.25, 2], "rotation": 90, "texture": "#mikomimiate"}
			}
		},
		{
			"from": [9, 8, 16.25],
			"to": [10.5, 10, 16.5],
			"faces": {
				"north": {"uv": [0, 0, 1.5, 2], "texture": "#mikomimiate"},
				"east": {"uv": [0, 0, 0.25, 2], "texture": "#mikomimiate"},
				"south": {"uv": [0, 0, 1.5, 2], "texture": "#mikomimiate"},
				"west": {"uv": [0, 0, 0.25, 2], "texture": "#mikomimiate"},
				"up": {"uv": [0, 0, 0.25, 1.5], "rotation": 270, "texture": "#mikomimiate"},
				"down": {"uv": [0, 0, 0.25, 1.5], "rotation": 90, "texture": "#mikomimiate"}
			}
		},
		{
			"from": [8.5, 7.5, 16.25],
			"to": [8.75, 7.75, 16.5],
			"faces": {
				"north": {"uv": [0, 0, 0.25, 0.25], "texture": "#mikomimiate"},
				"east": {"uv": [0, 0, 0.25, 0.25], "texture": "#mikomimiate"},
				"south": {"uv": [0, 0, 0.25, 0.25], "texture": "#mikomimiate"},
				"west": {"uv": [0, 0, 0.25, 0.25], "texture": "#mikomimiate"},
				"up": {"uv": [0, 0, 0.25, 0.25], "rotation": 270, "texture": "#mikomimiate"},
				"down": {"uv": [0, 0, 0.25, 0.25], "rotation": 90, "texture": "#mikomimiate"}
			}
		},
		{
			"from": [10.75, 7.5, 16.25],
			"to": [11, 7.75, 16.5],
			"faces": {
				"north": {"uv": [0, 0, 0.25, 0.25], "texture": "#mikomimiate"},
				"east": {"uv": [0, 0, 0.25, 0.25], "texture": "#mikomimiate"},
				"south": {"uv": [0, 0, 0.25, 0.25], "texture": "#mikomimiate"},
				"west": {"uv": [0, 0, 0.25, 0.25], "texture": "#mikomimiate"},
				"up": {"uv": [0, 0, 0.25, 0.25], "rotation": 270, "texture": "#mikomimiate"},
				"down": {"uv": [0, 0, 0.25, 0.25], "rotation": 90, "texture": "#mikomimiate"}
			}
		},
		{
			"from": [8.75, 7.5, 16.25],
			"to": [10.75, 7.75, 16.75],
			"faces": {
				"north": {"uv": [0, 0, 2, 0.25], "texture": "#mikomimiate"},
				"east": {"uv": [0, 0, 0.5, 0.25], "texture": "#mikomimiate"},
				"south": {"uv": [0, 0, 2, 0.25], "texture": "#mikomimiate"},
				"west": {"uv": [0, 0, 0.5, 0.25], "texture": "#mikomimiate"},
				"up": {"uv": [0, 0, 0.5, 2], "rotation": 270, "texture": "#mikomimiate"},
				"down": {"uv": [0, 0, 0.5, 2], "rotation": 90, "texture": "#mikomimiate"}
			}
		},
		{
			"from": [8.75, 5.5, 16.25],
			"to": [10.75, 5.75, 16.75],
			"faces": {
				"north": {"uv": [0, 0, 2, 0.25], "texture": "#mikomimiate"},
				"east": {"uv": [0, 0, 0.5, 0.25], "texture": "#mikomimiate"},
				"south": {"uv": [0, 0, 2, 0.25], "texture": "#mikomimiate"},
				"west": {"uv": [0, 0, 0.5, 0.25], "texture": "#mikomimiate"},
				"up": {"uv": [0, 0, 0.5, 2], "rotation": 270, "texture": "#mikomimiate"},
				"down": {"uv": [0, 0, 0.5, 2], "rotation": 90, "texture": "#mikomimiate"}
			}
		},
		{
			"from": [10.75, 5.5, 16.25],
			"to": [11, 5.75, 16.5],
			"faces": {
				"north": {"uv": [0, 0, 0.25, 0.25], "texture": "#mikomimiate"},
				"east": {"uv": [0, 0, 0.25, 0.25], "texture": "#mikomimiate"},
				"south": {"uv": [0, 0, 0.25, 0.25], "texture": "#mikomimiate"},
				"west": {"uv": [0, 0, 0.25, 0.25], "texture": "#mikomimiate"},
				"up": {"uv": [0, 0, 0.25, 0.25], "rotation": 270, "texture": "#mikomimiate"},
				"down": {"uv": [0, 0, 0.25, 0.25], "rotation": 90, "texture": "#mikomimiate"}
			}
		},
		{
			"from": [8.5, 5.5, 16.25],
			"to": [8.75, 5.75, 16.5],
			"faces": {
				"north": {"uv": [0, 0, 0.25, 0.25], "texture": "#mikomimiate"},
				"east": {"uv": [0, 0, 0.25, 0.25], "texture": "#mikomimiate"},
				"south": {"uv": [0, 0, 0.25, 0.25], "texture": "#mikomimiate"},
				"west": {"uv": [0, 0, 0.25, 0.25], "texture": "#mikomimiate"},
				"up": {"uv": [0, 0, 0.25, 0.25], "rotation": 270, "texture": "#mikomimiate"},
				"down": {"uv": [0, 0, 0.25, 0.25], "rotation": 90, "texture": "#mikomimiate"}
			}
		},
		{
			"from": [8.25, 5.25, 16],
			"to": [8.5, 5.5, 16.5],
			"faces": {
				"north": {"uv": [0, 8, 0.25, 8.25], "texture": "#mikomimiate"},
				"east": {"uv": [0, 8, 0.5, 8.25], "texture": "#mikomimiate"},
				"south": {"uv": [0, 9, 0.25, 9.25], "texture": "#mikomimiate"},
				"west": {"uv": [0, 9, 0.5, 9.25], "texture": "#mikomimiate"},
				"up": {"uv": [0, 11, 0.5, 11.25], "rotation": 270, "texture": "#mikomimiate"},
				"down": {"uv": [1, 9, 1.5, 9.25], "rotation": 90, "texture": "#mikomimiate"}
			}
		},
		{
			"from": [11, 5.25, 16],
			"to": [11.25, 5.5, 16.5],
			"faces": {
				"north": {"uv": [0, 8, 0.25, 8.25], "texture": "#mikomimiate"},
				"east": {"uv": [0, 8, 0.5, 8.25], "texture": "#mikomimiate"},
				"south": {"uv": [0, 9, 0.25, 9.25], "texture": "#mikomimiate"},
				"west": {"uv": [0, 9, 0.5, 9.25], "texture": "#mikomimiate"},
				"up": {"uv": [0, 11, 0.5, 11.25], "rotation": 270, "texture": "#mikomimiate"},
				"down": {"uv": [1, 9, 1.5, 9.25], "rotation": 90, "texture": "#mikomimiate"}
			}
		},
		{
			"from": [10.75, 5, 16],
			"to": [11, 5.25, 16.5],
			"faces": {
				"north": {"uv": [0, 9, 0.25, 9.25], "texture": "#mikomimiate"},
				"east": {"uv": [0, 8, 0.5, 8.25], "texture": "#mikomimiate"},
				"south": {"uv": [0, 8, 0.25, 8.25], "texture": "#mikomimiate"},
				"west": {"uv": [0, 9, 0.5, 9.25], "texture": "#mikomimiate"},
				"up": {"uv": [0, 11, 0.5, 11.25], "rotation": 270, "texture": "#mikomimiate"},
				"down": {"uv": [1, 9, 1.5, 9.25], "rotation": 90, "texture": "#mikomimiate"}
			}
		},
		{
			"from": [8.5, 5, 16],
			"to": [8.75, 5.25, 16.5],
			"faces": {
				"north": {"uv": [0, 8, 0.25, 8.25], "texture": "#mikomimiate"},
				"east": {"uv": [0, 8, 0.5, 8.25], "texture": "#mikomimiate"},
				"south": {"uv": [0, 9, 0.25, 9.25], "texture": "#mikomimiate"},
				"west": {"uv": [0, 9, 0.5, 9.25], "texture": "#mikomimiate"},
				"up": {"uv": [0, 11, 0.5, 11.25], "rotation": 270, "texture": "#mikomimiate"},
				"down": {"uv": [1, 9, 1.5, 9.25], "rotation": 90, "texture": "#mikomimiate"}
			}
		},
		{
			"from": [8.75, 5, 16],
			"to": [10.75, 5.25, 16.5],
			"faces": {
				"north": {"uv": [0, 8, 0.25, 8.25], "texture": "#mikomimiate"},
				"east": {"uv": [0, 8, 0.5, 8.25], "texture": "#mikomimiate"},
				"south": {"uv": [0, 9, 0.25, 9.25], "texture": "#mikomimiate"},
				"west": {"uv": [0, 9, 0.5, 9.25], "texture": "#mikomimiate"},
				"up": {"uv": [0, 11, 0.5, 11.25], "rotation": 270, "texture": "#mikomimiate"},
				"down": {"uv": [1, 9, 1.5, 9.25], "rotation": 90, "texture": "#mikomimiate"}
			}
		},
		{
			"from": [11, 7.5, 16],
			"to": [11.25, 7.75, 16.5],
			"faces": {
				"north": {"uv": [0, 8, 0.25, 8.25], "texture": "#mikomimiate"},
				"east": {"uv": [0, 8, 0.5, 8.25], "texture": "#mikomimiate"},
				"south": {"uv": [0, 9, 0.25, 9.25], "texture": "#mikomimiate"},
				"west": {"uv": [0, 9, 0.5, 9.25], "texture": "#mikomimiate"},
				"up": {"uv": [0, 11, 0.5, 11.25], "rotation": 270, "texture": "#mikomimiate"},
				"down": {"uv": [1, 9, 1.5, 9.25], "rotation": 90, "texture": "#mikomimiate"}
			}
		},
		{
			"from": [8.25, 7.5, 16],
			"to": [8.5, 7.75, 16.5],
			"faces": {
				"north": {"uv": [0, 8, 0.25, 8.25], "texture": "#mikomimiate"},
				"east": {"uv": [0, 8, 0.5, 8.25], "texture": "#mikomimiate"},
				"south": {"uv": [0, 9, 0.25, 9.25], "texture": "#mikomimiate"},
				"west": {"uv": [0, 9, 0.5, 9.25], "texture": "#mikomimiate"},
				"up": {"uv": [0, 11, 0.5, 11.25], "rotation": 270, "texture": "#mikomimiate"},
				"down": {"uv": [1, 9, 1.5, 9.25], "rotation": 90, "texture": "#mikomimiate"}
			}
		},
		{
			"from": [8.75, 7.75, 16.25],
			"to": [10.75, 8, 16.5],
			"faces": {
				"north": {"uv": [0, 0, 2, 0.25], "texture": "#mikomimiate"},
				"east": {"uv": [0, 0, 0.25, 0.25], "texture": "#mikomimiate"},
				"south": {"uv": [0, 0, 2, 0.25], "texture": "#mikomimiate"},
				"west": {"uv": [0, 0, 0.25, 0.25], "texture": "#mikomimiate"},
				"up": {"uv": [0, 0, 0.25, 2], "rotation": 270, "texture": "#mikomimiate"},
				"down": {"uv": [0, 0, 0.25, 2], "rotation": 90, "texture": "#mikomimiate"}
			}
		},
		{
			"from": [10.75, 7.75, 16],
			"to": [11, 8, 16.5],
			"faces": {
				"north": {"uv": [0, 8, 0.25, 8.25], "texture": "#mikomimiate"},
				"east": {"uv": [0, 8, 0.5, 8.25], "texture": "#mikomimiate"},
				"south": {"uv": [0, 9, 0.25, 9.25], "texture": "#mikomimiate"},
				"west": {"uv": [0, 9, 0.5, 9.25], "texture": "#mikomimiate"},
				"up": {"uv": [0, 11, 0.5, 11.25], "rotation": 270, "texture": "#mikomimiate"},
				"down": {"uv": [1, 9, 1.5, 9.25], "rotation": 90, "texture": "#mikomimiate"}
			}
		},
		{
			"from": [8.5, 7.75, 16],
			"to": [8.75, 8, 16.5],
			"faces": {
				"north": {"uv": [0, 8, 0.25, 8.25], "texture": "#mikomimiate"},
				"east": {"uv": [0, 8, 0.5, 8.25], "texture": "#mikomimiate"},
				"south": {"uv": [0, 9, 0.25, 9.25], "texture": "#mikomimiate"},
				"west": {"uv": [0, 9, 0.5, 9.25], "texture": "#mikomimiate"},
				"up": {"uv": [0, 11, 0.5, 11.25], "rotation": 270, "texture": "#mikomimiate"},
				"down": {"uv": [1, 9, 1.5, 9.25], "rotation": 90, "texture": "#mikomimiate"}
			}
		},
		{
			"from": [8, 5.5, 8.75],
			"to": [8.25, 7.5, 9.25],
			"faces": {
				"north": {"uv": [0, 9, 1.25, 10], "texture": "#mikomimiate"},
				"east": {"uv": [0, 8, 0.5, 10], "texture": "#mikomimiate"},
				"south": {"uv": [0, 9, 1.25, 10], "texture": "#mikomimiate"},
				"west": {"uv": [0, 9, 0.5, 11], "texture": "#mikomimiate"},
				"up": {"uv": [0, 8, 0.5, 8.25], "rotation": 90, "texture": "#mikomimiate"},
				"down": {"uv": [0, 8, 0.5, 8.25], "rotation": 270, "texture": "#mikomimiate"}
			}
		},
		{
			"from": [8.25, 5.75, 8.75],
			"to": [8.5, 7.5, 9],
			"faces": {
				"north": {"uv": [0, 0, 0.25, 1.75], "texture": "#mikomimiate"},
				"east": {"uv": [0, 0, 0.25, 1.75], "texture": "#mikomimiate"},
				"south": {"uv": [0, 0, 0.25, 1.75], "texture": "#mikomimiate"},
				"west": {"uv": [0, 0, 0.25, 1.75], "texture": "#mikomimiate"},
				"up": {"uv": [0, 0, 0.25, 0.25], "rotation": 90, "texture": "#mikomimiate"},
				"down": {"uv": [0, 0, 0.25, 0.25], "rotation": 270, "texture": "#mikomimiate"}
			}
		},
		{
			"from": [8.5, 5.5, 8.75],
			"to": [8.75, 5.75, 9],
			"faces": {
				"north": {"uv": [0, 0, 0.25, 0.25], "texture": "#mikomimiate"},
				"east": {"uv": [0, 0, 0.25, 0.25], "texture": "#mikomimiate"},
				"south": {"uv": [0, 0, 0.25, 0.25], "texture": "#mikomimiate"},
				"west": {"uv": [0, 0, 0.25, 0.25], "texture": "#mikomimiate"},
				"up": {"uv": [0, 0, 0.25, 0.25], "rotation": 90, "texture": "#mikomimiate"},
				"down": {"uv": [0, 0, 0.25, 0.25], "rotation": 270, "texture": "#mikomimiate"}
			}
		},
		{
			"from": [8.5, 5.75, 8.5],
			"to": [11, 7.5, 9],
			"faces": {
				"north": {"uv": [0, 0, 2.5, 1.75], "texture": "#mikomimiate"},
				"east": {"uv": [0, 0, 0.5, 1.75], "texture": "#mikomimiate"},
				"south": {"uv": [0, 0, 2.5, 1.75], "texture": "#mikomimiate"},
				"west": {"uv": [0, 0, 0.5, 1.75], "texture": "#mikomimiate"},
				"up": {"uv": [0, 0, 0.5, 2.5], "rotation": 90, "texture": "#mikomimiate"},
				"down": {"uv": [0, 0, 0.5, 2.5], "rotation": 270, "texture": "#mikomimiate"}
			}
		},
		{
			"from": [8.25, 5.25, 8.75],
			"to": [8.5, 5.5, 9.25],
			"faces": {
				"north": {"uv": [0, 9, 1.25, 10], "texture": "#mikomimiate"},
				"east": {"uv": [0, 8, 0.5, 10], "texture": "#mikomimiate"},
				"south": {"uv": [0, 9, 1.25, 10], "texture": "#mikomimiate"},
				"west": {"uv": [0, 9, 0.5, 11], "texture": "#mikomimiate"},
				"up": {"uv": [0, 8, 0.5, 8.25], "rotation": 90, "texture": "#mikomimiate"},
				"down": {"uv": [0, 8, 0.5, 8.25], "rotation": 270, "texture": "#mikomimiate"}
			}
		},
		{
			"from": [11.25, 5.5, 8.75],
			"to": [11.5, 7.5, 9.25],
			"faces": {
				"north": {"uv": [0, 9, 1.25, 10], "texture": "#mikomimiate"},
				"east": {"uv": [0, 8, 0.5, 10], "texture": "#mikomimiate"},
				"south": {"uv": [0, 9, 1.25, 10], "texture": "#mikomimiate"},
				"west": {"uv": [0, 9, 0.5, 11], "texture": "#mikomimiate"},
				"up": {"uv": [0, 8, 0.5, 8.25], "rotation": 90, "texture": "#mikomimiate"},
				"down": {"uv": [0, 8, 0.5, 8.25], "rotation": 270, "texture": "#mikomimiate"}
			}
		},
		{
			"from": [11, 5.75, 8.75],
			"to": [11.25, 7.5, 9],
			"faces": {
				"north": {"uv": [0, 0, 0.25, 1.75], "texture": "#mikomimiate"},
				"east": {"uv": [0, 0, 0.25, 1.75], "texture": "#mikomimiate"},
				"south": {"uv": [0, 0, 0.25, 1.75], "texture": "#mikomimiate"},
				"west": {"uv": [0, 0, 0.25, 1.75], "texture": "#mikomimiate"},
				"up": {"uv": [0, 0, 0.25, 0.25], "rotation": 90, "texture": "#mikomimiate"},
				"down": {"uv": [0, 0, 0.25, 0.25], "rotation": 270, "texture": "#mikomimiate"}
			}
		},
		{
			"from": [10.75, 5.5, 8.75],
			"to": [11, 5.75, 9],
			"faces": {
				"north": {"uv": [0, 0, 0.25, 0.25], "texture": "#mikomimiate"},
				"east": {"uv": [0, 0, 0.25, 0.25], "texture": "#mikomimiate"},
				"south": {"uv": [0, 0, 0.25, 0.25], "texture": "#mikomimiate"},
				"west": {"uv": [0, 0, 0.25, 0.25], "texture": "#mikomimiate"},
				"up": {"uv": [0, 0, 0.25, 0.25], "rotation": 90, "texture": "#mikomimiate"},
				"down": {"uv": [0, 0, 0.25, 0.25], "rotation": 270, "texture": "#mikomimiate"}
			}
		},
		{
			"from": [11, 5.25, 8.75],
			"to": [11.25, 5.5, 9.25],
			"faces": {
				"north": {"uv": [0, 9, 1.25, 10], "texture": "#mikomimiate"},
				"east": {"uv": [0, 8, 0.5, 10], "texture": "#mikomimiate"},
				"south": {"uv": [0, 9, 1.25, 10], "texture": "#mikomimiate"},
				"west": {"uv": [0, 9, 0.5, 11], "texture": "#mikomimiate"},
				"up": {"uv": [0, 8, 0.5, 8.25], "rotation": 90, "texture": "#mikomimiate"},
				"down": {"uv": [0, 8, 0.5, 8.25], "rotation": 270, "texture": "#mikomimiate"}
			}
		},
		{
			"from": [10.75, 5, 8.75],
			"to": [11, 5.25, 9.25],
			"faces": {
				"north": {"uv": [0, 9, 1.25, 10], "texture": "#mikomimiate"},
				"east": {"uv": [0, 8, 0.5, 10], "texture": "#mikomimiate"},
				"south": {"uv": [0, 9, 1.25, 10], "texture": "#mikomimiate"},
				"west": {"uv": [0, 9, 0.5, 11], "texture": "#mikomimiate"},
				"up": {"uv": [0, 8, 0.5, 8.25], "rotation": 90, "texture": "#mikomimiate"},
				"down": {"uv": [0, 8, 0.5, 8.25], "rotation": 270, "texture": "#mikomimiate"}
			}
		},
		{
			"from": [8.75, 5, 8.75],
			"to": [10.75, 5.25, 9.25],
			"faces": {
				"north": {"uv": [0, 9, 1.25, 10], "texture": "#mikomimiate"},
				"east": {"uv": [0, 8, 0.5, 10], "texture": "#mikomimiate"},
				"south": {"uv": [0, 9, 1.25, 10], "texture": "#mikomimiate"},
				"west": {"uv": [0, 9, 0.5, 11], "texture": "#mikomimiate"},
				"up": {"uv": [0, 8, 0.5, 8.25], "rotation": 90, "texture": "#mikomimiate"},
				"down": {"uv": [0, 8, 0.5, 8.25], "rotation": 270, "texture": "#mikomimiate"}
			}
		},
		{
			"from": [8.5, 5, 8.75],
			"to": [8.75, 5.25, 9.25],
			"faces": {
				"north": {"uv": [0, 9, 1.25, 10], "texture": "#mikomimiate"},
				"east": {"uv": [0, 8, 0.5, 10], "texture": "#mikomimiate"},
				"south": {"uv": [0, 9, 1.25, 10], "texture": "#mikomimiate"},
				"west": {"uv": [0, 9, 0.5, 11], "texture": "#mikomimiate"},
				"up": {"uv": [0, 8, 0.5, 8.25], "rotation": 90, "texture": "#mikomimiate"},
				"down": {"uv": [0, 8, 0.5, 8.25], "rotation": 270, "texture": "#mikomimiate"}
			}
		},
		{
			"from": [8.75, 5.25, 8.75],
			"to": [10.75, 5.5, 9],
			"faces": {
				"north": {"uv": [0, 0, 2, 0.25], "texture": "#mikomimiate"},
				"east": {"uv": [0, 0, 0.25, 0.25], "texture": "#mikomimiate"},
				"south": {"uv": [0, 0, 2, 0.25], "texture": "#mikomimiate"},
				"west": {"uv": [0, 0, 0.25, 0.25], "texture": "#mikomimiate"},
				"up": {"uv": [0, 0, 0.25, 2], "rotation": 90, "texture": "#mikomimiate"},
				"down": {"uv": [0, 0, 0.25, 2], "rotation": 270, "texture": "#mikomimiate"}
			}
		},
		{
			"from": [8.75, 5.5, 8.5],
			"to": [10.75, 5.75, 9],
			"faces": {
				"north": {"uv": [0, 0, 2, 0.25], "texture": "#mikomimiate"},
				"east": {"uv": [0, 0, 0.5, 0.25], "texture": "#mikomimiate"},
				"south": {"uv": [0, 0, 2, 0.25], "texture": "#mikomimiate"},
				"west": {"uv": [0, 0, 0.5, 0.25], "texture": "#mikomimiate"},
				"up": {"uv": [0, 0, 0.5, 2], "rotation": 90, "texture": "#mikomimiate"},
				"down": {"uv": [0, 0, 0.5, 2], "rotation": 270, "texture": "#mikomimiate"}
			}
		},
		{
			"from": [8.25, 7.5, 8.75],
			"to": [8.5, 7.75, 9.25],
			"faces": {
				"north": {"uv": [0, 9, 1.25, 10], "texture": "#mikomimiate"},
				"east": {"uv": [0, 8, 0.5, 10], "texture": "#mikomimiate"},
				"south": {"uv": [0, 9, 1.25, 10], "texture": "#mikomimiate"},
				"west": {"uv": [0, 9, 0.5, 11], "texture": "#mikomimiate"},
				"up": {"uv": [0, 8, 0.5, 8.25], "rotation": 90, "texture": "#mikomimiate"},
				"down": {"uv": [0, 8, 0.5, 8.25], "rotation": 270, "texture": "#mikomimiate"}
			}
		},
		{
			"from": [8.5, 7.5, 8.75],
			"to": [8.75, 7.75, 9],
			"faces": {
				"north": {"uv": [0, 0, 0.25, 0.25], "texture": "#mikomimiate"},
				"east": {"uv": [0, 0, 0.25, 0.25], "texture": "#mikomimiate"},
				"south": {"uv": [0, 0, 0.25, 0.25], "texture": "#mikomimiate"},
				"west": {"uv": [0, 0, 0.25, 0.25], "texture": "#mikomimiate"},
				"up": {"uv": [0, 0, 0.25, 0.25], "rotation": 90, "texture": "#mikomimiate"},
				"down": {"uv": [0, 0, 0.25, 0.25], "rotation": 270, "texture": "#mikomimiate"}
			}
		},
		{
			"from": [8.75, 7.5, 8.5],
			"to": [10.75, 7.75, 9],
			"faces": {
				"north": {"uv": [0, 0, 2, 0.25], "texture": "#mikomimiate"},
				"east": {"uv": [0, 0, 0.5, 0.25], "texture": "#mikomimiate"},
				"south": {"uv": [0, 0, 2, 0.25], "texture": "#mikomimiate"},
				"west": {"uv": [0, 0, 0.5, 0.25], "texture": "#mikomimiate"},
				"up": {"uv": [0, 0, 0.5, 2], "rotation": 90, "texture": "#mikomimiate"},
				"down": {"uv": [0, 0, 0.5, 2], "rotation": 270, "texture": "#mikomimiate"}
			}
		},
		{
			"from": [8.75, 7.75, 8.75],
			"to": [10.75, 8, 9],
			"faces": {
				"north": {"uv": [0, 0, 2, 0.25], "texture": "#mikomimiate"},
				"east": {"uv": [0, 0, 0.25, 0.25], "texture": "#mikomimiate"},
				"south": {"uv": [0, 0, 2, 0.25], "texture": "#mikomimiate"},
				"west": {"uv": [0, 0, 0.25, 0.25], "texture": "#mikomimiate"},
				"up": {"uv": [0, 0, 0.25, 2], "rotation": 90, "texture": "#mikomimiate"},
				"down": {"uv": [0, 0, 0.25, 2], "rotation": 270, "texture": "#mikomimiate"}
			}
		},
		{
			"from": [8.5, 7.75, 8.75],
			"to": [8.75, 8, 9.25],
			"faces": {
				"north": {"uv": [0, 9, 1.25, 10], "texture": "#mikomimiate"},
				"east": {"uv": [0, 8, 0.5, 10], "texture": "#mikomimiate"},
				"south": {"uv": [0, 9, 1.25, 10], "texture": "#mikomimiate"},
				"west": {"uv": [0, 9, 0.5, 11], "texture": "#mikomimiate"},
				"up": {"uv": [0, 8, 0.5, 8.25], "rotation": 90, "texture": "#mikomimiate"},
				"down": {"uv": [0, 8, 0.5, 8.25], "rotation": 270, "texture": "#mikomimiate"}
			}
		},
		{
			"from": [10.75, 7.75, 8.75],
			"to": [11, 8, 9.25],
			"faces": {
				"north": {"uv": [0, 9, 1.25, 10], "texture": "#mikomimiate"},
				"east": {"uv": [0, 8, 0.5, 10], "texture": "#mikomimiate"},
				"south": {"uv": [0, 9, 1.25, 10], "texture": "#mikomimiate"},
				"west": {"uv": [0, 9, 0.5, 11], "texture": "#mikomimiate"},
				"up": {"uv": [0, 8, 0.5, 8.25], "rotation": 90, "texture": "#mikomimiate"},
				"down": {"uv": [0, 8, 0.5, 8.25], "rotation": 270, "texture": "#mikomimiate"}
			}
		},
		{
			"from": [10.75, 7.5, 8.75],
			"to": [11, 7.75, 9],
			"faces": {
				"north": {"uv": [0, 0, 0.25, 0.25], "texture": "#mikomimiate"},
				"east": {"uv": [0, 0, 0.25, 0.25], "texture": "#mikomimiate"},
				"south": {"uv": [0, 0, 0.25, 0.25], "texture": "#mikomimiate"},
				"west": {"uv": [0, 0, 0.25, 0.25], "texture": "#mikomimiate"},
				"up": {"uv": [0, 0, 0.25, 0.25], "rotation": 90, "texture": "#mikomimiate"},
				"down": {"uv": [0, 0, 0.25, 0.25], "rotation": 270, "texture": "#mikomimiate"}
			}
		},
		{
			"from": [11, 7.5, 8.75],
			"to": [11.25, 7.75, 9.25],
			"faces": {
				"north": {"uv": [0, 9, 1.25, 10], "texture": "#mikomimiate"},
				"east": {"uv": [0, 8, 0.5, 10], "texture": "#mikomimiate"},
				"south": {"uv": [0, 9, 1.25, 10], "texture": "#mikomimiate"},
				"west": {"uv": [0, 9, 0.5, 11], "texture": "#mikomimiate"},
				"up": {"uv": [0, 8, 0.5, 8.25], "rotation": 90, "texture": "#mikomimiate"},
				"down": {"uv": [0, 8, 0.5, 8.25], "rotation": 270, "texture": "#mikomimiate"}
			}
		},
		{
			"from": [9, 8, 8.75],
			"to": [10.5, 10, 9],
			"faces": {
				"north": {"uv": [0, 0, 1.5, 2], "texture": "#mikomimiate"},
				"east": {"uv": [0, 0, 0.25, 2], "texture": "#mikomimiate"},
				"south": {"uv": [0, 0, 1.5, 2], "texture": "#mikomimiate"},
				"west": {"uv": [0, 0, 0.25, 2], "texture": "#mikomimiate"},
				"up": {"uv": [0, 0, 0.25, 1.5], "rotation": 90, "texture": "#mikomimiate"},
				"down": {"uv": [0, 0, 0.25, 1.5], "rotation": 270, "texture": "#mikomimiate"}
			}
		},
		{
			"from": [8.75, 6.25, 8.25],
			"to": [9, 6.75, 8.5],
			"faces": {
				"north": {"uv": [0, 15, 0.75, 15.25], "texture": "#mikomimiate"},
				"east": {"uv": [0, 15, 0.25, 15.25], "texture": "#mikomimiate"},
				"south": {"uv": [0, 15, 0.75, 15.25], "texture": "#mikomimiate"},
				"west": {"uv": [0, 15, 0.25, 15.25], "texture": "#mikomimiate"},
				"up": {"uv": [0, 15, 0.75, 15.25], "texture": "#mikomimiate"},
				"down": {"uv": [0, 15, 0.75, 15.25], "texture": "#mikomimiate"}
			}
		},
		{
			"from": [8.75, 6.75, 8.25],
			"to": [9.5, 7, 8.5],
			"faces": {
				"north": {"uv": [0, 15, 0.75, 15.25], "texture": "#mikomimiate"},
				"east": {"uv": [0, 15, 0.25, 15.25], "texture": "#mikomimiate"},
				"south": {"uv": [0, 15, 0.75, 15.25], "texture": "#mikomimiate"},
				"west": {"uv": [0, 15, 0.25, 15.25], "texture": "#mikomimiate"},
				"up": {"uv": [0, 15, 0.75, 15.25], "texture": "#mikomimiate"},
				"down": {"uv": [0, 15, 0.75, 15.25], "texture": "#mikomimiate"}
			}
		},
		{
			"from": [9.25, 6.25, 8.25],
			"to": [9.5, 6.75, 8.5],
			"faces": {
				"north": {"uv": [0, 15, 0.75, 15.25], "texture": "#mikomimiate"},
				"east": {"uv": [0, 15, 0.25, 15.25], "texture": "#mikomimiate"},
				"south": {"uv": [0, 15, 0.75, 15.25], "texture": "#mikomimiate"},
				"west": {"uv": [0, 15, 0.25, 15.25], "texture": "#mikomimiate"},
				"up": {"uv": [0, 15, 0.75, 15.25], "texture": "#mikomimiate"},
				"down": {"uv": [0, 15, 0.75, 15.25], "texture": "#mikomimiate"}
			}
		},
		{
			"from": [8.75, 6, 8.25],
			"to": [9.5, 6.25, 8.5],
			"faces": {
				"north": {"uv": [0, 15, 0.75, 15.25], "texture": "#mikomimiate"},
				"east": {"uv": [0, 15, 0.25, 15.25], "texture": "#mikomimiate"},
				"south": {"uv": [0, 15, 0.75, 15.25], "texture": "#mikomimiate"},
				"west": {"uv": [0, 15, 0.25, 15.25], "texture": "#mikomimiate"},
				"up": {"uv": [0, 15, 0.75, 15.25], "texture": "#mikomimiate"},
				"down": {"uv": [0, 15, 0.75, 15.25], "texture": "#mikomimiate"}
			}
		},
		{
			"from": [10, 5.75, 8.25],
			"to": [10.25, 7.25, 8.5],
			"faces": {
				"north": {"uv": [0, 15, 0.75, 15.25], "texture": "#mikomimiate"},
				"east": {"uv": [0, 15, 0.25, 15.25], "texture": "#mikomimiate"},
				"south": {"uv": [0, 15, 0.75, 15.25], "texture": "#mikomimiate"},
				"west": {"uv": [0, 15, 0.25, 15.25], "texture": "#mikomimiate"},
				"up": {"uv": [0, 15, 0.75, 15.25], "texture": "#mikomimiate"},
				"down": {"uv": [0, 15, 0.75, 15.25], "texture": "#mikomimiate"}
			}
		},
		{
			"from": [9.5, 5, 8.25],
			"to": [9.75, 5.75, 8.5],
			"rotation": {"angle": 22.5, "axis": "z", "origin": [8, 8, 16.25]},
			"faces": {
				"north": {"uv": [0, 15, 0.75, 15.25], "rotation": 270, "texture": "#mikomimiate"},
				"east": {"uv": [0, 15, 0.25, 15.25], "rotation": 270, "texture": "#mikomimiate"},
				"south": {"uv": [0, 15, 0.75, 15.25], "rotation": 90, "texture": "#mikomimiate"},
				"west": {"uv": [0, 15, 0.25, 15.25], "rotation": 270, "texture": "#mikomimiate"},
				"up": {"uv": [0, 15, 0.75, 15.25], "rotation": 90, "texture": "#mikomimiate"},
				"down": {"uv": [0, 15, 0.75, 15.25], "rotation": 270, "texture": "#mikomimiate"}
			}
		},
		{
			"from": [9.75, 6.5, 8.25],
			"to": [10.75, 6.75, 8.5],
			"faces": {
				"north": {"uv": [0, 15, 0.75, 15.25], "texture": "#mikomimiate"},
				"east": {"uv": [0, 15, 0.25, 15.25], "texture": "#mikomimiate"},
				"south": {"uv": [0, 15, 0.75, 15.25], "texture": "#mikomimiate"},
				"west": {"uv": [0, 15, 0.25, 15.25], "texture": "#mikomimiate"},
				"up": {"uv": [0, 15, 0.75, 15.25], "texture": "#mikomimiate"},
				"down": {"uv": [0, 15, 0.75, 15.25], "texture": "#mikomimiate"}
			}
		},
		{
			"from": [10.25, 7, 8.25],
			"to": [10.5, 7.5, 8.5],
			"rotation": {"angle": -22.5, "axis": "z", "origin": [8, 8, 16.25]},
			"faces": {
				"north": {"uv": [0, 15, 0.75, 15.25], "rotation": 270, "texture": "#mikomimiate"},
				"east": {"uv": [0, 15, 0.25, 15.25], "rotation": 270, "texture": "#mikomimiate"},
				"south": {"uv": [0, 15, 0.75, 15.25], "rotation": 90, "texture": "#mikomimiate"},
				"west": {"uv": [0, 15, 0.25, 15.25], "rotation": 270, "texture": "#mikomimiate"},
				"up": {"uv": [0, 15, 0.75, 15.25], "rotation": 90, "texture": "#mikomimiate"},
				"down": {"uv": [0, 15, 0.75, 15.25], "rotation": 270, "texture": "#mikomimiate"}
			}
		},
		{
			"from": [10, 8, 8.25],
			"to": [10.75, 8.25, 8.5],
			"rotation": {"angle": -22.5, "axis": "z", "origin": [8, 8, 16.25]},
			"faces": {
				"north": {"uv": [0, 15, 0.75, 15.25], "texture": "#mikomimiate"},
				"east": {"uv": [0, 15, 0.25, 15.25], "texture": "#mikomimiate"},
				"south": {"uv": [0, 15, 0.75, 15.25], "texture": "#mikomimiate"},
				"west": {"uv": [0, 15, 0.25, 15.25], "texture": "#mikomimiate"},
				"up": {"uv": [0, 15, 0.75, 15.25], "texture": "#mikomimiate"},
				"down": {"uv": [0, 15, 0.75, 15.25], "texture": "#mikomimiate"}
			}
		},
		{
			"from": [9, 10.25, 9],
			"to": [10.5, 10.5, 16.25],
			"faces": {
				"north": {"uv": [0, 0, 1.5, 0.25], "texture": "#mikomimiate"},
				"east": {"uv": [0, 0, 7.25, 0.25], "texture": "#mikomimiate"},
				"south": {"uv": [0, 0, 1.5, 0.25], "texture": "#mikomimiate"},
				"west": {"uv": [0, 0, 7.25, 0.25], "texture": "#mikomimiate"},
				"up": {"uv": [0, 0, 1.5, 2.25], "texture": "#mikomimiate"},
				"down": {"uv": [0, 0, 1.5, 2.25], "texture": "#mikomimiate"}
			}
		},
		{
			"from": [9, 10, 16.25],
			"to": [10.5, 10.25, 16.5],
			"faces": {
				"north": {"uv": [0, 0, 1.5, 0.25], "texture": "#mikomimiate"},
				"east": {"uv": [0, 0, 0.25, 0.25], "texture": "#mikomimiate"},
				"south": {"uv": [0, 0, 1.5, 0.25], "texture": "#mikomimiate"},
				"west": {"uv": [0, 0, 0.25, 0.25], "texture": "#mikomimiate"},
				"up": {"uv": [0, 0, 1.5, 0.25], "texture": "#mikomimiate"},
				"down": {"uv": [0, 0, 1.5, 0.25], "texture": "#mikomimiate"}
			}
		},
		{
			"from": [9, 10, 8.75],
			"to": [10.5, 10.25, 9],
			"faces": {
				"north": {"uv": [0, 0, 1.5, 0.25], "texture": "#mikomimiate"},
				"east": {"uv": [0, 0, 0.25, 0.25], "texture": "#mikomimiate"},
				"south": {"uv": [0, 0, 1.5, 0.25], "texture": "#mikomimiate"},
				"west": {"uv": [0, 0, 0.25, 0.25], "texture": "#mikomimiate"},
				"up": {"uv": [0, 0, 1.5, 0.25], "texture": "#mikomimiate"},
				"down": {"uv": [0, 0, 1.5, 0.25], "texture": "#mikomimiate"}
			}
		},
		{
			"from": [8.5, 5.25, 8.75],
			"to": [8.75, 5.5, 9],
			"faces": {
				"north": {"uv": [0, 0, 0.25, 0.25], "texture": "#mikomimiate"},
				"east": {"uv": [0, 0, 0.25, 0.25], "texture": "#mikomimiate"},
				"south": {"uv": [0, 0, 0.25, 0.25], "texture": "#mikomimiate"},
				"west": {"uv": [0, 0, 0.25, 0.25], "texture": "#mikomimiate"},
				"up": {"uv": [0, 0, 0.25, 0.25], "rotation": 90, "texture": "#mikomimiate"},
				"down": {"uv": [0, 0, 0.25, 0.25], "rotation": 270, "texture": "#mikomimiate"}
			}
		},
		{
			"from": [8.25, 5.5, 8.75],
			"to": [8.5, 5.75, 9],
			"faces": {
				"north": {"uv": [0, 0, 0.25, 0.25], "texture": "#mikomimiate"},
				"east": {"uv": [0, 0, 0.25, 0.25], "texture": "#mikomimiate"},
				"south": {"uv": [0, 0, 0.25, 0.25], "texture": "#mikomimiate"},
				"west": {"uv": [0, 0, 0.25, 0.25], "texture": "#mikomimiate"},
				"up": {"uv": [0, 0, 0.25, 0.25], "rotation": 90, "texture": "#mikomimiate"},
				"down": {"uv": [0, 0, 0.25, 0.25], "rotation": 270, "texture": "#mikomimiate"}
			}
		},
		{
			"from": [11, 5.5, 8.75],
			"to": [11.25, 5.75, 9],
			"faces": {
				"north": {"uv": [0, 0, 0.25, 0.25], "texture": "#mikomimiate"},
				"east": {"uv": [0, 0, 0.25, 0.25], "texture": "#mikomimiate"},
				"south": {"uv": [0, 0, 0.25, 0.25], "texture": "#mikomimiate"},
				"west": {"uv": [0, 0, 0.25, 0.25], "texture": "#mikomimiate"},
				"up": {"uv": [0, 0, 0.25, 0.25], "rotation": 90, "texture": "#mikomimiate"},
				"down": {"uv": [0, 0, 0.25, 0.25], "rotation": 270, "texture": "#mikomimiate"}
			}
		},
		{
			"from": [10.75, 5.25, 8.75],
			"to": [11, 5.5, 9],
			"faces": {
				"north": {"uv": [0, 0, 0.25, 0.25], "texture": "#mikomimiate"},
				"east": {"uv": [0, 0, 0.25, 0.25], "texture": "#mikomimiate"},
				"south": {"uv": [0, 0, 0.25, 0.25], "texture": "#mikomimiate"},
				"west": {"uv": [0, 0, 0.25, 0.25], "texture": "#mikomimiate"},
				"up": {"uv": [0, 0, 0.25, 0.25], "rotation": 90, "texture": "#mikomimiate"},
				"down": {"uv": [0, 0, 0.25, 0.25], "rotation": 270, "texture": "#mikomimiate"}
			}
		},
		{
			"from": [9, 10.25, 16],
			"to": [10.5, 10.25, 16.25],
			"faces": {
				"north": {"uv": [0, 0, 1.5, 0], "texture": "#mikomimiate"},
				"east": {"uv": [0, 0, 0.25, 0], "texture": "#mikomimiate"},
				"south": {"uv": [0, 0, 1.5, 0], "texture": "#mikomimiate"},
				"west": {"uv": [0, 0, 0.25, 0], "texture": "#mikomimiate"},
				"up": {"uv": [0, 0, 1.5, 0.25], "texture": "#mikomimiate"},
				"down": {"uv": [0, 0, 1.5, 0.25], "texture": "#mikomimiate"}
			}
		},
		{
			"from": [9, 10.25, 9],
			"to": [10.5, 10.25, 9.25],
			"faces": {
				"north": {"uv": [0, 0, 1.5, 0], "texture": "#mikomimiate"},
				"east": {"uv": [0, 0, 0.25, 0], "texture": "#mikomimiate"},
				"south": {"uv": [0, 0, 1.5, 0], "texture": "#mikomimiate"},
				"west": {"uv": [0, 0, 0.25, 0], "texture": "#mikomimiate"},
				"up": {"uv": [0, 0, 1.5, 0.25], "texture": "#mikomimiate"},
				"down": {"uv": [0, 0, 1.5, 0.25], "texture": "#mikomimiate"}
			}
		},
		{
			"from": [8.5, 5.75, 9],
			"to": [11, 7.5, 9.25],
			"faces": {
				"north": {"uv": [0, 8, 2, 8.25], "texture": "#mikomimiate"},
				"east": {"uv": [0, 8, 0.25, 8.25], "texture": "#mikomimiate"},
				"south": {"uv": [0, 8, 2, 8.25], "texture": "#mikomimiate"},
				"west": {"uv": [0, 8, 0.25, 8.25], "texture": "#mikomimiate"},
				"up": {"uv": [0, 9, 0.25, 11], "rotation": 90, "texture": "#mikomimiate"},
				"down": {"uv": [0, 8, 0.25, 10], "rotation": 270, "texture": "#mikomimiate"}
			}
		},
		{
			"from": [8.75, 7.5, 9],
			"to": [10.75, 7.75, 9.25],
			"faces": {
				"north": {"uv": [0, 8, 2, 8.25], "texture": "#mikomimiate"},
				"east": {"uv": [0, 8, 0.25, 8.25], "texture": "#mikomimiate"},
				"south": {"uv": [0, 8, 2, 8.25], "texture": "#mikomimiate"},
				"west": {"uv": [0, 8, 0.25, 8.25], "texture": "#mikomimiate"},
				"up": {"uv": [0, 9, 0.25, 11], "rotation": 90, "texture": "#mikomimiate"},
				"down": {"uv": [0, 8, 0.25, 10], "rotation": 270, "texture": "#mikomimiate"}
			}
		},
		{
			"from": [8.75, 7.75, 9],
			"to": [10.75, 8, 9.25],
			"faces": {
				"north": {"uv": [0, 8, 2, 8.25], "texture": "#mikomimiate"},
				"east": {"uv": [0, 8, 0.25, 8.25], "texture": "#mikomimiate"},
				"south": {"uv": [0, 8, 2, 8.25], "texture": "#mikomimiate"},
				"west": {"uv": [0, 8, 0.25, 8.25], "texture": "#mikomimiate"},
				"up": {"uv": [0, 9, 0.25, 11], "rotation": 90, "texture": "#mikomimiate"},
				"down": {"uv": [0, 8, 0.25, 10], "rotation": 270, "texture": "#mikomimiate"}
			}
		},
		{
			"from": [8.5, 7.5, 9],
			"to": [8.75, 7.75, 9.25],
			"faces": {
				"north": {"uv": [0, 8, 2, 8.25], "texture": "#mikomimiate"},
				"east": {"uv": [0, 8, 0.25, 8.25], "texture": "#mikomimiate"},
				"south": {"uv": [0, 8, 2, 8.25], "texture": "#mikomimiate"},
				"west": {"uv": [0, 8, 0.25, 8.25], "texture": "#mikomimiate"},
				"up": {"uv": [0, 9, 0.25, 11], "rotation": 90, "texture": "#mikomimiate"},
				"down": {"uv": [0, 8, 0.25, 10], "rotation": 270, "texture": "#mikomimiate"}
			}
		},
		{
			"from": [10.75, 7.5, 9],
			"to": [11, 7.75, 9.25],
			"faces": {
				"north": {"uv": [0, 8, 2, 8.25], "texture": "#mikomimiate"},
				"east": {"uv": [0, 8, 0.25, 8.25], "texture": "#mikomimiate"},
				"south": {"uv": [0, 8, 2, 8.25], "texture": "#mikomimiate"},
				"west": {"uv": [0, 8, 0.25, 8.25], "texture": "#mikomimiate"},
				"up": {"uv": [0, 9, 0.25, 11], "rotation": 90, "texture": "#mikomimiate"},
				"down": {"uv": [0, 8, 0.25, 10], "rotation": 270, "texture": "#mikomimiate"}
			}
		},
		{
			"from": [11, 5.75, 9],
			"to": [11.25, 7.5, 9.25],
			"faces": {
				"north": {"uv": [0, 8, 2, 8.25], "texture": "#mikomimiate"},
				"east": {"uv": [0, 8, 0.25, 8.25], "texture": "#mikomimiate"},
				"south": {"uv": [0, 8, 2, 8.25], "texture": "#mikomimiate"},
				"west": {"uv": [0, 8, 0.25, 8.25], "texture": "#mikomimiate"},
				"up": {"uv": [0, 9, 0.25, 11], "rotation": 90, "texture": "#mikomimiate"},
				"down": {"uv": [0, 8, 0.25, 10], "rotation": 270, "texture": "#mikomimiate"}
			}
		},
		{
			"from": [10.75, 5.5, 9],
			"to": [11, 5.75, 9.25],
			"faces": {
				"north": {"uv": [0, 8, 2, 8.25], "texture": "#mikomimiate"},
				"east": {"uv": [0, 8, 0.25, 8.25], "texture": "#mikomimiate"},
				"south": {"uv": [0, 8, 2, 8.25], "texture": "#mikomimiate"},
				"west": {"uv": [0, 8, 0.25, 8.25], "texture": "#mikomimiate"},
				"up": {"uv": [0, 9, 0.25, 11], "rotation": 90, "texture": "#mikomimiate"},
				"down": {"uv": [0, 8, 0.25, 10], "rotation": 270, "texture": "#mikomimiate"}
			}
		},
		{
			"from": [10.75, 5.25, 9],
			"to": [11, 5.5, 9.25],
			"faces": {
				"north": {"uv": [0, 8, 2, 8.25], "texture": "#mikomimiate"},
				"east": {"uv": [0, 8, 0.25, 8.25], "texture": "#mikomimiate"},
				"south": {"uv": [0, 8, 2, 8.25], "texture": "#mikomimiate"},
				"west": {"uv": [0, 8, 0.25, 8.25], "texture": "#mikomimiate"},
				"up": {"uv": [0, 9, 0.25, 11], "rotation": 90, "texture": "#mikomimiate"},
				"down": {"uv": [0, 8, 0.25, 10], "rotation": 270, "texture": "#mikomimiate"}
			}
		},
		{
			"from": [11, 5.5, 9],
			"to": [11.25, 5.75, 9.25],
			"faces": {
				"north": {"uv": [0, 8, 2, 8.25], "texture": "#mikomimiate"},
				"east": {"uv": [0, 8, 0.25, 8.25], "texture": "#mikomimiate"},
				"south": {"uv": [0, 8, 2, 8.25], "texture": "#mikomimiate"},
				"west": {"uv": [0, 8, 0.25, 8.25], "texture": "#mikomimiate"},
				"up": {"uv": [0, 9, 0.25, 11], "rotation": 90, "texture": "#mikomimiate"},
				"down": {"uv": [0, 8, 0.25, 10], "rotation": 270, "texture": "#mikomimiate"}
			}
		},
		{
			"from": [8.75, 5.5, 9],
			"to": [10.75, 5.75, 9.25],
			"faces": {
				"north": {"uv": [0, 8, 2, 8.25], "texture": "#mikomimiate"},
				"east": {"uv": [0, 8, 0.25, 8.25], "texture": "#mikomimiate"},
				"south": {"uv": [0, 8, 2, 8.25], "texture": "#mikomimiate"},
				"west": {"uv": [0, 8, 0.25, 8.25], "texture": "#mikomimiate"},
				"up": {"uv": [0, 9, 0.25, 11], "rotation": 90, "texture": "#mikomimiate"},
				"down": {"uv": [0, 8, 0.25, 10], "rotation": 270, "texture": "#mikomimiate"}
			}
		},
		{
			"from": [8.75, 5.25, 9],
			"to": [10.75, 5.5, 9.25],
			"faces": {
				"north": {"uv": [0, 8, 2, 8.25], "texture": "#mikomimiate"},
				"east": {"uv": [0, 8, 0.25, 8.25], "texture": "#mikomimiate"},
				"south": {"uv": [0, 8, 2, 8.25], "texture": "#mikomimiate"},
				"west": {"uv": [0, 8, 0.25, 8.25], "texture": "#mikomimiate"},
				"up": {"uv": [0, 9, 0.25, 11], "rotation": 90, "texture": "#mikomimiate"},
				"down": {"uv": [0, 8, 0.25, 10], "rotation": 270, "texture": "#mikomimiate"}
			}
		},
		{
			"from": [8.5, 5.5, 9],
			"to": [8.75, 5.75, 9.25],
			"faces": {
				"north": {"uv": [0, 8, 2, 8.25], "texture": "#mikomimiate"},
				"east": {"uv": [0, 8, 0.25, 8.25], "texture": "#mikomimiate"},
				"south": {"uv": [0, 8, 2, 8.25], "texture": "#mikomimiate"},
				"west": {"uv": [0, 8, 0.25, 8.25], "texture": "#mikomimiate"},
				"up": {"uv": [0, 9, 0.25, 11], "rotation": 90, "texture": "#mikomimiate"},
				"down": {"uv": [0, 8, 0.25, 10], "rotation": 270, "texture": "#mikomimiate"}
			}
		},
		{
			"from": [8.5, 5.25, 9],
			"to": [8.75, 5.5, 9.25],
			"faces": {
				"north": {"uv": [0, 8, 2, 8.25], "texture": "#mikomimiate"},
				"east": {"uv": [0, 8, 0.25, 8.25], "texture": "#mikomimiate"},
				"south": {"uv": [0, 8, 2, 8.25], "texture": "#mikomimiate"},
				"west": {"uv": [0, 8, 0.25, 8.25], "texture": "#mikomimiate"},
				"up": {"uv": [0, 9, 0.25, 11], "rotation": 90, "texture": "#mikomimiate"},
				"down": {"uv": [0, 8, 0.25, 10], "rotation": 270, "texture": "#mikomimiate"}
			}
		},
		{
			"from": [8.25, 5.75, 9],
			"to": [8.5, 7.5, 9.25],
			"faces": {
				"north": {"uv": [0, 8, 2, 8.25], "texture": "#mikomimiate"},
				"east": {"uv": [0, 8, 0.25, 8.25], "texture": "#mikomimiate"},
				"south": {"uv": [0, 8, 2, 8.25], "texture": "#mikomimiate"},
				"west": {"uv": [0, 8, 0.25, 8.25], "texture": "#mikomimiate"},
				"up": {"uv": [0, 9, 0.25, 11], "rotation": 90, "texture": "#mikomimiate"},
				"down": {"uv": [0, 8, 0.25, 10], "rotation": 270, "texture": "#mikomimiate"}
			}
		},
		{
			"from": [8.25, 5.5, 9],
			"to": [8.5, 5.75, 9.25],
			"faces": {
				"north": {"uv": [0, 8, 2, 8.25], "texture": "#mikomimiate"},
				"east": {"uv": [0, 8, 0.25, 8.25], "texture": "#mikomimiate"},
				"south": {"uv": [0, 8, 2, 8.25], "texture": "#mikomimiate"},
				"west": {"uv": [0, 8, 0.25, 8.25], "texture": "#mikomimiate"},
				"up": {"uv": [0, 9, 0.25, 11], "rotation": 90, "texture": "#mikomimiate"},
				"down": {"uv": [0, 8, 0.25, 10], "rotation": 270, "texture": "#mikomimiate"}
			}
		},
		{
			"from": [8.75, 8, 9],
			"to": [10.75, 10, 9.25],
			"faces": {
				"north": {"uv": [0, 8, 1.5, 9.75], "texture": "#mikomimiate"},
				"east": {"uv": [0, 8, 0.25, 9.75], "texture": "#mikomimiate"},
				"south": {"uv": [0, 8, 1.5, 9.75], "texture": "#mikomimiate"},
				"west": {"uv": [0, 8, 0.25, 9.75], "texture": "#mikomimiate"},
				"up": {"uv": [0, 8, 0.25, 9.5], "rotation": 90, "texture": "#mikomimiate"},
				"down": {"uv": [0, 8, 0.25, 9.5], "rotation": 270, "texture": "#mikomimiate"}
			}
		},
		{
			"from": [10.5, 8, 8.75],
			"to": [10.75, 10, 9],
			"faces": {
				"north": {"uv": [0, 8, 1.5, 9.75], "texture": "#mikomimiate"},
				"east": {"uv": [0, 8, 0.25, 9.75], "texture": "#mikomimiate"},
				"south": {"uv": [0, 8, 1.5, 9.75], "texture": "#mikomimiate"},
				"west": {"uv": [0, 8, 0.25, 9.75], "texture": "#mikomimiate"},
				"up": {"uv": [0, 8, 0.25, 9.5], "rotation": 90, "texture": "#mikomimiate"},
				"down": {"uv": [0, 8, 0.25, 9.5], "rotation": 270, "texture": "#mikomimiate"}
			}
		},
		{
			"from": [8.75, 8, 8.75],
			"to": [9, 10, 9],
			"faces": {
				"north": {"uv": [0, 8, 1.5, 9.75], "texture": "#mikomimiate"},
				"east": {"uv": [0, 8, 0.25, 9.75], "texture": "#mikomimiate"},
				"south": {"uv": [0, 8, 1.5, 9.75], "texture": "#mikomimiate"},
				"west": {"uv": [0, 8, 0.25, 9.75], "texture": "#mikomimiate"},
				"up": {"uv": [0, 8, 0.25, 9.5], "rotation": 90, "texture": "#mikomimiate"},
				"down": {"uv": [0, 8, 0.25, 9.5], "rotation": 270, "texture": "#mikomimiate"}
			}
		},
		{
			"from": [10.5, 10, 8.75],
			"to": [10.75, 10.25, 9],
			"faces": {
				"north": {"uv": [0, 8, 1.5, 9.75], "texture": "#mikomimiate"},
				"east": {"uv": [0, 8, 0.25, 9.75], "texture": "#mikomimiate"},
				"south": {"uv": [0, 8, 1.5, 9.75], "texture": "#mikomimiate"},
				"west": {"uv": [0, 8, 0.25, 9.75], "texture": "#mikomimiate"},
				"up": {"uv": [0, 8, 0.25, 9.5], "rotation": 90, "texture": "#mikomimiate"},
				"down": {"uv": [0, 8, 0.25, 9.5], "rotation": 270, "texture": "#mikomimiate"}
			}
		},
		{
			"from": [8.75, 10, 8.75],
			"to": [9, 10.25, 9],
			"faces": {
				"north": {"uv": [0, 8, 1.5, 9.75], "texture": "#mikomimiate"},
				"east": {"uv": [0, 8, 0.25, 9.75], "texture": "#mikomimiate"},
				"south": {"uv": [0, 8, 1.5, 9.75], "texture": "#mikomimiate"},
				"west": {"uv": [0, 8, 0.25, 9.75], "texture": "#mikomimiate"},
				"up": {"uv": [0, 8, 0.25, 9.5], "rotation": 90, "texture": "#mikomimiate"},
				"down": {"uv": [0, 8, 0.25, 9.5], "rotation": 270, "texture": "#mikomimiate"}
			}
		},
		{
			"from": [8.75, 10, 9],
			"to": [10.75, 10.25, 16.25],
			"faces": {
				"north": {"uv": [0, 8, 1.5, 9.75], "texture": "#mikomimiate"},
				"east": {"uv": [0, 8, 0.25, 9.75], "texture": "#mikomimiate"},
				"south": {"uv": [0, 8, 1.5, 9.75], "texture": "#mikomimiate"},
				"west": {"uv": [0, 8, 0.25, 9.75], "texture": "#mikomimiate"},
				"up": {"uv": [0, 8, 0.25, 9.5], "rotation": 90, "texture": "#mikomimiate"},
				"down": {"uv": [0, 8, 0.25, 9.5], "rotation": 270, "texture": "#mikomimiate"}
			}
		},
		{
			"from": [8.75, 10, 16.25],
			"to": [9, 10.25, 16.5],
			"faces": {
				"north": {"uv": [0, 8, 1.5, 9.75], "texture": "#mikomimiate"},
				"east": {"uv": [0, 8, 0.25, 9.75], "texture": "#mikomimiate"},
				"south": {"uv": [0, 8, 1.5, 9.75], "texture": "#mikomimiate"},
				"west": {"uv": [0, 8, 0.25, 9.75], "texture": "#mikomimiate"},
				"up": {"uv": [0, 8, 0.25, 9.5], "rotation": 90, "texture": "#mikomimiate"},
				"down": {"uv": [0, 8, 0.25, 9.5], "rotation": 270, "texture": "#mikomimiate"}
			}
		},
		{
			"from": [10.5, 10, 16.25],
			"to": [10.75, 10.25, 16.5],
			"faces": {
				"north": {"uv": [0, 8, 1.5, 9.75], "texture": "#mikomimiate"},
				"east": {"uv": [0, 8, 0.25, 9.75], "texture": "#mikomimiate"},
				"south": {"uv": [0, 8, 1.5, 9.75], "texture": "#mikomimiate"},
				"west": {"uv": [0, 8, 0.25, 9.75], "texture": "#mikomimiate"},
				"up": {"uv": [0, 8, 0.25, 9.5], "rotation": 90, "texture": "#mikomimiate"},
				"down": {"uv": [0, 8, 0.25, 9.5], "rotation": 270, "texture": "#mikomimiate"}
			}
		},
		{
			"from": [8.75, 8, 16],
			"to": [10.75, 10, 16.25],
			"faces": {
				"north": {"uv": [0, 8, 1.5, 9.75], "texture": "#mikomimiate"},
				"east": {"uv": [0, 8, 0.25, 9.75], "texture": "#mikomimiate"},
				"south": {"uv": [0, 8, 1.5, 9.75], "texture": "#mikomimiate"},
				"west": {"uv": [0, 8, 0.25, 9.75], "texture": "#mikomimiate"},
				"up": {"uv": [0, 8, 0.25, 9.5], "rotation": 90, "texture": "#mikomimiate"},
				"down": {"uv": [0, 8, 0.25, 9.5], "rotation": 270, "texture": "#mikomimiate"}
			}
		},
		{
			"from": [10.5, 8, 16.25],
			"to": [10.75, 10, 16.5],
			"faces": {
				"north": {"uv": [0, 8, 1.5, 9.75], "texture": "#mikomimiate"},
				"east": {"uv": [0, 8, 0.25, 9.75], "texture": "#mikomimiate"},
				"south": {"uv": [0, 8, 1.5, 9.75], "texture": "#mikomimiate"},
				"west": {"uv": [0, 8, 0.25, 9.75], "texture": "#mikomimiate"},
				"up": {"uv": [0, 8, 0.25, 9.5], "rotation": 90, "texture": "#mikomimiate"},
				"down": {"uv": [0, 8, 0.25, 9.5], "rotation": 270, "texture": "#mikomimiate"}
			}
		},
		{
			"from": [8.75, 8, 16.25],
			"to": [9, 10, 16.5],
			"faces": {
				"north": {"uv": [0, 8, 1.5, 9.75], "texture": "#mikomimiate"},
				"east": {"uv": [0, 8, 0.25, 9.75], "texture": "#mikomimiate"},
				"south": {"uv": [0, 8, 1.5, 9.75], "texture": "#mikomimiate"},
				"west": {"uv": [0, 8, 0.25, 9.75], "texture": "#mikomimiate"},
				"up": {"uv": [0, 8, 0.25, 9.5], "rotation": 90, "texture": "#mikomimiate"},
				"down": {"uv": [0, 8, 0.25, 9.5], "rotation": 270, "texture": "#mikomimiate"}
			}
		},
		{
			"from": [10.5, 10.25, 9],
			"to": [10.75, 10.5, 16.25],
			"faces": {
				"north": {"uv": [0, 8, 1.5, 9.75], "texture": "#mikomimiate"},
				"east": {"uv": [0, 8, 0.25, 9.75], "texture": "#mikomimiate"},
				"south": {"uv": [0, 8, 1.5, 9.75], "texture": "#mikomimiate"},
				"west": {"uv": [0, 8, 0.25, 9.75], "texture": "#mikomimiate"},
				"up": {"uv": [0, 8, 0.25, 9.5], "rotation": 90, "texture": "#mikomimiate"},
				"down": {"uv": [0, 8, 0.25, 9.5], "rotation": 270, "texture": "#mikomimiate"}
			}
		},
		{
			"from": [8.75, 10.25, 9],
			"to": [9, 10.5, 16.25],
			"faces": {
				"north": {"uv": [0, 8, 1.5, 9.75], "texture": "#mikomimiate"},
				"east": {"uv": [0, 8, 0.25, 9.75], "texture": "#mikomimiate"},
				"south": {"uv": [0, 8, 1.5, 9.75], "texture": "#mikomimiate"},
				"west": {"uv": [0, 8, 0.25, 9.75], "texture": "#mikomimiate"},
				"up": {"uv": [0, 8, 0.25, 9.5], "rotation": 90, "texture": "#mikomimiate"},
				"down": {"uv": [0, 8, 0.25, 9.5], "rotation": 270, "texture": "#mikomimiate"}
			}
		},
		{
			"from": [8.25, 5.5, 16.25],
			"to": [8.5, 5.75, 16.5],
			"faces": {
				"north": {"uv": [0, 0, 0.25, 0.25], "texture": "#mikomimiate"},
				"east": {"uv": [0, 0, 0.25, 0.25], "texture": "#mikomimiate"},
				"south": {"uv": [0, 0, 0.25, 0.25], "texture": "#mikomimiate"},
				"west": {"uv": [0, 0, 0.25, 0.25], "texture": "#mikomimiate"},
				"up": {"uv": [0, 0, 0.25, 0.25], "rotation": 270, "texture": "#mikomimiate"},
				"down": {"uv": [0, 0, 0.25, 0.25], "rotation": 90, "texture": "#mikomimiate"}
			}
		},
		{
			"from": [8.5, 5.25, 16.25],
			"to": [8.75, 5.5, 16.5],
			"faces": {
				"north": {"uv": [0, 0, 0.25, 0.25], "texture": "#mikomimiate"},
				"east": {"uv": [0, 0, 0.25, 0.25], "texture": "#mikomimiate"},
				"south": {"uv": [0, 0, 0.25, 0.25], "texture": "#mikomimiate"},
				"west": {"uv": [0, 0, 0.25, 0.25], "texture": "#mikomimiate"},
				"up": {"uv": [0, 0, 0.25, 0.25], "rotation": 270, "texture": "#mikomimiate"},
				"down": {"uv": [0, 0, 0.25, 0.25], "rotation": 90, "texture": "#mikomimiate"}
			}
		},
		{
			"from": [10.75, 5.25, 16.25],
			"to": [11, 5.5, 16.5],
			"faces": {
				"north": {"uv": [0, 0, 0.25, 0.25], "texture": "#mikomimiate"},
				"east": {"uv": [0, 0, 0.25, 0.25], "texture": "#mikomimiate"},
				"south": {"uv": [0, 0, 0.25, 0.25], "texture": "#mikomimiate"},
				"west": {"uv": [0, 0, 0.25, 0.25], "texture": "#mikomimiate"},
				"up": {"uv": [0, 0, 0.25, 0.25], "rotation": 270, "texture": "#mikomimiate"},
				"down": {"uv": [0, 0, 0.25, 0.25], "rotation": 90, "texture": "#mikomimiate"}
			}
		},
		{
			"from": [11, 5.5, 16.25],
			"to": [11.25, 5.75, 16.5],
			"faces": {
				"north": {"uv": [0, 0, 0.25, 0.25], "texture": "#mikomimiate"},
				"east": {"uv": [0, 0, 0.25, 0.25], "texture": "#mikomimiate"},
				"south": {"uv": [0, 0, 0.25, 0.25], "texture": "#mikomimiate"},
				"west": {"uv": [0, 0, 0.25, 0.25], "texture": "#mikomimiate"},
				"up": {"uv": [0, 0, 0.25, 0.25], "rotation": 270, "texture": "#mikomimiate"},
				"down": {"uv": [0, 0, 0.25, 0.25], "rotation": 90, "texture": "#mikomimiate"}
			}
		},
		{
			"from": [8.75, 7.75, 16],
			"to": [10.75, 8, 16.25],
			"faces": {
				"north": {"uv": [0, 8, 0.25, 8.25], "texture": "#mikomimiate"},
				"east": {"uv": [0, 9, 0.25, 9.25], "texture": "#mikomimiate"},
				"south": {"uv": [1, 8, 1.25, 8.25], "texture": "#mikomimiate"},
				"west": {"uv": [0, 9, 0.25, 9.25], "texture": "#mikomimiate"},
				"up": {"uv": [0, 9, 0.25, 9.25], "rotation": 270, "texture": "#mikomimiate"},
				"down": {"uv": [0, 9, 0.25, 9.25], "rotation": 90, "texture": "#mikomimiate"}
			}
		},
		{
			"from": [8.75, 7.5, 16],
			"to": [10.75, 7.75, 16.25],
			"faces": {
				"north": {"uv": [0, 8, 0.25, 8.25], "texture": "#mikomimiate"},
				"east": {"uv": [0, 9, 0.25, 9.25], "texture": "#mikomimiate"},
				"south": {"uv": [1, 8, 1.25, 8.25], "texture": "#mikomimiate"},
				"west": {"uv": [0, 9, 0.25, 9.25], "texture": "#mikomimiate"},
				"up": {"uv": [0, 9, 0.25, 9.25], "rotation": 270, "texture": "#mikomimiate"},
				"down": {"uv": [0, 9, 0.25, 9.25], "rotation": 90, "texture": "#mikomimiate"}
			}
		},
		{
			"from": [8.5, 5.75, 16],
			"to": [11, 7.5, 16.25],
			"faces": {
				"north": {"uv": [0, 8, 0.25, 8.25], "texture": "#mikomimiate"},
				"east": {"uv": [0, 9, 0.25, 9.25], "texture": "#mikomimiate"},
				"south": {"uv": [1, 8, 1.25, 8.25], "texture": "#mikomimiate"},
				"west": {"uv": [0, 9, 0.25, 9.25], "texture": "#mikomimiate"},
				"up": {"uv": [0, 9, 0.25, 9.25], "rotation": 270, "texture": "#mikomimiate"},
				"down": {"uv": [0, 9, 0.25, 9.25], "rotation": 90, "texture": "#mikomimiate"}
			}
		},
		{
			"from": [8.5, 7.5, 16],
			"to": [8.75, 7.75, 16.25],
			"faces": {
				"north": {"uv": [0, 8, 0.25, 8.25], "texture": "#mikomimiate"},
				"east": {"uv": [0, 9, 0.25, 9.25], "texture": "#mikomimiate"},
				"south": {"uv": [1, 8, 1.25, 8.25], "texture": "#mikomimiate"},
				"west": {"uv": [0, 9, 0.25, 9.25], "texture": "#mikomimiate"},
				"up": {"uv": [0, 9, 0.25, 9.25], "rotation": 270, "texture": "#mikomimiate"},
				"down": {"uv": [0, 9, 0.25, 9.25], "rotation": 90, "texture": "#mikomimiate"}
			}
		},
		{
			"from": [10.75, 7.5, 16],
			"to": [11, 7.75, 16.25],
			"faces": {
				"north": {"uv": [0, 8, 0.25, 8.25], "texture": "#mikomimiate"},
				"east": {"uv": [0, 9, 0.25, 9.25], "texture": "#mikomimiate"},
				"south": {"uv": [1, 8, 1.25, 8.25], "texture": "#mikomimiate"},
				"west": {"uv": [0, 9, 0.25, 9.25], "texture": "#mikomimiate"},
				"up": {"uv": [0, 9, 0.25, 9.25], "rotation": 270, "texture": "#mikomimiate"},
				"down": {"uv": [0, 9, 0.25, 9.25], "rotation": 90, "texture": "#mikomimiate"}
			}
		},
		{
			"from": [11, 5.75, 16],
			"to": [11.25, 7.5, 16.25],
			"faces": {
				"north": {"uv": [0, 8, 0.25, 8.25], "texture": "#mikomimiate"},
				"east": {"uv": [0, 9, 0.25, 9.25], "texture": "#mikomimiate"},
				"south": {"uv": [1, 8, 1.25, 8.25], "texture": "#mikomimiate"},
				"west": {"uv": [0, 9, 0.25, 9.25], "texture": "#mikomimiate"},
				"up": {"uv": [0, 9, 0.25, 9.25], "rotation": 270, "texture": "#mikomimiate"},
				"down": {"uv": [0, 9, 0.25, 9.25], "rotation": 90, "texture": "#mikomimiate"}
			}
		},
		{
			"from": [8.25, 5.75, 16],
			"to": [8.5, 7.5, 16.25],
			"faces": {
				"north": {"uv": [0, 8, 0.25, 8.25], "texture": "#mikomimiate"},
				"east": {"uv": [0, 9, 0.25, 9.25], "texture": "#mikomimiate"},
				"south": {"uv": [1, 8, 1.25, 8.25], "texture": "#mikomimiate"},
				"west": {"uv": [0, 9, 0.25, 9.25], "texture": "#mikomimiate"},
				"up": {"uv": [0, 9, 0.25, 9.25], "rotation": 270, "texture": "#mikomimiate"},
				"down": {"uv": [0, 9, 0.25, 9.25], "rotation": 90, "texture": "#mikomimiate"}
			}
		},
		{
			"from": [8.75, 5.5, 16],
			"to": [10.75, 5.75, 16.25],
			"faces": {
				"north": {"uv": [0, 8, 0.25, 8.25], "texture": "#mikomimiate"},
				"east": {"uv": [0, 9, 0.25, 9.25], "texture": "#mikomimiate"},
				"south": {"uv": [1, 8, 1.25, 8.25], "texture": "#mikomimiate"},
				"west": {"uv": [0, 9, 0.25, 9.25], "texture": "#mikomimiate"},
				"up": {"uv": [0, 9, 0.25, 9.25], "rotation": 270, "texture": "#mikomimiate"},
				"down": {"uv": [0, 9, 0.25, 9.25], "rotation": 90, "texture": "#mikomimiate"}
			}
		},
		{
			"from": [11, 5.5, 16],
			"to": [11.25, 5.75, 16.25],
			"faces": {
				"north": {"uv": [0, 8, 0.25, 8.25], "texture": "#mikomimiate"},
				"east": {"uv": [0, 9, 0.25, 9.25], "texture": "#mikomimiate"},
				"south": {"uv": [1, 8, 1.25, 8.25], "texture": "#mikomimiate"},
				"west": {"uv": [0, 9, 0.25, 9.25], "texture": "#mikomimiate"},
				"up": {"uv": [0, 9, 0.25, 9.25], "rotation": 270, "texture": "#mikomimiate"},
				"down": {"uv": [0, 9, 0.25, 9.25], "rotation": 90, "texture": "#mikomimiate"}
			}
		},
		{
			"from": [10.75, 5.5, 16],
			"to": [11, 5.75, 16.25],
			"faces": {
				"north": {"uv": [0, 8, 0.25, 8.25], "texture": "#mikomimiate"},
				"east": {"uv": [0, 9, 0.25, 9.25], "texture": "#mikomimiate"},
				"south": {"uv": [1, 8, 1.25, 8.25], "texture": "#mikomimiate"},
				"west": {"uv": [0, 9, 0.25, 9.25], "texture": "#mikomimiate"},
				"up": {"uv": [0, 9, 0.25, 9.25], "rotation": 270, "texture": "#mikomimiate"},
				"down": {"uv": [0, 9, 0.25, 9.25], "rotation": 90, "texture": "#mikomimiate"}
			}
		},
		{
			"from": [10.75, 5.25, 16],
			"to": [11, 5.5, 16.25],
			"faces": {
				"north": {"uv": [0, 8, 0.25, 8.25], "texture": "#mikomimiate"},
				"east": {"uv": [0, 9, 0.25, 9.25], "texture": "#mikomimiate"},
				"south": {"uv": [1, 8, 1.25, 8.25], "texture": "#mikomimiate"},
				"west": {"uv": [0, 9, 0.25, 9.25], "texture": "#mikomimiate"},
				"up": {"uv": [0, 9, 0.25, 9.25], "rotation": 270, "texture": "#mikomimiate"},
				"down": {"uv": [0, 9, 0.25, 9.25], "rotation": 90, "texture": "#mikomimiate"}
			}
		},
		{
			"from": [8.75, 5.25, 16],
			"to": [10.75, 5.5, 16.25],
			"faces": {
				"north": {"uv": [0, 8, 0.25, 8.25], "texture": "#mikomimiate"},
				"east": {"uv": [0, 9, 0.25, 9.25], "texture": "#mikomimiate"},
				"south": {"uv": [1, 8, 1.25, 8.25], "texture": "#mikomimiate"},
				"west": {"uv": [0, 9, 0.25, 9.25], "texture": "#mikomimiate"},
				"up": {"uv": [0, 9, 0.25, 9.25], "rotation": 270, "texture": "#mikomimiate"},
				"down": {"uv": [0, 9, 0.25, 9.25], "rotation": 90, "texture": "#mikomimiate"}
			}
		},
		{
			"from": [8.5, 5.5, 16],
			"to": [8.75, 5.75, 16.25],
			"faces": {
				"north": {"uv": [0, 8, 0.25, 8.25], "texture": "#mikomimiate"},
				"east": {"uv": [0, 9, 0.25, 9.25], "texture": "#mikomimiate"},
				"south": {"uv": [1, 8, 1.25, 8.25], "texture": "#mikomimiate"},
				"west": {"uv": [0, 9, 0.25, 9.25], "texture": "#mikomimiate"},
				"up": {"uv": [0, 9, 0.25, 9.25], "rotation": 270, "texture": "#mikomimiate"},
				"down": {"uv": [0, 9, 0.25, 9.25], "rotation": 90, "texture": "#mikomimiate"}
			}
		},
		{
			"from": [8.5, 5.25, 16],
			"to": [8.75, 5.5, 16.25],
			"faces": {
				"north": {"uv": [0, 8, 0.25, 8.25], "texture": "#mikomimiate"},
				"east": {"uv": [0, 9, 0.25, 9.25], "texture": "#mikomimiate"},
				"south": {"uv": [1, 8, 1.25, 8.25], "texture": "#mikomimiate"},
				"west": {"uv": [0, 9, 0.25, 9.25], "texture": "#mikomimiate"},
				"up": {"uv": [0, 9, 0.25, 9.25], "rotation": 270, "texture": "#mikomimiate"},
				"down": {"uv": [0, 9, 0.25, 9.25], "rotation": 90, "texture": "#mikomimiate"}
			}
		},
		{
			"from": [8.25, 5.5, 16],
			"to": [8.5, 5.75, 16.25],
			"faces": {
				"north": {"uv": [0, 8, 0.25, 8.25], "texture": "#mikomimiate"},
				"east": {"uv": [0, 9, 0.25, 9.25], "texture": "#mikomimiate"},
				"south": {"uv": [1, 8, 1.25, 8.25], "texture": "#mikomimiate"},
				"west": {"uv": [0, 9, 0.25, 9.25], "texture": "#mikomimiate"},
				"up": {"uv": [0, 9, 0.25, 9.25], "rotation": 270, "texture": "#mikomimiate"},
				"down": {"uv": [0, 9, 0.25, 9.25], "rotation": 90, "texture": "#mikomimiate"}
			}
		}
	],
	"display": {
		"head": {
			"rotation": [0, 91, 0],
			"translation": [-9.25, 3, 5.5],
			"scale": [2, 2, 2]
		}
	},
	"groups": [0, 1, 2, 3, 4, 5, 6, 7, 8, 9, 10, 11, 12, 13, 14, 15, 16, 17, 18, 19, 20, 21, 22, 23, 24, 25, 26, 27, 28, 29, 30, 31,
		{
			"name": "group",
			"children": [32, 33, 34, 35, 36, 37, 38, 39, 40, 41, 42, 43, 44, 45, 46, 47, 48, 49, 50, 51, 52, 53, 54, 55, 56, 57, 58, 59, 60, 61, 62, 63, 64, 65, 66, 67, 68, 69, 70, 71, 72, 73, 74, 75, 76, 77, 78, 79, 80, 81, 82, 83, 84, 85, 86, 87, 88, 89, 90, 91, 92, 93, 94, 95, 96, 97, 98, 99, 100]
		}, 101, 102, 103, 104, 105, 106, 107, 108, 109, 110, 111, 112, 113, 114, 115, 116, 117, 118, 119]
}