{
	"textures": {
		"1": "item/3d/flare_gun2",
		"2": "item/3d/fp45",
		"particle": "item/3d/fp45"
	},
	"elements": [
		{
			"from": [7.35, 2.25, 7.7],
			"to": [8.05, 3, 8.2],
			"rotation": {"angle": 22.5, "axis": "x", "origin": [7.85, 8, 7.9]},
			"faces": {
				"north": {"uv": [0, 0, 0.7, 0.75], "texture": "#2"},
				"east": {"uv": [0, 0, 0.5, 0.75], "rotation": 180, "texture": "#2"},
				"south": {"uv": [0, 0, 0.7, 0.75], "texture": "#2"},
				"west": {"uv": [0, 0, 0.5, 0.75], "rotation": 180, "texture": "#2"},
				"up": {"uv": [0, 0, 0.7, 0.5], "texture": "#2"},
				"down": {"uv": [0, 0, 0.7, 0.5], "texture": "#2"}
			}
		},
		{
			"from": [7.35017, 2.56509, 6.02753],
			"to": [8.05017, 3.26509, 6.52753],
			"rotation": {"angle": 45, "axis": "x", "origin": [7.85017, 3.06509, 6.17753]},
			"faces": {
				"north": {"uv": [0, 0, 0.7, 0.7], "texture": "#2"},
				"east": {"uv": [0, 0, 0.5, 0.7], "rotation": 180, "texture": "#2"},
				"south": {"uv": [0, 0, 0.7, 0.7], "texture": "#2"},
				"west": {"uv": [0, 0, 0.5, 0.7], "rotation": 180, "texture": "#2"},
				"up": {"uv": [0, 0, 0.7, 0.5], "texture": "#2"},
				"down": {"uv": [0, 0, 0.7, 0.5], "texture": "#2"}
			}
		},
		{
			"from": [7.35, 2.32124, 5.97462],
			"to": [8.05, 2.82124, 6.67462],
			"rotation": {"angle": -22.5, "axis": "x", "origin": [7.85, 2.77124, 6.37462]},
			"faces": {
				"north": {"uv": [0, 0, 0.7, 0.5], "texture": "#2"},
				"east": {"uv": [0, 0, 0.5, 0.7], "rotation": 90, "texture": "#2"},
				"south": {"uv": [0, 0, 0.7, 0.5], "rotation": 180, "texture": "#2"},
				"west": {"uv": [0, 0, 0.5, 0.7], "rotation": 270, "texture": "#2"},
				"up": {"uv": [0, 0, 0.7, 0.7], "texture": "#2"},
				"down": {"uv": [0, 0, 0.7, 0.7], "rotation": 180, "texture": "#2"}
			}
		},
		{
			"from": [7.35, 2.7, 5.5],
			"to": [8.05, 3.5, 8.3],
			"faces": {
				"north": {"uv": [0, 0, 0.7, 0.8], "texture": "#2"},
				"east": {"uv": [0, 0, 2.8, 0.8], "rotation": 180, "texture": "#2"},
				"south": {"uv": [0, 0, 0.7, 0.8], "texture": "#2"},
				"west": {"uv": [0, 0, 2.8, 0.8], "rotation": 180, "texture": "#2"},
				"up": {"uv": [0, 0, 0.7, 2.8], "texture": "#2"},
				"down": {"uv": [0, 0, 0.7, 2.8], "texture": "#2"}
			}
		},
		{
			"from": [7.45, 2.5, 6.3],
			"to": [7.95, 3.15, 9.15],
			"faces": {
				"north": {"uv": [0, 0, 0.5, 0.65], "texture": "#2"},
				"east": {"uv": [0, 0, 2.85, 0.65], "rotation": 180, "texture": "#2"},
				"south": {"uv": [0, 0, 0.5, 0.65], "texture": "#2"},
				"west": {"uv": [0, 0, 2.85, 0.65], "rotation": 180, "texture": "#2"},
				"up": {"uv": [0, 0, 0.5, 2.85], "texture": "#2"},
				"down": {"uv": [0, 0, 0.5, 2.85], "texture": "#2"}
			}
		},
		{
			"from": [7.34999, 4.32165, 8.05809],
			"to": [8.04999, 4.82165, 8.45809],
			"rotation": {"angle": -22.5, "axis": "x", "origin": [7.84999, 4.52165, 13.25809]},
			"faces": {
				"north": {"uv": [0, 0, 0.7, 0.5], "texture": "#2"},
				"east": {"uv": [0, 0, 0.5, 0.4], "rotation": 90, "texture": "#2"},
				"south": {"uv": [0, 0, 0.7, 0.5], "rotation": 180, "texture": "#2"},
				"west": {"uv": [0, 0, 0.5, 0.4], "rotation": 270, "texture": "#2"},
				"up": {"uv": [0, 0, 0.7, 0.4], "texture": "#2"},
				"down": {"uv": [0, 0, 0.7, 0.4], "rotation": 180, "texture": "#2"}
			}
		},
		{
			"from": [7.35001, 1.24593, 9.82863],
			"to": [8.05001, 1.94593, 10.22863],
			"rotation": {"angle": 22.5, "axis": "x", "origin": [7.85001, 6.64593, 10.02863]},
			"faces": {
				"north": {"uv": [0, 0, 0.7, 0.7], "texture": "#2"},
				"east": {"uv": [0, 0, 0.4, 0.7], "rotation": 180, "texture": "#2"},
				"south": {"uv": [0, 0, 0.7, 0.7], "texture": "#2"},
				"west": {"uv": [0, 0, 0.4, 0.7], "rotation": 180, "texture": "#2"},
				"up": {"uv": [0, 0, 0.7, 0.4], "texture": "#2"},
				"down": {"uv": [0, 0, 0.7, 0.4], "texture": "#2"}
			}
		},
		{
			"from": [7.34999, 1.25533, 11.65387],
			"to": [8.04999, 2.05533, 12.10387],
			"rotation": {"angle": 45, "axis": "x", "origin": [7.84999, 6.35533, 10.95387]},
			"faces": {
				"north": {"uv": [0, 0, 0.7, 0.8], "texture": "#2"},
				"east": {"uv": [0, 0, 0.45, 0.8], "rotation": 180, "texture": "#2"},
				"south": {"uv": [0, 0, 0.7, 0.8], "texture": "#2"},
				"west": {"uv": [0, 0, 0.45, 0.8], "rotation": 180, "texture": "#2"},
				"up": {"uv": [0, 0, 0.7, 0.45], "texture": "#2"},
				"down": {"uv": [0, 0, 0.7, 0.45], "texture": "#2"}
			}
		},
		{
			"from": [7.3497, 3.93639, 9.90215],
			"to": [8.0497, 4.23639, 10.30215],
			"rotation": {"angle": -22.5, "axis": "x", "origin": [7.8497, -1.16361, 11.15215]},
			"faces": {
				"north": {"uv": [0, 0.3, 0.7, 0.6], "texture": "#2"},
				"east": {"uv": [0, 0.3, 0.4, 0.6], "rotation": 180, "texture": "#2"},
				"south": {"uv": [0, 0.3, 0.7, 0.6], "texture": "#2"},
				"west": {"uv": [0, 0.3, 0.4, 0.6], "rotation": 180, "texture": "#2"},
				"up": {"uv": [0, 0.4, 0.7, 0.8], "texture": "#2"},
				"down": {"uv": [0, 0.4, 0.7, 0.8], "texture": "#2"}
			}
		},
		{
			"from": [7.34942, 4.24808, 12.01974],
			"to": [8.04942, 4.84808, 12.46974],
			"rotation": {"angle": -45, "axis": "x", "origin": [7.84942, -0.95192, 12.11974]},
			"faces": {
				"north": {"uv": [0, 0.5, 0.7, 1.1], "texture": "#2"},
				"east": {"uv": [0, 0.5, 0.45, 1.1], "rotation": 180, "texture": "#2"},
				"south": {"uv": [0, 0.5, 0.7, 1.1], "texture": "#2"},
				"west": {"uv": [0, 0.5, 0.45, 1.1], "rotation": 180, "texture": "#2"},
				"up": {"uv": [0, 0.45, 0.7, 0.9], "texture": "#2"},
				"down": {"uv": [0, 0.45, 0.7, 0.9], "texture": "#2"}
			}
		},
		{
			"from": [7.34955, 0.18273, 7.99318],
			"to": [8.04955, 0.68273, 8.49318],
			"rotation": {"angle": 22.5, "axis": "x", "origin": [7.84955, 0.87101, 14.49318]},
			"faces": {
				"north": {"uv": [0, 0.5, 0.7, 1], "texture": "#2"},
				"east": {"uv": [0.5, 0, 1, 0.5], "rotation": 90, "texture": "#2"},
				"south": {"uv": [0, 0.5, 0.7, 1], "rotation": 180, "texture": "#2"},
				"west": {"uv": [0.5, 0, 1, 0.5], "rotation": 270, "texture": "#2"},
				"up": {"uv": [0, 0.4, 0.7, 0.9], "rotation": 180, "texture": "#2"},
				"down": {"uv": [0, 0.4, 0.7, 0.9], "texture": "#2"}
			}
		},
		{
			"from": [7.45, 1.75, 5.6],
			"to": [7.95, 1.9, 7.6],
			"faces": {
				"north": {"uv": [0, 0, 0.5, 0.15], "texture": "#2"},
				"east": {"uv": [0, 0, 2, 0.15], "rotation": 180, "texture": "#2"},
				"south": {"uv": [0, 0, 0.5, 0.15], "texture": "#2"},
				"west": {"uv": [0, 0, 2, 0.15], "rotation": 180, "texture": "#2"},
				"up": {"uv": [0, 0, 0.5, 2], "texture": "#2"},
				"down": {"uv": [0, 0, 0.5, 2], "texture": "#2"}
			}
		},
		{
			"from": [7.30001, 0.5601, 7.00523],
			"to": [8.10001, 1.9101, 7.25523],
			"rotation": {"angle": -22.5, "axis": "x", "origin": [7.70001, 1.1351, 7.08023]},
			"faces": {
				"north": {"uv": [0, 0, 0.8, 1.35], "texture": "#1"},
				"east": {"uv": [0, 0, 1.35, 0.25], "rotation": 270, "texture": "#1"},
				"south": {"uv": [0, 0, 0.8, 1.35], "rotation": 180, "texture": "#1"},
				"west": {"uv": [0, 0, 1.35, 0.25], "rotation": 90, "texture": "#1"},
				"up": {"uv": [0, 0, 0.8, 0.25], "rotation": 180, "texture": "#1"},
				"down": {"uv": [0, 0, 0.8, 0.25], "texture": "#1"}
			}
		},
		{
			"from": [7.30006, 0.24846, 6.86346],
			"to": [8.10006, 1.69846, 8.32846],
			"rotation": {"angle": -22.5, "axis": "x", "origin": [7.70006, 1.02346, 7.20346]},
			"faces": {
				"north": {"uv": [0, 0, 0.8, 1.45], "texture": "#1"},
				"east": {"uv": [0, 0, 1.45, 1.465], "rotation": 270, "texture": "#1"},
				"south": {"uv": [0, 0, 0.8, 1.45], "rotation": 180, "texture": "#1"},
				"west": {"uv": [0, 0, 1.45, 1.465], "rotation": 90, "texture": "#1"},
				"up": {"uv": [0, 0, 0.8, 1.465], "rotation": 180, "texture": "#1"},
				"down": {"uv": [0, 0, 0.8, 1.465], "texture": "#1"}
			}
		},
		{
			"from": [7.29991, 0.10304, 6.81709],
			"to": [8.09991, 2.15304, 6.96709],
			"rotation": {"angle": -22.5, "axis": "x", "origin": [7.69991, 1.07804, 6.89209]},
			"faces": {
				"north": {"uv": [0, 0, 0.8, 2.05], "texture": "#1"},
				"east": {"uv": [0, 0, 2.05, 0.15], "rotation": 270, "texture": "#1"},
				"south": {"uv": [0, 0, 0.8, 2.05], "rotation": 180, "texture": "#1"},
				"west": {"uv": [0, 0, 2.05, 0.15], "rotation": 90, "texture": "#1"},
				"up": {"uv": [0, 0, 0.8, 0.15], "rotation": 180, "texture": "#1"},
				"down": {"uv": [0, 0, 0.8, 0.15], "texture": "#1"}
			}
		},
		{
			"from": [7.3, 1.55, 6.7],
			"to": [8.1, 2.1, 8],
			"faces": {
				"north": {"uv": [0, 0, 0.8, 0.55], "texture": "#1"},
				"east": {"uv": [0, 0, 1.3, 0.55], "rotation": 180, "texture": "#1"},
				"south": {"uv": [0, 0, 0.8, 0.55], "texture": "#1"},
				"west": {"uv": [0, 0, 1.3, 0.55], "rotation": 180, "texture": "#1"},
				"up": {"uv": [0, 0, 0.8, 1.3], "texture": "#1"},
				"down": {"uv": [0, 0, 0.8, 1.3], "texture": "#1"}
			}
		},
		{
			"from": [7.3, 1.95, 6.55],
			"to": [8.1, 2.1, 8],
			"faces": {
				"north": {"uv": [0, 0, 0.8, 0.15], "texture": "#1"},
				"east": {"uv": [0, 0, 1.45, 0.15], "rotation": 180, "texture": "#1"},
				"south": {"uv": [0, 0, 0.8, 0.15], "texture": "#1"},
				"west": {"uv": [0, 0, 1.45, 0.15], "rotation": 180, "texture": "#1"},
				"up": {"uv": [0, 0, 0.8, 1.45], "texture": "#1"},
				"down": {"uv": [0, 0, 0.8, 1.45], "texture": "#1"}
			}
		},
		{
			"from": [7.29991, 0.40304, 6.81709],
			"to": [8.09991, 2.05304, 7.06709],
			"rotation": {"angle": -22.5, "axis": "x", "origin": [7.69991, 1.07804, 6.89209]},
			"faces": {
				"north": {"uv": [0, 0, 0.8, 1.65], "texture": "#1"},
				"east": {"uv": [0, 0, 1.65, 0.25], "rotation": 270, "texture": "#1"},
				"south": {"uv": [0, 0, 0.8, 1.65], "rotation": 180, "texture": "#1"},
				"west": {"uv": [0, 0, 1.65, 0.25], "rotation": 90, "texture": "#1"},
				"up": {"uv": [0, 0, 0.8, 0.25], "rotation": 180, "texture": "#1"},
				"down": {"uv": [0, 0, 0.8, 0.25], "texture": "#1"}
			}
		},
		{
			"name": "hexadecagon",
			"from": [7.30031, 0.27773, 6.78553],
			"to": [8.10031, 0.37719, 7.28553],
			"rotation": {"angle": 45, "axis": "x", "origin": [7.60031, 0.32746, 7.03553]},
			"faces": {
				"north": {"uv": [0, 0, 1, 1], "texture": "#1"},
				"east": {"uv": [0, 0, 1, 1], "rotation": 180, "texture": "#1"},
				"south": {"uv": [0, 0, 1, 1], "texture": "#1"},
				"west": {"uv": [0, 0, 1, 1], "rotation": 180, "texture": "#1"},
				"up": {"uv": [0, 0, 1, 1], "texture": "#1"},
				"down": {"uv": [0, 0, 1, 1], "texture": "#1"}
			}
		},
		{
			"name": "hexadecagon",
			"from": [7.30031, 0.27773, 6.78553],
			"to": [8.10031, 0.37719, 7.28553],
			"rotation": {"angle": 22.5, "axis": "x", "origin": [7.60031, 0.32746, 7.03553]},
			"faces": {
				"north": {"uv": [0, 0, 1, 1], "texture": "#1"},
				"east": {"uv": [0, 0, 1, 1], "rotation": 180, "texture": "#1"},
				"south": {"uv": [0, 0, 1, 1], "texture": "#1"},
				"west": {"uv": [0, 0, 1, 1], "rotation": 180, "texture": "#1"},
				"up": {"uv": [0, 0, 1, 1], "texture": "#1"},
				"down": {"uv": [0, 0, 1, 1], "texture": "#1"}
			}
		},
		{
			"name": "hexadecagon",
			"from": [7.30031, 0.27773, 6.78553],
			"to": [8.10031, 0.37719, 7.28553],
			"faces": {
				"north": {"uv": [0, 0, 1, 1], "texture": "#1"},
				"east": {"uv": [0, 0, 1, 1], "rotation": 180, "texture": "#1"},
				"south": {"uv": [0, 0, 1, 1], "texture": "#1"},
				"west": {"uv": [0, 0, 1, 1], "rotation": 180, "texture": "#1"},
				"up": {"uv": [0, 0, 1, 1], "texture": "#1"},
				"down": {"uv": [0, 0, 1, 1], "texture": "#1"}
			}
		},
		{
			"name": "hexadecagon",
			"from": [7.30031, 0.27773, 6.78553],
			"to": [8.10031, 0.37719, 7.28553],
			"rotation": {"angle": -22.5, "axis": "x", "origin": [7.60031, 0.32746, 7.03553]},
			"faces": {
				"north": {"uv": [0, 0, 1, 1], "texture": "#1"},
				"east": {"uv": [0, 0, 1, 1], "rotation": 180, "texture": "#1"},
				"south": {"uv": [0, 0, 1, 1], "texture": "#1"},
				"west": {"uv": [0, 0, 1, 1], "rotation": 180, "texture": "#1"},
				"up": {"uv": [0, 0, 1, 1], "texture": "#1"},
				"down": {"uv": [0, 0, 1, 1], "texture": "#1"}
			}
		},
		{
			"name": "hexadecagon",
			"from": [7.30031, 0.27773, 6.78553],
			"to": [8.10031, 0.37719, 7.28553],
			"rotation": {"angle": -45, "axis": "x", "origin": [7.60031, 0.32746, 7.03553]},
			"faces": {
				"north": {"uv": [0, 0, 1, 1], "texture": "#1"},
				"east": {"uv": [0, 0, 1, 1], "rotation": 180, "texture": "#1"},
				"south": {"uv": [0, 0, 1, 1], "texture": "#1"},
				"west": {"uv": [0, 0, 1, 1], "rotation": 180, "texture": "#1"},
				"up": {"uv": [0, 0, 1, 1], "texture": "#1"},
				"down": {"uv": [0, 0, 1, 1], "texture": "#1"}
			}
		},
		{
			"name": "hexadecagon",
			"from": [7.30031, 0.07746, 6.9858],
			"to": [8.10031, 0.57746, 7.08526],
			"rotation": {"angle": 22.5, "axis": "x", "origin": [7.60031, 0.32746, 7.03553]},
			"faces": {
				"north": {"uv": [0, 0, 1, 1], "texture": "#1"},
				"east": {"uv": [0, 0, 1, 1], "rotation": 180, "texture": "#1"},
				"south": {"uv": [0, 0, 1, 1], "texture": "#1"},
				"west": {"uv": [0, 0, 1, 1], "rotation": 180, "texture": "#1"},
				"up": {"uv": [0, 0, 1, 1], "texture": "#1"},
				"down": {"uv": [0, 0, 1, 1], "texture": "#1"}
			}
		},
		{
			"name": "hexadecagon",
			"from": [7.30031, 0.07746, 6.9858],
			"to": [8.10031, 0.57746, 7.08526],
			"faces": {
				"north": {"uv": [0, 0, 1, 1], "texture": "#1"},
				"east": {"uv": [0, 0, 1, 1], "rotation": 180, "texture": "#1"},
				"south": {"uv": [0, 0, 1, 1], "texture": "#1"},
				"west": {"uv": [0, 0, 1, 1], "rotation": 180, "texture": "#1"},
				"up": {"uv": [0, 0, 1, 1], "texture": "#1"},
				"down": {"uv": [0, 0, 1, 1], "texture": "#1"}
			}
		},
		{
			"name": "hexadecagon",
			"from": [7.30031, 0.07746, 6.9858],
			"to": [8.10031, 0.57746, 7.08526],
			"rotation": {"angle": -22.5, "axis": "x", "origin": [7.60031, 0.32746, 7.03553]},
			"faces": {
				"north": {"uv": [0, 0, 1, 1], "texture": "#1"},
				"east": {"uv": [0, 0, 1, 1], "rotation": 180, "texture": "#1"},
				"south": {"uv": [0, 0, 1, 1], "texture": "#1"},
				"west": {"uv": [0, 0, 1, 1], "rotation": 180, "texture": "#1"},
				"up": {"uv": [0, 0, 1, 1], "texture": "#1"},
				"down": {"uv": [0, 0, 1, 1], "texture": "#1"}
			}
		},
		{
			"name": "hexadecagon",
			"from": [7.30031, 0.27773, 6.83553],
			"to": [8.10031, 0.67719, 7.28553],
			"rotation": {"angle": 22.5, "axis": "x", "origin": [7.60031, 0.32746, 7.03553]},
			"faces": {
				"north": {"uv": [0, 0, 1, 1], "texture": "#1"},
				"east": {"uv": [0, 0, 1, 1], "rotation": 180, "texture": "#1"},
				"south": {"uv": [0, 0, 1, 1], "texture": "#1"},
				"west": {"uv": [0, 0, 1, 1], "rotation": 180, "texture": "#1"},
				"up": {"uv": [0, 0, 1, 1], "texture": "#1"},
				"down": {"uv": [0, 0, 1, 1], "texture": "#1"}
			}
		},
		{
			"name": "hexadecagon",
			"from": [7.40031, 0.27773, 6.73553],
			"to": [8.00031, 0.67719, 7.18553],
			"rotation": {"angle": 22.5, "axis": "x", "origin": [7.60031, 0.32746, 6.93553]},
			"faces": {
				"north": {"uv": [0, 0, 1, 1], "texture": "#2"},
				"east": {"uv": [0, 0, 1, 1], "rotation": 180, "texture": "#2"},
				"south": {"uv": [0, 0, 1, 1], "texture": "#2"},
				"west": {"uv": [0, 0, 1, 1], "rotation": 180, "texture": "#2"},
				"up": {"uv": [0, 0, 1, 1], "texture": "#2"},
				"down": {"uv": [0, 0, 1, 1], "texture": "#2"}
			}
		},
		{
			"name": "hexadecagon",
			"from": [7.40031, 0.07746, 6.8858],
			"to": [8.00031, 0.57746, 6.98526],
			"rotation": {"angle": -22.5, "axis": "x", "origin": [7.60031, 0.32746, 6.93553]},
			"faces": {
				"north": {"uv": [0, 0, 1, 1], "texture": "#2"},
				"east": {"uv": [0, 0, 1, 1], "rotation": 180, "texture": "#2"},
				"south": {"uv": [0, 0, 1, 1], "texture": "#2"},
				"west": {"uv": [0, 0, 1, 1], "rotation": 180, "texture": "#2"},
				"up": {"uv": [0, 0, 1, 1], "texture": "#2"},
				"down": {"uv": [0, 0, 1, 1], "texture": "#2"}
			}
		},
		{
			"name": "hexadecagon",
			"from": [7.40031, 0.07746, 6.8858],
			"to": [8.00031, 0.57746, 6.98526],
			"faces": {
				"north": {"uv": [0, 0, 1, 1], "texture": "#2"},
				"east": {"uv": [0, 0, 1, 1], "rotation": 180, "texture": "#2"},
				"south": {"uv": [0, 0, 1, 1], "texture": "#2"},
				"west": {"uv": [0, 0, 1, 1], "rotation": 180, "texture": "#2"},
				"up": {"uv": [0, 0, 1, 1], "texture": "#2"},
				"down": {"uv": [0, 0, 1, 1], "texture": "#2"}
			}
		},
		{
			"name": "hexadecagon",
			"from": [7.40031, 0.07746, 6.8858],
			"to": [8.00031, 0.57746, 6.98526],
			"rotation": {"angle": 22.5, "axis": "x", "origin": [7.60031, 0.32746, 6.93553]},
			"faces": {
				"north": {"uv": [0, 0, 1, 1], "texture": "#2"},
				"east": {"uv": [0, 0, 1, 1], "rotation": 180, "texture": "#2"},
				"south": {"uv": [0, 0, 1, 1], "texture": "#2"},
				"west": {"uv": [0, 0, 1, 1], "rotation": 180, "texture": "#2"},
				"up": {"uv": [0, 0, 1, 1], "texture": "#2"},
				"down": {"uv": [0, 0, 1, 1], "texture": "#2"}
			}
		},
		{
			"name": "hexadecagon",
			"from": [7.40031, 0.27773, 6.68553],
			"to": [8.00031, 0.37719, 7.18553],
			"rotation": {"angle": -45, "axis": "x", "origin": [7.60031, 0.32746, 6.93553]},
			"faces": {
				"north": {"uv": [0, 0, 1, 1], "texture": "#2"},
				"east": {"uv": [0, 0, 1, 1], "rotation": 180, "texture": "#2"},
				"south": {"uv": [0, 0, 1, 1], "texture": "#2"},
				"west": {"uv": [0, 0, 1, 1], "rotation": 180, "texture": "#2"},
				"up": {"uv": [0, 0, 1, 1], "texture": "#2"},
				"down": {"uv": [0, 0, 1, 1], "texture": "#2"}
			}
		},
		{
			"name": "hexadecagon",
			"from": [7.40031, 0.27773, 6.68553],
			"to": [8.00031, 0.37719, 7.18553],
			"rotation": {"angle": -22.5, "axis": "x", "origin": [7.60031, 0.32746, 6.93553]},
			"faces": {
				"north": {"uv": [0, 0, 1, 1], "texture": "#2"},
				"east": {"uv": [0, 0, 1, 1], "rotation": 180, "texture": "#2"},
				"south": {"uv": [0, 0, 1, 1], "texture": "#2"},
				"west": {"uv": [0, 0, 1, 1], "rotation": 180, "texture": "#2"},
				"up": {"uv": [0, 0, 1, 1], "texture": "#2"},
				"down": {"uv": [0, 0, 1, 1], "texture": "#2"}
			}
		},
		{
			"name": "hexadecagon",
			"from": [7.40031, 0.27773, 6.68553],
			"to": [8.00031, 0.37719, 7.18553],
			"faces": {
				"north": {"uv": [0, 0, 1, 1], "texture": "#2"},
				"east": {"uv": [0, 0, 1, 1], "rotation": 180, "texture": "#2"},
				"south": {"uv": [0, 0, 1, 1], "texture": "#2"},
				"west": {"uv": [0, 0, 1, 1], "rotation": 180, "texture": "#2"},
				"up": {"uv": [0, 0, 1, 1], "texture": "#2"},
				"down": {"uv": [0, 0, 1, 1], "texture": "#2"}
			}
		},
		{
			"name": "hexadecagon",
			"from": [7.40031, 0.27773, 6.68553],
			"to": [8.00031, 0.37719, 7.18553],
			"rotation": {"angle": 22.5, "axis": "x", "origin": [7.60031, 0.32746, 6.93553]},
			"faces": {
				"north": {"uv": [0, 0, 1, 1], "texture": "#2"},
				"east": {"uv": [0, 0, 1, 1], "rotation": 180, "texture": "#2"},
				"south": {"uv": [0, 0, 1, 1], "texture": "#2"},
				"west": {"uv": [0, 0, 1, 1], "rotation": 180, "texture": "#2"},
				"up": {"uv": [0, 0, 1, 1], "texture": "#2"},
				"down": {"uv": [0, 0, 1, 1], "texture": "#2"}
			}
		},
		{
			"name": "hexadecagon",
			"from": [7.40031, 0.27773, 6.68553],
			"to": [8.00031, 0.37719, 7.18553],
			"rotation": {"angle": 45, "axis": "x", "origin": [7.60031, 0.32746, 6.93553]},
			"faces": {
				"north": {"uv": [0, 0, 1, 1], "texture": "#2"},
				"east": {"uv": [0, 0, 1, 1], "rotation": 180, "texture": "#2"},
				"south": {"uv": [0, 0, 1, 1], "texture": "#2"},
				"west": {"uv": [0, 0, 1, 1], "rotation": 180, "texture": "#2"},
				"up": {"uv": [0, 0, 1, 1], "texture": "#2"},
				"down": {"uv": [0, 0, 1, 1], "texture": "#2"}
			}
		},
		{
			"from": [7.39991, 0.40304, 6.71709],
			"to": [7.99991, 2.05304, 6.96709],
			"rotation": {"angle": -22.5, "axis": "x", "origin": [7.69991, 1.07804, 6.79209]},
			"faces": {
				"north": {"uv": [0, 0, 0.6, 1.65], "texture": "#2"},
				"east": {"uv": [0, 0, 1.65, 0.25], "rotation": 270, "texture": "#2"},
				"south": {"uv": [0, 0, 0.6, 1.65], "rotation": 180, "texture": "#2"},
				"west": {"uv": [0, 0, 1.65, 0.25], "rotation": 90, "texture": "#2"},
				"up": {"uv": [0, 0, 0.6, 0.25], "rotation": 180, "texture": "#2"},
				"down": {"uv": [0, 0, 0.6, 0.25], "texture": "#2"}
			}
		},
		{
			"from": [7.4, 1.95, 6.45],
			"to": [8, 2.1, 8.2],
			"faces": {
				"north": {"uv": [0, 0, 0.6, 0.15], "texture": "#2"},
				"east": {"uv": [0, 0, 1.75, 0.15], "rotation": 180, "texture": "#2"},
				"south": {"uv": [0, 0, 0.6, 0.15], "texture": "#2"},
				"west": {"uv": [0, 0, 1.75, 0.15], "rotation": 180, "texture": "#2"},
				"up": {"uv": [0, 0, 0.6, 1.75], "texture": "#2"},
				"down": {"uv": [0, 0, 0.6, 1.75], "texture": "#2"}
			}
		},
		{
			"from": [7.4, 1.55, 6.6],
			"to": [8, 2.1, 8.2],
			"faces": {
				"north": {"uv": [0, 0, 0.6, 0.55], "texture": "#2"},
				"east": {"uv": [0, 0, 1.6, 0.55], "rotation": 180, "texture": "#2"},
				"south": {"uv": [0, 0, 0.6, 0.55], "texture": "#2"},
				"west": {"uv": [0, 0, 1.6, 0.55], "rotation": 180, "texture": "#2"},
				"up": {"uv": [0, 0, 0.6, 1.6], "texture": "#2"},
				"down": {"uv": [0, 0, 0.6, 1.6], "texture": "#2"}
			}
		},
		{
			"from": [7.39991, 0.10304, 6.71709],
			"to": [7.99991, 2.15304, 6.86709],
			"rotation": {"angle": -22.5, "axis": "x", "origin": [7.69991, 1.07804, 6.79209]},
			"faces": {
				"north": {"uv": [0, 0, 0.6, 2.05], "texture": "#2"},
				"east": {"uv": [0, 0, 2.05, 0.15], "rotation": 270, "texture": "#2"},
				"south": {"uv": [0, 0, 0.6, 2.05], "rotation": 180, "texture": "#2"},
				"west": {"uv": [0, 0, 2.05, 0.15], "rotation": 90, "texture": "#2"},
				"up": {"uv": [0, 0, 0.6, 0.15], "rotation": 180, "texture": "#2"},
				"down": {"uv": [0, 0, 0.6, 0.15], "texture": "#2"}
			}
		},
		{
			"from": [7.40006, 0.24846, 6.76346],
			"to": [8.00006, 1.59846, 8.32846],
			"rotation": {"angle": -22.5, "axis": "x", "origin": [7.70006, 1.02346, 7.10346]},
			"faces": {
				"north": {"uv": [0, 0, 0.6, 1.35], "texture": "#2"},
				"east": {"uv": [0, 0, 1.35, 1.565], "rotation": 270, "texture": "#2"},
				"south": {"uv": [0, 0, 0.6, 1.35], "rotation": 180, "texture": "#2"},
				"west": {"uv": [0, 0, 1.35, 1.565], "rotation": 90, "texture": "#2"},
				"up": {"uv": [0, 0, 0.6, 1.565], "rotation": 180, "texture": "#2"},
				"down": {"uv": [0, 0, 0.6, 1.565], "texture": "#2"}
			}
		},
		{
			"from": [7.25, 2.7, 7.4],
			"to": [8.15, 3.4, 7.7],
			"faces": {
				"north": {"uv": [0, 0, 0.9, 0.7], "texture": "#2"},
				"east": {"uv": [0, 0, 0.3, 0.7], "rotation": 180, "texture": "#2"},
				"south": {"uv": [0, 0, 0.9, 0.7], "texture": "#2"},
				"west": {"uv": [0, 0, 0.3, 0.7], "rotation": 180, "texture": "#2"},
				"up": {"uv": [0, 0, 0.9, 0.3], "texture": "#2"},
				"down": {"uv": [0, 0, 0.9, 0.3], "texture": "#2"}
			}
		},
		{
			"from": [7.25, 2.95, 6.4],
			"to": [8.15, 3.25, 7.7],
			"faces": {
				"north": {"uv": [0, 0, 0.9, 0.3], "texture": "#2"},
				"east": {"uv": [0, 0, 1.3, 0.3], "rotation": 180, "texture": "#2"},
				"south": {"uv": [0, 0, 0.9, 0.3], "texture": "#2"},
				"west": {"uv": [0, 0, 1.3, 0.3], "rotation": 180, "texture": "#2"},
				"up": {"uv": [0, 0, 0.9, 1.3], "texture": "#2"},
				"down": {"uv": [0, 0, 0.9, 1.3], "texture": "#2"}
			}
		},
		{
			"from": [7.35, 2.7, 6.6],
			"to": [8.05, 3.65, 7.6],
			"faces": {
				"north": {"uv": [0, 0, 0.7, 0.95], "texture": "#2"},
				"east": {"uv": [0, 0, 1, 0.95], "rotation": 180, "texture": "#2"},
				"south": {"uv": [0, 0, 0.7, 0.95], "texture": "#2"},
				"west": {"uv": [0, 0, 1, 0.95], "rotation": 180, "texture": "#2"},
				"up": {"uv": [0, 0, 0.7, 1], "texture": "#2"},
				"down": {"uv": [0, 0, 0.7, 1], "texture": "#2"}
			}
		},
		{
			"from": [7.45, 2.7, 7.5],
			"to": [7.95, 3.55, 7.8],
			"faces": {
				"north": {"uv": [0, 0, 0.5, 0.85], "texture": "#2"},
				"east": {"uv": [0, 0, 0.3, 0.85], "rotation": 180, "texture": "#2"},
				"south": {"uv": [0, 0, 0.5, 0.85], "texture": "#2"},
				"west": {"uv": [0, 0, 0.3, 0.85], "rotation": 180, "texture": "#2"},
				"up": {"uv": [0, 0, 0.5, 0.3], "texture": "#2"},
				"down": {"uv": [0, 0, 0.5, 0.3], "texture": "#2"}
			}
		},
		{
			"from": [7.75, 2.7, 7.55],
			"to": [7.85, 3.75, 7.8],
			"faces": {
				"north": {"uv": [0, 0, 0.1, 1.05], "texture": "#2"},
				"east": {"uv": [0, 0, 0.25, 1.05], "rotation": 180, "texture": "#2"},
				"south": {"uv": [0, 0, 0.1, 1.05], "texture": "#2"},
				"west": {"uv": [0, 0, 0.25, 1.05], "rotation": 180, "texture": "#2"},
				"up": {"uv": [0, 0, 0.1, 0.25], "texture": "#2"},
				"down": {"uv": [0, 0, 0.1, 0.25], "texture": "#2"}
			}
		},
		{
			"from": [7.55, 2.7, 7.55],
			"to": [7.65, 3.75, 7.8],
			"faces": {
				"north": {"uv": [0, 0, 0.1, 1.05], "texture": "#2"},
				"east": {"uv": [0, 0, 0.25, 1.05], "rotation": 180, "texture": "#2"},
				"south": {"uv": [0, 0, 0.1, 1.05], "texture": "#2"},
				"west": {"uv": [0, 0, 0.25, 1.05], "rotation": 180, "texture": "#2"},
				"up": {"uv": [0, 0, 0.1, 0.25], "texture": "#2"},
				"down": {"uv": [0, 0, 0.1, 0.25], "texture": "#2"}
			}
		},
		{
			"from": [7.22416, 2.88791, 6.40015],
			"to": [8.02416, 3.18791, 7.70015],
			"rotation": {"angle": -45, "axis": "z", "origin": [7.67416, 3.03791, 7.05015]},
			"faces": {
				"north": {"uv": [0, 0, 0.8, 0.3], "texture": "#2"},
				"east": {"uv": [0, 0, 1.3, 0.3], "rotation": 180, "texture": "#2"},
				"south": {"uv": [0, 0, 0.8, 0.3], "texture": "#2"},
				"west": {"uv": [0, 0, 1.3, 0.3], "rotation": 180, "texture": "#2"},
				"up": {"uv": [0, 0, 0.8, 1.3], "texture": "#2"},
				"down": {"uv": [0, 0, 0.8, 1.3], "texture": "#2"}
			}
		},
		{
			"from": [7.97648, 3.31204, 6.39917],
			"to": [8.17648, 3.61204, 7.69917],
			"rotation": {"angle": -45, "axis": "z", "origin": [7.72648, 3.46204, 7.04917]},
			"faces": {
				"north": {"uv": [0, 0, 0.2, 0.3], "texture": "#2"},
				"east": {"uv": [0, 0, 1.3, 0.3], "rotation": 180, "texture": "#2"},
				"south": {"uv": [0, 0, 0.2, 0.3], "texture": "#2"},
				"west": {"uv": [0, 0, 1.3, 0.3], "rotation": 180, "texture": "#2"},
				"up": {"uv": [0, 0, 0.2, 1.3], "texture": "#2"},
				"down": {"uv": [0, 0, 0.2, 1.3], "texture": "#2"}
			}
		},
		{
			"from": [7.35, 1.75, 6.15],
			"to": [8.05, 3.5, 8.1],
			"faces": {
				"north": {"uv": [0, 0, 0.7, 1.75], "texture": "#2"},
				"east": {"uv": [0, 0, 1.95, 1.75], "rotation": 180, "texture": "#2"},
				"south": {"uv": [0, 0, 0.7, 1.75], "texture": "#2"},
				"west": {"uv": [0, 0, 1.95, 1.75], "rotation": 180, "texture": "#2"},
				"up": {"uv": [0, 0, 0.7, 1.95], "texture": "#2"},
				"down": {"uv": [0, 0, 0.7, 1.95], "texture": "#2"}
			}
		},
		{
			"from": [7.45233, 2.55701, 4.79374],
			"to": [7.95233, 3.55701, 4.94374],
			"faces": {
				"north": {"uv": [0, 0, 0.5, 1], "texture": "#2"},
				"east": {"uv": [0, 0, 0.15, 1], "rotation": 180, "texture": "#2"},
				"south": {"uv": [0, 0, 0.5, 1], "texture": "#2"},
				"west": {"uv": [0, 0, 0.15, 1], "rotation": 180, "texture": "#2"},
				"up": {"uv": [0, 0, 0.5, 0.15], "texture": "#2"},
				"down": {"uv": [0, 0, 0.5, 0.15], "texture": "#2"}
			}
		},
		{
			"from": [7.45087, 2.18525, 5.31624],
			"to": [7.95087, 2.33525, 5.71624],
			"rotation": {"angle": 22.5, "axis": "x", "origin": [7.70087, 2.26025, 4.56624]},
			"faces": {
				"north": {"uv": [0, 0, 0.5, 0.15], "texture": "#2"},
				"east": {"uv": [0, 0, 0.4, 0.15], "rotation": 180, "texture": "#2"},
				"south": {"uv": [0, 0, 0.5, 0.15], "texture": "#2"},
				"west": {"uv": [0, 0, 0.4, 0.15], "rotation": 180, "texture": "#2"},
				"up": {"uv": [0, 0, 0.5, 0.4], "texture": "#2"},
				"down": {"uv": [0, 0, 0.5, 0.4], "texture": "#2"}
			}
		},
		{
			"from": [7.45224, 2.1288, 4.50129],
			"to": [7.95224, 2.5288, 4.65129],
			"rotation": {"angle": -22.5, "axis": "x", "origin": [7.70224, 3.2788, 4.57629]},
			"faces": {
				"north": {"uv": [0, 0, 0.5, 0.4], "texture": "#2"},
				"east": {"uv": [0, 0, 0.4, 0.15], "rotation": 90, "texture": "#2"},
				"south": {"uv": [0, 0, 0.5, 0.4], "rotation": 180, "texture": "#2"},
				"west": {"uv": [0, 0, 0.4, 0.15], "rotation": 270, "texture": "#2"},
				"up": {"uv": [0, 0, 0.5, 0.15], "texture": "#2"},
				"down": {"uv": [0, 0, 0.5, 0.15], "rotation": 180, "texture": "#2"}
			}
		},
		{
			"from": [7.45156, 2.6957, 5.22017],
			"to": [7.95156, 2.8457, 5.62017],
			"rotation": {"angle": 45, "axis": "x", "origin": [7.70156, 2.7707, 4.47017]},
			"faces": {
				"north": {"uv": [0, 0, 0.5, 0.15], "texture": "#2"},
				"east": {"uv": [0, 0, 0.4, 0.15], "rotation": 180, "texture": "#2"},
				"south": {"uv": [0, 0, 0.5, 0.15], "texture": "#2"},
				"west": {"uv": [0, 0, 0.4, 0.15], "rotation": 180, "texture": "#2"},
				"up": {"uv": [0, 0, 0.5, 0.4], "texture": "#2"},
				"down": {"uv": [0, 0, 0.5, 0.4], "texture": "#2"}
			}
		},
		{
			"name": "hexadecagon",
			"from": [7.62884, 3.03779, 4.79494],
			"to": [7.757, 3.68207, 4.94522],
			"rotation": {"angle": 45, "axis": "z", "origin": [7.69292, 3.35993, 6.27308]},
			"faces": {
				"north": {"uv": [0, 0, 1, 1], "texture": "#2"},
				"east": {"uv": [0, 0, 1, 1], "rotation": 180, "texture": "#2"},
				"south": {"uv": [0, 0, 1, 1], "texture": "#2"},
				"west": {"uv": [0, 0, 1, 1], "rotation": 180, "texture": "#2"},
				"up": {"uv": [0, 0, 1, 1], "texture": "#2"},
				"down": {"uv": [0, 0, 1, 1], "texture": "#2"}
			}
		},
		{
			"name": "hexadecagon",
			"from": [7.62884, 3.03779, 4.79494],
			"to": [7.757, 3.68207, 4.94522],
			"rotation": {"angle": 22.5, "axis": "z", "origin": [7.69292, 3.35993, 6.27308]},
			"faces": {
				"north": {"uv": [0, 0, 1, 1], "texture": "#2"},
				"east": {"uv": [0, 0, 1, 1], "rotation": 180, "texture": "#2"},
				"south": {"uv": [0, 0, 1, 1], "texture": "#2"},
				"west": {"uv": [0, 0, 1, 1], "rotation": 180, "texture": "#2"},
				"up": {"uv": [0, 0, 1, 1], "texture": "#2"},
				"down": {"uv": [0, 0, 1, 1], "texture": "#2"}
			}
		},
		{
			"name": "hexadecagon",
			"from": [7.52884, 3.03779, 4.79494],
			"to": [7.857, 3.78207, 4.94522],
			"faces": {
				"north": {"uv": [0, 0, 1, 1], "texture": "#2"},
				"east": {"uv": [0, 0, 1, 1], "rotation": 180, "texture": "#2"},
				"south": {"uv": [0, 0, 1, 1], "texture": "#2"},
				"west": {"uv": [0, 0, 1, 1], "rotation": 180, "texture": "#2"},
				"up": {"uv": [0, 0, 1, 1], "texture": "#2"},
				"down": {"uv": [0, 0, 1, 1], "texture": "#2"}
			}
		},
		{
			"name": "hexadecagon",
			"from": [7.62884, 3.03779, 4.79494],
			"to": [7.757, 3.68207, 4.94522],
			"rotation": {"angle": -22.5, "axis": "z", "origin": [7.69292, 3.35993, 6.27308]},
			"faces": {
				"north": {"uv": [0, 0, 1, 1], "texture": "#2"},
				"east": {"uv": [0, 0, 1, 1], "rotation": 180, "texture": "#2"},
				"south": {"uv": [0, 0, 1, 1], "texture": "#2"},
				"west": {"uv": [0, 0, 1, 1], "rotation": 180, "texture": "#2"},
				"up": {"uv": [0, 0, 1, 1], "texture": "#2"},
				"down": {"uv": [0, 0, 1, 1], "texture": "#2"}
			}
		},
		{
			"name": "hexadecagon",
			"from": [7.62884, 3.03779, 4.79494],
			"to": [7.757, 3.68207, 4.94522],
			"rotation": {"angle": -45, "axis": "z", "origin": [7.69292, 3.35993, 6.27308]},
			"faces": {
				"north": {"uv": [0, 0, 1, 1], "texture": "#2"},
				"east": {"uv": [0, 0, 1, 1], "rotation": 180, "texture": "#2"},
				"south": {"uv": [0, 0, 1, 1], "texture": "#2"},
				"west": {"uv": [0, 0, 1, 1], "rotation": 180, "texture": "#2"},
				"up": {"uv": [0, 0, 1, 1], "texture": "#2"},
				"down": {"uv": [0, 0, 1, 1], "texture": "#2"}
			}
		},
		{
			"name": "hexadecagon",
			"from": [7.37078, 3.29585, 4.79494],
			"to": [8.01506, 3.42401, 4.94522],
			"rotation": {"angle": 22.5, "axis": "z", "origin": [7.69292, 3.35993, 6.27308]},
			"faces": {
				"north": {"uv": [0, 0, 1, 1], "texture": "#2"},
				"east": {"uv": [0, 0, 1, 1], "rotation": 180, "texture": "#2"},
				"south": {"uv": [0, 0, 1, 1], "texture": "#2"},
				"west": {"uv": [0, 0, 1, 1], "rotation": 180, "texture": "#2"},
				"up": {"uv": [0, 0, 1, 1], "texture": "#2"},
				"down": {"uv": [0, 0, 1, 1], "texture": "#2"}
			}
		},
		{
			"name": "hexadecagon",
			"from": [7.37078, 3.29585, 4.79494],
			"to": [8.01506, 3.42401, 4.94522],
			"faces": {
				"north": {"uv": [0, 0, 1, 1], "texture": "#2"},
				"east": {"uv": [0, 0, 1, 1], "rotation": 180, "texture": "#2"},
				"south": {"uv": [0, 0, 1, 1], "texture": "#2"},
				"west": {"uv": [0, 0, 1, 1], "rotation": 180, "texture": "#2"},
				"up": {"uv": [0, 0, 1, 1], "texture": "#2"},
				"down": {"uv": [0, 0, 1, 1], "texture": "#2"}
			}
		},
		{
			"name": "hexadecagon",
			"from": [7.37078, 3.29585, 4.79494],
			"to": [8.01506, 3.42401, 4.94522],
			"rotation": {"angle": -22.5, "axis": "z", "origin": [7.69292, 3.35993, 6.27308]},
			"faces": {
				"north": {"uv": [0, 0, 1, 1], "texture": "#2"},
				"east": {"uv": [0, 0, 1, 1], "rotation": 180, "texture": "#2"},
				"south": {"uv": [0, 0, 1, 1], "texture": "#2"},
				"west": {"uv": [0, 0, 1, 1], "rotation": 180, "texture": "#2"},
				"up": {"uv": [0, 0, 1, 1], "texture": "#2"},
				"down": {"uv": [0, 0, 1, 1], "texture": "#2"}
			}
		},
		{
			"name": "hexadecagon",
			"from": [7.6397, 3.0744, 4.533],
			"to": [7.7483, 3.1204, 6.779],
			"rotation": {"angle": 45, "axis": "z", "origin": [7.694, 3.3474, 6.506]},
			"faces": {
				"north": {"uv": [0, 0, 1, 1], "texture": "#1"},
				"east": {"uv": [0, 0, 1, 1], "rotation": 180, "texture": "#1"},
				"south": {"uv": [0, 0, 1, 1], "texture": "#1"},
				"west": {"uv": [0, 0, 1, 1], "rotation": 180, "texture": "#1"},
				"up": {"uv": [0, 0, 1, 1], "texture": "#1"},
				"down": {"uv": [0, 0, 1, 1], "texture": "#1"}
			}
		},
		{
			"name": "hexadecagon",
			"from": [7.6397, 3.0744, 4.533],
			"to": [7.7483, 3.1204, 6.779],
			"rotation": {"angle": 22.5, "axis": "z", "origin": [7.694, 3.3474, 6.506]},
			"faces": {
				"north": {"uv": [0, 0, 1, 1], "texture": "#1"},
				"east": {"uv": [0, 0, 1, 1], "rotation": 180, "texture": "#1"},
				"south": {"uv": [0, 0, 1, 1], "texture": "#1"},
				"west": {"uv": [0, 0, 1, 1], "rotation": 180, "texture": "#1"},
				"up": {"uv": [0, 0, 1, 1], "texture": "#1"},
				"down": {"uv": [0, 0, 1, 1], "texture": "#1"}
			}
		},
		{
			"name": "hexadecagon",
			"from": [7.6397, 3.0744, 4.533],
			"to": [7.7483, 3.1244, 6.779],
			"faces": {
				"north": {"uv": [0, 0, 1, 1], "texture": "#1"},
				"east": {"uv": [0, 0, 1, 1], "rotation": 180, "texture": "#1"},
				"south": {"uv": [0, 0, 1, 1], "texture": "#1"},
				"west": {"uv": [0, 0, 1, 1], "rotation": 180, "texture": "#1"},
				"up": {"uv": [0, 0, 1, 1], "texture": "#1"},
				"down": {"uv": [0, 0, 1, 1], "texture": "#1"}
			}
		},
		{
			"name": "hexadecagon",
			"from": [7.6397, 3.0744, 4.533],
			"to": [7.7483, 3.1204, 6.779],
			"rotation": {"angle": -22.5, "axis": "z", "origin": [7.694, 3.3474, 6.506]},
			"faces": {
				"north": {"uv": [0, 0, 1, 1], "texture": "#1"},
				"east": {"uv": [0, 0, 1, 1], "rotation": 180, "texture": "#1"},
				"south": {"uv": [0, 0, 1, 1], "texture": "#1"},
				"west": {"uv": [0, 0, 1, 1], "rotation": 180, "texture": "#1"},
				"up": {"uv": [0, 0, 1, 1], "texture": "#1"},
				"down": {"uv": [0, 0, 1, 1], "texture": "#1"}
			}
		},
		{
			"name": "hexadecagon",
			"from": [7.6397, 3.0744, 4.533],
			"to": [7.7483, 3.1244, 6.779],
			"rotation": {"angle": -45, "axis": "z", "origin": [7.694, 3.3474, 6.506]},
			"faces": {
				"north": {"uv": [0, 0, 1, 1], "texture": "#1"},
				"east": {"uv": [0, 0, 1, 1], "rotation": 180, "texture": "#1"},
				"south": {"uv": [0, 0, 1, 1], "texture": "#1"},
				"west": {"uv": [0, 0, 1, 1], "rotation": 180, "texture": "#1"},
				"up": {"uv": [0, 0, 1, 1], "texture": "#1"},
				"down": {"uv": [0, 0, 1, 1], "texture": "#1"}
			}
		},
		{
			"name": "hexadecagon",
			"from": [7.421, 3.2931, 4.533],
			"to": [7.467, 3.4017, 6.779],
			"rotation": {"angle": 22.5, "axis": "z", "origin": [7.694, 3.3474, 6.506]},
			"faces": {
				"north": {"uv": [0, 0, 1, 1], "texture": "#1"},
				"east": {"uv": [0, 0, 1, 1], "rotation": 180, "texture": "#1"},
				"south": {"uv": [0, 0, 1, 1], "texture": "#1"},
				"west": {"uv": [0, 0, 1, 1], "rotation": 180, "texture": "#1"},
				"up": {"uv": [0, 0, 1, 1], "texture": "#1"},
				"down": {"uv": [0, 0, 1, 1], "texture": "#1"}
			}
		},
		{
			"name": "hexadecagon",
			"from": [7.921, 3.2931, 4.533],
			"to": [7.967, 3.4017, 6.779],
			"faces": {
				"north": {"uv": [0, 0, 1, 1], "texture": "#1"},
				"east": {"uv": [0, 0, 1, 1], "rotation": 180, "texture": "#1"},
				"south": {"uv": [0, 0, 1, 1], "texture": "#1"},
				"west": {"uv": [0, 0, 1, 1], "rotation": 180, "texture": "#1"},
				"up": {"uv": [0, 0, 1, 1], "texture": "#1"},
				"down": {"uv": [0, 0, 1, 1], "texture": "#1"}
			}
		},
		{
			"name": "hexadecagon",
			"from": [7.921, 3.2931, 4.533],
			"to": [7.967, 3.4017, 6.779],
			"rotation": {"angle": -22.5, "axis": "z", "origin": [7.694, 3.3474, 6.506]},
			"faces": {
				"north": {"uv": [0, 0, 1, 1], "texture": "#1"},
				"east": {"uv": [0, 0, 1, 1], "rotation": 180, "texture": "#1"},
				"south": {"uv": [0, 0, 1, 1], "texture": "#1"},
				"west": {"uv": [0, 0, 1, 1], "rotation": 180, "texture": "#1"},
				"up": {"uv": [0, 0, 1, 1], "texture": "#1"},
				"down": {"uv": [0, 0, 1, 1], "texture": "#1"}
			}
		},
		{
			"name": "hexadecagon",
			"from": [7.421, 3.29397, 4.53387],
			"to": [7.467, 3.40258, 6.77987],
			"faces": {
				"north": {"uv": [0, 0, 1, 1], "texture": "#1"},
				"east": {"uv": [0, 0, 1, 1], "rotation": 180, "texture": "#1"},
				"south": {"uv": [0, 0, 1, 1], "texture": "#1"},
				"west": {"uv": [0, 0, 1, 1], "rotation": 180, "texture": "#1"},
				"up": {"uv": [0, 0, 1, 1], "texture": "#1"},
				"down": {"uv": [0, 0, 1, 1], "texture": "#1"}
			}
		},
		{
			"name": "hexadecagon",
			"from": [7.92097, 3.29304, 4.53297],
			"to": [7.96697, 3.40165, 6.77897],
			"rotation": {"angle": 22.5, "axis": "z", "origin": [7.69397, 3.34734, 6.50597]},
			"faces": {
				"north": {"uv": [0, 1, 1, 0], "texture": "#1"},
				"east": {"uv": [0, 1, 1, 0], "rotation": 180, "texture": "#1"},
				"south": {"uv": [0, 1, 1, 0], "texture": "#1"},
				"west": {"uv": [0, 1, 1, 0], "rotation": 180, "texture": "#1"},
				"up": {"uv": [0, 1, 1, 0], "texture": "#1"},
				"down": {"uv": [0, 1, 1, 0], "texture": "#1"}
			}
		},
		{
			"name": "hexadecagon",
			"from": [7.63967, 3.57434, 4.53297],
			"to": [7.74827, 3.62034, 6.77897],
			"rotation": {"angle": -45, "axis": "z", "origin": [7.69397, 3.34734, 6.50597]},
			"faces": {
				"north": {"uv": [0, 1, 1, 0], "texture": "#1"},
				"east": {"uv": [0, 1, 1, 0], "rotation": 180, "texture": "#1"},
				"south": {"uv": [0, 1, 1, 0], "texture": "#1"},
				"west": {"uv": [0, 1, 1, 0], "rotation": 180, "texture": "#1"},
				"up": {"uv": [0, 1, 1, 0], "texture": "#1"},
				"down": {"uv": [0, 1, 1, 0], "texture": "#1"}
			}
		},
		{
			"name": "hexadecagon",
			"from": [7.63967, 3.57434, 4.53297],
			"to": [7.74827, 3.62034, 6.77897],
			"rotation": {"angle": -22.5, "axis": "z", "origin": [7.69397, 3.34734, 6.50597]},
			"faces": {
				"north": {"uv": [0, 1, 1, 0], "texture": "#1"},
				"east": {"uv": [0, 1, 1, 0], "rotation": 180, "texture": "#1"},
				"south": {"uv": [0, 1, 1, 0], "texture": "#1"},
				"west": {"uv": [0, 1, 1, 0], "rotation": 180, "texture": "#1"},
				"up": {"uv": [0, 1, 1, 0], "texture": "#1"},
				"down": {"uv": [0, 1, 1, 0], "texture": "#1"}
			}
		},
		{
			"name": "hexadecagon",
			"from": [7.63967, 3.57034, 4.53297],
			"to": [7.74827, 3.62034, 6.77897],
			"faces": {
				"north": {"uv": [0, 1, 1, 0], "texture": "#1"},
				"east": {"uv": [0, 1, 1, 0], "rotation": 180, "texture": "#1"},
				"south": {"uv": [0, 1, 1, 0], "texture": "#1"},
				"west": {"uv": [0, 1, 1, 0], "rotation": 180, "texture": "#1"},
				"up": {"uv": [0, 1, 1, 0], "texture": "#1"},
				"down": {"uv": [0, 1, 1, 0], "texture": "#1"}
			}
		},
		{
			"name": "hexadecagon",
			"from": [7.63967, 3.57434, 4.53297],
			"to": [7.74827, 3.62034, 6.77897],
			"rotation": {"angle": 22.5, "axis": "z", "origin": [7.69397, 3.34734, 6.50597]},
			"faces": {
				"north": {"uv": [0, 1, 1, 0], "texture": "#1"},
				"east": {"uv": [0, 1, 1, 0], "rotation": 180, "texture": "#1"},
				"south": {"uv": [0, 1, 1, 0], "texture": "#1"},
				"west": {"uv": [0, 1, 1, 0], "rotation": 180, "texture": "#1"},
				"up": {"uv": [0, 1, 1, 0], "texture": "#1"},
				"down": {"uv": [0, 1, 1, 0], "texture": "#1"}
			}
		},
		{
			"name": "hexadecagon",
			"from": [7.63967, 3.57034, 4.53297],
			"to": [7.74827, 3.62034, 6.77897],
			"rotation": {"angle": 45, "axis": "z", "origin": [7.69397, 3.34734, 6.50597]},
			"faces": {
				"north": {"uv": [0, 1, 1, 0], "texture": "#1"},
				"east": {"uv": [0, 1, 1, 0], "rotation": 180, "texture": "#1"},
				"south": {"uv": [0, 1, 1, 0], "texture": "#1"},
				"west": {"uv": [0, 1, 1, 0], "rotation": 180, "texture": "#1"},
				"up": {"uv": [0, 1, 1, 0], "texture": "#1"},
				"down": {"uv": [0, 1, 1, 0], "texture": "#1"}
			}
		},
		{
			"name": "hexadecagon",
			"from": [7.42097, 3.29304, 4.53297],
			"to": [7.46697, 3.40165, 6.77897],
			"rotation": {"angle": -22.5, "axis": "z", "origin": [7.69397, 3.34734, 6.50597]},
			"faces": {
				"north": {"uv": [0, 1, 1, 0], "texture": "#1"},
				"east": {"uv": [0, 1, 1, 0], "rotation": 180, "texture": "#1"},
				"south": {"uv": [0, 1, 1, 0], "texture": "#1"},
				"west": {"uv": [0, 1, 1, 0], "rotation": 180, "texture": "#1"},
				"up": {"uv": [0, 1, 1, 0], "texture": "#1"},
				"down": {"uv": [0, 1, 1, 0], "texture": "#1"}
			}
		},
		{
			"from": [7.55, 2.02124, 5.87462],
			"to": [7.85, 2.92124, 6.47462],
			"faces": {
				"north": {"uv": [0, 0, 0.3, 0.9], "texture": "#1"},
				"east": {"uv": [0, 0, 0.9, 0.6], "rotation": 90, "texture": "#1"},
				"south": {"uv": [0, 0, 0.3, 0.9], "rotation": 180, "texture": "#1"},
				"west": {"uv": [0, 0, 0.9, 0.6], "rotation": 270, "texture": "#1"},
				"up": {"uv": [0, 0, 0.3, 0.6], "texture": "#1"},
				"down": {"uv": [0, 0, 0.3, 0.6], "rotation": 180, "texture": "#1"}
			}
		},
		{
			"from": [7.35, 2.5, 6.3],
			"to": [8.05, 3.05, 8.9],
			"faces": {
				"north": {"uv": [0, 0, 0.7, 0.55], "texture": "#2"},
				"east": {"uv": [0, 0, 2.6, 0.55], "rotation": 180, "texture": "#2"},
				"south": {"uv": [0, 0, 0.7, 0.55], "texture": "#2"},
				"west": {"uv": [0, 0, 2.6, 0.55], "rotation": 180, "texture": "#2"},
				"up": {"uv": [0, 0, 0.7, 2.6], "texture": "#2"},
				"down": {"uv": [0, 0, 0.7, 2.6], "texture": "#2"}
			}
		},
		{
			"from": [7.6, 3.15, 6.3],
			"to": [7.8, 3.55, 9.1],
			"faces": {
				"north": {"uv": [0, 0, 0.2, 0.4], "texture": "#1"},
				"east": {"uv": [0, 0, 2.8, 0.4], "rotation": 180, "texture": "#1"},
				"south": {"uv": [0, 0, 0.2, 0.4], "texture": "#1"},
				"west": {"uv": [0, 0, 2.8, 0.4], "rotation": 180, "texture": "#1"},
				"up": {"uv": [0, 0, 0.2, 2.8], "texture": "#1"},
				"down": {"uv": [0, 0, 0.2, 2.8], "texture": "#1"}
			}
		},
		{
			"from": [7.5, 3.15, 6.3],
			"to": [7.9, 3.45, 9.1],
			"faces": {
				"north": {"uv": [0, 0, 0.4, 0.3], "texture": "#1"},
				"east": {"uv": [0, 0, 2.8, 0.3], "rotation": 180, "texture": "#1"},
				"south": {"uv": [0, 0, 0.4, 0.3], "texture": "#1"},
				"west": {"uv": [0, 0, 2.8, 0.3], "rotation": 180, "texture": "#1"},
				"up": {"uv": [0, 0, 0.4, 2.8], "texture": "#1"},
				"down": {"uv": [0, 0, 0.4, 2.8], "texture": "#1"}
			}
		}
	],
	"display": {
		"thirdperson_righthand": {
			"translation": [0, 5.75, 2.25]
		},
		"thirdperson_lefthand": {
			"translation": [0, 5.75, 2.25]
		},
		"firstperson_righthand": {
			"translation": [-2.5, 11, 2],
			"scale": [1.88, 1.81, 1.88]
		},
		"firstperson_lefthand": {
			"translation": [0, 6, 0]
		},
		"ground": {
			"translation": [0, 5.25, 0]
		},
		"gui": {
			"rotation": [22, 61, 0],
			"translation": [3.25, 13.25, 0],
			"scale": [2.65, 2.62, 2.62]
		},
		"fixed": {
			"rotation": [91, 56, -94],
			"translation": [8, 9, -2.75],
			"scale": [2.31, 2.31, 2.37]
		}
	},
	"groups": [0, 1, 2, 3, 4, 5, 6, 7, 8, 9, 10, 11, 12,
		{
			"name": "hexadecagon",
			"children": [
				{
					"name": "group",
					"children": [13, 14, 15, 16, 17, 18, 19, 20, 21, 22, 23, 24, 25, 26, 27, 28, 29, 30, 31, 32, 33, 34, 35, 36, 37, 38, 39, 40]
				}
			]
		}, 41, 42, 43, 44, 45, 46, 47, 48, 49, 50, 51, 52, 53,
		{
			"name": "hexadecagon2",
			"children": [54, 55, 56, 57, 58, 59, 60, 61]
		},
		{
			"name": "hexadecagon3",
			"children": [62, 63, 64, 65, 66, 67, 68, 69, 70,
				{
					"name": "group",
					"children": [71, 72, 73, 74, 75, 76, 77]
				}
			]
		}, 78, 79, 80, 81]
}