{
    "parent": "item/handheld",
    "textures": {
        "layer0": "item/diamond_sword"
    },
	"overrides": [
		{ "predicate": {"custom_model_data": 1}, "model": "item/obsidian_sword"},
		{ "predicate": {"custom_model_data": 2}, "model": "item/netherstar_sword"},
    	{ "predicate": {"custom_model_data": 3}, "model": "item/sylphide"},
		{ "predicate": {"custom_model_data": 200}, "model": "item/icesword"},
		{ "predicate": {"custom_model_data": 201}, "model": "item/blizzardsword"},
		{ "predicate": {"custom_model_data": 202}, "model": "item/icesword_kiwami"}
        ]
}
