{
    "parent": "item/handheld",
    "textures": {
        "layer0": "item/iron_sword"
    },
	"overrides": [
		{ "predicate": {"custom_model_data": 1}, "model": "item/emerald_sword"},
		{ "predicate": {"custom_model_data": 2}, "model": "item/lapis_sword"},
		{ "predicate": {"custom_model_data": 101}, "model": "item/very_rusty_sword"},
		{ "predicate": {"custom_model_data": 102}, "model": "item/rusty_sword"},
		{ "predicate": {"custom_model_data": 103}, "model": "item/little_rusty_sword"},
		{ "predicate": {"custom_model_data": 104}, "model": "item/glittery_sword"},
		{ "predicate": {"custom_model_data": 105}, "model": "item/shiny_sword"},
		{ "predicate": {"custom_model_data": 106}, "model": "item/treasure_sword"},
		{ "predicate": {"custom_model_data": 107}, "model": "item/water_sword"},
		{ "predicate": {"custom_model_data": 108}, "model": "item/redstone_sword"},
		{ "predicate": {"custom_model_data": 109}, "model": "item/katana"},
		{ "predicate": {"custom_model_data": 110}, "model": "item/desuso_doa"},
		{ "predicate": {"custom_model_data": 111}, "model": "item/desuso_dob"},
		{ "predicate": {"custom_model_data": 112}, "model": "item/benizakura"}
        ]
}
