{
    "parent": "item/handheld",
    "textures": {
        "layer0": "item/wooden_sword"
    },
    "overrides": [
        { "predicate": {"custom_model_data": 1}, "model": "item/zombie_sword"},
        { "predicate": {"custom_model_data": 2}, "model": "item/skeleton_sword"},
        { "predicate": {"custom_model_data": 3}, "model": "item/creeper_sword"},
        { "predicate": {"custom_model_data": 4}, "model": "item/skeleton_sword"},
        { "predicate": {"custom_model_data": 5}, "model": "item/enderman_sword"},
        { "predicate": {"custom_model_data": 6}, "model": "item/originsword"}
    ]
}
