{
    "parent": "item/handheld",
    "textures": {
        "layer0": "item/wooden_axe"
    },
    "overrides": [
        { "predicate": {"custom_model_data": 1}, "model": "item/zombie_axe"},
        { "predicate": {"custom_model_data": 2}, "model": "item/skeleton_axe"},
        { "predicate": {"custom_model_data": 3}, "model": "item/creeper_axe"},
        { "predicate": {"custom_model_data": 4}, "model": "item/spider_axe"},
        { "predicate": {"custom_model_data": 5}, "model": "item/enderman_axe"},
        { "predicate": {"custom_model_data": 6}, "model": "item/originaxe"}
    ]
}
