{"textures":{"0":"modelengine:entity/eyeofsorrow","1":"modelengine:entity/eospupil","2":"modelengine:entity/eospupilouter","3":"modelengine:entity/eospupiil"},"elements":[{"name":"cube","from":[7.52,7.4,8.0],"to":[8.719999,8.6,14.0],"rotation":{"angle":0.0,"axis":"x","origin":[8.12,8.0,8.3]},"faces":{"down":{"uv":[4.25,0.25,4.75,2.0],"rotation":0,"texture":"#0","tintindex":0},"east":{"uv":[3.0,0.25,4.75,0.75],"rotation":0,"texture":"#0","tintindex":0},"north":{"uv":[2.75,2.75,3.25,3.25],"rotation":0,"texture":"#0","tintindex":0},"south":{"uv":[2.75,2.0,3.25,2.5],"rotation":0,"texture":"#0","tintindex":0},"up":{"uv":[4.25,0.25,4.75,2.0],"rotation":0,"texture":"#0","tintindex":0},"west":{"uv":[3.0,0.75,4.75,1.25],"rotation":0,"texture":"#0","tintindex":0}}}],"display":{"head":{"translation":[0.0,-6.4,0.0],"rotation":[0.0,0.0,0.0],"scale":[3.8095,3.8095,3.8095]}}}