{"textures":{"0":"modelengine:entity/eyeofsorrow","1":"modelengine:entity/eospupil","2":"modelengine:entity/eospupilouter","3":"modelengine:entity/eospupiil"},"elements":[{"name":"head","from":[3.5359998,8.0,3.5359998],"to":[12.464001,16.928,12.464001],"rotation":{"angle":0.0,"axis":"x","origin":[8.0,-18.784,8.0]},"faces":{"down":{"uv":[6.0,0.0,4.0,2.0],"rotation":0,"texture":"#0","tintindex":0},"east":{"uv":[0.0,2.0,2.0,4.0],"rotation":0,"texture":"#0","tintindex":0},"north":{"uv":[2.0,2.0,4.0,4.0],"rotation":0,"texture":"#0","tintindex":0},"south":{"uv":[6.0,2.0,8.0,4.0],"rotation":0,"texture":"#0","tintindex":0},"up":{"uv":[4.0,2.0,2.0,0.0],"rotation":0,"texture":"#0","tintindex":0},"west":{"uv":[4.0,2.0,6.0,4.0],"rotation":0,"texture":"#0","tintindex":0}}},{"name":"hat layer","from":[2.978,7.442,2.978],"to":[13.021999,17.486,13.021999],"rotation":{"angle":0.0,"axis":"x","origin":[8.0,-18.784,8.0]},"faces":{"down":{"uv":[14.0,0.0,12.0,2.0],"rotation":0,"texture":"#0","tintindex":0},"east":{"uv":[8.0,2.0,10.0,4.0],"rotation":0,"texture":"#0","tintindex":0},"north":{"uv":[10.0,2.0,12.0,4.0],"rotation":0,"texture":"#0","tintindex":0},"south":{"uv":[14.0,2.0,16.0,4.0],"rotation":0,"texture":"#0","tintindex":0},"up":{"uv":[12.0,2.0,10.0,0.0],"rotation":0,"texture":"#0","tintindex":0},"west":{"uv":[12.0,2.0,14.0,4.0],"rotation":0,"texture":"#0","tintindex":0}}},{"name":"cube","from":[6.74,11.24,2.1799998],"to":[9.26,13.7,3.1999998],"rotation":{"angle":0.0,"axis":"x","origin":[8.0,3.7999997,8.0]},"faces":{"down":{"uv":[0.0,0.0,1.05,0.425],"rotation":0,"texture":"#1","tintindex":0},"east":{"uv":[0.0,0.0,0.425,1.025],"rotation":0,"texture":"#1","tintindex":0},"north":{"uv":[0.0,0.0,1.05,1.025],"rotation":0,"texture":"#1","tintindex":0},"south":{"uv":[0.0,0.0,1.05,1.025],"rotation":0,"texture":"#1","tintindex":0},"up":{"uv":[0.0,0.0,1.05,0.425],"rotation":0,"texture":"#1","tintindex":0},"west":{"uv":[0.0,0.0,0.425,1.025],"rotation":0,"texture":"#1","tintindex":0}}},{"name":"cube","from":[5.48,11.24,2.6],"to":[6.74,13.7,3.1999998],"rotation":{"angle":0.0,"axis":"x","origin":[8.0,3.7999997,8.0]},"faces":{"down":{"uv":[0.0,0.0,0.525,0.25],"rotation":0,"texture":"#2","tintindex":0},"east":{"uv":[0.0,0.0,0.25,1.025],"rotation":0,"texture":"#2","tintindex":0},"north":{"uv":[0.0,0.0,0.525,1.025],"rotation":0,"texture":"#2","tintindex":0},"south":{"uv":[0.0,0.0,0.525,1.025],"rotation":0,"texture":"#2","tintindex":0},"up":{"uv":[0.0,0.0,0.525,0.25],"rotation":0,"texture":"#2","tintindex":0},"west":{"uv":[0.0,0.0,0.25,1.025],"rotation":0,"texture":"#2","tintindex":0}}},{"name":"cube","from":[9.26,11.24,2.6],"to":[10.52,13.7,3.1999998],"rotation":{"angle":0.0,"axis":"x","origin":[8.0,3.7999997,8.0]},"faces":{"down":{"uv":[0.0,0.0,0.525,0.25],"rotation":0,"texture":"#2","tintindex":0},"east":{"uv":[0.0,0.0,0.25,1.025],"rotation":0,"texture":"#2","tintindex":0},"north":{"uv":[0.0,0.0,0.525,1.025],"rotation":0,"texture":"#2","tintindex":0},"south":{"uv":[0.0,0.0,0.525,1.025],"rotation":0,"texture":"#2","tintindex":0},"up":{"uv":[0.0,0.0,0.525,0.25],"rotation":0,"texture":"#2","tintindex":0},"west":{"uv":[0.0,0.0,0.25,1.025],"rotation":0,"texture":"#2","tintindex":0}}},{"name":"cube","from":[6.74,13.7,2.6],"to":[9.26,15.02,3.1999998],"rotation":{"angle":0.0,"axis":"x","origin":[8.0,3.7999997,8.0]},"faces":{"down":{"uv":[0.0,0.0,1.05,0.25],"rotation":0,"texture":"#2","tintindex":0},"east":{"uv":[0.0,0.0,0.25,0.55],"rotation":0,"texture":"#2","tintindex":0},"north":{"uv":[0.0,0.0,1.05,0.55],"rotation":0,"texture":"#2","tintindex":0},"south":{"uv":[0.0,0.0,1.05,0.55],"rotation":0,"texture":"#2","tintindex":0},"up":{"uv":[0.0,0.0,1.05,0.25],"rotation":0,"texture":"#2","tintindex":0},"west":{"uv":[0.0,0.0,0.25,0.55],"rotation":0,"texture":"#2","tintindex":0}}},{"name":"cube","from":[6.74,9.98,2.6],"to":[9.26,11.3,3.1999998],"rotation":{"angle":0.0,"axis":"x","origin":[8.0,3.7999997,8.0]},"faces":{"down":{"uv":[0.0,0.0,1.05,0.25],"rotation":0,"texture":"#2","tintindex":0},"east":{"uv":[0.0,0.0,0.25,0.55],"rotation":0,"texture":"#2","tintindex":0},"north":{"uv":[0.0,0.0,1.05,0.55],"rotation":0,"texture":"#2","tintindex":0},"south":{"uv":[0.0,0.0,1.05,0.55],"rotation":0,"texture":"#2","tintindex":0},"up":{"uv":[0.0,0.0,1.05,0.25],"rotation":0,"texture":"#2","tintindex":0},"west":{"uv":[0.0,0.0,0.25,0.55],"rotation":0,"texture":"#2","tintindex":0}}}],"display":{"head":{"translation":[0.0,-6.4,0.0],"rotation":[0.0,0.0,0.0],"scale":[3.8095,3.8095,3.8095]}}}