{"textures":{"0":"modelengine:entity/26955acf80725bc0"},"elements":[{"name":"body","from":[3.9176,8.084,5.5808],"to":[12.2336,13.375999,10.268],"rotation":{"angle":0.0,"axis":"x","origin":[8.0,2.0359993,8.0]},"faces":{"down":{"uv":[9.0,4.0,7.0,5.0],"rotation":0,"texture":"#0","tintindex":0},"east":{"uv":[3.5,6.5,4.5,8.0],"rotation":0,"texture":"#0","tintindex":0},"north":{"uv":[4.75,6.5,7.0,7.75],"rotation":0,"texture":"#0","tintindex":0},"south":{"uv":[8.25,6.5,10.0,7.75],"rotation":0,"texture":"#0","tintindex":0},"up":{"uv":[7.0,5.0,5.0,4.0],"rotation":0,"texture":"#0","tintindex":0},"west":{"uv":[7.0,6.5,8.0,8.0],"rotation":0,"texture":"#0","tintindex":0}}}],"display":{"head":{"translation":[0.0,-6.4,0.0],"rotation":[0.0,0.0,0.0],"scale":[3.8095,3.8095,3.8095]}}}