{"textures":{"0":"modelengine:entity/26955acf80725bc0"},"elements":[{"name":"left arm","from":[6.488,-1.072001,6.1856],"to":[9.511999,8.0,9.9656],"rotation":{"angle":0.0,"axis":"x","origin":[16.316002,8.0,7.6976]},"faces":{"down":{"uv":[11.0,12.0,10.0,13.0],"rotation":0,"texture":"#0","tintindex":0},"east":{"uv":[8.0,13.0,9.0,16.0],"rotation":0,"texture":"#0","tintindex":0},"north":{"uv":[9.0,13.0,10.0,16.0],"rotation":0,"texture":"#0","tintindex":0},"south":{"uv":[11.0,13.0,12.0,16.0],"rotation":0,"texture":"#0","tintindex":0},"up":{"uv":[10.0,13.0,9.0,12.0],"rotation":0,"texture":"#0","tintindex":0},"west":{"uv":[10.0,13.0,11.0,16.0],"rotation":0,"texture":"#0","tintindex":0}}}],"display":{"head":{"translation":[0.0,-6.4,0.0],"rotation":[0.0,0.0,0.0],"scale":[3.8095,3.8095,3.8095]}}}