{"textures":{"0":"modelengine:entity/26955acf80725bc0"},"elements":[{"name":"left leg","from":[5.2028,1.1959996,6.0344],"to":[9.7388,8.0,9.8144],"rotation":{"angle":0.0,"axis":"x","origin":[11.7044,-1.072001,8.3024]},"faces":{"down":{"uv":[7.0,12.0,6.0,13.0],"rotation":0,"texture":"#0","tintindex":0},"east":{"uv":[4.0,13.0,5.0,16.0],"rotation":0,"texture":"#0","tintindex":0},"north":{"uv":[5.0,13.0,6.0,16.0],"rotation":0,"texture":"#0","tintindex":0},"south":{"uv":[7.0,13.0,8.0,16.0],"rotation":0,"texture":"#0","tintindex":0},"up":{"uv":[6.0,13.0,5.0,12.0],"rotation":0,"texture":"#0","tintindex":0},"west":{"uv":[6.0,13.0,7.0,16.0],"rotation":0,"texture":"#0","tintindex":0}}}],"display":{"head":{"translation":[0.0,-6.4,0.0],"rotation":[0.0,0.0,0.0],"scale":[3.8095,3.8095,3.8095]}}}