{"textures":{"0":"modelengine:entity/26955acf80725bc0"},"elements":[{"name":"right arm","from":[6.488,-1.0719995,6.1099997],"to":[9.511999,8.0,9.889999],"rotation":{"angle":0.0,"axis":"x","origin":[-0.31600022,-1.0719995,8.378]},"faces":{"down":{"uv":[13.0,4.0,12.0,5.0],"rotation":0,"texture":"#0","tintindex":0},"east":{"uv":[10.0,5.0,11.0,8.0],"rotation":0,"texture":"#0","tintindex":0},"north":{"uv":[11.0,5.0,12.0,8.0],"rotation":0,"texture":"#0","tintindex":0},"south":{"uv":[13.0,5.0,14.0,8.0],"rotation":0,"texture":"#0","tintindex":0},"up":{"uv":[12.0,5.0,11.0,4.0],"rotation":0,"texture":"#0","tintindex":0},"west":{"uv":[12.0,5.0,13.0,8.0],"rotation":0,"texture":"#0","tintindex":0}}}],"display":{"head":{"translation":[0.0,-6.4,0.0],"rotation":[0.0,0.0,0.0],"scale":[3.8095,3.8095,3.8095]}}}