{"textures":{"0":"modelengine:entity/26955acf80725bc0"},"elements":[{"name":"body","from":[1.1959996,8.0,4.976],"to":[14.804,14.804,10.268],"rotation":{"angle":0.0,"axis":"x","origin":[8.0,-3.3400002,8.0]},"faces":{"down":{"uv":[7.0,4.0,5.0,5.0],"rotation":0,"texture":"#0","tintindex":0},"east":{"uv":[4.0,5.0,5.0,6.5],"rotation":0,"texture":"#0","tintindex":0},"north":{"uv":[5.0,5.0,8.0,6.5],"rotation":0,"texture":"#0","tintindex":0},"south":{"uv":[6.5,5.0,10.0,6.5],"rotation":0,"texture":"#0","tintindex":0},"up":{"uv":[7.0,5.0,5.0,4.0],"rotation":0,"texture":"#0","tintindex":0},"west":{"uv":[7.0,5.0,8.0,6.5],"rotation":0,"texture":"#0","tintindex":0}}},{"name":"cube","from":[7.244,10.268,4.22],"to":[8.7560005,11.78,11.024],"rotation":{"angle":0.0,"axis":"x","origin":[8.0,-10.900001,8.0]},"faces":{"down":{"uv":[6.75,7.25,8.25,8.0],"rotation":0,"texture":"#0","tintindex":0},"east":{"uv":[6.75,7.25,8.0,7.75],"rotation":0,"texture":"#0","tintindex":0},"north":{"uv":[8.25,7.0,8.75,7.5],"rotation":0,"texture":"#0","tintindex":0},"south":{"uv":[8.25,7.0,8.75,7.5],"rotation":0,"texture":"#0","tintindex":0},"up":{"uv":[6.75,7.25,8.25,7.75],"rotation":0,"texture":"#0","tintindex":0},"west":{"uv":[6.75,7.5,8.25,7.75],"rotation":0,"texture":"#0","tintindex":0}}},{"name":"cube","from":[5.7320004,8.755999,4.22],"to":[7.244,10.268,11.024],"rotation":{"angle":0.0,"axis":"x","origin":[8.0,-10.900001,8.0]},"faces":{"down":{"uv":[6.75,7.25,8.25,8.0],"rotation":0,"texture":"#0","tintindex":0},"east":{"uv":[6.75,7.25,8.0,7.75],"rotation":0,"texture":"#0","tintindex":0},"north":{"uv":[8.25,7.0,8.75,7.5],"rotation":0,"texture":"#0","tintindex":0},"south":{"uv":[8.25,7.0,8.75,7.5],"rotation":0,"texture":"#0","tintindex":0},"up":{"uv":[6.75,7.25,8.25,7.75],"rotation":0,"texture":"#0","tintindex":0},"west":{"uv":[6.75,7.5,8.25,7.75],"rotation":0,"texture":"#0","tintindex":0}}},{"name":"cube","from":[4.22,8.0,4.22],"to":[5.7320004,9.512001,11.024],"rotation":{"angle":0.0,"axis":"x","origin":[8.0,-10.900001,8.0]},"faces":{"down":{"uv":[6.75,7.25,8.25,8.0],"rotation":0,"texture":"#0","tintindex":0},"east":{"uv":[6.75,7.25,8.0,7.75],"rotation":0,"texture":"#0","tintindex":0},"north":{"uv":[9.25,6.75,9.75,7.25],"rotation":0,"texture":"#0","tintindex":0},"south":{"uv":[9.25,6.75,9.75,7.25],"rotation":0,"texture":"#0","tintindex":0},"up":{"uv":[6.75,7.25,8.25,7.75],"rotation":0,"texture":"#0","tintindex":0},"west":{"uv":[6.75,7.5,8.25,7.75],"rotation":0,"texture":"#0","tintindex":0}}},{"name":"cube","from":[2.708,7.244,4.22],"to":[4.22,8.755999,11.024],"rotation":{"angle":0.0,"axis":"x","origin":[8.0,-10.900001,8.0]},"faces":{"down":{"uv":[6.75,7.25,7.5,8.0],"rotation":0,"texture":"#0","tintindex":0},"east":{"uv":[6.75,7.25,8.0,7.75],"rotation":0,"texture":"#0","tintindex":0},"north":{"uv":[0.25,6.0,0.75,6.5],"rotation":0,"texture":"#0","tintindex":0},"south":{"uv":[0.25,6.0,0.75,6.5],"rotation":0,"texture":"#0","tintindex":0},"up":{"uv":[6.75,7.25,8.25,7.75],"rotation":0,"texture":"#0","tintindex":0},"west":{"uv":[6.75,7.5,8.25,7.75],"rotation":0,"texture":"#0","tintindex":0}}},{"name":"cube","from":[8.7560005,11.024,4.22],"to":[10.268,12.536001,11.024],"rotation":{"angle":0.0,"axis":"x","origin":[8.0,-10.900001,8.0]},"faces":{"down":{"uv":[6.75,7.25,8.25,8.0],"rotation":0,"texture":"#0","tintindex":0},"east":{"uv":[6.75,7.25,8.0,7.75],"rotation":0,"texture":"#0","tintindex":0},"north":{"uv":[9.25,6.75,9.75,7.25],"rotation":0,"texture":"#0","tintindex":0},"south":{"uv":[6.0,7.0,6.5,7.5],"rotation":0,"texture":"#0","tintindex":0},"up":{"uv":[6.75,7.25,8.25,7.75],"rotation":0,"texture":"#0","tintindex":0},"west":{"uv":[6.75,7.5,8.25,7.75],"rotation":0,"texture":"#0","tintindex":0}}},{"name":"cube","from":[10.268,11.78,4.22],"to":[11.780001,13.292,11.024],"rotation":{"angle":0.0,"axis":"x","origin":[8.0,-10.900001,8.0]},"faces":{"down":{"uv":[6.75,7.25,8.25,8.0],"rotation":0,"texture":"#0","tintindex":0},"east":{"uv":[6.75,7.25,8.0,7.75],"rotation":0,"texture":"#0","tintindex":0},"north":{"uv":[5.25,6.75,5.75,7.25],"rotation":0,"texture":"#0","tintindex":0},"south":{"uv":[9.25,6.75,9.75,7.25],"rotation":0,"texture":"#0","tintindex":0},"up":{"uv":[6.75,7.25,8.25,7.75],"rotation":0,"texture":"#0","tintindex":0},"west":{"uv":[6.75,7.5,8.25,7.75],"rotation":0,"texture":"#0","tintindex":0}}},{"name":"cube","from":[11.780001,12.536001,4.22],"to":[13.292,14.048001,11.024],"rotation":{"angle":0.0,"axis":"x","origin":[8.0,-10.900001,8.0]},"faces":{"down":{"uv":[6.75,7.25,8.25,8.0],"rotation":0,"texture":"#0","tintindex":0},"east":{"uv":[6.75,7.25,8.0,7.75],"rotation":0,"texture":"#0","tintindex":0},"north":{"uv":[3.5,5.5,4.0,6.0],"rotation":0,"texture":"#0","tintindex":0},"south":{"uv":[1.0,5.75,1.5,6.25],"rotation":0,"texture":"#0","tintindex":0},"up":{"uv":[6.75,7.25,8.25,7.75],"rotation":0,"texture":"#0","tintindex":0},"west":{"uv":[6.75,7.5,8.25,7.75],"rotation":0,"texture":"#0","tintindex":0}}},{"name":"cube","from":[12.536,14.048001,4.22],"to":[14.048,15.559999,11.024],"rotation":{"angle":0.0,"axis":"x","origin":[8.0,-10.900001,8.0]},"faces":{"down":{"uv":[6.75,7.25,8.25,8.0],"rotation":0,"texture":"#0","tintindex":0},"east":{"uv":[6.75,7.25,8.0,7.75],"rotation":0,"texture":"#0","tintindex":0},"north":{"uv":[0.25,5.0,0.75,5.5],"rotation":0,"texture":"#0","tintindex":0},"south":{"uv":[0.25,5.0,0.75,5.5],"rotation":0,"texture":"#0","tintindex":0},"up":{"uv":[6.75,7.25,7.25,7.75],"rotation":0,"texture":"#0","tintindex":0},"west":{"uv":[6.75,7.5,8.25,7.75],"rotation":0,"texture":"#0","tintindex":0}}}],"display":{"head":{"translation":[0.0,-6.4,0.0],"rotation":[0.0,0.0,0.0],"scale":[3.8095,3.8095,3.8095]}}}