{"textures":{"0":"modelengine:entity/tekitou"},"elements":[{"from":[11.428572,8.0,11.142858],"to":[11.714286,8.285714,12.0],"rotation":{"angle":45.0,"axis":"y","origin":[8.0,8.0,8.0]},"faces":{"east":{"uv":[14.0,13.5,14.5,15.0],"rotation":90,"texture":"#0","tintindex":0},"south":{"uv":[14.0,14.5,14.5,15.0],"rotation":0,"texture":"#0","tintindex":0},"north":{"uv":[14.5,13.5,14.0,14.0],"rotation":0,"texture":"#0","tintindex":0},"west":{"uv":[14.0,13.5,14.5,15.0],"rotation":270,"texture":"#0","tintindex":0},"up":{"uv":[14.0,13.5,14.5,15.0],"rotation":0,"texture":"#0","tintindex":0},"down":{"uv":[14.0,15.0,14.5,13.5],"rotation":0,"texture":"#0","tintindex":0}}},{"from":[4.285714,8.0,4.5714283],"to":[4.5714283,8.285714,4.8571424],"rotation":{"angle":45.0,"axis":"y","origin":[8.0,8.0,8.0]},"faces":{"east":{"uv":[1.5,2.0,2.0,2.5],"rotation":90,"texture":"#0","tintindex":0},"south":{"uv":[1.5,2.0,2.0,2.5],"rotation":0,"texture":"#0","tintindex":0},"north":{"uv":[2.0,2.0,1.5,2.5],"rotation":0,"texture":"#0","tintindex":0},"west":{"uv":[1.5,2.0,2.0,2.5],"rotation":270,"texture":"#0","tintindex":0},"up":{"uv":[1.5,2.0,2.0,2.5],"rotation":0,"texture":"#0","tintindex":0},"down":{"uv":[1.5,2.5,2.0,2.0],"rotation":0,"texture":"#0","tintindex":0}}},{"from":[8.857143,8.0,8.571428],"to":[9.142858,8.285714,9.428572],"rotation":{"angle":45.0,"axis":"y","origin":[8.0,8.0,8.0]},"faces":{"east":{"uv":[9.5,9.0,10.0,10.5],"rotation":90,"texture":"#0","tintindex":0},"south":{"uv":[9.5,10.0,10.0,10.5],"rotation":0,"texture":"#0","tintindex":0},"north":{"uv":[10.0,9.0,9.5,9.5],"rotation":0,"texture":"#0","tintindex":0},"west":{"uv":[9.5,9.0,10.0,10.5],"rotation":270,"texture":"#0","tintindex":0},"up":{"uv":[9.5,9.0,10.0,10.5],"rotation":0,"texture":"#0","tintindex":0},"down":{"uv":[9.5,10.5,10.0,9.0],"rotation":0,"texture":"#0","tintindex":0}}},{"from":[5.142857,8.0,4.8571424],"to":[5.428571,8.285714,5.714286],"rotation":{"angle":45.0,"axis":"y","origin":[8.0,8.0,8.0]},"faces":{"east":{"uv":[3.0,2.5,3.5,4.0],"rotation":90,"texture":"#0","tintindex":0},"south":{"uv":[3.0,3.5,3.5,4.0],"rotation":0,"texture":"#0","tintindex":0},"north":{"uv":[3.5,2.5,3.0,3.0],"rotation":0,"texture":"#0","tintindex":0},"west":{"uv":[3.0,2.5,3.5,4.0],"rotation":270,"texture":"#0","tintindex":0},"up":{"uv":[3.0,2.5,3.5,4.0],"rotation":0,"texture":"#0","tintindex":0},"down":{"uv":[3.0,4.0,3.5,2.5],"rotation":0,"texture":"#0","tintindex":0}}},{"from":[9.428572,8.0,9.142858],"to":[9.714286,8.285714,10.0],"rotation":{"angle":45.0,"axis":"y","origin":[8.0,8.0,8.0]},"faces":{"east":{"uv":[10.5,10.0,11.0,11.5],"rotation":90,"texture":"#0","tintindex":0},"south":{"uv":[10.5,11.0,11.0,11.5],"rotation":0,"texture":"#0","tintindex":0},"north":{"uv":[11.0,10.0,10.5,10.5],"rotation":0,"texture":"#0","tintindex":0},"west":{"uv":[10.5,10.0,11.0,11.5],"rotation":270,"texture":"#0","tintindex":0},"up":{"uv":[10.5,10.0,11.0,11.5],"rotation":0,"texture":"#0","tintindex":0},"down":{"uv":[10.5,11.5,11.0,10.0],"rotation":0,"texture":"#0","tintindex":0}}},{"from":[10.285714,8.0,10.0],"to":[10.571428,8.285714,10.857143],"rotation":{"angle":45.0,"axis":"y","origin":[8.0,8.0,8.0]},"faces":{"east":{"uv":[12.0,11.5,12.5,13.0],"rotation":90,"texture":"#0","tintindex":0},"south":{"uv":[12.0,12.5,12.5,13.0],"rotation":0,"texture":"#0","tintindex":0},"north":{"uv":[12.5,11.5,12.0,12.0],"rotation":0,"texture":"#0","tintindex":0},"west":{"uv":[12.0,11.5,12.5,13.0],"rotation":270,"texture":"#0","tintindex":0},"up":{"uv":[12.0,11.5,12.5,13.0],"rotation":0,"texture":"#0","tintindex":0},"down":{"uv":[12.0,13.0,12.5,11.5],"rotation":0,"texture":"#0","tintindex":0}}},{"from":[12.0,8.0,11.714286],"to":[12.285715,8.285714,12.571428],"rotation":{"angle":45.0,"axis":"y","origin":[8.0,8.0,8.0]},"faces":{"east":{"uv":[15.0,14.5,15.5,16.0],"rotation":90,"texture":"#0","tintindex":0},"south":{"uv":[15.0,15.5,15.5,16.0],"rotation":0,"texture":"#0","tintindex":0},"north":{"uv":[15.5,14.5,15.0,15.0],"rotation":0,"texture":"#0","tintindex":0},"west":{"uv":[15.0,14.5,15.5,16.0],"rotation":270,"texture":"#0","tintindex":0},"up":{"uv":[15.0,14.5,15.5,16.0],"rotation":0,"texture":"#0","tintindex":0},"down":{"uv":[15.0,16.0,15.5,14.5],"rotation":0,"texture":"#0","tintindex":0}}},{"from":[12.285715,8.0,12.0],"to":[12.571428,8.285714,12.571428],"rotation":{"angle":45.0,"axis":"y","origin":[8.0,8.0,8.0]},"faces":{"east":{"uv":[15.5,15.0,16.0,16.0],"rotation":90,"texture":"#0","tintindex":0},"south":{"uv":[15.5,15.5,16.0,16.0],"rotation":0,"texture":"#0","tintindex":0},"north":{"uv":[16.0,15.0,15.5,15.5],"rotation":0,"texture":"#0","tintindex":0},"west":{"uv":[15.5,15.0,16.0,16.0],"rotation":270,"texture":"#0","tintindex":0},"up":{"uv":[15.5,15.0,16.0,16.0],"rotation":0,"texture":"#0","tintindex":0},"down":{"uv":[15.5,16.0,16.0,15.0],"rotation":0,"texture":"#0","tintindex":0}}},{"from":[4.8571424,8.0,4.5714283],"to":[5.142857,8.285714,5.428571],"rotation":{"angle":45.0,"axis":"y","origin":[8.0,8.0,8.0]},"faces":{"east":{"uv":[2.5,2.0,3.0,3.5],"rotation":90,"texture":"#0","tintindex":0},"south":{"uv":[2.5,3.0,3.0,3.5],"rotation":0,"texture":"#0","tintindex":0},"north":{"uv":[3.0,2.0,2.5,2.5],"rotation":0,"texture":"#0","tintindex":0},"west":{"uv":[2.5,2.0,3.0,3.5],"rotation":270,"texture":"#0","tintindex":0},"up":{"uv":[2.5,2.0,3.0,3.5],"rotation":0,"texture":"#0","tintindex":0},"down":{"uv":[2.5,3.5,3.0,2.0],"rotation":0,"texture":"#0","tintindex":0}}},{"from":[6.285714,8.0,6.0],"to":[6.5714283,8.285714,6.857143],"rotation":{"angle":45.0,"axis":"y","origin":[8.0,8.0,8.0]},"faces":{"east":{"uv":[5.0,4.5,5.5,6.0],"rotation":90,"texture":"#0","tintindex":0},"south":{"uv":[5.0,5.5,5.5,6.0],"rotation":0,"texture":"#0","tintindex":0},"north":{"uv":[5.5,4.5,5.0,5.0],"rotation":0,"texture":"#0","tintindex":0},"west":{"uv":[5.0,4.5,5.5,6.0],"rotation":270,"texture":"#0","tintindex":0},"up":{"uv":[5.0,4.5,5.5,6.0],"rotation":0,"texture":"#0","tintindex":0},"down":{"uv":[5.0,6.0,5.5,4.5],"rotation":0,"texture":"#0","tintindex":0}}},{"from":[6.0,8.0,5.714286],"to":[6.285714,8.285714,6.5714283],"rotation":{"angle":45.0,"axis":"y","origin":[8.0,8.0,8.0]},"faces":{"east":{"uv":[4.5,4.0,5.0,5.5],"rotation":90,"texture":"#0","tintindex":0},"south":{"uv":[4.5,5.0,5.0,5.5],"rotation":0,"texture":"#0","tintindex":0},"north":{"uv":[5.0,4.0,4.5,4.5],"rotation":0,"texture":"#0","tintindex":0},"west":{"uv":[4.5,4.0,5.0,5.5],"rotation":270,"texture":"#0","tintindex":0},"up":{"uv":[4.5,4.0,5.0,5.5],"rotation":0,"texture":"#0","tintindex":0},"down":{"uv":[4.5,5.5,5.0,4.0],"rotation":0,"texture":"#0","tintindex":0}}},{"from":[9.714286,8.0,9.428572],"to":[10.0,8.285714,10.285714],"rotation":{"angle":45.0,"axis":"y","origin":[8.0,8.0,8.0]},"faces":{"east":{"uv":[11.0,10.5,11.5,12.0],"rotation":90,"texture":"#0","tintindex":0},"south":{"uv":[11.0,11.5,11.5,12.0],"rotation":0,"texture":"#0","tintindex":0},"north":{"uv":[11.5,10.5,11.0,11.0],"rotation":0,"texture":"#0","tintindex":0},"west":{"uv":[11.0,10.5,11.5,12.0],"rotation":270,"texture":"#0","tintindex":0},"up":{"uv":[11.0,10.5,11.5,12.0],"rotation":0,"texture":"#0","tintindex":0},"down":{"uv":[11.0,12.0,11.5,10.5],"rotation":0,"texture":"#0","tintindex":0}}},{"from":[7.714286,8.0,7.428571],"to":[8.0,8.285714,8.285714],"rotation":{"angle":45.0,"axis":"y","origin":[8.0,8.0,8.0]},"faces":{"east":{"uv":[7.5,7.0,8.0,8.5],"rotation":90,"texture":"#0","tintindex":0},"south":{"uv":[7.5,8.0,8.0,8.5],"rotation":0,"texture":"#0","tintindex":0},"north":{"uv":[8.0,7.0,7.5,7.5],"rotation":0,"texture":"#0","tintindex":0},"west":{"uv":[7.5,7.0,8.0,8.5],"rotation":270,"texture":"#0","tintindex":0},"up":{"uv":[7.5,7.0,8.0,8.5],"rotation":0,"texture":"#0","tintindex":0},"down":{"uv":[7.5,8.5,8.0,7.0],"rotation":0,"texture":"#0","tintindex":0}}},{"from":[6.857143,8.0,6.5714283],"to":[7.142857,8.285714,7.428571],"rotation":{"angle":45.0,"axis":"y","origin":[8.0,8.0,8.0]},"faces":{"east":{"uv":[6.0,5.5,6.5,7.0],"rotation":90,"texture":"#0","tintindex":0},"south":{"uv":[6.0,6.5,6.5,7.0],"rotation":0,"texture":"#0","tintindex":0},"north":{"uv":[6.5,5.5,6.0,6.0],"rotation":0,"texture":"#0","tintindex":0},"west":{"uv":[6.0,5.5,6.5,7.0],"rotation":270,"texture":"#0","tintindex":0},"up":{"uv":[6.0,5.5,6.5,7.0],"rotation":0,"texture":"#0","tintindex":0},"down":{"uv":[6.0,7.0,6.5,5.5],"rotation":0,"texture":"#0","tintindex":0}}},{"from":[6.5714283,8.0,6.285714],"to":[6.857143,8.285714,7.142857],"rotation":{"angle":45.0,"axis":"y","origin":[8.0,8.0,8.0]},"faces":{"east":{"uv":[5.5,5.0,6.0,6.5],"rotation":90,"texture":"#0","tintindex":0},"south":{"uv":[5.5,6.0,6.0,6.5],"rotation":0,"texture":"#0","tintindex":0},"north":{"uv":[6.0,5.0,5.5,5.5],"rotation":0,"texture":"#0","tintindex":0},"west":{"uv":[5.5,5.0,6.0,6.5],"rotation":270,"texture":"#0","tintindex":0},"up":{"uv":[5.5,5.0,6.0,6.5],"rotation":0,"texture":"#0","tintindex":0},"down":{"uv":[5.5,6.5,6.0,5.0],"rotation":0,"texture":"#0","tintindex":0}}},{"from":[9.142858,8.0,8.857143],"to":[9.428572,8.285714,9.714286],"rotation":{"angle":45.0,"axis":"y","origin":[8.0,8.0,8.0]},"faces":{"east":{"uv":[10.0,9.5,10.5,11.0],"rotation":90,"texture":"#0","tintindex":0},"south":{"uv":[10.0,10.5,10.5,11.0],"rotation":0,"texture":"#0","tintindex":0},"north":{"uv":[10.5,9.5,10.0,10.0],"rotation":0,"texture":"#0","tintindex":0},"west":{"uv":[10.0,9.5,10.5,11.0],"rotation":270,"texture":"#0","tintindex":0},"up":{"uv":[10.0,9.5,10.5,11.0],"rotation":0,"texture":"#0","tintindex":0},"down":{"uv":[10.0,11.0,10.5,9.5],"rotation":0,"texture":"#0","tintindex":0}}},{"from":[8.285714,8.0,8.0],"to":[8.571428,8.285714,8.857143],"rotation":{"angle":45.0,"axis":"y","origin":[8.0,8.0,8.0]},"faces":{"east":{"uv":[8.5,8.0,9.0,9.5],"rotation":90,"texture":"#0","tintindex":0},"south":{"uv":[8.5,9.0,9.0,9.5],"rotation":0,"texture":"#0","tintindex":0},"north":{"uv":[9.0,8.0,8.5,8.5],"rotation":0,"texture":"#0","tintindex":0},"west":{"uv":[8.5,8.0,9.0,9.5],"rotation":270,"texture":"#0","tintindex":0},"up":{"uv":[8.5,8.0,9.0,9.5],"rotation":0,"texture":"#0","tintindex":0},"down":{"uv":[8.5,9.5,9.0,8.0],"rotation":0,"texture":"#0","tintindex":0}}},{"from":[4.5714283,8.0,3.4285712],"to":[5.142857,8.285714,4.0],"rotation":{"angle":45.0,"axis":"y","origin":[8.0,8.0,8.0]},"faces":{"east":{"uv":[2.5,0.0,3.0,1.0],"rotation":90,"texture":"#0","tintindex":0},"south":{"uv":[2.0,0.5,3.0,1.0],"rotation":0,"texture":"#0","tintindex":0},"north":{"uv":[3.0,0.0,2.0,0.5],"rotation":0,"texture":"#0","tintindex":0},"west":{"uv":[2.0,0.0,2.5,1.0],"rotation":270,"texture":"#0","tintindex":0},"up":{"uv":[2.0,0.0,3.0,1.0],"rotation":0,"texture":"#0","tintindex":0},"down":{"uv":[2.0,1.0,3.0,0.0],"rotation":0,"texture":"#0","tintindex":0}}},{"from":[5.714286,8.0,5.428571],"to":[6.0,8.285714,6.285714],"rotation":{"angle":45.0,"axis":"y","origin":[8.0,8.0,8.0]},"faces":{"east":{"uv":[4.0,3.5,4.5,5.0],"rotation":90,"texture":"#0","tintindex":0},"south":{"uv":[4.0,4.5,4.5,5.0],"rotation":0,"texture":"#0","tintindex":0},"north":{"uv":[4.5,3.5,4.0,4.0],"rotation":0,"texture":"#0","tintindex":0},"west":{"uv":[4.0,3.5,4.5,5.0],"rotation":270,"texture":"#0","tintindex":0},"up":{"uv":[4.0,3.5,4.5,5.0],"rotation":0,"texture":"#0","tintindex":0},"down":{"uv":[4.0,5.0,4.5,3.5],"rotation":0,"texture":"#0","tintindex":0}}},{"from":[8.571428,8.0,8.285714],"to":[8.857143,8.285714,9.142858],"rotation":{"angle":45.0,"axis":"y","origin":[8.0,8.0,8.0]},"faces":{"east":{"uv":[9.0,8.5,9.5,10.0],"rotation":90,"texture":"#0","tintindex":0},"south":{"uv":[9.0,9.5,9.5,10.0],"rotation":0,"texture":"#0","tintindex":0},"north":{"uv":[9.5,8.5,9.0,9.0],"rotation":0,"texture":"#0","tintindex":0},"west":{"uv":[9.0,8.5,9.5,10.0],"rotation":270,"texture":"#0","tintindex":0},"up":{"uv":[9.0,8.5,9.5,10.0],"rotation":0,"texture":"#0","tintindex":0},"down":{"uv":[9.0,10.0,9.5,8.5],"rotation":0,"texture":"#0","tintindex":0}}},{"from":[4.5714283,8.0,4.285714],"to":[4.8571424,8.285714,5.142857],"rotation":{"angle":45.0,"axis":"y","origin":[8.0,8.0,8.0]},"faces":{"east":{"uv":[2.0,1.5,2.5,3.0],"rotation":90,"texture":"#0","tintindex":0},"south":{"uv":[2.0,2.5,2.5,3.0],"rotation":0,"texture":"#0","tintindex":0},"north":{"uv":[2.5,1.5,2.0,2.0],"rotation":0,"texture":"#0","tintindex":0},"west":{"uv":[2.0,1.5,2.5,3.0],"rotation":270,"texture":"#0","tintindex":0},"up":{"uv":[2.0,1.5,2.5,3.0],"rotation":0,"texture":"#0","tintindex":0},"down":{"uv":[2.0,3.0,2.5,1.5],"rotation":0,"texture":"#0","tintindex":0}}},{"from":[10.0,8.0,9.714286],"to":[10.285714,8.285714,10.571428],"rotation":{"angle":45.0,"axis":"y","origin":[8.0,8.0,8.0]},"faces":{"east":{"uv":[11.5,11.0,12.0,12.5],"rotation":90,"texture":"#0","tintindex":0},"south":{"uv":[11.5,12.0,12.0,12.5],"rotation":0,"texture":"#0","tintindex":0},"north":{"uv":[12.0,11.0,11.5,11.5],"rotation":0,"texture":"#0","tintindex":0},"west":{"uv":[11.5,11.0,12.0,12.5],"rotation":270,"texture":"#0","tintindex":0},"up":{"uv":[11.5,11.0,12.0,12.5],"rotation":0,"texture":"#0","tintindex":0},"down":{"uv":[11.5,12.5,12.0,11.0],"rotation":0,"texture":"#0","tintindex":0}}},{"from":[5.142857,8.0,3.4285712],"to":[6.0,8.285714,3.7142854],"rotation":{"angle":45.0,"axis":"y","origin":[8.0,8.0,8.0]},"faces":{"east":{"uv":[4.0,0.0,4.5,0.5],"rotation":90,"texture":"#0","tintindex":0},"south":{"uv":[3.0,0.0,4.5,0.5],"rotation":0,"texture":"#0","tintindex":0},"north":{"uv":[4.5,0.0,3.0,0.5],"rotation":0,"texture":"#0","tintindex":0},"west":{"uv":[3.0,0.0,3.5,0.5],"rotation":270,"texture":"#0","tintindex":0},"up":{"uv":[3.0,0.0,4.5,0.5],"rotation":0,"texture":"#0","tintindex":0},"down":{"uv":[3.0,0.5,4.5,0.0],"rotation":0,"texture":"#0","tintindex":0}}},{"from":[3.4285712,8.0,4.5714283],"to":[4.0,8.285714,5.142857],"rotation":{"angle":45.0,"axis":"y","origin":[8.0,8.0,8.0]},"faces":{"east":{"uv":[0.5,2.0,1.0,3.0],"rotation":90,"texture":"#0","tintindex":0},"south":{"uv":[0.0,2.5,1.0,3.0],"rotation":0,"texture":"#0","tintindex":0},"north":{"uv":[1.0,2.0,0.0,2.5],"rotation":0,"texture":"#0","tintindex":0},"west":{"uv":[0.0,2.0,0.5,3.0],"rotation":270,"texture":"#0","tintindex":0},"up":{"uv":[0.0,2.0,1.0,3.0],"rotation":0,"texture":"#0","tintindex":0},"down":{"uv":[0.0,3.0,1.0,2.0],"rotation":0,"texture":"#0","tintindex":0}}},{"from":[8.0,8.0,7.714286],"to":[8.285714,8.285714,8.571428],"rotation":{"angle":45.0,"axis":"y","origin":[8.0,8.0,8.0]},"faces":{"east":{"uv":[8.0,7.5,8.5,9.0],"rotation":90,"texture":"#0","tintindex":0},"south":{"uv":[8.0,8.5,8.5,9.0],"rotation":0,"texture":"#0","tintindex":0},"north":{"uv":[8.5,7.5,8.0,8.0],"rotation":0,"texture":"#0","tintindex":0},"west":{"uv":[8.0,7.5,8.5,9.0],"rotation":270,"texture":"#0","tintindex":0},"up":{"uv":[8.0,7.5,8.5,9.0],"rotation":0,"texture":"#0","tintindex":0},"down":{"uv":[8.0,9.0,8.5,7.5],"rotation":0,"texture":"#0","tintindex":0}}},{"from":[5.428571,8.0,5.142857],"to":[5.714286,8.285714,6.0],"rotation":{"angle":45.0,"axis":"y","origin":[8.0,8.0,8.0]},"faces":{"east":{"uv":[3.5,3.0,4.0,4.5],"rotation":90,"texture":"#0","tintindex":0},"south":{"uv":[3.5,4.0,4.0,4.5],"rotation":0,"texture":"#0","tintindex":0},"north":{"uv":[4.0,3.0,3.5,3.5],"rotation":0,"texture":"#0","tintindex":0},"west":{"uv":[3.5,3.0,4.0,4.5],"rotation":270,"texture":"#0","tintindex":0},"up":{"uv":[3.5,3.0,4.0,4.5],"rotation":0,"texture":"#0","tintindex":0},"down":{"uv":[3.5,4.5,4.0,3.0],"rotation":0,"texture":"#0","tintindex":0}}},{"from":[7.142857,8.0,6.857143],"to":[7.428571,8.285714,7.714286],"rotation":{"angle":45.0,"axis":"y","origin":[8.0,8.0,8.0]},"faces":{"east":{"uv":[6.5,6.0,7.0,7.5],"rotation":90,"texture":"#0","tintindex":0},"south":{"uv":[6.5,7.0,7.0,7.5],"rotation":0,"texture":"#0","tintindex":0},"north":{"uv":[7.0,6.0,6.5,6.5],"rotation":0,"texture":"#0","tintindex":0},"west":{"uv":[6.5,6.0,7.0,7.5],"rotation":270,"texture":"#0","tintindex":0},"up":{"uv":[6.5,6.0,7.0,7.5],"rotation":0,"texture":"#0","tintindex":0},"down":{"uv":[6.5,7.5,7.0,6.0],"rotation":0,"texture":"#0","tintindex":0}}},{"from":[3.4285712,8.0,3.4285712],"to":[4.5714283,8.285714,4.5714283],"rotation":{"angle":45.0,"axis":"y","origin":[8.0,8.0,8.0]},"faces":{"east":{"uv":[1.5,0.0,2.0,2.0],"rotation":90,"texture":"#0","tintindex":0},"south":{"uv":[0.0,1.5,2.0,2.0],"rotation":0,"texture":"#0","tintindex":0},"north":{"uv":[2.0,0.0,0.0,0.5],"rotation":0,"texture":"#0","tintindex":0},"west":{"uv":[0.0,0.0,0.5,2.0],"rotation":270,"texture":"#0","tintindex":0},"up":{"uv":[0.0,0.0,2.0,2.0],"rotation":0,"texture":"#0","tintindex":0},"down":{"uv":[0.0,2.0,2.0,0.0],"rotation":0,"texture":"#0","tintindex":0}}},{"from":[10.571428,8.0,10.285714],"to":[10.857143,8.285714,11.142858],"rotation":{"angle":45.0,"axis":"y","origin":[8.0,8.0,8.0]},"faces":{"east":{"uv":[12.5,12.0,13.0,13.5],"rotation":90,"texture":"#0","tintindex":0},"south":{"uv":[12.5,13.0,13.0,13.5],"rotation":0,"texture":"#0","tintindex":0},"north":{"uv":[13.0,12.0,12.5,12.5],"rotation":0,"texture":"#0","tintindex":0},"west":{"uv":[12.5,12.0,13.0,13.5],"rotation":270,"texture":"#0","tintindex":0},"up":{"uv":[12.5,12.0,13.0,13.5],"rotation":0,"texture":"#0","tintindex":0},"down":{"uv":[12.5,13.5,13.0,12.0],"rotation":0,"texture":"#0","tintindex":0}}},{"from":[3.4285712,8.0,5.142857],"to":[3.7142854,8.285714,6.0],"rotation":{"angle":45.0,"axis":"y","origin":[8.0,8.0,8.0]},"faces":{"east":{"uv":[0.0,3.0,0.5,4.5],"rotation":90,"texture":"#0","tintindex":0},"south":{"uv":[0.0,4.0,0.5,4.5],"rotation":0,"texture":"#0","tintindex":0},"north":{"uv":[0.5,3.0,0.0,3.5],"rotation":0,"texture":"#0","tintindex":0},"west":{"uv":[0.0,3.0,0.5,4.5],"rotation":270,"texture":"#0","tintindex":0},"up":{"uv":[0.0,3.0,0.5,4.5],"rotation":0,"texture":"#0","tintindex":0},"down":{"uv":[0.0,4.5,0.5,3.0],"rotation":0,"texture":"#0","tintindex":0}}},{"from":[10.857143,8.0,10.571428],"to":[11.142858,8.285714,11.428572],"rotation":{"angle":45.0,"axis":"y","origin":[8.0,8.0,8.0]},"faces":{"east":{"uv":[13.0,12.5,13.5,14.0],"rotation":90,"texture":"#0","tintindex":0},"south":{"uv":[13.0,13.5,13.5,14.0],"rotation":0,"texture":"#0","tintindex":0},"north":{"uv":[13.5,12.5,13.0,13.0],"rotation":0,"texture":"#0","tintindex":0},"west":{"uv":[13.0,12.5,13.5,14.0],"rotation":270,"texture":"#0","tintindex":0},"up":{"uv":[13.0,12.5,13.5,14.0],"rotation":0,"texture":"#0","tintindex":0},"down":{"uv":[13.0,14.0,13.5,12.5],"rotation":0,"texture":"#0","tintindex":0}}},{"from":[11.714286,8.0,11.428572],"to":[12.0,8.285714,12.285715],"rotation":{"angle":45.0,"axis":"y","origin":[8.0,8.0,8.0]},"faces":{"east":{"uv":[14.5,14.0,15.0,15.5],"rotation":90,"texture":"#0","tintindex":0},"south":{"uv":[14.5,15.0,15.0,15.5],"rotation":0,"texture":"#0","tintindex":0},"north":{"uv":[15.0,14.0,14.5,14.5],"rotation":0,"texture":"#0","tintindex":0},"west":{"uv":[14.5,14.0,15.0,15.5],"rotation":270,"texture":"#0","tintindex":0},"up":{"uv":[14.5,14.0,15.0,15.5],"rotation":0,"texture":"#0","tintindex":0},"down":{"uv":[14.5,15.5,15.0,14.0],"rotation":0,"texture":"#0","tintindex":0}}},{"from":[11.142858,8.0,10.857143],"to":[11.428572,8.285714,11.714286],"rotation":{"angle":45.0,"axis":"y","origin":[8.0,8.0,8.0]},"faces":{"east":{"uv":[13.5,13.0,14.0,14.5],"rotation":90,"texture":"#0","tintindex":0},"south":{"uv":[13.5,14.0,14.0,14.5],"rotation":0,"texture":"#0","tintindex":0},"north":{"uv":[14.0,13.0,13.5,13.5],"rotation":0,"texture":"#0","tintindex":0},"west":{"uv":[13.5,13.0,14.0,14.5],"rotation":270,"texture":"#0","tintindex":0},"up":{"uv":[13.5,13.0,14.0,14.5],"rotation":0,"texture":"#0","tintindex":0},"down":{"uv":[13.5,14.5,14.0,13.0],"rotation":0,"texture":"#0","tintindex":0}}},{"from":[7.428571,8.0,7.142857],"to":[7.714286,8.285714,8.0],"rotation":{"angle":45.0,"axis":"y","origin":[8.0,8.0,8.0]},"faces":{"east":{"uv":[7.0,6.5,7.5,8.0],"rotation":90,"texture":"#0","tintindex":0},"south":{"uv":[7.0,7.5,7.5,8.0],"rotation":0,"texture":"#0","tintindex":0},"north":{"uv":[7.5,6.5,7.0,7.0],"rotation":0,"texture":"#0","tintindex":0},"west":{"uv":[7.0,6.5,7.5,8.0],"rotation":270,"texture":"#0","tintindex":0},"up":{"uv":[7.0,6.5,7.5,8.0],"rotation":0,"texture":"#0","tintindex":0},"down":{"uv":[7.0,8.0,7.5,6.5],"rotation":0,"texture":"#0","tintindex":0}}}],"display":{"head":{"translation":[0.0,-6.4,0.0],"scale":[4.0,4.0,4.0]}}}