{"textures":{"0":"modelengine:entity/yoru","1":"modelengine:entity/energyblade_texture1","2":"modelengine:entity/energyblade_texture2","3":"modelengine:entity/energyblade_ani2","4":"modelengine:entity/energyblade_ani1"},"elements":[{"name":"body","from":[5.6,4.3999996,6.8],"to":[10.4,11.6,9.2],"rotation":{"angle":0.0,"axis":"x","origin":[8.0,-2.8000002,8.0]},"faces":{"down":{"uv":[9.0,4.0,7.0,5.0],"rotation":0,"texture":"#0","tintindex":0},"east":{"uv":[4.0,5.0,5.0,8.0],"rotation":0,"texture":"#0","tintindex":0},"north":{"uv":[5.0,5.0,7.0,8.0],"rotation":0,"texture":"#0","tintindex":0},"south":{"uv":[8.0,5.0,10.0,8.0],"rotation":0,"texture":"#0","tintindex":0},"up":{"uv":[7.0,5.0,5.0,4.0],"rotation":0,"texture":"#0","tintindex":0},"west":{"uv":[7.0,5.0,8.0,8.0],"rotation":0,"texture":"#0","tintindex":0}}},{"name":"body layer","from":[5.45,4.25,6.6499996],"to":[10.55,11.75,9.35],"rotation":{"angle":0.0,"axis":"x","origin":[8.0,-2.8000002,8.0]},"faces":{"down":{"uv":[9.0,8.0,7.0,9.0],"rotation":0,"texture":"#0","tintindex":0},"east":{"uv":[4.0,9.0,5.0,12.0],"rotation":0,"texture":"#0","tintindex":0},"north":{"uv":[5.0,9.0,7.0,12.0],"rotation":0,"texture":"#0","tintindex":0},"south":{"uv":[8.0,9.0,10.0,12.0],"rotation":0,"texture":"#0","tintindex":0},"up":{"uv":[7.0,9.0,5.0,8.0],"rotation":0,"texture":"#0","tintindex":0},"west":{"uv":[7.0,9.0,8.0,12.0],"rotation":0,"texture":"#0","tintindex":0}}}],"display":{"head":{"translation":[0.0,-6.4,0.0],"rotation":[0.0,0.0,0.0],"scale":[3.8095,3.8095,3.8095]}}}