{
    "parent": "item/handheld",
    "textures": {
        "layer0": "item/pumpkin_pie"
    },
	"overrides": [
		{ "predicate": {"custom_model_data": 1}, "model": "item/wagashi"},
		{ "predicate": {"custom_model_data": 2}, "model": "item/mitarashi_dango"},
		{ "predicate": {"custom_model_data": 3}, "model": "item/dango_3_colors"},
		{ "predicate": {"custom_model_data": 4}, "model": "item/yatuhashi"},
		{ "predicate": {"custom_model_data": 5}, "model": "item/anko_dango"},
		{ "predicate": {"custom_model_data": 6}, "model": "item/dorayaki"},
		{ "predicate": {"custom_model_data": 7}, "model": "item/anmitu"},
		{ "predicate": {"custom_model_data": 8}, "model": "item/poteto"},
		{ "predicate": {"custom_model_data": 10}, "model": "item/takoyaki"},
		{ "predicate": {"custom_model_data": 11}, "model": "item/chocobanana"},
		{ "predicate": {"custom_model_data": 12}, "model": "item/wataame"},
		{ "predicate": {"custom_model_data": 13}, "model": "item/wataame_pink"},
		{ "predicate": {"custom_model_data": 14}, "model": "item/wataame_rainbow"},
		{ "predicate": {"custom_model_data": 15}, "model": "item/ikayaki"},
    { "predicate": {"custom_model_data": 16}, "model": "item/americandog"},
    { "predicate": {"custom_model_data": 17}, "model": "item/watermelonbar"},
    { "predicate": {"custom_model_data": 18}, "model": "item/sofutokuri-mu"}
    ]
}
