{
    "parent": "item/handheld",
    "textures": {
        "layer0": "item/stick"
    },
    "overrides": [
        { "predicate": {"custom_model_data": 1}, "model": "item/obsidian_stick"},
        { "predicate": {"custom_model_data": 2}, "model": "item/FireLoda"},
        { "predicate": {"custom_model_data": 3}, "model": "item/IceLoda"},
        { "predicate": {"custom_model_data": 4}, "model": "item/mizuhuusen1"},
        { "predicate": {"custom_model_data": 5}, "model": "item/mizuhuusen2"},
        { "predicate": {"custom_model_data": 6}, "model": "item/mizuhuusen3"},
        { "predicate": {"custom_model_data": 7}, "model": "item/mizuhuusen4"},
        { "predicate": {"custom_model_data": 8}, "model": "item/utiwa"},
        { "predicate": {"custom_model_data": 9}, "model": "item/suisou"},
        { "predicate": {"custom_model_data": 10}, "model": "item/kazu"},
        { "predicate": {"custom_model_data": 11}, "model": "item/kazu2"},
        { "predicate": {"custom_model_data": 12}, "model": "item/tenkubow"}
    ]
}
