{"textures":{"0":"minecraft:block/crying_obsidian","1":"modelengine:entity/leftbone","2":"minecraft:block/amethyst_block","3":"modelengine:entity/nulliblade","4":"modelengine:entity/nulliface","5":"modelengine:entity/nullihead"},"elements":[{"name":"cube","from":[9.7472,8.0,6.752],"to":[11.744,20.480003,10.496],"rotation":{"angle":0.0,"axis":"x","origin":[8.0,-14.464,8.0]},"faces":{"down":{"uv":[5.0,3.0,4.0,6.0],"rotation":0,"texture":"#0","tintindex":0},"east":{"uv":[0.0,0.0,5.0,16.0],"rotation":0,"texture":"#0","tintindex":0},"north":{"uv":[3.0,3.0,6.0,16.0],"rotation":0,"texture":"#0","tintindex":0},"south":{"uv":[7.0,2.0,11.0,16.0],"rotation":0,"texture":"#0","tintindex":0},"up":{"uv":[6.0,7.0,3.0,3.0],"rotation":0,"texture":"#0","tintindex":0},"west":{"uv":[4.0,6.0,7.0,16.0],"rotation":0,"texture":"#0","tintindex":0}}},{"name":"cube","from":[4.256,8.0,6.752],"to":[6.1280003,20.480003,10.496],"rotation":{"angle":0.0,"axis":"x","origin":[8.0,-14.464,8.0]},"faces":{"down":{"uv":[5.0,3.0,4.0,6.0],"rotation":0,"texture":"#0","tintindex":0},"east":{"uv":[0.0,6.0,3.0,16.0],"rotation":0,"texture":"#0","tintindex":0},"north":{"uv":[3.0,2.0,6.0,16.0],"rotation":0,"texture":"#0","tintindex":0},"south":{"uv":[7.0,1.0,10.0,16.0],"rotation":0,"texture":"#0","tintindex":0},"up":{"uv":[6.0,8.0,3.0,3.0],"rotation":0,"texture":"#0","tintindex":0},"west":{"uv":[4.0,3.0,9.0,16.0],"rotation":0,"texture":"#0","tintindex":0}}},{"name":"cube","from":[6.1280003,19.856003,6.752],"to":[9.7472,20.480003,10.496],"rotation":{"angle":0.0,"axis":"x","origin":[8.0,-14.464,8.0]},"faces":{"down":{"uv":[7.0,3.0,5.0,6.0],"rotation":0,"texture":"#0","tintindex":0},"east":{"uv":[0.0,6.0,3.0,6.0],"rotation":0,"texture":"#0","tintindex":0},"north":{"uv":[3.0,6.0,8.0,8.0],"rotation":0,"texture":"#0","tintindex":0},"south":{"uv":[8.0,6.0,13.0,8.0],"rotation":0,"texture":"#0","tintindex":0},"up":{"uv":[8.0,7.0,3.0,3.0],"rotation":0,"texture":"#0","tintindex":0},"west":{"uv":[5.0,6.0,8.0,6.0],"rotation":0,"texture":"#0","tintindex":0}}},{"name":"cube","from":[6.1280003,13.366401,9.7472],"to":[9.7472,19.856003,10.496],"rotation":{"angle":0.0,"axis":"x","origin":[8.0,-14.464,8.0]},"faces":{"down":{"uv":[7.0,3.0,9.9,3.6],"rotation":0,"texture":"#0","tintindex":0},"east":{"uv":[0.0,6.0,0.6,11.2],"rotation":0,"texture":"#0","tintindex":0},"north":{"uv":[3.0,6.0,10.0,13.0],"rotation":0,"texture":"#0","tintindex":0},"south":{"uv":[8.0,6.0,13.0,14.0],"rotation":0,"texture":"#0","tintindex":0},"up":{"uv":[5.0,6.0,7.9,6.6],"rotation":0,"texture":"#0","tintindex":0},"west":{"uv":[5.0,6.0,5.6,11.2],"rotation":0,"texture":"#0","tintindex":0}}},{"name":"cube","from":[6.1280003,8.0,6.752],"to":[9.7472,13.366401,10.496],"rotation":{"angle":0.0,"axis":"x","origin":[8.0,-14.464,8.0]},"faces":{"down":{"uv":[7.0,3.0,9.9,6.0],"rotation":0,"texture":"#0","tintindex":0},"east":{"uv":[0.0,6.0,3.0,10.3],"rotation":0,"texture":"#0","tintindex":0},"north":{"uv":[3.0,3.0,9.0,10.0],"rotation":0,"texture":"#0","tintindex":0},"south":{"uv":[8.0,6.0,13.0,13.0],"rotation":0,"texture":"#0","tintindex":0},"up":{"uv":[5.0,6.0,7.9,9.0],"rotation":0,"texture":"#0","tintindex":0},"west":{"uv":[5.0,6.0,8.0,10.3],"rotation":0,"texture":"#0","tintindex":0}}}],"display":{"head":{"translation":[0.0,-6.4,0.0],"rotation":[0.0,0.0,0.0],"scale":[3.8095,3.8095,3.8095]}}}