{"textures":{"0":"minecraft:block/crying_obsidian","1":"modelengine:entity/leftbone","2":"minecraft:block/amethyst_block","3":"modelengine:entity/nulliblade","4":"modelengine:entity/nulliface","5":"modelengine:entity/nullihead"},"elements":[{"name":"cube","from":[8.3744,8.499201,7.8752],"to":[8.9984,9.4976015,8.7488],"rotation":{"angle":0.0,"axis":"x","origin":[4.256,-24.198399,9.123199]},"faces":{"down":{"uv":[0.0,0.0,0.7,0.7],"rotation":0,"texture":"#0","tintindex":0},"east":{"uv":[0.0,0.0,0.7,0.8],"rotation":0,"texture":"#0","tintindex":0},"north":{"uv":[0.0,0.0,7.0,2.0],"rotation":0,"texture":"#0","tintindex":0},"south":{"uv":[0.0,0.0,0.7,0.8],"rotation":0,"texture":"#0","tintindex":0},"up":{"uv":[0.0,0.0,0.7,0.7],"rotation":0,"texture":"#0","tintindex":0},"west":{"uv":[0.0,0.0,0.7,0.8],"rotation":0,"texture":"#0","tintindex":0}}},{"name":"cube","from":[5.2544,8.499201,7.8752],"to":[5.8784,9.4976015,8.7488],"rotation":{"angle":0.0,"axis":"x","origin":[4.256,-24.198399,9.123199]},"faces":{"down":{"uv":[0.0,0.0,0.7,0.7],"rotation":0,"texture":"#0","tintindex":0},"east":{"uv":[0.0,0.0,0.7,0.8],"rotation":0,"texture":"#0","tintindex":0},"north":{"uv":[0.0,0.0,7.0,2.0],"rotation":0,"texture":"#0","tintindex":0},"south":{"uv":[0.0,0.0,0.7,0.8],"rotation":0,"texture":"#0","tintindex":0},"up":{"uv":[0.0,0.0,0.7,0.7],"rotation":0,"texture":"#0","tintindex":0},"west":{"uv":[0.0,0.0,0.7,0.8],"rotation":0,"texture":"#0","tintindex":0}}},{"name":"cube","from":[5.2544,8.499201,7.2511997],"to":[8.9984,9.4976015,7.8752],"rotation":{"angle":0.0,"axis":"x","origin":[4.256,-24.198399,9.123199]},"faces":{"down":{"uv":[0.0,0.0,3.2,0.5],"rotation":0,"texture":"#0","tintindex":0},"east":{"uv":[0.0,0.0,0.5,0.8],"rotation":0,"texture":"#0","tintindex":0},"north":{"uv":[9.0,14.0,16.0,16.0],"rotation":0,"texture":"#0","tintindex":0},"south":{"uv":[0.0,0.0,3.2,0.8],"rotation":0,"texture":"#0","tintindex":0},"up":{"uv":[0.0,0.0,3.2,0.5],"rotation":0,"texture":"#0","tintindex":0},"west":{"uv":[0.0,0.0,0.5,0.8],"rotation":0,"texture":"#0","tintindex":0}}}],"display":{"head":{"translation":[0.0,-6.4,0.0],"rotation":[0.0,0.0,0.0],"scale":[3.8095,3.8095,3.8095]}}}