{"textures":{"0":"minecraft:block/crying_obsidian","1":"modelengine:entity/leftbone","2":"minecraft:block/amethyst_block","3":"modelengine:entity/nulliblade","4":"modelengine:entity/nulliface","5":"modelengine:entity/nullihead"},"elements":[{"name":"cube","from":[4.256,8.0,4.7552],"to":[11.744,15.488,12.2432],"rotation":{"angle":0.0,"axis":"x","origin":[8.0,-26.944004,8.0]},"faces":{"down":{"uv":[0.0,0.0,6.0,6.0],"rotation":0,"texture":"#5","tintindex":0},"east":{"uv":[0.0,0.0,6.0,6.0],"rotation":0,"texture":"#5","tintindex":0},"north":{"uv":[0.0,0.0,6.0,6.0],"rotation":0,"texture":"#4","tintindex":0},"south":{"uv":[0.0,0.0,6.0,6.0],"rotation":0,"texture":"#5","tintindex":0},"up":{"uv":[0.0,0.0,6.0,6.0],"rotation":0,"texture":"#5","tintindex":0},"west":{"uv":[0.0,0.0,6.0,6.0],"rotation":0,"texture":"#5","tintindex":0}}},{"name":"cube","from":[11.744,14.239999,5.0048],"to":[12.7424,17.235203,5.8784],"rotation":{"angle":0.0,"axis":"x","origin":[8.0,-26.944004,8.0]},"faces":{"down":{"uv":[0.0,0.0,0.8,0.7],"rotation":0,"texture":"#0","tintindex":0},"east":{"uv":[0.0,0.0,0.7,2.4],"rotation":0,"texture":"#0","tintindex":0},"north":{"uv":[0.0,0.0,0.8,2.4],"rotation":0,"texture":"#0","tintindex":0},"south":{"uv":[0.0,0.0,0.8,2.4],"rotation":0,"texture":"#0","tintindex":0},"up":{"uv":[0.0,0.0,0.8,0.7],"rotation":0,"texture":"#0","tintindex":0},"west":{"uv":[0.0,0.0,0.7,2.4],"rotation":0,"texture":"#0","tintindex":0}}},{"name":"cube","from":[3.2575998,14.239999,5.0048],"to":[4.256,17.235203,5.8784],"rotation":{"angle":0.0,"axis":"x","origin":[8.0,-26.944004,8.0]},"faces":{"down":{"uv":[0.0,0.0,0.8,0.7],"rotation":0,"texture":"#0","tintindex":0},"east":{"uv":[0.0,0.0,0.7,2.4],"rotation":0,"texture":"#0","tintindex":0},"north":{"uv":[0.0,0.0,0.8,2.4],"rotation":0,"texture":"#0","tintindex":0},"south":{"uv":[0.0,0.0,0.8,2.4],"rotation":0,"texture":"#0","tintindex":0},"up":{"uv":[0.0,0.0,0.8,0.7],"rotation":0,"texture":"#0","tintindex":0},"west":{"uv":[0.0,0.0,0.7,2.4],"rotation":0,"texture":"#0","tintindex":0}}}],"display":{"head":{"translation":[0.0,-6.4,0.0],"rotation":[0.0,0.0,0.0],"scale":[3.8095,3.8095,3.8095]}}}