{"textures":{"0":"minecraft:block/crying_obsidian","1":"modelengine:entity/leftbone","2":"minecraft:block/amethyst_block","3":"modelengine:entity/nulliblade","4":"modelengine:entity/nulliface","5":"modelengine:entity/nullihead"},"elements":[{"name":"cube","from":[8.374399,8.3744,7.5008],"to":[9.123199,8.748798,8.624001],"rotation":{"angle":0.0,"axis":"x","origin":[7.8752,-24.0736,7.8752]},"faces":{"down":{"uv":[0.0,0.0,6.0,7.0],"rotation":0,"texture":"#2","tintindex":0},"east":{"uv":[0.0,0.0,5.0,4.0],"rotation":0,"texture":"#2","tintindex":0},"north":{"uv":[7.0,8.0,13.0,13.0],"rotation":0,"texture":"#2","tintindex":0},"south":{"uv":[0.0,0.0,7.0,5.0],"rotation":0,"texture":"#2","tintindex":0},"up":{"uv":[0.0,0.0,9.0,5.0],"rotation":0,"texture":"#2","tintindex":0},"west":{"uv":[0.0,0.0,0.9,0.3],"rotation":0,"texture":"#2","tintindex":0}}},{"name":"cube","from":[8.374399,8.748798,7.5008],"to":[8.9984,9.1231985,8.624001],"rotation":{"angle":0.0,"axis":"x","origin":[7.8752,-24.0736,7.8752]},"faces":{"down":{"uv":[0.0,0.0,0.5,0.9],"rotation":0,"texture":"#2","tintindex":0},"east":{"uv":[0.0,0.0,5.0,4.0],"rotation":0,"texture":"#2","tintindex":0},"north":{"uv":[0.0,0.0,5.0,5.0],"rotation":0,"texture":"#2","tintindex":0},"south":{"uv":[0.0,0.0,6.0,4.0],"rotation":0,"texture":"#2","tintindex":0},"up":{"uv":[0.0,0.0,6.0,5.0],"rotation":0,"texture":"#2","tintindex":0},"west":{"uv":[0.0,0.0,0.9,0.3],"rotation":0,"texture":"#2","tintindex":0}}},{"name":"cube","from":[8.374399,9.1231985,7.5008],"to":[8.8736,9.372799,8.624001],"rotation":{"angle":0.0,"axis":"x","origin":[7.8752,-24.0736,7.8752]},"faces":{"down":{"uv":[0.0,0.0,0.4,0.9],"rotation":0,"texture":"#2","tintindex":0},"east":{"uv":[0.0,0.0,4.0,3.0],"rotation":0,"texture":"#2","tintindex":0},"north":{"uv":[0.0,0.0,7.0,3.0],"rotation":0,"texture":"#2","tintindex":0},"south":{"uv":[0.0,0.0,4.0,3.0],"rotation":0,"texture":"#2","tintindex":0},"up":{"uv":[0.0,0.0,3.0,4.0],"rotation":0,"texture":"#2","tintindex":0},"west":{"uv":[0.0,0.0,6.0,4.0],"rotation":0,"texture":"#2","tintindex":0}}},{"name":"cube","from":[8.0,9.1231985,7.5008],"to":[8.374399,9.247999,8.624001],"rotation":{"angle":0.0,"axis":"x","origin":[7.8752,-24.0736,7.8752]},"faces":{"down":{"uv":[0.0,0.0,0.3,0.9],"rotation":0,"texture":"#2","tintindex":0},"east":{"uv":[0.0,0.0,0.9,0.1],"rotation":0,"texture":"#2","tintindex":0},"north":{"uv":[0.0,0.0,6.0,2.0],"rotation":0,"texture":"#2","tintindex":0},"south":{"uv":[0.0,0.0,2.0,1.0],"rotation":0,"texture":"#2","tintindex":0},"up":{"uv":[0.0,0.0,5.0,7.0],"rotation":0,"texture":"#2","tintindex":0},"west":{"uv":[0.0,0.0,7.0,2.0],"rotation":0,"texture":"#2","tintindex":0}}},{"name":"cube","from":[7.6256,8.873598,7.5008],"to":[8.374399,9.1231985,8.624001],"rotation":{"angle":0.0,"axis":"x","origin":[7.8752,-24.0736,7.8752]},"faces":{"down":{"uv":[0.0,0.0,0.6,0.9],"rotation":0,"texture":"#2","tintindex":0},"east":{"uv":[0.0,0.0,0.9,0.2],"rotation":0,"texture":"#2","tintindex":0},"north":{"uv":[0.0,0.0,7.0,3.0],"rotation":0,"texture":"#2","tintindex":0},"south":{"uv":[0.0,0.0,5.0,3.0],"rotation":0,"texture":"#2","tintindex":0},"up":{"uv":[0.0,0.0,6.0,8.0],"rotation":0,"texture":"#2","tintindex":0},"west":{"uv":[0.0,0.0,5.0,4.0],"rotation":0,"texture":"#2","tintindex":0}}},{"name":"cube","from":[7.376,8.623999,7.5008],"to":[8.374399,8.873598,8.624001],"rotation":{"angle":0.0,"axis":"x","origin":[7.8752,-24.0736,7.8752]},"faces":{"down":{"uv":[0.0,0.0,0.8,0.9],"rotation":0,"texture":"#2","tintindex":0},"east":{"uv":[0.0,0.0,0.9,0.2],"rotation":0,"texture":"#2","tintindex":0},"north":{"uv":[0.0,0.0,8.0,3.0],"rotation":0,"texture":"#2","tintindex":0},"south":{"uv":[0.0,0.0,7.0,4.0],"rotation":0,"texture":"#2","tintindex":0},"up":{"uv":[0.0,0.0,7.0,8.0],"rotation":0,"texture":"#2","tintindex":0},"west":{"uv":[0.0,0.0,6.0,3.0],"rotation":0,"texture":"#2","tintindex":0}}},{"name":"cube","from":[7.1264,8.3744,7.5008],"to":[8.374399,8.623999,8.624001],"rotation":{"angle":0.0,"axis":"x","origin":[7.8752,-24.0736,7.8752]},"faces":{"down":{"uv":[0.0,0.0,1.0,0.9],"rotation":0,"texture":"#2","tintindex":0},"east":{"uv":[0.0,0.0,0.9,0.2],"rotation":0,"texture":"#2","tintindex":0},"north":{"uv":[0.0,0.0,7.0,3.0],"rotation":0,"texture":"#2","tintindex":0},"south":{"uv":[0.0,0.0,10.0,5.0],"rotation":0,"texture":"#2","tintindex":0},"up":{"uv":[0.0,0.0,8.0,8.0],"rotation":0,"texture":"#2","tintindex":0},"west":{"uv":[0.0,0.0,5.0,4.0],"rotation":0,"texture":"#2","tintindex":0}}},{"name":"cube","from":[6.8768,7.8752,7.5008],"to":[8.8736,8.3744,8.624001],"rotation":{"angle":0.0,"axis":"x","origin":[7.8752,-24.0736,7.8752]},"faces":{"down":{"uv":[0.0,0.0,12.0,8.0],"rotation":0,"texture":"#2","tintindex":0},"east":{"uv":[0.0,0.0,6.0,4.0],"rotation":0,"texture":"#2","tintindex":0},"north":{"uv":[0.0,0.0,15.0,8.0],"rotation":0,"texture":"#2","tintindex":0},"south":{"uv":[0.0,0.0,14.0,7.0],"rotation":0,"texture":"#2","tintindex":0},"up":{"uv":[0.0,0.0,11.0,9.0],"rotation":0,"texture":"#2","tintindex":0},"west":{"uv":[0.0,0.0,6.0,5.0],"rotation":0,"texture":"#2","tintindex":0}}},{"name":"cube","from":[7.8752,7.5007997,7.376],"to":[8.374399,7.8752,7.5008],"rotation":{"angle":0.0,"axis":"x","origin":[7.8752,-24.0736,7.8752]},"faces":{"down":{"uv":[0.0,0.0,0.4,0.1],"rotation":0,"texture":"#2","tintindex":0},"east":{"uv":[0.0,0.0,0.1,0.3],"rotation":0,"texture":"#2","tintindex":0},"north":{"uv":[0.0,8.0,8.0,13.0],"rotation":0,"texture":"#2","tintindex":0},"south":{"uv":[0.0,0.0,0.4,0.3],"rotation":0,"texture":"#2","tintindex":0},"up":{"uv":[0.0,0.0,0.4,0.1],"rotation":0,"texture":"#2","tintindex":0},"west":{"uv":[0.0,0.0,0.1,0.3],"rotation":0,"texture":"#2","tintindex":0}}},{"name":"cube","from":[7.8752,7.8752,7.376],"to":[8.2496,8.499198,7.5008],"rotation":{"angle":0.0,"axis":"x","origin":[7.8752,-24.0736,7.8752]},"faces":{"down":{"uv":[0.0,0.0,0.3,0.1],"rotation":0,"texture":"#2","tintindex":0},"east":{"uv":[0.0,0.0,0.1,0.5],"rotation":0,"texture":"#2","tintindex":0},"north":{"uv":[8.0,6.0,13.0,13.0],"rotation":0,"texture":"#2","tintindex":0},"south":{"uv":[0.0,0.0,0.3,0.5],"rotation":0,"texture":"#2","tintindex":0},"up":{"uv":[0.0,0.0,0.3,0.1],"rotation":0,"texture":"#2","tintindex":0},"west":{"uv":[0.0,0.0,0.1,0.5],"rotation":0,"texture":"#2","tintindex":0}}},{"name":"cube","from":[7.7504,8.499198,7.376],"to":[8.4992,8.748798,7.5008],"rotation":{"angle":0.0,"axis":"x","origin":[7.8752,-24.0736,7.8752]},"faces":{"down":{"uv":[0.0,0.0,0.6,0.1],"rotation":0,"texture":"#2","tintindex":0},"east":{"uv":[0.0,0.0,0.1,0.2],"rotation":0,"texture":"#2","tintindex":0},"north":{"uv":[6.0,8.0,13.0,13.0],"rotation":0,"texture":"#2","tintindex":0},"south":{"uv":[0.0,0.0,0.6,0.2],"rotation":0,"texture":"#2","tintindex":0},"up":{"uv":[0.0,0.0,0.6,0.1],"rotation":0,"texture":"#2","tintindex":0},"west":{"uv":[0.0,0.0,0.1,0.2],"rotation":0,"texture":"#2","tintindex":0}}},{"name":"cube","from":[8.4992,8.2496,7.376],"to":[8.8736,8.499198,7.5008],"rotation":{"angle":0.0,"axis":"x","origin":[7.8752,-24.0736,7.8752]},"faces":{"down":{"uv":[0.0,0.0,0.3,0.1],"rotation":0,"texture":"#2","tintindex":0},"east":{"uv":[0.0,0.0,0.1,0.2],"rotation":0,"texture":"#2","tintindex":0},"north":{"uv":[0.0,0.0,5.0,5.0],"rotation":0,"texture":"#2","tintindex":0},"south":{"uv":[0.0,0.0,0.3,0.2],"rotation":0,"texture":"#2","tintindex":0},"up":{"uv":[0.0,0.0,0.3,0.1],"rotation":0,"texture":"#2","tintindex":0},"west":{"uv":[0.0,0.0,0.1,0.2],"rotation":0,"texture":"#2","tintindex":0}}},{"name":"cube","from":[7.376,8.2496,7.376],"to":[7.7504,8.499198,7.5008],"rotation":{"angle":0.0,"axis":"x","origin":[7.8752,-24.0736,7.8752]},"faces":{"down":{"uv":[0.0,0.0,0.3,0.1],"rotation":0,"texture":"#2","tintindex":0},"east":{"uv":[0.0,0.0,0.1,0.2],"rotation":0,"texture":"#2","tintindex":0},"north":{"uv":[6.0,9.0,13.0,13.0],"rotation":0,"texture":"#2","tintindex":0},"south":{"uv":[0.0,0.0,0.3,0.2],"rotation":0,"texture":"#2","tintindex":0},"up":{"uv":[0.0,0.0,0.3,0.1],"rotation":0,"texture":"#2","tintindex":0},"west":{"uv":[0.0,0.0,0.1,0.2],"rotation":0,"texture":"#2","tintindex":0}}},{"name":"cube","from":[7.6256,7.2511992,7.376],"to":[8.0,7.5007997,7.5008],"rotation":{"angle":0.0,"axis":"x","origin":[7.8752,-24.0736,7.8752]},"faces":{"down":{"uv":[0.0,0.0,0.3,0.1],"rotation":0,"texture":"#2","tintindex":0},"east":{"uv":[0.0,0.0,0.1,0.2],"rotation":0,"texture":"#2","tintindex":0},"north":{"uv":[0.0,0.0,6.0,6.0],"rotation":0,"texture":"#2","tintindex":0},"south":{"uv":[0.0,0.0,0.3,0.2],"rotation":0,"texture":"#2","tintindex":0},"up":{"uv":[0.0,0.0,0.3,0.1],"rotation":0,"texture":"#2","tintindex":0},"west":{"uv":[0.0,0.0,0.1,0.2],"rotation":0,"texture":"#2","tintindex":0}}},{"name":"cube","from":[7.5008,7.5007997,7.376],"to":[7.8752,7.7503996,7.5008],"rotation":{"angle":0.0,"axis":"x","origin":[7.8752,-24.0736,7.8752]},"faces":{"down":{"uv":[0.0,0.0,0.3,0.1],"rotation":0,"texture":"#2","tintindex":0},"east":{"uv":[0.0,0.0,0.1,0.2],"rotation":0,"texture":"#2","tintindex":0},"north":{"uv":[0.0,9.0,8.0,13.0],"rotation":0,"texture":"#2","tintindex":0},"south":{"uv":[0.0,0.0,0.3,0.2],"rotation":0,"texture":"#2","tintindex":0},"up":{"uv":[0.0,0.0,0.3,0.1],"rotation":0,"texture":"#2","tintindex":0},"west":{"uv":[0.0,0.0,0.1,0.2],"rotation":0,"texture":"#2","tintindex":0}}},{"name":"cube","from":[7.1264,7.5007997,7.5008],"to":[8.8736,7.8752,8.624001],"rotation":{"angle":0.0,"axis":"x","origin":[7.8752,-24.0736,7.8752]},"faces":{"down":{"uv":[0.0,0.0,12.0,8.0],"rotation":0,"texture":"#2","tintindex":0},"east":{"uv":[0.0,0.0,6.0,3.0],"rotation":0,"texture":"#2","tintindex":0},"north":{"uv":[0.0,0.0,9.0,6.0],"rotation":0,"texture":"#2","tintindex":0},"south":{"uv":[0.0,0.0,13.0,5.0],"rotation":0,"texture":"#2","tintindex":0},"up":{"uv":[0.0,0.0,1.4,0.9],"rotation":0,"texture":"#2","tintindex":0},"west":{"uv":[0.0,0.0,5.0,4.0],"rotation":0,"texture":"#2","tintindex":0}}},{"name":"cube","from":[7.376,7.126399,7.5008],"to":[8.624001,7.5007997,8.624001],"rotation":{"angle":0.0,"axis":"x","origin":[7.8752,-24.0736,7.8752]},"faces":{"down":{"uv":[0.0,0.0,11.0,10.0],"rotation":0,"texture":"#2","tintindex":0},"east":{"uv":[0.0,0.0,4.0,4.0],"rotation":0,"texture":"#2","tintindex":0},"north":{"uv":[0.0,0.0,8.0,5.0],"rotation":0,"texture":"#2","tintindex":0},"south":{"uv":[0.0,0.0,10.0,3.0],"rotation":0,"texture":"#2","tintindex":0},"up":{"uv":[0.0,0.0,1.0,0.9],"rotation":0,"texture":"#2","tintindex":0},"west":{"uv":[0.0,0.0,6.0,6.0],"rotation":0,"texture":"#2","tintindex":0}}},{"name":"cube","from":[8.0,9.247999,7.8752],"to":[8.2496,10.2464,8.1248],"rotation":{"angle":0.0,"axis":"x","origin":[7.8752,-24.0736,7.8752]},"faces":{"down":{"uv":[0.0,0.0,11.0,10.0],"rotation":0,"texture":"#2","tintindex":0},"east":{"uv":[0.0,0.0,5.0,7.0],"rotation":0,"texture":"#2","tintindex":0},"north":{"uv":[0.0,0.0,3.0,5.0],"rotation":0,"texture":"#2","tintindex":0},"south":{"uv":[0.0,0.0,10.0,3.0],"rotation":0,"texture":"#2","tintindex":0},"up":{"uv":[0.0,0.0,1.0,0.9],"rotation":0,"texture":"#2","tintindex":0},"west":{"uv":[0.0,0.0,4.0,5.0],"rotation":0,"texture":"#2","tintindex":0}}}],"display":{"head":{"translation":[0.0,-6.4,0.0],"rotation":[0.0,0.0,0.0],"scale":[3.8095,3.8095,3.8095]}}}