{"textures":{"0":"minecraft:block/crying_obsidian","1":"modelengine:entity/leftbone","2":"minecraft:block/amethyst_block","3":"modelengine:entity/nulliblade","4":"modelengine:entity/nulliface","5":"modelengine:entity/nullihead"},"elements":[{"name":"cube","from":[7.376,-3.2319999,7.0016003],"to":[8.8736,8.0,8.9984],"rotation":{"angle":0.0,"axis":"x","origin":[6.3775997,-14.464,7.5008]},"faces":{"down":{"uv":[3.0,1.6,2.0,2.6],"rotation":0,"texture":"#0","tintindex":0},"east":{"uv":[0.0,3.0,2.0,12.0],"rotation":0,"texture":"#0","tintindex":0},"north":{"uv":[1.0,3.0,3.0,12.0],"rotation":0,"texture":"#0","tintindex":0},"south":{"uv":[3.0,3.0,5.0,12.0],"rotation":0,"texture":"#0","tintindex":0},"up":{"uv":[2.0,2.6,1.0,1.6],"rotation":0,"texture":"#0","tintindex":0},"west":{"uv":[2.0,3.0,4.0,12.0],"rotation":0,"texture":"#0","tintindex":0}}}],"display":{"head":{"translation":[0.0,-6.4,0.0],"rotation":[0.0,0.0,0.0],"scale":[3.8095,3.8095,3.8095]}}}