{"textures":{"0":"minecraft:block/crying_obsidian","1":"modelengine:entity/leftbone","2":"minecraft:block/amethyst_block","3":"modelengine:entity/nulliblade","4":"modelengine:entity/nulliface","5":"modelengine:entity/nullihead"},"elements":[{"name":"cube","from":[7.8752,-7.6000004,7.0016003],"to":[9.372801,8.1248,8.9984],"rotation":{"angle":0.0,"axis":"x","origin":[13.1168,-26.320004,7.5008]},"faces":{"down":{"uv":[3.0,1.6,2.0,2.6],"rotation":0,"texture":"#0","tintindex":0},"east":{"uv":[0.0,3.0,2.0,12.0],"rotation":0,"texture":"#0","tintindex":0},"north":{"uv":[1.0,3.0,3.0,12.0],"rotation":0,"texture":"#0","tintindex":0},"south":{"uv":[3.0,3.0,5.0,12.0],"rotation":0,"texture":"#0","tintindex":0},"up":{"uv":[2.0,2.6,1.0,1.6],"rotation":0,"texture":"#0","tintindex":0},"west":{"uv":[2.0,3.0,4.0,12.0],"rotation":0,"texture":"#0","tintindex":0}}}],"display":{"head":{"translation":[0.0,-6.4,0.0],"rotation":[0.0,0.0,0.0],"scale":[3.8095,3.8095,3.8095]}}}