{
	"parent": "item/handheld",
	"textures": {
		"layer0": "items/diamond_hoe/0"
	},
	"overrides": [
		{ "predicate": { "damaged": 1, "damage": 0.01 }, "model": "item/diamond_hoe/98" },
		{ "predicate": { "damaged": 1, "damage": 0.02 }, "model": "item/diamond_hoe/97" },
		{ "predicate": { "damaged": 1, "damage": 0.03 }, "model": "item/diamond_hoe/96" },
		{ "predicate": { "damaged": 1, "damage": 0.04 }, "model": "item/diamond_hoe/95" },
		{ "predicate": { "damaged": 1, "damage": 0.05 }, "model": "item/diamond_hoe/94" },
		{ "predicate": { "damaged": 1, "damage": 0.06 }, "model": "item/diamond_hoe/93" },
		{ "predicate": { "damaged": 1, "damage": 0.07 }, "model": "item/diamond_hoe/92" },
		{ "predicate": { "damaged": 1, "damage": 0.08 }, "model": "item/diamond_hoe/91" },
		{ "predicate": { "damaged": 1, "damage": 0.09 }, "model": "item/diamond_hoe/90" },

		{ "predicate": { "damaged": 1, "damage": 0.10 }, "model": "item/diamond_hoe/89" },
		{ "predicate": { "damaged": 1, "damage": 0.11 }, "model": "item/diamond_hoe/88" },
		{ "predicate": { "damaged": 1, "damage": 0.12 }, "model": "item/diamond_hoe/87" },
		{ "predicate": { "damaged": 1, "damage": 0.13 }, "model": "item/diamond_hoe/86" },
		{ "predicate": { "damaged": 1, "damage": 0.14 }, "model": "item/diamond_hoe/85" },
		{ "predicate": { "damaged": 1, "damage": 0.15 }, "model": "item/diamond_hoe/84" },
		{ "predicate": { "damaged": 1, "damage": 0.16 }, "model": "item/diamond_hoe/83" },
		{ "predicate": { "damaged": 1, "damage": 0.17 }, "model": "item/diamond_hoe/82" },
		{ "predicate": { "damaged": 1, "damage": 0.18 }, "model": "item/diamond_hoe/81" },
		{ "predicate": { "damaged": 1, "damage": 0.19 }, "model": "item/diamond_hoe/80" },

		{ "predicate": { "damaged": 1, "damage": 0.20 }, "model": "item/diamond_hoe/79" },
		{ "predicate": { "damaged": 1, "damage": 0.21 }, "model": "item/diamond_hoe/78" },
		{ "predicate": { "damaged": 1, "damage": 0.22 }, "model": "item/diamond_hoe/77" },
		{ "predicate": { "damaged": 1, "damage": 0.23 }, "model": "item/diamond_hoe/76" },
		{ "predicate": { "damaged": 1, "damage": 0.24 }, "model": "item/diamond_hoe/75" },
		{ "predicate": { "damaged": 1, "damage": 0.25 }, "model": "item/diamond_hoe/74" },
		{ "predicate": { "damaged": 1, "damage": 0.26 }, "model": "item/diamond_hoe/73" },
		{ "predicate": { "damaged": 1, "damage": 0.27 }, "model": "item/diamond_hoe/72" },
		{ "predicate": { "damaged": 1, "damage": 0.28 }, "model": "item/diamond_hoe/71" },
		{ "predicate": { "damaged": 1, "damage": 0.29 }, "model": "item/diamond_hoe/70" },

		{ "predicate": { "damaged": 1, "damage": 0.30 }, "model": "item/diamond_hoe/69" },
		{ "predicate": { "damaged": 1, "damage": 0.31 }, "model": "item/diamond_hoe/68" },
		{ "predicate": { "damaged": 1, "damage": 0.32 }, "model": "item/diamond_hoe/67" },
		{ "predicate": { "damaged": 1, "damage": 0.33 }, "model": "item/diamond_hoe/66" },
		{ "predicate": { "damaged": 1, "damage": 0.34 }, "model": "item/diamond_hoe/65" },
		{ "predicate": { "damaged": 1, "damage": 0.35 }, "model": "item/diamond_hoe/64" },
		{ "predicate": { "damaged": 1, "damage": 0.36 }, "model": "item/diamond_hoe/63" },
		{ "predicate": { "damaged": 1, "damage": 0.37 }, "model": "item/diamond_hoe/62" },
		{ "predicate": { "damaged": 1, "damage": 0.38 }, "model": "item/diamond_hoe/61" },
		{ "predicate": { "damaged": 1, "damage": 0.39 }, "model": "item/diamond_hoe/60" },

		{ "predicate": { "damaged": 1, "damage": 0.40 }, "model": "item/diamond_hoe/59" },
		{ "predicate": { "damaged": 1, "damage": 0.41 }, "model": "item/diamond_hoe/58" },
		{ "predicate": { "damaged": 1, "damage": 0.42 }, "model": "item/diamond_hoe/57" },
		{ "predicate": { "damaged": 1, "damage": 0.43 }, "model": "item/diamond_hoe/56" },
		{ "predicate": { "damaged": 1, "damage": 0.44 }, "model": "item/diamond_hoe/55" },
		{ "predicate": { "damaged": 1, "damage": 0.45 }, "model": "item/diamond_hoe/54" },
		{ "predicate": { "damaged": 1, "damage": 0.46 }, "model": "item/diamond_hoe/53" },
		{ "predicate": { "damaged": 1, "damage": 0.47 }, "model": "item/diamond_hoe/52" },
		{ "predicate": { "damaged": 1, "damage": 0.48 }, "model": "item/diamond_hoe/51" },
		{ "predicate": { "damaged": 1, "damage": 0.49 }, "model": "item/diamond_hoe/50" },

		{ "predicate": { "damaged": 1, "damage": 0.50 }, "model": "item/diamond_hoe/49" },
		{ "predicate": { "damaged": 1, "damage": 0.51 }, "model": "item/diamond_hoe/48" },
		{ "predicate": { "damaged": 1, "damage": 0.52 }, "model": "item/diamond_hoe/47" },
		{ "predicate": { "damaged": 1, "damage": 0.53 }, "model": "item/diamond_hoe/46" },
		{ "predicate": { "damaged": 1, "damage": 0.54 }, "model": "item/diamond_hoe/45" },
		{ "predicate": { "damaged": 1, "damage": 0.55 }, "model": "item/diamond_hoe/44" },
		{ "predicate": { "damaged": 1, "damage": 0.56 }, "model": "item/diamond_hoe/43" },
		{ "predicate": { "damaged": 1, "damage": 0.57 }, "model": "item/diamond_hoe/42" },
		{ "predicate": { "damaged": 1, "damage": 0.58 }, "model": "item/diamond_hoe/41" },
		{ "predicate": { "damaged": 1, "damage": 0.59 }, "model": "item/diamond_hoe/40" },

		{ "predicate": { "damaged": 1, "damage": 0.60 }, "model": "item/diamond_hoe/39" },
		{ "predicate": { "damaged": 1, "damage": 0.61 }, "model": "item/diamond_hoe/38" },
		{ "predicate": { "damaged": 1, "damage": 0.62 }, "model": "item/diamond_hoe/37" },
		{ "predicate": { "damaged": 1, "damage": 0.63 }, "model": "item/diamond_hoe/36" },
		{ "predicate": { "damaged": 1, "damage": 0.64 }, "model": "item/diamond_hoe/35" },
		{ "predicate": { "damaged": 1, "damage": 0.65 }, "model": "item/diamond_hoe/34" },
		{ "predicate": { "damaged": 1, "damage": 0.66 }, "model": "item/diamond_hoe/33" },
		{ "predicate": { "damaged": 1, "damage": 0.67 }, "model": "item/diamond_hoe/32" },
		{ "predicate": { "damaged": 1, "damage": 0.68 }, "model": "item/diamond_hoe/31" },
		{ "predicate": { "damaged": 1, "damage": 0.69 }, "model": "item/diamond_hoe/30" },

		{ "predicate": { "damaged": 1, "damage": 0.70 }, "model": "item/diamond_hoe/29" },
		{ "predicate": { "damaged": 1, "damage": 0.71 }, "model": "item/diamond_hoe/28" },
		{ "predicate": { "damaged": 1, "damage": 0.72 }, "model": "item/diamond_hoe/27" },
		{ "predicate": { "damaged": 1, "damage": 0.73 }, "model": "item/diamond_hoe/26" },
		{ "predicate": { "damaged": 1, "damage": 0.74 }, "model": "item/diamond_hoe/25" },
		{ "predicate": { "damaged": 1, "damage": 0.75 }, "model": "item/diamond_hoe/24" },
		{ "predicate": { "damaged": 1, "damage": 0.76 }, "model": "item/diamond_hoe/23" },
		{ "predicate": { "damaged": 1, "damage": 0.77 }, "model": "item/diamond_hoe/22" },
		{ "predicate": { "damaged": 1, "damage": 0.78 }, "model": "item/diamond_hoe/21" },
		{ "predicate": { "damaged": 1, "damage": 0.79 }, "model": "item/diamond_hoe/20" },

		{ "predicate": { "damaged": 1, "damage": 0.80 }, "model": "item/diamond_hoe/19" },
		{ "predicate": { "damaged": 1, "damage": 0.81 }, "model": "item/diamond_hoe/18" },
		{ "predicate": { "damaged": 1, "damage": 0.82 }, "model": "item/diamond_hoe/17" },
		{ "predicate": { "damaged": 1, "damage": 0.83 }, "model": "item/diamond_hoe/16" },
		{ "predicate": { "damaged": 1, "damage": 0.84 }, "model": "item/diamond_hoe/15" },
		{ "predicate": { "damaged": 1, "damage": 0.85 }, "model": "item/diamond_hoe/14" },
		{ "predicate": { "damaged": 1, "damage": 0.86 }, "model": "item/diamond_hoe/13" },
		{ "predicate": { "damaged": 1, "damage": 0.87 }, "model": "item/diamond_hoe/12" },
		{ "predicate": { "damaged": 1, "damage": 0.88 }, "model": "item/diamond_hoe/11" },
		{ "predicate": { "damaged": 1, "damage": 0.89 }, "model": "item/diamond_hoe/10" },

		{ "predicate": { "damaged": 1, "damage": 0.90 }, "model": "item/diamond_hoe/9" },
		{ "predicate": { "damaged": 1, "damage": 0.91 }, "model": "item/diamond_hoe/8" },
		{ "predicate": { "damaged": 1, "damage": 0.92 }, "model": "item/diamond_hoe/7" },
		{ "predicate": { "damaged": 1, "damage": 0.93 }, "model": "item/diamond_hoe/6" },
		{ "predicate": { "damaged": 1, "damage": 0.94 }, "model": "item/diamond_hoe/5" },
		{ "predicate": { "damaged": 1, "damage": 0.95 }, "model": "item/diamond_hoe/4" },
		{ "predicate": { "damaged": 1, "damage": 0.96 }, "model": "item/diamond_hoe/3" },
		{ "predicate": { "damaged": 1, "damage": 0.97 }, "model": "item/diamond_hoe/2" },
		{ "predicate": { "damaged": 1, "damage": 0.98 }, "model": "item/diamond_hoe/1" },
		{ "predicate": { "damaged": 1, "damage": 0.99 }, "model": "item/diamond_hoe/0" }
	]
}redicate": { "damaged": 1, "damage": 0.99 }, "model": "item/diamond_hoe/0" }
	]
}