{"textures":{"0":"modelengine:entity/glacianminecraftskin1","1":"minecraft:custom/scatha"},"elements":[{"name":"left_arm","from":[6.0200005,1.519999,5.84],"to":[10.34,8.0,10.16],"rotation":{"angle":0.0,"axis":"x","origin":[6.0200005,-10.900001,-0.6400001]},"faces":{"down":{"uv":[13.0,4.0,12.0,5.0],"rotation":0,"texture":"#0","tintindex":0},"east":{"uv":[10.0,6.5,11.0,8.0],"rotation":0,"texture":"#0","tintindex":0},"north":{"uv":[11.0,6.5,12.0,8.0],"rotation":0,"texture":"#0","tintindex":0},"south":{"uv":[13.0,6.5,14.0,8.0],"rotation":0,"texture":"#0","tintindex":0},"up":{"uv":[13.0,5.0,12.0,4.0],"rotation":0,"texture":"#0","tintindex":0},"west":{"uv":[12.0,6.5,13.0,8.0],"rotation":0,"texture":"#0","tintindex":0}}},{"name":"left_arm_2nd_layer","from":[5.48,0.9799993,5.3],"to":[10.88,8.0,10.700001],"rotation":{"angle":0.0,"axis":"x","origin":[6.0200005,-10.360001,-0.6400001]},"faces":{"down":{"uv":[15.0,12.0,14.0,13.0],"rotation":0,"texture":"#0","tintindex":0},"east":{"uv":[12.0,14.5,13.0,16.0],"rotation":0,"texture":"#0","tintindex":0},"north":{"uv":[13.0,14.5,14.0,16.0],"rotation":0,"texture":"#0","tintindex":0},"south":{"uv":[15.0,14.5,16.0,16.0],"rotation":0,"texture":"#0","tintindex":0},"up":{"uv":[14.0,13.0,13.0,12.0],"rotation":0,"texture":"#0","tintindex":0},"west":{"uv":[14.0,14.5,15.0,16.0],"rotation":0,"texture":"#0","tintindex":0}}}],"display":{"head":{"translation":[0.0,-6.4,0.0],"rotation":[0.0,0.0,0.0],"scale":[3.8095,3.8095,3.8095]}}}