{"textures":{"0":"modelengine:entity/glacianminecraftskin1","1":"minecraft:custom/scatha"},"elements":[{"name":"right_arm","from":[5.9599996,1.8199991,5.84],"to":[10.28,8.3,10.16],"rotation":{"angle":0.0,"axis":"x","origin":[-7.000001,-10.6,-0.6400001]},"faces":{"down":{"uv":[11.0,12.0,10.0,13.0],"rotation":0,"texture":"#0","tintindex":0},"east":{"uv":[8.0,14.5,9.0,16.0],"rotation":0,"texture":"#0","tintindex":0},"north":{"uv":[9.0,14.5,10.0,16.0],"rotation":0,"texture":"#0","tintindex":0},"south":{"uv":[11.0,14.5,12.0,16.0],"rotation":0,"texture":"#0","tintindex":0},"up":{"uv":[11.0,13.0,10.0,12.0],"rotation":0,"texture":"#0","tintindex":0},"west":{"uv":[10.0,14.5,11.0,16.0],"rotation":0,"texture":"#0","tintindex":0}}},{"name":"right_arm_2nd_layer","from":[5.42,1.2799993,5.3],"to":[10.82,8.3,10.700001],"rotation":{"angle":0.0,"axis":"x","origin":[-7.000001,-10.060001,-0.6400001]},"faces":{"down":{"uv":[13.0,8.0,12.0,9.0],"rotation":0,"texture":"#0","tintindex":0},"east":{"uv":[10.0,10.5,11.0,12.0],"rotation":0,"texture":"#0","tintindex":0},"north":{"uv":[11.0,10.5,12.0,12.0],"rotation":0,"texture":"#0","tintindex":0},"south":{"uv":[13.0,10.5,14.0,12.0],"rotation":0,"texture":"#0","tintindex":0},"up":{"uv":[12.0,9.0,11.0,8.0],"rotation":0,"texture":"#0","tintindex":0},"west":{"uv":[12.0,10.5,13.0,12.0],"rotation":0,"texture":"#0","tintindex":0}}}],"display":{"head":{"translation":[0.0,-6.4,0.0],"rotation":[0.0,0.0,0.0],"scale":[3.8095,3.8095,3.8095]}}}