{"textures":{"0":"modelengine:entity/glacianminecraftskin1","1":"minecraft:custom/scatha"},"elements":[{"name":"left_arm","from":[3.3799999,2.4799993,5.84],"to":[7.7,8.959999,10.16],"rotation":{"angle":0.0,"axis":"x","origin":[3.3799999,-16.420002,-0.6400001]},"faces":{"down":{"uv":[13.0,4.0,12.0,5.0],"rotation":0,"texture":"#0","tintindex":0},"east":{"uv":[10.0,5.0,11.0,6.5],"rotation":0,"texture":"#0","tintindex":0},"north":{"uv":[11.0,5.0,12.0,6.5],"rotation":0,"texture":"#0","tintindex":0},"south":{"uv":[13.0,5.0,14.0,6.5],"rotation":0,"texture":"#0","tintindex":0},"up":{"uv":[12.0,5.0,11.0,4.0],"rotation":0,"texture":"#0","tintindex":0},"west":{"uv":[12.0,5.0,13.0,6.5],"rotation":0,"texture":"#0","tintindex":0}}},{"name":"left_arm_2nd_layer_top","from":[2.8399997,2.4799993,5.3],"to":[8.24,9.5,10.700001],"rotation":{"angle":0.0,"axis":"x","origin":[3.3799999,-15.880002,-0.6400001]},"faces":{"down":{"uv":[14.0,12.0,13.0,13.0],"rotation":0,"texture":"#0","tintindex":0},"east":{"uv":[12.0,13.0,13.0,14.5],"rotation":0,"texture":"#0","tintindex":0},"north":{"uv":[13.0,13.0,14.0,14.5],"rotation":0,"texture":"#0","tintindex":0},"south":{"uv":[15.0,13.0,16.0,14.5],"rotation":0,"texture":"#0","tintindex":0},"up":{"uv":[14.0,13.0,13.0,12.0],"rotation":0,"texture":"#0","tintindex":0},"west":{"uv":[14.0,13.0,15.0,14.5],"rotation":0,"texture":"#0","tintindex":0}}}],"display":{"head":{"translation":[0.0,-6.4,0.0],"rotation":[0.0,0.0,0.0],"scale":[3.8095,3.8095,3.8095]}}}