{"textures":{"0":"modelengine:entity/glacianminecraftskin1","1":"minecraft:custom/scatha"},"elements":[{"name":"left_leg_2nd_layer","from":[5.2999997,0.9799993,7.46],"to":[10.700001,7.4599996,12.860001],"rotation":{"angle":0.0,"axis":"x","origin":[1.5200002,2.6,1.5200002]},"faces":{"down":{"uv":[3.0,12.0,2.0,13.0],"rotation":0,"texture":"#0","tintindex":0},"east":{"uv":[0.0,14.5,1.0,16.0],"rotation":0,"texture":"#0","tintindex":0},"north":{"uv":[1.0,14.5,2.0,16.0],"rotation":0,"texture":"#0","tintindex":0},"south":{"uv":[3.0,14.5,4.0,16.0],"rotation":0,"texture":"#0","tintindex":0},"up":{"uv":[2.0,13.0,1.0,12.0],"rotation":0,"texture":"#0","tintindex":0},"west":{"uv":[2.0,14.5,3.0,16.0],"rotation":0,"texture":"#0","tintindex":0}}},{"name":"left_leg","from":[5.84,1.5199996,8.0],"to":[10.16,8.0,12.32],"rotation":{"angle":0.0,"axis":"x","origin":[1.5200002,2.0599995,1.5200002]},"faces":{"down":{"uv":[7.0,12.0,6.0,13.0],"rotation":0,"texture":"#0","tintindex":0},"east":{"uv":[4.0,14.5,5.0,16.0],"rotation":0,"texture":"#0","tintindex":0},"north":{"uv":[5.0,14.5,6.0,16.0],"rotation":0,"texture":"#0","tintindex":0},"south":{"uv":[7.0,14.5,8.0,16.0],"rotation":0,"texture":"#0","tintindex":0},"up":{"uv":[7.0,13.0,6.0,12.0],"rotation":0,"texture":"#0","tintindex":0},"west":{"uv":[6.0,14.5,7.0,16.0],"rotation":0,"texture":"#0","tintindex":0}}}],"display":{"head":{"translation":[0.0,-6.4,0.0],"rotation":[0.0,0.0,0.0],"scale":[3.8095,3.8095,3.8095]}}}