{"textures":{"0":"modelengine:entity/glacianminecraftskin1","1":"minecraft:custom/scatha"},"elements":[{"name":"right_arm","from":[7.9399996,2.6,5.84],"to":[12.26,9.08,10.16],"rotation":{"angle":0.0,"axis":"x","origin":[-5.0200014,-16.3,-0.6400001]},"faces":{"down":{"uv":[11.0,12.0,10.0,13.0],"rotation":0,"texture":"#0","tintindex":0},"east":{"uv":[8.0,13.0,9.0,14.5],"rotation":0,"texture":"#0","tintindex":0},"north":{"uv":[9.0,13.0,10.0,14.5],"rotation":0,"texture":"#0","tintindex":0},"south":{"uv":[11.0,13.0,12.0,14.5],"rotation":0,"texture":"#0","tintindex":0},"up":{"uv":[10.0,13.0,9.0,12.0],"rotation":0,"texture":"#0","tintindex":0},"west":{"uv":[10.0,13.0,11.0,14.5],"rotation":0,"texture":"#0","tintindex":0}}},{"name":"right_arm_2nd_layer_top","from":[7.4,2.6,5.3],"to":[12.8,9.620001,10.700001],"rotation":{"angle":0.0,"axis":"x","origin":[-5.0200014,-15.760003,-0.6400001]},"faces":{"down":{"uv":[12.0,8.0,11.0,9.0],"rotation":0,"texture":"#0","tintindex":0},"east":{"uv":[10.0,9.0,11.0,10.5],"rotation":0,"texture":"#0","tintindex":0},"north":{"uv":[11.0,9.0,12.0,10.5],"rotation":0,"texture":"#0","tintindex":0},"south":{"uv":[13.0,9.0,14.0,10.5],"rotation":0,"texture":"#0","tintindex":0},"up":{"uv":[12.0,9.0,11.0,8.0],"rotation":0,"texture":"#0","tintindex":0},"west":{"uv":[12.0,9.0,13.0,10.5],"rotation":0,"texture":"#0","tintindex":0}}}],"display":{"head":{"translation":[0.0,-6.4,0.0],"rotation":[0.0,0.0,0.0],"scale":[3.8095,3.8095,3.8095]}}}