{"textures":{"0":"modelengine:entity/glacianminecraftskin1","1":"minecraft:custom/scatha"},"elements":[{"name":"right_leg","from":[5.84,1.6399995,5.84],"to":[10.16,8.119999,10.16],"rotation":{"angle":0.0,"axis":"x","origin":[-2.8000002,-4.3000007,-0.6400001]},"faces":{"down":{"uv":[3.0,4.0,2.0,5.0],"rotation":0,"texture":"#0","tintindex":0},"east":{"uv":[0.0,5.0,1.0,6.5],"rotation":0,"texture":"#0","tintindex":0},"north":{"uv":[1.0,5.0,2.0,6.5],"rotation":0,"texture":"#0","tintindex":0},"south":{"uv":[3.0,5.0,4.0,6.5],"rotation":0,"texture":"#0","tintindex":0},"up":{"uv":[2.0,5.0,1.0,4.0],"rotation":0,"texture":"#0","tintindex":0},"west":{"uv":[2.0,5.0,3.0,6.5],"rotation":0,"texture":"#0","tintindex":0}}},{"name":"right_leg_2nd_layer_top","from":[5.3,1.0999992,5.3],"to":[10.700001,7.5799994,10.700001],"rotation":{"angle":0.0,"axis":"x","origin":[-2.8000002,-3.7600007,-0.6400001]},"faces":{"down":{"uv":[2.0,8.0,1.0,9.0],"rotation":0,"texture":"#0","tintindex":0},"east":{"uv":[0.0,9.0,1.0,10.5],"rotation":0,"texture":"#0","tintindex":0},"north":{"uv":[1.0,9.0,2.0,10.5],"rotation":0,"texture":"#0","tintindex":0},"south":{"uv":[3.0,9.0,4.0,10.5],"rotation":0,"texture":"#0","tintindex":0},"up":{"uv":[2.0,9.0,1.0,8.0],"rotation":0,"texture":"#0","tintindex":0},"west":{"uv":[2.0,9.0,3.0,10.5],"rotation":0,"texture":"#0","tintindex":0}}}],"display":{"head":{"translation":[0.0,-6.4,0.0],"rotation":[0.0,0.0,0.0],"scale":[3.8095,3.8095,3.8095]}}}