{"textures":{"0":"modelengine:entity/glacianminecraftskin1","1":"minecraft:custom/scatha"},"elements":[{"name":"scatha_0","from":[6.9035406,24.356056,7.6599784],"to":[13.966742,30.242054,9.778938],"rotation":{"angle":0.0,"axis":"x","origin":[-4.8684607,-2.7195463,19.902859]},"faces":{"down":{"uv":[6.0,2.5,9.0,3.0],"rotation":0,"texture":"#1","tintindex":0},"east":{"uv":[8.5,0.5,9.0,3.0],"rotation":0,"texture":"#1","tintindex":0},"north":{"uv":[6.0,3.0,9.0,0.5],"rotation":180,"texture":"#1","tintindex":0},"south":{"uv":[6.0,0.5,9.0,3.0],"rotation":0,"texture":"#1","tintindex":0},"up":{"uv":[9.0,0.5,6.0,1.0],"rotation":180,"texture":"#1","tintindex":0},"west":{"uv":[6.0,0.5,6.5,3.0],"rotation":0,"texture":"#1","tintindex":0}}},{"name":"scatha_1","from":[4.5491405,24.356056,7.6599784],"to":[6.9035406,29.064854,9.778938],"rotation":{"angle":0.0,"axis":"x","origin":[-4.8684607,-2.7195463,19.902859]},"faces":{"down":{"uv":[5.0,2.5,6.0,3.0],"rotation":0,"texture":"#1","tintindex":0},"east":{"uv":[5.5,1.0,6.0,3.0],"rotation":0,"texture":"#1","tintindex":0},"north":{"uv":[5.0,3.0,6.0,1.0],"rotation":180,"texture":"#1","tintindex":0},"south":{"uv":[5.0,1.0,6.0,3.0],"rotation":0,"texture":"#1","tintindex":0},"up":{"uv":[6.0,1.0,5.0,1.5],"rotation":180,"texture":"#1","tintindex":0},"west":{"uv":[5.0,1.0,5.5,3.0],"rotation":0,"texture":"#1","tintindex":0}}},{"name":"scatha_2","from":[13.966742,20.824455,7.6599784],"to":[16.32114,29.064854,9.778938],"rotation":{"angle":0.0,"axis":"x","origin":[-4.8684607,-2.7195463,19.902859]},"faces":{"down":{"uv":[9.0,4.0,10.0,4.5],"rotation":0,"texture":"#1","tintindex":0},"east":{"uv":[9.5,1.0,10.0,4.5],"rotation":0,"texture":"#1","tintindex":0},"north":{"uv":[9.0,4.5,10.0,1.0],"rotation":180,"texture":"#1","tintindex":0},"south":{"uv":[9.0,1.0,10.0,4.5],"rotation":0,"texture":"#1","tintindex":0},"up":{"uv":[10.0,1.0,9.0,1.5],"rotation":180,"texture":"#1","tintindex":0},"west":{"uv":[9.0,1.0,9.5,4.5],"rotation":0,"texture":"#1","tintindex":0}}},{"name":"scatha_3","from":[2.1947403,24.356056,7.6599784],"to":[4.5491405,27.887657,9.778938],"rotation":{"angle":0.0,"axis":"x","origin":[-4.8684607,-2.7195463,19.902859]},"faces":{"down":{"uv":[4.0,2.5,5.0,3.0],"rotation":0,"texture":"#1","tintindex":0},"east":{"uv":[4.5,1.5,5.0,3.0],"rotation":0,"texture":"#1","tintindex":0},"north":{"uv":[4.0,3.0,5.0,1.5],"rotation":180,"texture":"#1","tintindex":0},"south":{"uv":[4.0,1.5,5.0,3.0],"rotation":0,"texture":"#1","tintindex":0},"up":{"uv":[5.0,1.5,4.0,2.0],"rotation":180,"texture":"#1","tintindex":0},"west":{"uv":[4.0,1.5,4.5,3.0],"rotation":0,"texture":"#1","tintindex":0}}},{"name":"scatha_4","from":[16.32114,17.292854,7.6599784],"to":[18.67554,27.887657,9.778938],"rotation":{"angle":0.0,"axis":"x","origin":[-4.8684607,-2.7195463,19.902859]},"faces":{"down":{"uv":[10.0,5.5,11.0,6.0],"rotation":0,"texture":"#1","tintindex":0},"east":{"uv":[10.5,1.5,11.0,6.0],"rotation":0,"texture":"#1","tintindex":0},"north":{"uv":[10.0,6.0,11.0,1.5],"rotation":180,"texture":"#1","tintindex":0},"south":{"uv":[10.0,1.5,11.0,6.0],"rotation":0,"texture":"#1","tintindex":0},"up":{"uv":[11.0,1.5,10.0,2.0],"rotation":180,"texture":"#1","tintindex":0},"west":{"uv":[10.0,1.5,10.5,6.0],"rotation":0,"texture":"#1","tintindex":0}}},{"name":"scatha_5","from":[-0.15965962,25.533257,7.6599784],"to":[2.1947403,26.710453,9.778938],"rotation":{"angle":0.0,"axis":"x","origin":[-4.8684607,-2.7195463,19.902859]},"faces":{"down":{"uv":[3.0,2.0,4.0,2.5],"rotation":0,"texture":"#1","tintindex":0},"east":{"uv":[3.5,2.0,4.0,2.5],"rotation":0,"texture":"#1","tintindex":0},"north":{"uv":[3.0,2.5,4.0,2.0],"rotation":180,"texture":"#1","tintindex":0},"south":{"uv":[3.0,2.0,4.0,2.5],"rotation":0,"texture":"#1","tintindex":0},"up":{"uv":[4.0,2.0,3.0,2.5],"rotation":180,"texture":"#1","tintindex":0},"west":{"uv":[3.0,2.0,3.5,2.5],"rotation":0,"texture":"#1","tintindex":0}}},{"name":"scatha_6","from":[18.67554,14.938455,7.6599784],"to":[19.852741,26.710453,9.778938],"rotation":{"angle":0.0,"axis":"x","origin":[-4.8684607,-2.7195463,19.902859]},"faces":{"down":{"uv":[11.0,6.5,11.5,7.0],"rotation":0,"texture":"#1","tintindex":0},"east":{"uv":[11.0,2.0,11.5,7.0],"rotation":0,"texture":"#1","tintindex":0},"north":{"uv":[11.0,7.0,11.5,2.0],"rotation":180,"texture":"#1","tintindex":0},"south":{"uv":[11.0,2.0,11.5,7.0],"rotation":0,"texture":"#1","tintindex":0},"up":{"uv":[11.5,2.0,11.0,2.5],"rotation":180,"texture":"#1","tintindex":0},"west":{"uv":[11.0,2.0,11.5,7.0],"rotation":0,"texture":"#1","tintindex":0}}},{"name":"scatha_7","from":[19.852741,13.761254,7.6599784],"to":[21.029942,25.533257,9.778938],"rotation":{"angle":0.0,"axis":"x","origin":[-4.8684607,-2.7195463,19.902859]},"faces":{"down":{"uv":[11.5,7.0,12.0,7.5],"rotation":0,"texture":"#1","tintindex":0},"east":{"uv":[11.5,2.5,12.0,7.5],"rotation":0,"texture":"#1","tintindex":0},"north":{"uv":[11.5,7.5,12.0,2.5],"rotation":180,"texture":"#1","tintindex":0},"south":{"uv":[11.5,2.5,12.0,7.5],"rotation":0,"texture":"#1","tintindex":0},"up":{"uv":[12.0,2.5,11.5,3.0],"rotation":180,"texture":"#1","tintindex":0},"west":{"uv":[11.5,2.5,12.0,7.5],"rotation":0,"texture":"#1","tintindex":0}}},{"name":"scatha_8","from":[23.384342,23.178856,8.130857],"to":[25.738743,25.533257,9.308058],"rotation":{"angle":0.0,"axis":"x","origin":[-4.8684607,-2.7195463,19.902859]},"faces":{"down":{"uv":[13.0,3.0,14.0,3.5],"rotation":0,"texture":"#1","tintindex":0},"east":{"uv":[13.5,2.5,14.0,3.5],"rotation":0,"texture":"#1","tintindex":0},"north":{"uv":[13.0,3.5,14.0,2.5],"rotation":180,"texture":"#1","tintindex":0},"south":{"uv":[13.0,2.5,14.0,3.5],"rotation":0,"texture":"#1","tintindex":0},"up":{"uv":[14.0,2.5,13.0,3.0],"rotation":180,"texture":"#1","tintindex":0},"west":{"uv":[13.0,2.5,13.5,3.5],"rotation":0,"texture":"#1","tintindex":0}}},{"name":"scatha_9","from":[9.25794,23.178856,7.6599784],"to":[13.966742,24.356056,9.778938],"rotation":{"angle":0.0,"axis":"x","origin":[-4.8684607,-2.7195463,19.902859]},"faces":{"down":{"uv":[7.0,3.0,9.0,3.5],"rotation":0,"texture":"#1","tintindex":0},"east":{"uv":[8.5,3.0,9.0,3.5],"rotation":0,"texture":"#1","tintindex":0},"north":{"uv":[7.0,3.5,9.0,3.0],"rotation":180,"texture":"#1","tintindex":0},"south":{"uv":[7.0,3.0,9.0,3.5],"rotation":0,"texture":"#1","tintindex":0},"up":{"uv":[9.0,3.0,7.0,3.5],"rotation":180,"texture":"#1","tintindex":0},"west":{"uv":[7.0,3.0,7.5,3.5],"rotation":0,"texture":"#1","tintindex":0}}},{"name":"scatha_10","from":[21.029942,14.938455,7.6599784],"to":[23.384342,24.356056,9.778938],"rotation":{"angle":0.0,"axis":"x","origin":[-4.8684607,-2.7195463,19.902859]},"faces":{"down":{"uv":[12.0,6.5,13.0,7.0],"rotation":0,"texture":"#1","tintindex":0},"east":{"uv":[12.5,3.0,13.0,7.0],"rotation":0,"texture":"#1","tintindex":0},"north":{"uv":[12.0,7.0,13.0,3.0],"rotation":180,"texture":"#1","tintindex":0},"south":{"uv":[12.0,3.0,13.0,7.0],"rotation":0,"texture":"#1","tintindex":0},"up":{"uv":[13.0,3.0,12.0,3.5],"rotation":180,"texture":"#1","tintindex":0},"west":{"uv":[12.0,3.0,12.5,7.0],"rotation":0,"texture":"#1","tintindex":0}}},{"name":"scatha_11","from":[12.789541,22.001656,7.6599784],"to":[13.966742,23.178856,9.778938],"rotation":{"angle":0.0,"axis":"x","origin":[-4.8684607,-2.7195463,19.902859]},"faces":{"down":{"uv":[8.5,3.5,9.0,4.0],"rotation":0,"texture":"#1","tintindex":0},"east":{"uv":[8.5,3.5,9.0,4.0],"rotation":0,"texture":"#1","tintindex":0},"north":{"uv":[8.5,4.0,9.0,3.5],"rotation":180,"texture":"#1","tintindex":0},"south":{"uv":[8.5,3.5,9.0,4.0],"rotation":0,"texture":"#1","tintindex":0},"up":{"uv":[9.0,3.5,8.5,4.0],"rotation":180,"texture":"#1","tintindex":0},"west":{"uv":[8.5,3.5,9.0,4.0],"rotation":0,"texture":"#1","tintindex":0}}},{"name":"scatha_12","from":[23.384342,13.761254,7.6599784],"to":[25.738743,22.001656,9.778938],"rotation":{"angle":0.0,"axis":"x","origin":[-4.8684607,-2.7195463,19.902859]},"faces":{"down":{"uv":[13.0,7.0,14.0,7.5],"rotation":0,"texture":"#1","tintindex":0},"east":{"uv":[13.5,4.0,14.0,7.5],"rotation":0,"texture":"#1","tintindex":0},"north":{"uv":[13.0,7.5,14.0,4.0],"rotation":180,"texture":"#1","tintindex":0},"south":{"uv":[13.0,4.0,14.0,7.5],"rotation":0,"texture":"#1","tintindex":0},"up":{"uv":[14.0,4.0,13.0,4.5],"rotation":180,"texture":"#1","tintindex":0},"west":{"uv":[13.0,4.0,13.5,7.5],"rotation":0,"texture":"#1","tintindex":0}}},{"name":"scatha_13","from":[15.14394,19.647255,7.6599784],"to":[16.32114,20.824455,9.778938],"rotation":{"angle":0.0,"axis":"x","origin":[-4.8684607,-2.7195463,19.902859]},"faces":{"down":{"uv":[9.5,4.5,10.0,5.0],"rotation":0,"texture":"#1","tintindex":0},"east":{"uv":[9.5,4.5,10.0,5.0],"rotation":0,"texture":"#1","tintindex":0},"north":{"uv":[9.5,5.0,10.0,4.5],"rotation":180,"texture":"#1","tintindex":0},"south":{"uv":[9.5,4.5,10.0,5.0],"rotation":0,"texture":"#1","tintindex":0},"up":{"uv":[10.0,4.5,9.5,5.0],"rotation":180,"texture":"#1","tintindex":0},"west":{"uv":[9.5,4.5,10.0,5.0],"rotation":0,"texture":"#1","tintindex":0}}},{"name":"scatha_14","from":[25.738743,18.470055,7.6599784],"to":[26.915943,20.824455,9.778938],"rotation":{"angle":0.0,"axis":"x","origin":[-4.8684607,-2.7195463,19.902859]},"faces":{"down":{"uv":[14.0,5.0,14.5,5.5],"rotation":0,"texture":"#1","tintindex":0},"east":{"uv":[14.0,4.5,14.5,5.5],"rotation":0,"texture":"#1","tintindex":0},"north":{"uv":[14.0,5.5,14.5,4.5],"rotation":180,"texture":"#1","tintindex":0},"south":{"uv":[14.0,4.5,14.5,5.5],"rotation":0,"texture":"#1","tintindex":0},"up":{"uv":[14.5,4.5,14.0,5.0],"rotation":180,"texture":"#1","tintindex":0},"west":{"uv":[14.0,4.5,14.5,5.5],"rotation":0,"texture":"#1","tintindex":0}}},{"name":"scatha_15","from":[15.14394,16.115654,8.130857],"to":[17.49834,17.292854,9.308058],"rotation":{"angle":0.0,"axis":"x","origin":[-4.8684607,-2.7195463,19.902859]},"faces":{"down":{"uv":[9.5,6.0,10.5,6.5],"rotation":0,"texture":"#1","tintindex":0},"east":{"uv":[10.0,6.0,10.5,6.5],"rotation":0,"texture":"#1","tintindex":0},"north":{"uv":[9.5,6.5,10.5,6.0],"rotation":180,"texture":"#1","tintindex":0},"south":{"uv":[9.5,6.0,10.5,6.5],"rotation":0,"texture":"#1","tintindex":0},"up":{"uv":[10.5,6.0,9.5,6.5],"rotation":180,"texture":"#1","tintindex":0},"west":{"uv":[9.5,6.0,10.0,6.5],"rotation":0,"texture":"#1","tintindex":0}}},{"name":"scatha_16","from":[25.738743,12.584055,7.6599784],"to":[26.915943,17.292854,9.778938],"rotation":{"angle":0.0,"axis":"x","origin":[-4.8684607,-2.7195463,19.902859]},"faces":{"down":{"uv":[14.0,7.5,14.5,8.0],"rotation":0,"texture":"#1","tintindex":0},"east":{"uv":[14.0,6.0,14.5,8.0],"rotation":0,"texture":"#1","tintindex":0},"north":{"uv":[14.0,8.0,14.5,6.0],"rotation":180,"texture":"#1","tintindex":0},"south":{"uv":[14.0,6.0,14.5,8.0],"rotation":0,"texture":"#1","tintindex":0},"up":{"uv":[14.5,6.0,14.0,6.5],"rotation":180,"texture":"#1","tintindex":0},"west":{"uv":[14.0,6.0,14.5,8.0],"rotation":0,"texture":"#1","tintindex":0}}},{"name":"scatha_17","from":[13.966742,14.938455,8.130857],"to":[16.32114,16.115654,9.308058],"rotation":{"angle":0.0,"axis":"x","origin":[-4.8684607,-2.7195463,19.902859]},"faces":{"down":{"uv":[9.0,6.5,10.0,7.0],"rotation":0,"texture":"#1","tintindex":0},"east":{"uv":[9.5,6.5,10.0,7.0],"rotation":0,"texture":"#1","tintindex":0},"north":{"uv":[9.0,7.0,10.0,6.5],"rotation":180,"texture":"#1","tintindex":0},"south":{"uv":[9.0,6.5,10.0,7.0],"rotation":0,"texture":"#1","tintindex":0},"up":{"uv":[10.0,6.5,9.0,7.0],"rotation":180,"texture":"#1","tintindex":0},"west":{"uv":[9.0,6.5,9.5,7.0],"rotation":0,"texture":"#1","tintindex":0}}},{"name":"scatha_18","from":[26.915943,12.584055,7.6599784],"to":[28.09314,16.115654,9.778938],"rotation":{"angle":0.0,"axis":"x","origin":[-4.8684607,-2.7195463,19.902859]},"faces":{"down":{"uv":[14.5,7.5,15.0,8.0],"rotation":0,"texture":"#1","tintindex":0},"east":{"uv":[14.5,6.5,15.0,8.0],"rotation":0,"texture":"#1","tintindex":0},"north":{"uv":[14.5,8.0,15.0,6.5],"rotation":180,"texture":"#1","tintindex":0},"south":{"uv":[14.5,6.5,15.0,8.0],"rotation":0,"texture":"#1","tintindex":0},"up":{"uv":[15.0,6.5,14.5,7.0],"rotation":180,"texture":"#1","tintindex":0},"west":{"uv":[14.5,6.5,15.0,8.0],"rotation":0,"texture":"#1","tintindex":0}}},{"name":"scatha_19","from":[12.789541,13.761254,8.130857],"to":[15.14394,14.938455,9.308058],"rotation":{"angle":0.0,"axis":"x","origin":[-4.8684607,-2.7195463,19.902859]},"faces":{"down":{"uv":[8.5,7.0,9.5,7.5],"rotation":0,"texture":"#1","tintindex":0},"east":{"uv":[9.0,7.0,9.5,7.5],"rotation":0,"texture":"#1","tintindex":0},"north":{"uv":[8.5,7.5,9.5,7.0],"rotation":180,"texture":"#1","tintindex":0},"south":{"uv":[8.5,7.0,9.5,7.5],"rotation":0,"texture":"#1","tintindex":0},"up":{"uv":[9.5,7.0,8.5,7.5],"rotation":180,"texture":"#1","tintindex":0},"west":{"uv":[8.5,7.0,9.0,7.5],"rotation":0,"texture":"#1","tintindex":0}}},{"name":"scatha_20","from":[21.029942,13.761254,7.6599784],"to":[22.207142,14.938455,9.778938],"rotation":{"angle":0.0,"axis":"x","origin":[-4.8684607,-2.7195463,19.902859]},"faces":{"down":{"uv":[12.0,7.0,12.5,7.5],"rotation":0,"texture":"#1","tintindex":0},"east":{"uv":[12.0,7.0,12.5,7.5],"rotation":0,"texture":"#1","tintindex":0},"north":{"uv":[12.0,7.5,12.5,7.0],"rotation":180,"texture":"#1","tintindex":0},"south":{"uv":[12.0,7.0,12.5,7.5],"rotation":0,"texture":"#1","tintindex":0},"up":{"uv":[12.5,7.0,12.0,7.5],"rotation":180,"texture":"#1","tintindex":0},"west":{"uv":[12.0,7.0,12.5,7.5],"rotation":0,"texture":"#1","tintindex":0}}},{"name":"scatha_21","from":[11.612341,12.584055,8.130857],"to":[13.966742,13.761254,9.308058],"rotation":{"angle":0.0,"axis":"x","origin":[-4.8684607,-2.7195463,19.902859]},"faces":{"down":{"uv":[8.0,7.5,9.0,8.0],"rotation":0,"texture":"#1","tintindex":0},"east":{"uv":[8.5,7.5,9.0,8.0],"rotation":0,"texture":"#1","tintindex":0},"north":{"uv":[8.0,8.0,9.0,7.5],"rotation":180,"texture":"#1","tintindex":0},"south":{"uv":[8.0,7.5,9.0,8.0],"rotation":0,"texture":"#1","tintindex":0},"up":{"uv":[9.0,7.5,8.0,8.0],"rotation":180,"texture":"#1","tintindex":0},"west":{"uv":[8.0,7.5,8.5,8.0],"rotation":0,"texture":"#1","tintindex":0}}},{"name":"scatha_22","from":[24.561543,12.584055,7.6599784],"to":[25.738743,13.761254,9.778938],"rotation":{"angle":0.0,"axis":"x","origin":[-4.8684607,-2.7195463,19.902859]},"faces":{"down":{"uv":[13.5,7.5,14.0,8.0],"rotation":0,"texture":"#1","tintindex":0},"east":{"uv":[13.5,7.5,14.0,8.0],"rotation":0,"texture":"#1","tintindex":0},"north":{"uv":[13.5,8.0,14.0,7.5],"rotation":180,"texture":"#1","tintindex":0},"south":{"uv":[13.5,7.5,14.0,8.0],"rotation":0,"texture":"#1","tintindex":0},"up":{"uv":[14.0,7.5,13.5,8.0],"rotation":180,"texture":"#1","tintindex":0},"west":{"uv":[13.5,7.5,14.0,8.0],"rotation":0,"texture":"#1","tintindex":0}}},{"name":"scatha_23","from":[10.435141,11.406855,8.130857],"to":[12.789541,12.584055,9.308058],"rotation":{"angle":0.0,"axis":"x","origin":[-4.8684607,-2.7195463,19.902859]},"faces":{"down":{"uv":[7.5,8.0,8.5,8.5],"rotation":0,"texture":"#1","tintindex":0},"east":{"uv":[8.0,8.0,8.5,8.5],"rotation":0,"texture":"#1","tintindex":0},"north":{"uv":[7.5,8.5,8.5,8.0],"rotation":180,"texture":"#1","tintindex":0},"south":{"uv":[7.5,8.0,8.5,8.5],"rotation":0,"texture":"#1","tintindex":0},"up":{"uv":[8.5,8.0,7.5,8.5],"rotation":180,"texture":"#1","tintindex":0},"west":{"uv":[7.5,8.0,8.0,8.5],"rotation":0,"texture":"#1","tintindex":0}}},{"name":"scatha_24","from":[9.25794,10.229654,8.130857],"to":[11.612341,11.406855,9.308058],"rotation":{"angle":0.0,"axis":"x","origin":[-4.8684607,-2.7195463,19.902859]},"faces":{"down":{"uv":[7.0,8.5,8.0,9.0],"rotation":0,"texture":"#1","tintindex":0},"east":{"uv":[7.5,8.5,8.0,9.0],"rotation":0,"texture":"#1","tintindex":0},"north":{"uv":[7.0,9.0,8.0,8.5],"rotation":180,"texture":"#1","tintindex":0},"south":{"uv":[7.0,8.5,8.0,9.0],"rotation":0,"texture":"#1","tintindex":0},"up":{"uv":[8.0,8.5,7.0,9.0],"rotation":180,"texture":"#1","tintindex":0},"west":{"uv":[7.0,8.5,7.5,9.0],"rotation":0,"texture":"#1","tintindex":0}}},{"name":"scatha_25","from":[8.080741,9.052455,8.130857],"to":[10.435141,10.229654,9.308058],"rotation":{"angle":0.0,"axis":"x","origin":[-4.8684607,-2.7195463,19.902859]},"faces":{"down":{"uv":[6.5,9.0,7.5,9.5],"rotation":0,"texture":"#1","tintindex":0},"east":{"uv":[7.0,9.0,7.5,9.5],"rotation":0,"texture":"#1","tintindex":0},"north":{"uv":[6.5,9.5,7.5,9.0],"rotation":180,"texture":"#1","tintindex":0},"south":{"uv":[6.5,9.0,7.5,9.5],"rotation":0,"texture":"#1","tintindex":0},"up":{"uv":[7.5,9.0,6.5,9.5],"rotation":180,"texture":"#1","tintindex":0},"west":{"uv":[6.5,9.0,7.0,9.5],"rotation":0,"texture":"#1","tintindex":0}}},{"name":"scatha_26","from":[6.9035406,7.8752546,8.130857],"to":[9.25794,9.052455,9.308058],"rotation":{"angle":0.0,"axis":"x","origin":[-4.8684607,-2.7195463,19.902859]},"faces":{"down":{"uv":[6.0,9.5,7.0,10.0],"rotation":0,"texture":"#1","tintindex":0},"east":{"uv":[6.5,9.5,7.0,10.0],"rotation":0,"texture":"#1","tintindex":0},"north":{"uv":[6.0,10.0,7.0,9.5],"rotation":180,"texture":"#1","tintindex":0},"south":{"uv":[6.0,9.5,7.0,10.0],"rotation":0,"texture":"#1","tintindex":0},"up":{"uv":[7.0,9.5,6.0,10.0],"rotation":180,"texture":"#1","tintindex":0},"west":{"uv":[6.0,9.5,6.5,10.0],"rotation":0,"texture":"#1","tintindex":0}}},{"name":"scatha_27","from":[5.726341,6.698055,8.130857],"to":[8.080741,7.8752546,9.308058],"rotation":{"angle":0.0,"axis":"x","origin":[-4.8684607,-2.7195463,19.902859]},"faces":{"down":{"uv":[5.5,10.0,6.5,10.5],"rotation":0,"texture":"#1","tintindex":0},"east":{"uv":[6.0,10.0,6.5,10.5],"rotation":0,"texture":"#1","tintindex":0},"north":{"uv":[5.5,10.5,6.5,10.0],"rotation":180,"texture":"#1","tintindex":0},"south":{"uv":[5.5,10.0,6.5,10.5],"rotation":0,"texture":"#1","tintindex":0},"up":{"uv":[6.5,10.0,5.5,10.5],"rotation":180,"texture":"#1","tintindex":0},"west":{"uv":[5.5,10.0,6.0,10.5],"rotation":0,"texture":"#1","tintindex":0}}},{"name":"scatha_28","from":[4.5491405,5.520854,8.130857],"to":[6.9035406,6.698055,9.308058],"rotation":{"angle":0.0,"axis":"x","origin":[-4.8684607,-2.7195463,19.902859]},"faces":{"down":{"uv":[5.0,10.5,6.0,11.0],"rotation":0,"texture":"#1","tintindex":0},"east":{"uv":[5.5,10.5,6.0,11.0],"rotation":0,"texture":"#1","tintindex":0},"north":{"uv":[5.0,11.0,6.0,10.5],"rotation":180,"texture":"#1","tintindex":0},"south":{"uv":[5.0,10.5,6.0,11.0],"rotation":0,"texture":"#1","tintindex":0},"up":{"uv":[6.0,10.5,5.0,11.0],"rotation":180,"texture":"#1","tintindex":0},"west":{"uv":[5.0,10.5,5.5,11.0],"rotation":0,"texture":"#1","tintindex":0}}},{"name":"scatha_29","from":[3.3719404,4.343654,8.130857],"to":[5.726341,5.520854,9.308058],"rotation":{"angle":0.0,"axis":"x","origin":[-4.8684607,-2.7195463,19.902859]},"faces":{"down":{"uv":[4.5,11.0,5.5,11.5],"rotation":0,"texture":"#1","tintindex":0},"east":{"uv":[5.0,11.0,5.5,11.5],"rotation":0,"texture":"#1","tintindex":0},"north":{"uv":[4.5,11.5,5.5,11.0],"rotation":180,"texture":"#1","tintindex":0},"south":{"uv":[4.5,11.0,5.5,11.5],"rotation":0,"texture":"#1","tintindex":0},"up":{"uv":[5.5,11.0,4.5,11.5],"rotation":180,"texture":"#1","tintindex":0},"west":{"uv":[4.5,11.0,5.0,11.5],"rotation":0,"texture":"#1","tintindex":0}}},{"name":"scatha_30","from":[3.3719404,1.9892544,8.130857],"to":[4.5491405,4.343654,9.308058],"rotation":{"angle":0.0,"axis":"x","origin":[-4.8684607,-2.7195463,19.902859]},"faces":{"down":{"uv":[4.5,12.0,5.0,12.5],"rotation":0,"texture":"#1","tintindex":0},"east":{"uv":[4.5,11.5,5.0,12.5],"rotation":0,"texture":"#1","tintindex":0},"north":{"uv":[4.5,12.5,5.0,11.5],"rotation":180,"texture":"#1","tintindex":0},"south":{"uv":[4.5,11.5,5.0,12.5],"rotation":0,"texture":"#1","tintindex":0},"up":{"uv":[5.0,11.5,4.5,12.0],"rotation":180,"texture":"#1","tintindex":0},"west":{"uv":[4.5,11.5,5.0,12.5],"rotation":0,"texture":"#1","tintindex":0}}},{"name":"scatha_31","from":[2.1947403,0.8120537,8.130857],"to":[3.3719404,3.1664543,9.308058],"rotation":{"angle":0.0,"axis":"x","origin":[-4.8684607,-2.7195463,19.902859]},"faces":{"down":{"uv":[4.0,12.5,4.5,13.0],"rotation":0,"texture":"#1","tintindex":0},"east":{"uv":[4.0,12.0,4.5,13.0],"rotation":0,"texture":"#1","tintindex":0},"north":{"uv":[4.0,13.0,4.5,12.0],"rotation":180,"texture":"#1","tintindex":0},"south":{"uv":[4.0,12.0,4.5,13.0],"rotation":0,"texture":"#1","tintindex":0},"up":{"uv":[4.5,12.0,4.0,12.5],"rotation":180,"texture":"#1","tintindex":0},"west":{"uv":[4.0,12.0,4.5,13.0],"rotation":0,"texture":"#1","tintindex":0}}},{"name":"scatha_32","from":[1.0175405,-0.36514616,8.130857],"to":[2.1947403,1.9892544,9.308058],"rotation":{"angle":0.0,"axis":"x","origin":[-4.8684607,-2.7195463,19.902859]},"faces":{"down":{"uv":[3.5,13.0,4.0,13.5],"rotation":0,"texture":"#1","tintindex":0},"east":{"uv":[3.5,12.5,4.0,13.5],"rotation":0,"texture":"#1","tintindex":0},"north":{"uv":[3.5,13.5,4.0,12.5],"rotation":180,"texture":"#1","tintindex":0},"south":{"uv":[3.5,12.5,4.0,13.5],"rotation":0,"texture":"#1","tintindex":0},"up":{"uv":[4.0,12.5,3.5,13.0],"rotation":180,"texture":"#1","tintindex":0},"west":{"uv":[3.5,12.5,4.0,13.5],"rotation":0,"texture":"#1","tintindex":0}}},{"name":"scatha_33","from":[-1.3368597,-0.36514616,8.130857],"to":[1.0175405,0.8120537,9.308058],"rotation":{"angle":0.0,"axis":"x","origin":[-4.8684607,-2.7195463,19.902859]},"faces":{"down":{"uv":[2.5,13.0,3.5,13.5],"rotation":0,"texture":"#1","tintindex":0},"east":{"uv":[3.0,13.0,3.5,13.5],"rotation":0,"texture":"#1","tintindex":0},"north":{"uv":[2.5,13.5,3.5,13.0],"rotation":180,"texture":"#1","tintindex":0},"south":{"uv":[2.5,13.0,3.5,13.5],"rotation":0,"texture":"#1","tintindex":0},"up":{"uv":[3.5,13.0,2.5,13.5],"rotation":180,"texture":"#1","tintindex":0},"west":{"uv":[2.5,13.0,3.0,13.5],"rotation":0,"texture":"#1","tintindex":0}}},{"name":"scatha_34","from":[-3.6912594,-2.7195463,8.130857],"to":[-1.3368597,-0.36514616,9.308058],"rotation":{"angle":0.0,"axis":"x","origin":[-4.8684607,-2.7195463,19.902859]},"faces":{"down":{"uv":[1.5,14.0,2.5,14.5],"rotation":0,"texture":"#1","tintindex":0},"east":{"uv":[2.0,13.5,2.5,14.5],"rotation":0,"texture":"#1","tintindex":0},"north":{"uv":[1.5,14.5,2.5,13.5],"rotation":180,"texture":"#1","tintindex":0},"south":{"uv":[1.5,13.5,2.5,14.5],"rotation":0,"texture":"#1","tintindex":0},"up":{"uv":[2.5,13.5,1.5,14.0],"rotation":180,"texture":"#1","tintindex":0},"west":{"uv":[1.5,13.5,2.0,14.5],"rotation":0,"texture":"#1","tintindex":0}}},{"name":"scatha_35","from":[-1.3368597,-1.542346,8.130857],"to":[-0.15965962,-0.36514616,9.308058],"rotation":{"angle":0.0,"axis":"x","origin":[-4.8684607,-2.7195463,19.902859]},"faces":{"down":{"uv":[2.5,13.5,3.0,14.0],"rotation":0,"texture":"#1","tintindex":0},"east":{"uv":[2.5,13.5,3.0,14.0],"rotation":0,"texture":"#1","tintindex":0},"north":{"uv":[2.5,14.0,3.0,13.5],"rotation":180,"texture":"#1","tintindex":0},"south":{"uv":[2.5,13.5,3.0,14.0],"rotation":0,"texture":"#1","tintindex":0},"up":{"uv":[3.0,13.5,2.5,14.0],"rotation":180,"texture":"#1","tintindex":0},"west":{"uv":[2.5,13.5,3.0,14.0],"rotation":0,"texture":"#1","tintindex":0}}}],"display":{"head":{"translation":[0.0,-6.4,0.0],"rotation":[0.0,0.0,0.0],"scale":[3.8095,3.8095,3.8095]}}}