{"textures":{"0":"modelengine:entity/glacianminecraftskin1","1":"minecraft:custom/scatha"},"elements":[{"name":"body","from":[3.6799998,8.24,5.84],"to":[12.32,14.72,10.16],"rotation":{"angle":0.0,"axis":"x","origin":[8.0,14.72,8.0]},"faces":{"down":{"uv":[9.0,4.0,7.0,5.0],"rotation":0,"texture":"#0","tintindex":0},"east":{"uv":[4.0,6.5,5.0,8.0],"rotation":0,"texture":"#0","tintindex":0},"north":{"uv":[5.0,6.5,7.0,8.0],"rotation":0,"texture":"#0","tintindex":0},"south":{"uv":[8.0,6.5,10.0,8.0],"rotation":0,"texture":"#0","tintindex":0},"up":{"uv":[7.0,5.0,5.0,4.0],"rotation":0,"texture":"#0","tintindex":0},"west":{"uv":[7.0,6.5,8.0,8.0],"rotation":0,"texture":"#0","tintindex":0}}},{"name":"body_2nd_layer","from":[3.6799998,7.7215996,5.3],"to":[12.32,14.201599,10.700001],"rotation":{"angle":0.0,"axis":"x","origin":[-0.6400001,-3.6400003,-0.6400001]},"faces":{"down":{"uv":[9.0,8.0,7.0,9.0],"rotation":0,"texture":"#0","tintindex":0},"east":{"uv":[4.0,10.5,5.0,12.0],"rotation":0,"texture":"#0","tintindex":0},"north":{"uv":[5.0,10.5,7.0,12.0],"rotation":0,"texture":"#0","tintindex":0},"south":{"uv":[8.0,10.5,10.0,12.0],"rotation":0,"texture":"#0","tintindex":0},"up":{"uv":[7.0,9.0,5.0,8.0],"rotation":0,"texture":"#0","tintindex":0},"west":{"uv":[7.0,10.5,8.0,12.0],"rotation":0,"texture":"#0","tintindex":0}}}],"display":{"head":{"translation":[0.0,-6.4,0.0],"rotation":[0.0,0.0,0.0],"scale":[3.8095,3.8095,3.8095]}}}