{"textures":{"0":"modelengine:entity/glacianminecraftskin1","1":"minecraft:custom/scatha"},"elements":[{"name":"body_2nd_layer","from":[3.6799998,7.9615984,4.94],"to":[12.32,14.4416,10.34],"rotation":{"angle":0.0,"axis":"x","origin":[-0.6400001,-9.880001,-1.0000005]},"faces":{"down":{"uv":[9.0,8.0,7.0,9.0],"rotation":0,"texture":"#0","tintindex":0},"east":{"uv":[4.0,9.0,5.0,10.5],"rotation":0,"texture":"#0","tintindex":0},"north":{"uv":[5.0,9.0,7.0,10.5],"rotation":0,"texture":"#0","tintindex":0},"south":{"uv":[8.0,9.0,10.0,10.5],"rotation":0,"texture":"#0","tintindex":0},"up":{"uv":[7.0,9.0,5.0,8.0],"rotation":0,"texture":"#0","tintindex":0},"west":{"uv":[7.0,9.0,8.0,10.5],"rotation":0,"texture":"#0","tintindex":0}}},{"name":"body","from":[3.6799998,8.48,5.48],"to":[12.32,14.959999,9.8],"rotation":{"angle":0.0,"axis":"x","origin":[8.0,8.48,7.64]},"faces":{"down":{"uv":[9.0,4.0,7.0,5.0],"rotation":0,"texture":"#0","tintindex":0},"east":{"uv":[4.0,5.0,5.0,6.5],"rotation":0,"texture":"#0","tintindex":0},"north":{"uv":[5.0,5.0,7.0,6.5],"rotation":0,"texture":"#0","tintindex":0},"south":{"uv":[8.0,5.0,10.0,6.5],"rotation":0,"texture":"#0","tintindex":0},"up":{"uv":[7.0,5.0,5.0,4.0],"rotation":0,"texture":"#0","tintindex":0},"west":{"uv":[7.0,5.0,8.0,6.5],"rotation":0,"texture":"#0","tintindex":0}}}],"display":{"head":{"translation":[0.0,-6.4,0.0],"rotation":[0.0,0.0,0.0],"scale":[3.8095,3.8095,3.8095]}}}