{"textures":{"0":"minecraft:block/acacia_log","1":"minecraft:block/acacia_log_top","2":"modelengine:entity/texture","3":"modelengine:entity/dsad","4":"minecraft:block/barrel_bottom","5":"modelengine:entity/pastedasd","6":"minecraft:block/blast_furnace_top"},"elements":[{"name":"cube","from":[7.46,8.0,7.46],"to":[8.48,16.400002,8.54],"rotation":{"angle":0.0,"axis":"x","origin":[8.0,8.0,8.0]},"faces":{"down":{"uv":[0.0,0.0,1.7,1.8],"rotation":0,"texture":"#0","tintindex":0},"east":{"uv":[0.0,0.0,1.8,14.0],"rotation":0,"texture":"#0","tintindex":0},"north":{"uv":[0.0,0.0,1.7,14.0],"rotation":0,"texture":"#0","tintindex":0},"south":{"uv":[0.0,0.0,1.7,14.0],"rotation":0,"texture":"#0","tintindex":0},"up":{"uv":[0.0,0.0,1.7,1.8],"rotation":0,"texture":"#0","tintindex":0},"west":{"uv":[0.0,0.0,1.8,14.0],"rotation":0,"texture":"#0","tintindex":0}}},{"name":"cube","from":[7.46,20.0,7.46],"to":[8.48,23.600002,8.54],"rotation":{"angle":0.0,"axis":"x","origin":[8.0,8.0,8.0]},"faces":{"down":{"uv":[0.0,0.0,1.7,1.8],"rotation":0,"texture":"#0","tintindex":0},"east":{"uv":[0.0,0.0,1.8,6.0],"rotation":0,"texture":"#0","tintindex":0},"north":{"uv":[0.0,0.0,1.7,6.0],"rotation":0,"texture":"#0","tintindex":0},"south":{"uv":[0.0,0.0,1.7,6.0],"rotation":0,"texture":"#0","tintindex":0},"up":{"uv":[0.0,0.0,1.7,1.8],"rotation":0,"texture":"#0","tintindex":0},"west":{"uv":[0.0,0.0,1.8,6.0],"rotation":0,"texture":"#0","tintindex":0}}},{"name":"cube","from":[6.8,16.400002,6.2],"to":[9.2,22.400002,9.8],"rotation":{"angle":0.0,"axis":"x","origin":[8.0,8.0,8.0]},"faces":{"down":{"uv":[0.0,0.0,4.0,6.0],"rotation":0,"texture":"#4","tintindex":0},"east":{"uv":[0.0,0.0,16.0,16.0],"rotation":0,"texture":"#4","tintindex":0},"north":{"uv":[0.0,0.0,16.0,16.0],"rotation":0,"texture":"#4","tintindex":0},"south":{"uv":[0.0,0.0,16.0,16.0],"rotation":0,"texture":"#4","tintindex":0},"up":{"uv":[0.0,0.0,4.0,6.0],"rotation":0,"texture":"#4","tintindex":0},"west":{"uv":[0.0,0.0,16.0,15.0],"rotation":0,"texture":"#5","tintindex":0}}},{"name":"cube","from":[6.8,8.6,6.8],"to":[9.2,9.2,9.2],"rotation":{"angle":0.0,"axis":"x","origin":[8.0,8.0,8.0]},"faces":{"down":{"uv":[0.0,0.0,4.0,4.0],"rotation":0,"texture":"#6","tintindex":0},"east":{"uv":[0.0,0.0,4.0,1.0],"rotation":0,"texture":"#6","tintindex":0},"north":{"uv":[0.0,0.0,4.0,1.0],"rotation":0,"texture":"#6","tintindex":0},"south":{"uv":[0.0,0.0,4.0,1.0],"rotation":0,"texture":"#6","tintindex":0},"up":{"uv":[0.0,0.0,16.0,16.0],"rotation":0,"texture":"#6","tintindex":0},"west":{"uv":[0.0,0.0,4.0,1.0],"rotation":0,"texture":"#6","tintindex":0}}}],"display":{"head":{"translation":[0.0,-6.4,0.0],"rotation":[0.0,0.0,0.0],"scale":[3.8095,3.8095,3.8095]}}}