{"textures":{"0":"minecraft:block/acacia_log","1":"minecraft:block/acacia_log_top","2":"modelengine:entity/texture","3":"modelengine:entity/dsad","4":"minecraft:block/barrel_bottom","5":"modelengine:entity/pastedasd","6":"minecraft:block/blast_furnace_top"},"elements":[{"name":"cube","from":[5.6,8.0,5.6],"to":[10.4,12.8,10.4],"rotation":{"angle":0.0,"axis":"x","origin":[8.0,-7.6000004,8.0]},"faces":{"down":{"uv":[0.0,0.0,8.0,8.0],"rotation":0,"texture":"#2","tintindex":0},"east":{"uv":[0.0,0.0,8.0,8.0],"rotation":0,"texture":"#2","tintindex":0},"north":{"uv":[0.0,0.0,8.0,8.0],"rotation":0,"texture":"#2","tintindex":0},"south":{"uv":[0.0,0.0,8.0,8.0],"rotation":0,"texture":"#2","tintindex":0},"up":{"uv":[0.0,0.0,8.0,8.0],"rotation":0,"texture":"#2","tintindex":0},"west":{"uv":[0.0,0.0,8.0,8.0],"rotation":0,"texture":"#3","tintindex":0}}}],"display":{"head":{"translation":[0.0,-6.4,0.0],"rotation":[0.0,0.0,0.0],"scale":[3.8095,3.8095,3.8095]}}}