{
	"credit": "Made with Blockbench",
	"textures": {
		"0": "custom/nothingness1/bar"
	},
	"elements": [
		{
			"from": [7.5, -0.5, 7.5],
			"to": [8.5, 16.9, 8.5],
			"faces": {
				"north": {"uv": [12, 5, 12.999, 7.999], "texture": "#0"},
				"east": {"uv": [12, 5, 12.999, 7.999], "texture": "#0"},
				"south": {"uv": [12, 5, 12.999, 7.999], "texture": "#0"},
				"west": {"uv": [12, 5, 12.999, 7.999], "texture": "#0"},
				"up": {"uv": [12, 5, 12.999, 7.999], "texture": "#0"},
				"down": {"uv": [12, 5, 12.999, 7.999], "texture": "#0"}
			}
		},
		{
			"from": [7.49999, 17.58033, 6.38999],
			"to": [8.49999, 18.38033, 7.38999],
			"rotation": {"angle": -22.5, "axis": "x", "origin": [7.99999, 20.58033, 6.88999]},
			"faces": {
				"north": {"uv": [0, 0, 1, 0.8], "texture": "#0"},
				"east": {"uv": [0, 0, 1, 0.8], "texture": "#0"},
				"south": {"uv": [0, 0, 1, 0.8], "texture": "#0"},
				"west": {"uv": [0, 0, 1, 0.8], "texture": "#0"},
				"up": {"uv": [0, 0, 1, 1], "texture": "#0"},
				"down": {"uv": [0, 0, 1, 1], "texture": "#0"}
			}
		},
		{
			"from": [7.49999, 17.50691, 5.21895],
			"to": [8.49999, 18.30691, 6.21895],
			"rotation": {"angle": -45, "axis": "x", "origin": [7.99999, 20.50691, 5.71895]},
			"faces": {
				"north": {"uv": [0, 0, 1, 0.8], "texture": "#0"},
				"east": {"uv": [0, 0, 1, 0.8], "texture": "#0"},
				"south": {"uv": [0, 0, 1, 0.8], "texture": "#0"},
				"west": {"uv": [0, 0, 1, 0.8], "texture": "#0"},
				"up": {"uv": [0, 0, 1, 1], "texture": "#0"},
				"down": {"uv": [0, 0, 1, 1], "texture": "#0"}
			}
		},
		{
			"from": [7.5, 19.49094, 7.16515],
			"to": [8.5, 20.49094, 7.66515],
			"rotation": {"angle": 22.5, "axis": "x", "origin": [8, 19.99094, 4.66515]},
			"faces": {
				"north": {"uv": [0, 0, 1, 1], "rotation": 180, "texture": "#0"},
				"east": {"uv": [0, 0, 1, 0.5], "rotation": 90, "texture": "#0"},
				"south": {"uv": [0, 0, 1, 1], "texture": "#0"},
				"west": {"uv": [0, 0, 1, 0.5], "rotation": 270, "texture": "#0"},
				"up": {"uv": [0, 0, 1, 0.5], "texture": "#0"},
				"down": {"uv": [0, 0, 1, 0.5], "rotation": 180, "texture": "#0"}
			}
		},
		{
			"from": [7.50068, 18.49569, 6.86598],
			"to": [8.50068, 19.49569, 7.16598],
			"faces": {
				"north": {"uv": [0, 0, 1, 1], "rotation": 180, "texture": "#0"},
				"east": {"uv": [0, 0, 1, 0.3], "rotation": 90, "texture": "#0"},
				"south": {"uv": [0, 0, 1, 1], "texture": "#0"},
				"west": {"uv": [0, 0, 1, 0.3], "rotation": 270, "texture": "#0"},
				"up": {"uv": [0, 0, 1, 0.3], "texture": "#0"},
				"down": {"uv": [0, 0, 1, 0.3], "rotation": 180, "texture": "#0"}
			}
		},
		{
			"from": [8.20102, 18.28557, 4.93548],
			"to": [8.50102, 18.38557, 7.28548],
			"rotation": {"angle": -22.5, "axis": "x", "origin": [8.00102, 17.88557, 4.28548]},
			"faces": {
				"north": {"uv": [0, 0, 0.3, 0.1], "rotation": 180, "texture": "#0"},
				"east": {"uv": [0, 0, 0.1, 2.35], "rotation": 90, "texture": "#0"},
				"south": {"uv": [0, 0, 0.3, 0.1], "texture": "#0"},
				"west": {"uv": [0, 0, 0.1, 2.35], "rotation": 270, "texture": "#0"},
				"up": {"uv": [0, 0, 0.3, 2.35], "texture": "#0"},
				"down": {"uv": [0, 0, 0.3, 2.35], "rotation": 180, "texture": "#0"}
			}
		},
		{
			"from": [8.20107, 18.4962, 4.69466],
			"to": [8.50107, 18.5962, 6.89466],
			"faces": {
				"north": {"uv": [0, 0, 0.3, 0.1], "rotation": 180, "texture": "#0"},
				"east": {"uv": [0, 0, 0.1, 2.2], "rotation": 90, "texture": "#0"},
				"south": {"uv": [0, 0, 0.3, 0.1], "texture": "#0"},
				"west": {"uv": [0, 0, 0.1, 2.2], "rotation": 270, "texture": "#0"},
				"up": {"uv": [0, 0, 0.3, 2.2], "texture": "#0"},
				"down": {"uv": [0, 0, 0.3, 2.2], "rotation": 180, "texture": "#0"}
			}
		},
		{
			"from": [7.50102, 18.28557, 4.93548],
			"to": [7.80102, 18.38557, 7.28548],
			"rotation": {"angle": -22.5, "axis": "x", "origin": [7.30102, 17.88557, 4.28548]},
			"faces": {
				"north": {"uv": [0, 0, 0.3, 0.1], "rotation": 180, "texture": "#0"},
				"east": {"uv": [0, 0, 0.1, 2.35], "rotation": 90, "texture": "#0"},
				"south": {"uv": [0, 0, 0.3, 0.1], "texture": "#0"},
				"west": {"uv": [0, 0, 0.1, 2.35], "rotation": 270, "texture": "#0"},
				"up": {"uv": [0, 0, 0.3, 2.35], "texture": "#0"},
				"down": {"uv": [0, 0, 0.3, 2.35], "rotation": 180, "texture": "#0"}
			}
		},
		{
			"from": [7.80107, 18.4962, 5.89466],
			"to": [8.20107, 19.0962, 6.89466],
			"faces": {
				"north": {"uv": [0, 0, 0.4, 0.6], "rotation": 180, "texture": "#0"},
				"east": {"uv": [0, 0, 0.6, 1], "rotation": 90, "texture": "#0"},
				"south": {"uv": [0, 0, 0.4, 0.6], "texture": "#0"},
				"west": {"uv": [0, 0, 0.6, 1], "rotation": 270, "texture": "#0"},
				"up": {"uv": [0, 0, 0.4, 1], "texture": "#0"},
				"down": {"uv": [0, 0, 0.4, 1], "rotation": 180, "texture": "#0"}
			}
		},
		{
			"from": [8.20102, 18.18557, 5.33548],
			"to": [8.50102, 18.38557, 7.28548],
			"rotation": {"angle": -22.5, "axis": "x", "origin": [8.00102, 17.88557, 4.28548]},
			"faces": {
				"north": {"uv": [0, 0, 0.3, 0.2], "rotation": 180, "texture": "#0"},
				"east": {"uv": [0, 0, 0.2, 1.95], "rotation": 90, "texture": "#0"},
				"south": {"uv": [0, 0, 0.3, 0.2], "texture": "#0"},
				"west": {"uv": [0, 0, 0.2, 1.95], "rotation": 270, "texture": "#0"},
				"up": {"uv": [0, 0, 0.3, 1.95], "texture": "#0"},
				"down": {"uv": [0, 0, 0.3, 1.95], "rotation": 180, "texture": "#0"}
			}
		},
		{
			"from": [7.50102, 18.18557, 5.33548],
			"to": [7.80102, 18.38557, 7.28548],
			"rotation": {"angle": -22.5, "axis": "x", "origin": [7.30102, 17.88557, 4.28548]},
			"faces": {
				"north": {"uv": [0, 0, 0.3, 0.2], "rotation": 180, "texture": "#0"},
				"east": {"uv": [0, 0, 0.2, 1.95], "rotation": 90, "texture": "#0"},
				"south": {"uv": [0, 0, 0.3, 0.2], "texture": "#0"},
				"west": {"uv": [0, 0, 0.2, 1.95], "rotation": 270, "texture": "#0"},
				"up": {"uv": [0, 0, 0.3, 1.95], "texture": "#0"},
				"down": {"uv": [0, 0, 0.3, 1.95], "rotation": 180, "texture": "#0"}
			}
		},
		{
			"from": [8.20102, 17.88557, 5.93548],
			"to": [8.50102, 18.38557, 7.28548],
			"rotation": {"angle": -22.5, "axis": "x", "origin": [8.00102, 17.88557, 4.28548]},
			"faces": {
				"north": {"uv": [0, 0, 0.3, 0.5], "rotation": 180, "texture": "#0"},
				"east": {"uv": [0, 0, 0.5, 1.35], "rotation": 90, "texture": "#0"},
				"south": {"uv": [0, 0, 0.3, 0.5], "texture": "#0"},
				"west": {"uv": [0, 0, 0.5, 1.35], "rotation": 270, "texture": "#0"},
				"up": {"uv": [0, 0, 0.3, 1.35], "texture": "#0"},
				"down": {"uv": [0, 0, 0.3, 1.35], "rotation": 180, "texture": "#0"}
			}
		},
		{
			"from": [7.50102, 17.88557, 5.93548],
			"to": [7.80102, 18.38557, 7.28548],
			"rotation": {"angle": -22.5, "axis": "x", "origin": [7.30102, 17.88557, 4.28548]},
			"faces": {
				"north": {"uv": [0, 0, 0.3, 0.5], "rotation": 180, "texture": "#0"},
				"east": {"uv": [0, 0, 0.5, 1.35], "rotation": 90, "texture": "#0"},
				"south": {"uv": [0, 0, 0.3, 0.5], "texture": "#0"},
				"west": {"uv": [0, 0, 0.5, 1.35], "rotation": 270, "texture": "#0"},
				"up": {"uv": [0, 0, 0.3, 1.35], "texture": "#0"},
				"down": {"uv": [0, 0, 0.3, 1.35], "rotation": 180, "texture": "#0"}
			}
		},
		{
			"from": [8.20102, 17.68557, 6.43548],
			"to": [8.50102, 18.38557, 7.28548],
			"rotation": {"angle": -22.5, "axis": "x", "origin": [8.00102, 17.88557, 4.28548]},
			"faces": {
				"north": {"uv": [0, 0, 0.3, 0.7], "rotation": 180, "texture": "#0"},
				"east": {"uv": [0, 0, 0.7, 0.85], "rotation": 90, "texture": "#0"},
				"south": {"uv": [0, 0, 0.3, 0.7], "texture": "#0"},
				"west": {"uv": [0, 0, 0.7, 0.85], "rotation": 270, "texture": "#0"},
				"up": {"uv": [0, 0, 0.3, 0.85], "texture": "#0"},
				"down": {"uv": [0, 0, 0.3, 0.85], "rotation": 180, "texture": "#0"}
			}
		},
		{
			"from": [7.50102, 17.68557, 6.43548],
			"to": [7.80102, 18.38557, 7.28548],
			"rotation": {"angle": -22.5, "axis": "x", "origin": [7.30102, 17.88557, 4.28548]},
			"faces": {
				"north": {"uv": [0, 0, 0.3, 0.7], "rotation": 180, "texture": "#0"},
				"east": {"uv": [0, 0, 0.7, 0.85], "rotation": 90, "texture": "#0"},
				"south": {"uv": [0, 0, 0.3, 0.7], "texture": "#0"},
				"west": {"uv": [0, 0, 0.7, 0.85], "rotation": 270, "texture": "#0"},
				"up": {"uv": [0, 0, 0.3, 0.85], "texture": "#0"},
				"down": {"uv": [0, 0, 0.3, 0.85], "rotation": 180, "texture": "#0"}
			}
		},
		{
			"from": [8.20102, 18.08557, 5.63548],
			"to": [8.50102, 18.38557, 7.28548],
			"rotation": {"angle": -22.5, "axis": "x", "origin": [8.00102, 17.88557, 4.28548]},
			"faces": {
				"north": {"uv": [0, 0, 0.3, 0.3], "rotation": 180, "texture": "#0"},
				"east": {"uv": [0, 0, 0.3, 1.65], "rotation": 90, "texture": "#0"},
				"south": {"uv": [0, 0, 0.3, 0.3], "texture": "#0"},
				"west": {"uv": [0, 0, 0.3, 1.65], "rotation": 270, "texture": "#0"},
				"up": {"uv": [0, 0, 0.3, 1.65], "texture": "#0"},
				"down": {"uv": [0, 0, 0.3, 1.65], "rotation": 180, "texture": "#0"}
			}
		},
		{
			"from": [7.50102, 18.08557, 5.63548],
			"to": [7.80102, 18.38557, 7.28548],
			"rotation": {"angle": -22.5, "axis": "x", "origin": [7.30102, 17.88557, 4.28548]},
			"faces": {
				"north": {"uv": [0, 0, 0.3, 0.3], "rotation": 180, "texture": "#0"},
				"east": {"uv": [0, 0, 0.3, 1.65], "rotation": 90, "texture": "#0"},
				"south": {"uv": [0, 0, 0.3, 0.3], "texture": "#0"},
				"west": {"uv": [0, 0, 0.3, 1.65], "rotation": 270, "texture": "#0"},
				"up": {"uv": [0, 0, 0.3, 1.65], "texture": "#0"},
				"down": {"uv": [0, 0, 0.3, 1.65], "rotation": 180, "texture": "#0"}
			}
		},
		{
			"from": [8.19963, 18.49696, 5.26577],
			"to": [8.49963, 18.79696, 6.86577],
			"faces": {
				"north": {"uv": [0, 0, 0.3, 0.3], "rotation": 180, "texture": "#0"},
				"east": {"uv": [0, 0, 0.3, 1.6], "rotation": 90, "texture": "#0"},
				"south": {"uv": [0, 0, 0.3, 0.3], "texture": "#0"},
				"west": {"uv": [0, 0, 0.3, 1.6], "rotation": 270, "texture": "#0"},
				"up": {"uv": [0, 0, 0.3, 1.6], "texture": "#0"},
				"down": {"uv": [0, 0, 0.3, 1.6], "rotation": 180, "texture": "#0"}
			}
		},
		{
			"from": [8.19963, 18.49696, 4.96577],
			"to": [8.49963, 18.69696, 6.86577],
			"faces": {
				"north": {"uv": [0, 0, 0.3, 0.2], "rotation": 180, "texture": "#0"},
				"east": {"uv": [0, 0, 0.2, 1.9], "rotation": 90, "texture": "#0"},
				"south": {"uv": [0, 0, 0.3, 0.2], "texture": "#0"},
				"west": {"uv": [0, 0, 0.2, 1.9], "rotation": 270, "texture": "#0"},
				"up": {"uv": [0, 0, 0.3, 1.9], "texture": "#0"},
				"down": {"uv": [0, 0, 0.3, 1.9], "rotation": 180, "texture": "#0"}
			}
		},
		{
			"from": [7.49963, 18.49696, 5.16577],
			"to": [7.79963, 18.74696, 6.86577],
			"faces": {
				"north": {"uv": [0, 0, 0.3, 0.25], "rotation": 180, "texture": "#0"},
				"east": {"uv": [0, 0, 0.25, 1.7], "rotation": 90, "texture": "#0"},
				"south": {"uv": [0, 0, 0.3, 0.25], "texture": "#0"},
				"west": {"uv": [0, 0, 0.25, 1.7], "rotation": 270, "texture": "#0"},
				"up": {"uv": [0, 0, 0.3, 1.7], "texture": "#0"},
				"down": {"uv": [0, 0, 0.3, 1.7], "rotation": 180, "texture": "#0"}
			}
		},
		{
			"from": [7.49963, 18.49696, 4.96577],
			"to": [7.79963, 18.69696, 6.86577],
			"faces": {
				"north": {"uv": [0, 0, 0.3, 0.2], "rotation": 180, "texture": "#0"},
				"east": {"uv": [0, 0, 0.2, 1.9], "rotation": 90, "texture": "#0"},
				"south": {"uv": [0, 0, 0.3, 0.2], "texture": "#0"},
				"west": {"uv": [0, 0, 0.2, 1.9], "rotation": 270, "texture": "#0"},
				"up": {"uv": [0, 0, 0.3, 1.9], "texture": "#0"},
				"down": {"uv": [0, 0, 0.3, 1.9], "rotation": 180, "texture": "#0"}
			}
		},
		{
			"from": [7.50102, 17.78557, 6.23548],
			"to": [8.20102, 18.38557, 7.28548],
			"rotation": {"angle": -22.5, "axis": "x", "origin": [7.30102, 17.88557, 4.28548]},
			"faces": {
				"north": {"uv": [0, 0, 0.7, 0.6], "rotation": 180, "texture": "#0"},
				"east": {"uv": [0, 0, 0.6, 1.05], "rotation": 90, "texture": "#0"},
				"south": {"uv": [0, 0, 0.7, 0.6], "texture": "#0"},
				"west": {"uv": [0, 0, 0.6, 1.05], "rotation": 270, "texture": "#0"},
				"up": {"uv": [0, 0, 0.7, 1.05], "texture": "#0"},
				"down": {"uv": [0, 0, 0.7, 1.05], "rotation": 180, "texture": "#0"}
			}
		},
		{
			"from": [7.50107, 18.4962, 4.69466],
			"to": [7.80107, 18.5962, 6.99466],
			"faces": {
				"north": {"uv": [0, 0, 0.3, 0.1], "rotation": 180, "texture": "#0"},
				"east": {"uv": [0, 0, 0.1, 2.3], "rotation": 90, "texture": "#0"},
				"south": {"uv": [0, 0, 0.3, 0.1], "texture": "#0"},
				"west": {"uv": [0, 0, 0.1, 2.3], "rotation": 270, "texture": "#0"},
				"up": {"uv": [0, 0, 0.3, 2.3], "texture": "#0"},
				"down": {"uv": [0, 0, 0.3, 2.3], "rotation": 180, "texture": "#0"}
			}
		},
		{
			"from": [7.50006, -1.56101, 6.69663],
			"to": [8.50006, -0.96101, 7.69663],
			"rotation": {"angle": -22.5, "axis": "x", "origin": [8.00006, 1.03899, 7.19663]},
			"faces": {
				"north": {"uv": [12, 5, 12.999, 7.999], "texture": "#0"},
				"east": {"uv": [12, 5, 12.999, 7.999], "texture": "#0"},
				"south": {"uv": [12, 5, 12.999, 7.999], "texture": "#0"},
				"west": {"uv": [12, 5, 12.999, 7.999], "texture": "#0"},
				"up": {"uv": [12, 5, 12.999, 7.999], "texture": "#0"},
				"down": {"uv": [12, 5, 12.999, 7.999], "texture": "#0"}
			}
		},
		{
			"from": [7.50058, -2.38575, 6.16756],
			"to": [8.50058, -1.78575, 7.16756],
			"rotation": {"angle": -45, "axis": "x", "origin": [8.00058, 0.21425, 6.66756]},
			"faces": {
				"north": {"uv": [12, 5, 12.999, 7.999], "texture": "#0"},
				"east": {"uv": [12, 5, 12.999, 7.999], "texture": "#0"},
				"south": {"uv": [12, 5, 12.999, 7.999], "texture": "#0"},
				"west": {"uv": [12, 5, 12.999, 7.999], "texture": "#0"},
				"up": {"uv": [12, 5, 12.999, 7.999], "texture": "#0"},
				"down": {"uv": [12, 5, 12.999, 7.999], "texture": "#0"}
			}
		},
		{
			"from": [7.50197, -1.25017, 8.49438],
			"to": [8.50197, -0.25017, 9.09438],
			"rotation": {"angle": 22.5, "axis": "x", "origin": [8.00197, -0.75017, 6.49438]},
			"faces": {
				"north": {"uv": [12, 5, 12.999, 7.999], "texture": "#0"},
				"east": {"uv": [12, 5, 12.999, 7.999], "texture": "#0"},
				"south": {"uv": [12, 5, 12.999, 7.999], "texture": "#0"},
				"west": {"uv": [12, 5, 12.999, 7.999], "texture": "#0"},
				"up": {"uv": [12, 5, 12.999, 7.999], "texture": "#0"},
				"down": {"uv": [12, 5, 12.999, 7.999], "texture": "#0"}
			}
		},
		{
			"from": [7.50538, -2.20715, 8.70176],
			"to": [8.50538, -1.20715, 9.30176],
			"faces": {
				"north": {"uv": [12, 5, 12.999, 7.999], "texture": "#0"},
				"east": {"uv": [12, 5, 12.999, 7.999], "texture": "#0"},
				"south": {"uv": [12, 5, 12.999, 7.999], "texture": "#0"},
				"west": {"uv": [12, 5, 12.999, 7.999], "texture": "#0"},
				"up": {"uv": [12, 5, 12.999, 7.999], "texture": "#0"},
				"down": {"uv": [12, 5, 12.999, 7.999], "texture": "#0"}
			}
		},
		{
			"from": [7.50538, -1.90715, 8.70176],
			"to": [8.50538, -1.50715, 12.00176],
			"faces": {
				"north": {"uv": [12, 5, 12.999, 7.999], "texture": "#0"},
				"east": {"uv": [12, 5, 12.999, 7.999], "texture": "#0"},
				"south": {"uv": [12, 5, 12.999, 7.999], "texture": "#0"},
				"west": {"uv": [12, 5, 12.999, 7.999], "texture": "#0"},
				"up": {"uv": [12, 5, 12.999, 7.999], "texture": "#0"},
				"down": {"uv": [12, 5, 12.999, 7.999], "texture": "#0"}
			}
		},
		{
			"from": [6.43948, -1.90938, 9.71572],
			"to": [7.43948, -1.50938, 12.21572],
			"rotation": {"angle": 22.5, "axis": "y", "origin": [6.93948, -1.70938, 6.91572]},
			"faces": {
				"north": {"uv": [12, 5, 12.999, 7.999], "texture": "#0"},
				"east": {"uv": [12, 5, 12.999, 7.999], "texture": "#0"},
				"south": {"uv": [12, 5, 12.999, 7.999], "texture": "#0"},
				"west": {"uv": [12, 5, 12.999, 7.999], "texture": "#0"},
				"up": {"uv": [12, 5, 12.999, 7.999], "texture": "#0"},
				"down": {"uv": [12, 5, 12.999, 7.999], "texture": "#0"}
			}
		},
		{
			"from": [8.57165, -1.90342, 9.71015],
			"to": [9.57165, -1.50342, 12.21015],
			"rotation": {"angle": -22.5, "axis": "y", "origin": [9.07165, -1.70342, 6.91015]},
			"faces": {
				"north": {"uv": [12, 5, 12.999, 7.999], "texture": "#0"},
				"east": {"uv": [12, 5, 12.999, 7.999], "texture": "#0"},
				"south": {"uv": [12, 5, 12.999, 7.999], "texture": "#0"},
				"west": {"uv": [12, 5, 12.999, 7.999], "texture": "#0"},
				"up": {"uv": [12, 5, 12.999, 7.999], "texture": "#0"},
				"down": {"uv": [12, 5, 12.999, 7.999], "texture": "#0"}
			}
		},
		{
			"from": [7.5, 16.9, 7.5],
			"to": [8.5, 18, 8.5],
			"faces": {
				"north": {"uv": [0, 0, 1, 1.1], "texture": "#0"},
				"east": {"uv": [0, 0, 1, 1.1], "texture": "#0"},
				"south": {"uv": [0, 0, 1, 1.1], "texture": "#0"},
				"west": {"uv": [0, 0, 1, 1.1], "texture": "#0"},
				"up": {"uv": [0, 0, 1, 1], "texture": "#0"},
				"down": {"uv": [0, 0, 1, 1], "texture": "#0"}
			}
		},
		{
			"from": [7.5, -1, 7.5],
			"to": [8.5, -0.5, 8.5],
			"faces": {
				"north": {"uv": [12, 5, 12.999, 7.999], "texture": "#0"},
				"east": {"uv": [12, 5, 12.999, 7.999], "texture": "#0"},
				"south": {"uv": [12, 5, 12.999, 7.999], "texture": "#0"},
				"west": {"uv": [12, 5, 12.999, 7.999], "texture": "#0"},
				"up": {"uv": [12, 5, 12.999, 7.999], "texture": "#0"},
				"down": {"uv": [12, 5, 12.999, 7.999], "texture": "#0"}
			}
		}
	],
	"display": {
		"thirdperson_righthand": {
			"translation": [0, 3.75, -0.75],
			"scale": [0.83, 0.83, 0.83]
		},
		"firstperson_righthand": {
			"translation": [-4.25, 7.5, 0]
		},
		"gui": {
			"rotation": [12, 60, 0],
			"translation": [0, 5.75, 0],
			"scale": [1.25, 1.42, 1.42]
		},
		"fixed": {
			"rotation": [-58, -37, -68],
			"translation": [0.25, 0.25, -2.75],
			"scale": [1.58, 1.62, 1.62]
		}
	}
}