{
	"credit": "Made with Blockbench",
	"textures": {
		"0": "custom/nothingness1/flare_gun",
		"1": "custom/nothingness1/flare_gun2",
		"particle": "custom/nothingness1/flare_gun"
	},
	"elements": [
		{
			"name": "hexadecagon",
			"from": [7.90054, 2.5, 5],
			"to": [8.09946, 2.6, 7.9],
			"rotation": {"angle": 45, "axis": "z", "origin": [8, 3, 5]},
			"faces": {
				"north": {"uv": [1, 0, 0, 1], "texture": "#0"},
				"east": {"uv": [1, 0, 0, 1], "texture": "#0"},
				"south": {"uv": [1, 0, 0, 1], "texture": "#0"},
				"west": {"uv": [1, 0, 0, 1], "texture": "#0"},
				"up": {"uv": [1, 0, 0, 1], "texture": "#0"},
				"down": {"uv": [1, 0, 0, 1], "texture": "#0"}
			}
		},
		{
			"name": "hexadecagon",
			"from": [7.90054, 2.5, 5],
			"to": [8.09946, 2.6, 7.9],
			"rotation": {"angle": 22.5, "axis": "z", "origin": [8, 3, 5]},
			"faces": {
				"north": {"uv": [1, 0, 0, 1], "texture": "#0"},
				"east": {"uv": [1, 0, 0, 1], "texture": "#0"},
				"south": {"uv": [1, 0, 0, 1], "texture": "#0"},
				"west": {"uv": [1, 0, 0, 1], "texture": "#0"},
				"up": {"uv": [1, 0, 0, 1], "texture": "#0"},
				"down": {"uv": [1, 0, 0, 1], "texture": "#0"}
			}
		},
		{
			"name": "hexadecagon",
			"from": [7.95054, 3.4, 5.2],
			"to": [8.04946, 3.6, 7.7],
			"faces": {
				"north": {"uv": [0, 0, 1, 1], "texture": "#0"},
				"east": {"uv": [0, 0, 1, 1], "texture": "#0"},
				"south": {"uv": [0, 0, 1, 1], "texture": "#0"},
				"west": {"uv": [0, 0, 1, 1], "texture": "#0"},
				"up": {"uv": [0, 0, 1, 1], "texture": "#0"},
				"down": {"uv": [0, 0, 1, 1], "texture": "#0"}
			}
		},
		{
			"name": "hexadecagon",
			"from": [7.90054, 3.4, 5],
			"to": [8.09946, 3.5, 7.9],
			"rotation": {"angle": -22.5, "axis": "z", "origin": [8, 3, 5]},
			"faces": {
				"north": {"uv": [1, 0, 0, 1], "texture": "#0"},
				"east": {"uv": [1, 0, 0, 1], "texture": "#0"},
				"south": {"uv": [1, 0, 0, 1], "texture": "#0"},
				"west": {"uv": [1, 0, 0, 1], "texture": "#0"},
				"up": {"uv": [1, 0, 0, 1], "texture": "#0"},
				"down": {"uv": [1, 0, 0, 1], "texture": "#0"}
			}
		},
		{
			"name": "hexadecagon",
			"from": [7.90054, 3.4, 5],
			"to": [8.09946, 3.5, 7.9],
			"rotation": {"angle": -45, "axis": "z", "origin": [8, 3, 5]},
			"faces": {
				"north": {"uv": [1, 0, 0, 1], "texture": "#0"},
				"east": {"uv": [1, 0, 0, 1], "texture": "#0"},
				"south": {"uv": [1, 0, 0, 1], "texture": "#0"},
				"west": {"uv": [1, 0, 0, 1], "texture": "#0"},
				"up": {"uv": [1, 0, 0, 1], "texture": "#0"},
				"down": {"uv": [1, 0, 0, 1], "texture": "#0"}
			}
		},
		{
			"name": "hexadecagon",
			"from": [8.4, 2.90054, 5],
			"to": [8.5, 3.09946, 7.9],
			"rotation": {"angle": 22.5, "axis": "z", "origin": [8, 3, 5]},
			"faces": {
				"north": {"uv": [1, 0, 0, 1], "texture": "#0"},
				"east": {"uv": [1, 0, 0, 1], "texture": "#0"},
				"south": {"uv": [1, 0, 0, 1], "texture": "#0"},
				"west": {"uv": [1, 0, 0, 1], "texture": "#0"},
				"up": {"uv": [1, 0, 0, 1], "texture": "#0"},
				"down": {"uv": [1, 0, 0, 1], "texture": "#0"}
			}
		},
		{
			"name": "hexadecagon",
			"from": [8.4, 2.90054, 5],
			"to": [8.5, 3.09946, 7.9],
			"faces": {
				"north": {"uv": [1, 0, 0, 1], "texture": "#0"},
				"east": {"uv": [1, 0, 0, 1], "texture": "#0"},
				"south": {"uv": [1, 0, 0, 1], "texture": "#0"},
				"west": {"uv": [1, 0, 0, 1], "texture": "#0"},
				"up": {"uv": [1, 0, 0, 1], "texture": "#0"},
				"down": {"uv": [1, 0, 0, 1], "texture": "#0"}
			}
		},
		{
			"name": "hexadecagon",
			"from": [8.4, 2.90054, 5],
			"to": [8.5, 3.09946, 7.9],
			"rotation": {"angle": -22.5, "axis": "z", "origin": [8, 3, 5]},
			"faces": {
				"north": {"uv": [1, 0, 0, 1], "texture": "#0"},
				"east": {"uv": [1, 0, 0, 1], "texture": "#0"},
				"south": {"uv": [1, 0, 0, 1], "texture": "#0"},
				"west": {"uv": [1, 0, 0, 1], "texture": "#0"},
				"up": {"uv": [1, 0, 0, 1], "texture": "#0"},
				"down": {"uv": [1, 0, 0, 1], "texture": "#0"}
			}
		},
		{
			"name": "hexadecagon",
			"from": [7.90054, 2.5, 5],
			"to": [8.09946, 2.6, 7.9],
			"faces": {
				"north": {"uv": [0, 0, 1, 1], "texture": "#0"},
				"east": {"uv": [0, 0, 1, 1], "texture": "#0"},
				"south": {"uv": [0, 0, 1, 1], "texture": "#0"},
				"west": {"uv": [0, 0, 1, 1], "texture": "#0"},
				"up": {"uv": [0, 0, 1, 1], "texture": "#0"},
				"down": {"uv": [0, 0, 1, 1], "texture": "#0"}
			}
		},
		{
			"name": "hexadecagon",
			"from": [7.5, 2.90054, 5],
			"to": [7.6, 3.09946, 7.9],
			"rotation": {"angle": 22.5, "axis": "z", "origin": [8, 3, 5]},
			"faces": {
				"north": {"uv": [0, 0, 1, 1], "texture": "#0"},
				"east": {"uv": [0, 0, 1, 1], "texture": "#0"},
				"south": {"uv": [0, 0, 1, 1], "texture": "#0"},
				"west": {"uv": [0, 0, 1, 1], "texture": "#0"},
				"up": {"uv": [0, 0, 1, 1], "texture": "#0"},
				"down": {"uv": [0, 0, 1, 1], "texture": "#0"}
			}
		},
		{
			"name": "hexadecagon",
			"from": [7.5, 2.90054, 5],
			"to": [7.6, 3.09946, 7.9],
			"faces": {
				"north": {"uv": [0, 0, 1, 1], "texture": "#0"},
				"east": {"uv": [0, 0, 1, 1], "texture": "#0"},
				"south": {"uv": [0, 0, 1, 1], "texture": "#0"},
				"west": {"uv": [0, 0, 1, 1], "texture": "#0"},
				"up": {"uv": [0, 0, 1, 1], "texture": "#0"},
				"down": {"uv": [0, 0, 1, 1], "texture": "#0"}
			}
		},
		{
			"name": "hexadecagon",
			"from": [7.5, 2.90054, 5],
			"to": [7.6, 3.09946, 7.9],
			"rotation": {"angle": -22.5, "axis": "z", "origin": [8, 3, 5]},
			"faces": {
				"north": {"uv": [0, 0, 1, 1], "texture": "#0"},
				"east": {"uv": [0, 0, 1, 1], "texture": "#0"},
				"south": {"uv": [0, 0, 1, 1], "texture": "#0"},
				"west": {"uv": [0, 0, 1, 1], "texture": "#0"},
				"up": {"uv": [0, 0, 1, 1], "texture": "#0"},
				"down": {"uv": [0, 0, 1, 1], "texture": "#0"}
			}
		},
		{
			"name": "hexadecagon",
			"from": [7.90054, 3.4, 5],
			"to": [8.09946, 3.5, 7.9],
			"rotation": {"angle": 45, "axis": "z", "origin": [8, 3, 5]},
			"faces": {
				"north": {"uv": [0, 0, 1, 1], "texture": "#0"},
				"east": {"uv": [0, 0, 1, 1], "texture": "#0"},
				"south": {"uv": [0, 0, 1, 1], "texture": "#0"},
				"west": {"uv": [0, 0, 1, 1], "texture": "#0"},
				"up": {"uv": [0, 0, 1, 1], "texture": "#0"},
				"down": {"uv": [0, 0, 1, 1], "texture": "#0"}
			}
		},
		{
			"name": "hexadecagon",
			"from": [7.90054, 3.4, 5],
			"to": [8.09946, 3.5, 7.9],
			"rotation": {"angle": 22.5, "axis": "z", "origin": [8, 3, 5]},
			"faces": {
				"north": {"uv": [0, 0, 1, 1], "texture": "#0"},
				"east": {"uv": [0, 0, 1, 1], "texture": "#0"},
				"south": {"uv": [0, 0, 1, 1], "texture": "#0"},
				"west": {"uv": [0, 0, 1, 1], "texture": "#0"},
				"up": {"uv": [0, 0, 1, 1], "texture": "#0"},
				"down": {"uv": [0, 0, 1, 1], "texture": "#0"}
			}
		},
		{
			"name": "hexadecagon",
			"from": [7.90054, 2.5, 5],
			"to": [8.09946, 2.6, 7.9],
			"rotation": {"angle": -22.5, "axis": "z", "origin": [8, 3, 5]},
			"faces": {
				"north": {"uv": [0, 0, 1, 1], "texture": "#0"},
				"east": {"uv": [0, 0, 1, 1], "texture": "#0"},
				"south": {"uv": [0, 0, 1, 1], "texture": "#0"},
				"west": {"uv": [0, 0, 1, 1], "texture": "#0"},
				"up": {"uv": [0, 0, 1, 1], "texture": "#0"},
				"down": {"uv": [0, 0, 1, 1], "texture": "#0"}
			}
		},
		{
			"name": "hexadecagon",
			"from": [7.90054, 2.5, 5],
			"to": [8.09946, 2.6, 7.9],
			"rotation": {"angle": -45, "axis": "z", "origin": [8, 3, 5]},
			"faces": {
				"north": {"uv": [0, 0, 1, 1], "texture": "#0"},
				"east": {"uv": [0, 0, 1, 1], "texture": "#0"},
				"south": {"uv": [0, 0, 1, 1], "texture": "#0"},
				"west": {"uv": [0, 0, 1, 1], "texture": "#0"},
				"up": {"uv": [0, 0, 1, 1], "texture": "#0"},
				"down": {"uv": [0, 0, 1, 1], "texture": "#0"}
			}
		},
		{
			"name": "hexadecagon",
			"from": [7.75054, 1.8, 6],
			"to": [8.14946, 2.6, 8],
			"faces": {
				"north": {"uv": [1, 1, 2, 2], "texture": "#0"},
				"east": {"uv": [1, 1, 2, 2], "texture": "#0"},
				"south": {"uv": [1, 1, 2, 2], "texture": "#0"},
				"west": {"uv": [1, 1, 2, 2], "texture": "#0"},
				"up": {"uv": [1, 1, 2, 2], "texture": "#0"},
				"down": {"uv": [1, 1, 2, 2], "texture": "#0"}
			}
		},
		{
			"name": "hexadecagon",
			"from": [7.70054, 1.7, 7.95],
			"to": [8.29946, 3.5, 8.2],
			"faces": {
				"north": {"uv": [0, 0, 1, 1], "texture": "#0"},
				"east": {"uv": [0, 0, 1, 1], "texture": "#0"},
				"south": {"uv": [0, 0, 1, 1], "texture": "#0"},
				"west": {"uv": [0, 0, 1, 1], "texture": "#0"},
				"up": {"uv": [0, 0, 1, 1], "texture": "#0"},
				"down": {"uv": [0, 0, 1, 1], "texture": "#0"}
			}
		},
		{
			"name": "hexadecagon",
			"from": [7.70054, 2.38092, 6.24315],
			"to": [7.89946, 3.08092, 6.49315],
			"rotation": {"angle": -22.5, "axis": "x", "origin": [8, 7.58092, 6.29315]},
			"faces": {
				"north": {"uv": [0, 0, 1, 1], "texture": "#0"},
				"east": {"uv": [0, 0, 1, 1], "texture": "#0"},
				"south": {"uv": [0, 0, 1, 1], "texture": "#0"},
				"west": {"uv": [0, 0, 1, 1], "texture": "#0"},
				"up": {"uv": [0, 0, 1, 1], "texture": "#0"},
				"down": {"uv": [0, 0, 1, 1], "texture": "#0"}
			}
		},
		{
			"name": "hexadecagon",
			"from": [7.70054, 0.97495, 4.34028],
			"to": [7.89946, 1.57495, 5.29028],
			"rotation": {"angle": -45, "axis": "x", "origin": [8, 5.97495, 5.09028]},
			"faces": {
				"north": {"uv": [0, 0, 1, 1], "texture": "#0"},
				"east": {"uv": [0, 0, 1, 1], "texture": "#0"},
				"south": {"uv": [0, 0, 1, 1], "texture": "#0"},
				"west": {"uv": [0, 0, 1, 1], "texture": "#0"},
				"up": {"uv": [0, 0, 1, 1], "texture": "#0"},
				"down": {"uv": [0, 0, 1, 1], "texture": "#0"}
			}
		},
		{
			"name": "hexadecagon",
			"from": [7.75054, 4.19304, 8.88143],
			"to": [8.24946, 4.44304, 9.48143],
			"rotation": {"angle": 22.5, "axis": "x", "origin": [8, 4.24304, 4.38143]},
			"faces": {
				"north": {"uv": [1, 9, 2, 10], "rotation": 270, "texture": "#0"},
				"east": {"uv": [1, 9, 2, 10], "rotation": 270, "texture": "#0"},
				"south": {"uv": [1, 9, 2, 10], "rotation": 270, "texture": "#0"},
				"west": {"uv": [1, 9, 2, 10], "rotation": 270, "texture": "#0"},
				"up": {"uv": [1, 9, 2, 10], "rotation": 270, "texture": "#0"},
				"down": {"uv": [1, 9, 2, 10], "rotation": 270, "texture": "#0"}
			}
		},
		{
			"name": "hexadecagon",
			"from": [8.10054, 2.38092, 6.24315],
			"to": [8.29946, 3.08092, 6.49315],
			"rotation": {"angle": -22.5, "axis": "x", "origin": [8.4, 7.58092, 6.29315]},
			"faces": {
				"north": {"uv": [0, 0, 1, 1], "texture": "#0"},
				"east": {"uv": [0, 0, 1, 1], "texture": "#0"},
				"south": {"uv": [0, 0, 1, 1], "texture": "#0"},
				"west": {"uv": [0, 0, 1, 1], "texture": "#0"},
				"up": {"uv": [0, 0, 1, 1], "texture": "#0"},
				"down": {"uv": [0, 0, 1, 1], "texture": "#0"}
			}
		},
		{
			"name": "hexadecagon",
			"from": [8.10054, 0.97495, 4.34028],
			"to": [8.29946, 1.57495, 5.29028],
			"rotation": {"angle": -45, "axis": "x", "origin": [8.4, 5.97495, 5.09028]},
			"faces": {
				"north": {"uv": [0, 0, 1, 1], "texture": "#0"},
				"east": {"uv": [0, 0, 1, 1], "texture": "#0"},
				"south": {"uv": [0, 0, 1, 1], "texture": "#0"},
				"west": {"uv": [0, 0, 1, 1], "texture": "#0"},
				"up": {"uv": [0, 0, 1, 1], "texture": "#0"},
				"down": {"uv": [0, 0, 1, 1], "texture": "#0"}
			}
		},
		{
			"name": "hexadecagon",
			"from": [7.95054, 1.57495, 4.64028],
			"to": [8.04946, 1.72495, 5.89028],
			"rotation": {"angle": -45, "axis": "x", "origin": [8.4, 5.97495, 5.09028]},
			"faces": {
				"north": {"uv": [7.99983, 7.99983, 16, 16], "texture": "#1"},
				"east": {"uv": [7.99983, 7.99983, 16, 16], "texture": "#1"},
				"south": {"uv": [7.99983, 7.99983, 16, 16], "texture": "#1"},
				"west": {"uv": [7.99983, 7.99983, 16, 16], "texture": "#1"},
				"up": {"uv": [7.99983, 7.99983, 16, 16], "texture": "#1"},
				"down": {"uv": [7.99983, 7.99983, 16, 16], "texture": "#1"}
			}
		},
		{
			"name": "hexadecagon",
			"from": [7.95054, 2.43617, 8.14726],
			"to": [8.04946, 3.38617, 8.44726],
			"rotation": {"angle": -22.5, "axis": "x", "origin": [8, 3.11117, 8.27226]},
			"faces": {
				"north": {"uv": [7.99983, 7.99983, 16, 16], "rotation": 90, "texture": "#1"},
				"east": {"uv": [7.99983, 7.99983, 16, 16], "rotation": 90, "texture": "#1"},
				"south": {"uv": [7.99983, 7.99983, 16, 16], "rotation": 90, "texture": "#1"},
				"west": {"uv": [7.99983, 7.99983, 16, 16], "rotation": 90, "texture": "#1"},
				"up": {"uv": [7.99983, 7.99983, 8.99983, 8.99983], "rotation": 90, "texture": "#1"},
				"down": {"uv": [7.99983, 7.99983, 16, 16], "rotation": 90, "texture": "#1"}
			}
		},
		{
			"name": "hexadecagon",
			"from": [7.95054, 3.4309, 8.13606],
			"to": [8.04946, 3.6809, 8.28606],
			"rotation": {"angle": 22.5, "axis": "x", "origin": [8, 3.5559, 7.61106]},
			"faces": {
				"north": {"uv": [7.99983, 7.99983, 16, 16], "texture": "#1"},
				"east": {"uv": [7.99983, 7.99983, 16, 16], "texture": "#1"},
				"south": {"uv": [7.99983, 7.99983, 16, 16], "texture": "#1"},
				"west": {"uv": [7.99983, 7.99983, 16, 16], "texture": "#1"},
				"up": {"uv": [7.99983, 7.99983, 16, 16], "texture": "#1"},
				"down": {"uv": [7.99983, 7.99983, 16, 16], "texture": "#1"}
			}
		},
		{
			"name": "hexadecagon",
			"from": [7.95054, 3.15196, 8.38745],
			"to": [8.04946, 3.30196, 8.73745],
			"rotation": {"angle": -22.5, "axis": "x", "origin": [8, 3.22696, 8.11245]},
			"faces": {
				"north": {"uv": [11, 11, 12, 12], "texture": "#1"},
				"east": {"uv": [11, 11, 12, 12], "texture": "#1"},
				"south": {"uv": [11, 11, 12, 12], "texture": "#1"},
				"west": {"uv": [11, 11, 12, 12], "texture": "#1"},
				"up": {"uv": [11, 11, 16, 16], "texture": "#1"},
				"down": {"uv": [11, 11, 12, 12], "texture": "#1"}
			}
		},
		{
			"name": "hexadecagon",
			"from": [7.75054, 1.8, 6],
			"to": [8.24946, 2.6, 7.8],
			"faces": {
				"north": {"uv": [1, 1, 2, 2], "texture": "#0"},
				"east": {"uv": [1, 1, 2, 2], "texture": "#0"},
				"south": {"uv": [1, 1, 2, 2], "texture": "#0"},
				"west": {"uv": [1, 1, 2, 2], "texture": "#0"},
				"up": {"uv": [1, 1, 2, 2], "texture": "#0"},
				"down": {"uv": [1, 1, 2, 2], "texture": "#0"}
			}
		},
		{
			"name": "hexadecagon",
			"from": [7.75054, -0.07537, 10.31446],
			"to": [8.24946, 0.92463, 11.11446],
			"rotation": {"angle": 22.5, "axis": "x", "origin": [8, 6.62463, 13.71446]},
			"faces": {
				"north": {"uv": [1, 9, 2, 10], "texture": "#0"},
				"east": {"uv": [1, 9, 2, 10], "texture": "#0"},
				"south": {"uv": [1, 9, 2, 10], "texture": "#0"},
				"west": {"uv": [1, 9, 2, 10], "texture": "#0"},
				"up": {"uv": [1, 9, 2, 10], "texture": "#0"},
				"down": {"uv": [1, 9, 2, 10], "texture": "#0"}
			}
		},
		{
			"name": "hexadecagon",
			"from": [7.75054, 1.11045, 8.76975],
			"to": [8.24946, 2.31045, 9.36975],
			"rotation": {"angle": 45, "axis": "x", "origin": [8, 1.91045, 9.16975]},
			"faces": {
				"north": {"uv": [1, 11, 2, 12], "texture": "#0"},
				"east": {"uv": [1, 11, 2, 12], "texture": "#0"},
				"south": {"uv": [1, 11, 2, 12], "texture": "#0"},
				"west": {"uv": [1, 11, 2, 12], "texture": "#0"},
				"up": {"uv": [1, 11, 2, 12], "texture": "#0"},
				"down": {"uv": [1, 11, 2, 12], "texture": "#0"}
			}
		},
		{
			"name": "hexadecagon",
			"from": [7.75054, 0.52163, 8.53927],
			"to": [8.24946, 1.92163, 9.73927],
			"rotation": {"angle": -22.5, "axis": "x", "origin": [8, 1.62163, 9.33927]},
			"faces": {
				"north": {"uv": [1, 11, 2, 12], "rotation": 90, "texture": "#0"},
				"east": {"uv": [1, 11, 2, 12], "rotation": 90, "texture": "#0"},
				"south": {"uv": [1, 11, 2, 12], "rotation": 90, "texture": "#0"},
				"west": {"uv": [1, 11, 2, 12], "rotation": 90, "texture": "#0"},
				"up": {"uv": [1, 11, 2, 12], "rotation": 90, "texture": "#0"},
				"down": {"uv": [1, 11, 2, 12], "rotation": 90, "texture": "#0"}
			}
		},
		{
			"name": "hexadecagon",
			"from": [7.85054, 1.3, 7.1],
			"to": [8.04946, 2.6, 7.2],
			"faces": {
				"north": {"uv": [11, 1, 12, 2], "texture": "#0"},
				"east": {"uv": [11, 1, 12, 2], "texture": "#0"},
				"south": {"uv": [11, 1, 12, 2], "texture": "#0"},
				"west": {"uv": [11, 1, 12, 2], "texture": "#0"},
				"up": {"uv": [11, 1, 12, 2], "texture": "#0"},
				"down": {"uv": [11, 1, 12, 2], "texture": "#0"}
			}
		},
		{
			"name": "hexadecagon",
			"from": [7.85054, 1.19249, 6.96225],
			"to": [8.04946, 1.29249, 7.06225],
			"rotation": {"angle": -22.5, "axis": "x", "origin": [7.95, 1.64249, 7.01225]},
			"faces": {
				"north": {"uv": [11, 1, 12, 2], "texture": "#0"},
				"east": {"uv": [11, 1, 12, 2], "texture": "#0"},
				"south": {"uv": [11, 1, 12, 2], "texture": "#0"},
				"west": {"uv": [11, 1, 12, 2], "texture": "#0"},
				"up": {"uv": [11, 1, 12, 2], "texture": "#0"},
				"down": {"uv": [11, 1, 12, 2], "texture": "#0"}
			}
		},
		{
			"name": "hexadecagon",
			"from": [7.85054, 1.15761, 7.15898],
			"to": [8.04946, 1.25761, 7.25898],
			"rotation": {"angle": -45, "axis": "x", "origin": [7.95, 1.20761, 7.20898]},
			"faces": {
				"north": {"uv": [11, 1, 12, 2], "texture": "#0"},
				"east": {"uv": [11, 1, 12, 2], "texture": "#0"},
				"south": {"uv": [11, 1, 12, 2], "texture": "#0"},
				"west": {"uv": [11, 1, 12, 2], "texture": "#0"},
				"up": {"uv": [11, 1, 12, 2], "texture": "#0"},
				"down": {"uv": [11, 1, 12, 2], "texture": "#0"}
			}
		},
		{
			"name": "hexadecagon",
			"from": [7.85054, 1.11396, 7.22431],
			"to": [8.04946, 1.21396, 7.32431],
			"rotation": {"angle": 22.5, "axis": "x", "origin": [7.95, 1.16396, 7.27431]},
			"faces": {
				"north": {"uv": [11, 1, 12, 2], "rotation": 270, "texture": "#0"},
				"east": {"uv": [11, 1, 12, 2], "rotation": 270, "texture": "#0"},
				"south": {"uv": [11, 1, 12, 2], "rotation": 270, "texture": "#0"},
				"west": {"uv": [11, 1, 12, 2], "rotation": 270, "texture": "#0"},
				"up": {"uv": [11, 1, 12, 2], "rotation": 270, "texture": "#0"},
				"down": {"uv": [11, 1, 12, 2], "rotation": 270, "texture": "#0"}
			}
		},
		{
			"name": "hexadecagon",
			"from": [7.85054, 1.09863, 7.30137],
			"to": [8.04946, 1.19863, 8.10137],
			"faces": {
				"north": {"uv": [11, 1, 12, 2], "rotation": 270, "texture": "#0"},
				"east": {"uv": [11, 1, 12, 2], "rotation": 270, "texture": "#0"},
				"south": {"uv": [11, 1, 12, 2], "rotation": 270, "texture": "#0"},
				"west": {"uv": [11, 1, 12, 2], "rotation": 270, "texture": "#0"},
				"up": {"uv": [11, 1, 12, 2], "rotation": 270, "texture": "#0"},
				"down": {"uv": [11, 1, 12, 2], "rotation": 270, "texture": "#0"}
			}
		},
		{
			"name": "hexadecagon",
			"from": [7.75054, 1.1, 8],
			"to": [8.14946, 2.6, 8.3],
			"faces": {
				"north": {"uv": [1, 7.99983, 2, 16], "texture": "#0"},
				"east": {"uv": [1, 7.99983, 2, 16], "texture": "#0"},
				"south": {"uv": [1, 7.99983, 2, 16], "texture": "#0"},
				"west": {"uv": [1, 7.99983, 2, 16], "texture": "#0"},
				"up": {"uv": [1, 7.99983, 2, 16], "texture": "#0"},
				"down": {"uv": [1, 7.99983, 2, 16], "texture": "#0"}
			}
		},
		{
			"name": "hexadecagon",
			"from": [7.85054, 1.41396, 7.37431],
			"to": [8.04946, 2.01396, 7.47431],
			"rotation": {"angle": 22.5, "axis": "x", "origin": [7.95, 1.16396, 7.27431]},
			"faces": {
				"north": {"uv": [11, 1, 12, 2], "rotation": 270, "texture": "#0"},
				"east": {"uv": [11, 1, 12, 2], "rotation": 270, "texture": "#0"},
				"south": {"uv": [11, 1, 12, 2], "rotation": 270, "texture": "#0"},
				"west": {"uv": [11, 1, 12, 2], "rotation": 270, "texture": "#0"},
				"up": {"uv": [11, 1, 12, 2], "rotation": 270, "texture": "#0"},
				"down": {"uv": [11, 1, 12, 2], "rotation": 270, "texture": "#0"}
			}
		},
		{
			"name": "hexadecagon",
			"from": [7.90054, 3.4, 5],
			"to": [8.09946, 3.5, 7.9],
			"faces": {
				"north": {"uv": [0, 0, 1, 1], "texture": "#0"},
				"east": {"uv": [0, 0, 1, 1], "texture": "#0"},
				"south": {"uv": [0, 0, 1, 1], "texture": "#0"},
				"west": {"uv": [0, 0, 1, 1], "texture": "#0"},
				"up": {"uv": [0, 0, 1, 1], "texture": "#0"},
				"down": {"uv": [0, 0, 1, 1], "texture": "#0"}
			}
		},
		{
			"name": "hexadecagon",
			"from": [7.8906, 2.45, 7.75],
			"to": [8.1094, 3.55, 7.95],
			"rotation": {"angle": -45, "axis": "z", "origin": [8, 3, 8]},
			"faces": {
				"north": {"uv": [11, 11, 12, 12], "texture": "#1"},
				"east": {"uv": [11, 11, 12, 12], "texture": "#1"},
				"south": {"uv": [11, 11, 12, 12], "texture": "#1"},
				"west": {"uv": [11, 11, 12, 12], "texture": "#1"},
				"up": {"uv": [11, 11, 12, 12], "texture": "#1"},
				"down": {"uv": [11, 11, 12, 12], "texture": "#1"}
			}
		},
		{
			"name": "hexadecagon",
			"from": [7.8906, 2.45, 7.75],
			"to": [8.1094, 3.55, 7.95],
			"rotation": {"angle": -22.5, "axis": "z", "origin": [8, 3, 8]},
			"faces": {
				"north": {"uv": [7.99983, 7.99983, 16, 16], "texture": "#1"},
				"east": {"uv": [7.99983, 7.99983, 16, 16], "texture": "#1"},
				"south": {"uv": [7.99983, 7.99983, 16, 16], "texture": "#1"},
				"west": {"uv": [7.99983, 7.99983, 16, 16], "texture": "#1"},
				"up": {"uv": [7.99983, 7.99983, 16, 16], "texture": "#1"},
				"down": {"uv": [7.99983, 7.99983, 16, 16], "texture": "#1"}
			}
		},
		{
			"name": "hexadecagon",
			"from": [7.8906, 2.45, 7.75],
			"to": [8.1094, 3.55, 7.95],
			"faces": {
				"north": {"uv": [11, 11, 12, 12], "texture": "#1"},
				"east": {"uv": [11, 11, 12, 12], "texture": "#1"},
				"south": {"uv": [11, 11, 12, 12], "texture": "#1"},
				"west": {"uv": [11, 11, 12, 12], "texture": "#1"},
				"up": {"uv": [11, 11, 12, 12], "texture": "#1"},
				"down": {"uv": [11, 11, 12, 12], "texture": "#1"}
			}
		},
		{
			"name": "hexadecagon",
			"from": [7.8906, 2.45, 7.75],
			"to": [8.1094, 3.55, 7.95],
			"rotation": {"angle": 22.5, "axis": "z", "origin": [8, 3, 8]},
			"faces": {
				"north": {"uv": [7.99983, 7.99983, 16, 16], "texture": "#1"},
				"east": {"uv": [7.99983, 7.99983, 16, 16], "texture": "#1"},
				"south": {"uv": [7.99983, 7.99983, 16, 16], "texture": "#1"},
				"west": {"uv": [7.99983, 7.99983, 16, 16], "texture": "#1"},
				"up": {"uv": [7.99983, 7.99983, 16, 16], "texture": "#1"},
				"down": {"uv": [7.99983, 7.99983, 16, 16], "texture": "#1"}
			}
		},
		{
			"name": "hexadecagon",
			"from": [7.8906, 2.45, 7.75],
			"to": [8.1094, 3.55, 7.95],
			"rotation": {"angle": 45, "axis": "z", "origin": [8, 3, 8]},
			"faces": {
				"north": {"uv": [7.99983, 7.99983, 16, 16], "texture": "#1"},
				"east": {"uv": [7.99983, 7.99983, 16, 16], "texture": "#1"},
				"south": {"uv": [7.99983, 7.99983, 16, 16], "texture": "#1"},
				"west": {"uv": [7.99983, 7.99983, 16, 16], "texture": "#1"},
				"up": {"uv": [7.99983, 7.99983, 16, 16], "texture": "#1"},
				"down": {"uv": [7.99983, 7.99983, 16, 16], "texture": "#1"}
			}
		},
		{
			"name": "hexadecagon",
			"from": [7.45, 2.8906, 7.75],
			"to": [8.55, 3.1094, 7.95],
			"rotation": {"angle": -22.5, "axis": "z", "origin": [8, 3, 8]},
			"faces": {
				"north": {"uv": [7.99983, 7.99983, 16, 16], "texture": "#1"},
				"east": {"uv": [7.99983, 7.99983, 16, 16], "texture": "#1"},
				"south": {"uv": [7.99983, 7.99983, 16, 16], "texture": "#1"},
				"west": {"uv": [7.99983, 7.99983, 16, 16], "texture": "#1"},
				"up": {"uv": [7.99983, 7.99983, 16, 16], "texture": "#1"},
				"down": {"uv": [7.99983, 7.99983, 16, 16], "texture": "#1"}
			}
		},
		{
			"name": "hexadecagon",
			"from": [7.45, 2.8906, 7.75],
			"to": [8.55, 3.1094, 7.95],
			"faces": {
				"north": {"uv": [7.99983, 7.99983, 16, 16], "texture": "#1"},
				"east": {"uv": [7.99983, 7.99983, 16, 16], "texture": "#1"},
				"south": {"uv": [7.99983, 7.99983, 16, 16], "texture": "#1"},
				"west": {"uv": [7.99983, 7.99983, 16, 16], "texture": "#1"},
				"up": {"uv": [7.99983, 7.99983, 16, 16], "texture": "#1"},
				"down": {"uv": [7.99983, 7.99983, 16, 16], "texture": "#1"}
			}
		},
		{
			"name": "hexadecagon",
			"from": [7.45, 2.8906, 7.75],
			"to": [8.55, 3.1094, 7.95],
			"rotation": {"angle": 22.5, "axis": "z", "origin": [8, 3, 8]},
			"faces": {
				"north": {"uv": [7.99983, 7.99983, 16, 16], "texture": "#1"},
				"east": {"uv": [7.99983, 7.99983, 16, 16], "texture": "#1"},
				"south": {"uv": [7.99983, 7.99983, 16, 16], "texture": "#1"},
				"west": {"uv": [7.99983, 7.99983, 16, 16], "texture": "#1"},
				"up": {"uv": [7.99983, 7.99983, 16, 16], "texture": "#1"},
				"down": {"uv": [7.99983, 7.99983, 16, 16], "texture": "#1"}
			}
		}
	],
	"display": {
		"thirdperson_righthand": {
			"translation": [0, 10.25, 0.5],
			"scale": [1.66, 1.63, 1.6]
		},
		"thirdperson_lefthand": {
			"translation": [0, 10.5, 0.5],
			"scale": [1.63, 1.66, 1.66]
		},
		"firstperson_righthand": {
			"translation": [0, 15, 1],
			"scale": [2.06, 2.13, 2.03]
		},
		"firstperson_lefthand": {
			"translation": [0.5, 14.25, 0],
			"scale": [2.03, 2, 2]
		},
		"ground": {
			"translation": [0, 9.25, 0],
			"scale": [1.48, 1.48, 1.48]
		},
		"gui": {
			"rotation": [41, 51, 0],
			"translation": [0.75, 10.75, 0],
			"scale": [2.65, 2.65, 2.65]
		},
		"fixed": {
			"rotation": [75, 53, -76],
			"translation": [9.5, 9.5, -2.5],
			"scale": [2.53, 2.56, 2.53]
		}
	},
	"groups": [
		{
			"name": "hexadecagon",
			"children": [0, 1, 2, 3, 4, 5, 6, 7, 8, 9, 10, 11, 12, 13, 14, 15,
				{
					"name": "group",
					"children": [16, 17,
						{
							"name": "group",
							"children": [18, 19, 20, 21, 22, 23, 24, 25, 26]
						}, 27, 28, 29, 30, 31, 32, 33, 34, 35, 36, 37]
				}, 38]
		},
		{
			"name": "hexadecagon",
			"children": [39, 40, 41, 42, 43, 44, 45, 46]
		}
	]
}