{
	"credit": "Made with Blockbench",
	"textures": {
		"0": "custom/nothingness1/p90_black",
		"1": "custom/nothingness1/gray3",
		"particle": "custom/nothingness1/p90_black"
	},
	"elements": [
		{
			"from": [7.4, 0.3, 4.8],
			"to": [8.6, 0.4, 8.9],
			"faces": {
				"north": {"uv": [0, 0, 1.2, 0.1], "texture": "#1"},
				"east": {"uv": [0, 0, 4.1, 0.1], "texture": "#1"},
				"south": {"uv": [0, 0, 1.2, 0.1], "texture": "#1"},
				"west": {"uv": [0, 0, 4.1, 0.1], "texture": "#1"},
				"up": {"uv": [0, 0, 1.2, 4.1], "texture": "#1"},
				"down": {"uv": [0, 0, 1.2, 4.1], "texture": "#1"}
			}
		},
		{
			"from": [7.40026, -0.07628, 8.61721],
			"to": [8.60026, 3.92372, 8.71721],
			"rotation": {"angle": -22.5, "axis": "x", "origin": [8.00026, 0.92372, 8.61721]},
			"faces": {
				"north": {"uv": [0, 0, 1.2, 4], "rotation": 180, "texture": "#1"},
				"east": {"uv": [0, 0, 4, 0.1], "rotation": 270, "texture": "#1"},
				"south": {"uv": [0, 0, 1.2, 4], "texture": "#1"},
				"west": {"uv": [0, 0, 4, 0.1], "rotation": 90, "texture": "#1"},
				"up": {"uv": [0, 0, 1.2, 0.1], "rotation": 180, "texture": "#1"},
				"down": {"uv": [0, 0, 1.2, 0.1], "texture": "#1"}
			}
		},
		{
			"from": [7.39546, -0.07158, 6.01733],
			"to": [8.59546, 3.52842, 6.11733],
			"rotation": {"angle": -22.5, "axis": "x", "origin": [7.99546, 0.92842, 6.01733]},
			"faces": {
				"north": {"uv": [0, 0, 1.2, 3.6], "rotation": 180, "texture": "#1"},
				"east": {"uv": [0, 0, 3.6, 0.1], "rotation": 270, "texture": "#1"},
				"south": {"uv": [0, 0, 1.2, 3.6], "texture": "#1"},
				"west": {"uv": [0, 0, 3.6, 0.1], "rotation": 90, "texture": "#1"},
				"up": {"uv": [0, 0, 1.2, 0.1], "rotation": 180, "texture": "#1"},
				"down": {"uv": [0, 0, 1.2, 0.1], "texture": "#1"}
			}
		},
		{
			"from": [7.4, 0, 6.4],
			"to": [8.6, 0.2, 9],
			"faces": {
				"north": {"uv": [0, 0, 1.2, 0.2], "texture": "#1"},
				"east": {"uv": [0, 0, 2.6, 0.2], "texture": "#1"},
				"south": {"uv": [0, 0, 1.2, 0.2], "texture": "#1"},
				"west": {"uv": [0, 0, 2.6, 0.2], "texture": "#1"},
				"up": {"uv": [0, 0, 1.2, 2.6], "texture": "#1"},
				"down": {"uv": [0, 0, 1.2, 2.6], "texture": "#1"}
			}
		},
		{
			"from": [7.40005, 1.22411, 8.61703],
			"to": [8.60005, 3.92411, 8.71703],
			"rotation": {"angle": -22.5, "axis": "x", "origin": [8.00005, 0.92411, 8.61703]},
			"faces": {
				"north": {"uv": [0, 0, 1.2, 2.7], "rotation": 180, "texture": "#1"},
				"east": {"uv": [0, 0, 2.7, 1.9], "rotation": 270, "texture": "#1"},
				"south": {"uv": [0, 0, 1.2, 2.7], "texture": "#1"},
				"west": {"uv": [0, 0, 2.7, 1.9], "rotation": 90, "texture": "#1"},
				"up": {"uv": [0, 0, 1.2, 1.9], "rotation": 180, "texture": "#1"},
				"down": {"uv": [0, 0, 1.2, 1.9], "texture": "#1"}
			}
		},
		{
			"from": [7.4, 0, 6.4],
			"to": [8.6, 1.4, 7.6],
			"faces": {
				"north": {"uv": [0, 0, 1.2, 1.4], "texture": "#1"},
				"east": {"uv": [0, 0, 2.1, 1.4], "texture": "#1"},
				"south": {"uv": [0, 0, 1.2, 1.4], "texture": "#1"},
				"west": {"uv": [0, 0, 2.1, 1.4], "texture": "#1"},
				"up": {"uv": [0, 0, 1.2, 2.1], "texture": "#1"},
				"down": {"uv": [0, 0, 1.2, 2.1], "texture": "#1"}
			}
		},
		{
			"from": [7.39669, 0.22668, 4.41783],
			"to": [8.59669, 2.92668, 5.81783],
			"rotation": {"angle": -22.5, "axis": "x", "origin": [7.99669, 1.22668, 4.41783]},
			"faces": {
				"north": {"uv": [0, 0, 1.2, 2.7], "rotation": 180, "texture": "#1"},
				"east": {"uv": [0, 0, 2.7, 1.4], "rotation": 270, "texture": "#1"},
				"south": {"uv": [0, 0, 1.2, 2.7], "texture": "#1"},
				"west": {"uv": [0, 0, 2.7, 1.4], "rotation": 90, "texture": "#1"},
				"up": {"uv": [0, 0, 1.2, 1.4], "rotation": 180, "texture": "#1"},
				"down": {"uv": [0, 0, 1.2, 1.4], "texture": "#1"}
			}
		},
		{
			"from": [7.4, 0.3, 5],
			"to": [8.6, 1, 7.7],
			"faces": {
				"north": {"uv": [0, 0, 1.2, 0.7], "texture": "#1"},
				"east": {"uv": [0, 0, 2.7, 0.7], "texture": "#1"},
				"south": {"uv": [0, 0, 1.2, 0.7], "texture": "#1"},
				"west": {"uv": [0, 0, 2.7, 0.7], "texture": "#1"},
				"up": {"uv": [0, 0, 1.2, 2.7], "texture": "#1"},
				"down": {"uv": [0, 0, 1.2, 2.7], "texture": "#1"}
			}
		},
		{
			"from": [7.40026, 3.75081, 7.60295],
			"to": [8.60026, 3.95081, 7.80295],
			"rotation": {"angle": -45, "axis": "x", "origin": [8.00026, 3.45081, 7.70295]},
			"faces": {
				"north": {"uv": [0, 0, 1.2, 0.2], "rotation": 180, "texture": "#1"},
				"east": {"uv": [0, 0, 0.2, 2.4], "rotation": 270, "texture": "#1"},
				"south": {"uv": [0, 0, 1.2, 0.2], "texture": "#1"},
				"west": {"uv": [0, 0, 0.2, 2.4], "rotation": 90, "texture": "#1"},
				"up": {"uv": [0, 0, 1.2, 2.4], "rotation": 180, "texture": "#1"},
				"down": {"uv": [0, 0, 1.2, 2.4], "texture": "#1"}
			}
		},
		{
			"from": [7.3998, 3.56795, 7.15939],
			"to": [8.5998, 3.76795, 7.35939],
			"rotation": {"angle": 22.5, "axis": "x", "origin": [7.9998, 3.66795, 7.65939]},
			"faces": {
				"north": {"uv": [0, 0, 1.2, 2.4], "texture": "#1"},
				"east": {"uv": [0, 0, 0.2, 2.4], "texture": "#1"},
				"south": {"uv": [0, 0, 1.2, 2.4], "texture": "#1"},
				"west": {"uv": [0, 0, 0.2, 2.4], "texture": "#1"},
				"up": {"uv": [0, 0, 1.2, 0.2], "texture": "#1"},
				"down": {"uv": [0, 0, 1.2, 0.2], "texture": "#1"}
			}
		},
		{
			"from": [7.3998, 3.45168, 5.50572],
			"to": [8.5998, 3.95168, 7.23572],
			"faces": {
				"north": {"uv": [0, 0, 1.2, 0.1], "texture": "#1"},
				"east": {"uv": [0, 0, 1.73, 0.1], "texture": "#1"},
				"south": {"uv": [0, 0, 1.2, 0.1], "texture": "#1"},
				"west": {"uv": [0, 0, 1.73, 0.1], "texture": "#1"},
				"up": {"uv": [0, 0, 1.2, 1.73], "texture": "#1"},
				"down": {"uv": [0, 0, 1.2, 1.73], "texture": "#1"}
			}
		},
		{
			"from": [7.39669, 0.22668, 4.41783],
			"to": [8.59669, 4.12668, 4.51783],
			"rotation": {"angle": -22.5, "axis": "x", "origin": [7.99669, 1.22668, 4.41783]},
			"faces": {
				"north": {"uv": [0, 0, 1.2, 3.9], "rotation": 180, "texture": "#1"},
				"east": {"uv": [0, 0, 3.9, 0.1], "rotation": 270, "texture": "#1"},
				"south": {"uv": [0, 0, 1.2, 3.9], "texture": "#1"},
				"west": {"uv": [0, 0, 3.9, 0.1], "rotation": 90, "texture": "#1"},
				"up": {"uv": [0, 0, 1.2, 0.1], "rotation": 180, "texture": "#1"},
				"down": {"uv": [0, 0, 1.2, 0.1], "texture": "#1"}
			}
		},
		{
			"from": [7.39669, 0.22668, 4.41783],
			"to": [8.59669, 3.02668, 7.01783],
			"rotation": {"angle": -22.5, "axis": "x", "origin": [7.99669, 1.22668, 4.41783]},
			"faces": {
				"north": {"uv": [0, 0, 1.2, 2.8], "rotation": 180, "texture": "#1"},
				"east": {"uv": [0, 0, 2.8, 2.6], "rotation": 270, "texture": "#1"},
				"south": {"uv": [0, 0, 1.2, 2.8], "texture": "#1"},
				"west": {"uv": [0, 0, 2.8, 2.6], "rotation": 90, "texture": "#1"},
				"up": {"uv": [0, 0, 1.2, 2.6], "rotation": 180, "texture": "#1"},
				"down": {"uv": [0, 0, 1.2, 2.6], "texture": "#1"}
			}
		},
		{
			"from": [7.39669, 0.22668, 4.41783],
			"to": [8.59669, 2.72668, 6.71783],
			"rotation": {"angle": -22.5, "axis": "x", "origin": [7.99669, 1.22668, 4.41783]},
			"faces": {
				"north": {"uv": [0, 0, 1.2, 2.5], "rotation": 180, "texture": "#1"},
				"east": {"uv": [0, 0, 2.5, 3.4], "rotation": 270, "texture": "#1"},
				"south": {"uv": [0, 0, 1.2, 2.5], "texture": "#1"},
				"west": {"uv": [0, 0, 2.5, 3.4], "rotation": 90, "texture": "#1"},
				"up": {"uv": [0, 0, 1.2, 3.4], "rotation": 180, "texture": "#1"},
				"down": {"uv": [0, 0, 1.2, 3.4], "texture": "#1"}
			}
		},
		{
			"from": [7.3998, 2.95168, 3.20572],
			"to": [8.5998, 3.95168, 3.73572],
			"faces": {
				"north": {"uv": [0, 0, 1.2, 1], "texture": "#1"},
				"east": {"uv": [0, 0, 0.53, 1], "texture": "#1"},
				"south": {"uv": [0, 0, 1.2, 1], "texture": "#1"},
				"west": {"uv": [0, 0, 0.53, 1], "texture": "#1"},
				"up": {"uv": [0, 0, 1.2, 0.53], "texture": "#1"},
				"down": {"uv": [0, 0, 1.2, 0.53], "texture": "#1"}
			}
		},
		{
			"from": [7.3998, 3.35168, 5.80572],
			"to": [8.5998, 3.95168, 7.13572],
			"faces": {
				"north": {"uv": [0, 0, 1.2, 0.6], "texture": "#1"},
				"east": {"uv": [0, 0, 1.43, 0.6], "texture": "#1"},
				"south": {"uv": [0, 0, 1.2, 0.6], "texture": "#1"},
				"west": {"uv": [0, 0, 1.43, 0.6], "texture": "#1"},
				"up": {"uv": [0, 0, 1.2, 1.43], "texture": "#1"},
				"down": {"uv": [0, 0, 1.2, 1.43], "texture": "#1"}
			}
		},
		{
			"from": [7.39669, 0.22668, 4.41783],
			"to": [8.59669, 4.02668, 4.71783],
			"rotation": {"angle": -22.5, "axis": "x", "origin": [7.99669, 1.22668, 4.41783]},
			"faces": {
				"north": {"uv": [0, 0, 1.2, 3.8], "rotation": 180, "texture": "#1"},
				"east": {"uv": [0, 0, 3.8, 0.3], "rotation": 270, "texture": "#1"},
				"south": {"uv": [0, 0, 1.2, 3.8], "texture": "#1"},
				"west": {"uv": [0, 0, 3.8, 0.3], "rotation": 90, "texture": "#1"},
				"up": {"uv": [0, 0, 1.2, 0.3], "rotation": 180, "texture": "#1"},
				"down": {"uv": [0, 0, 1.2, 0.3], "texture": "#1"}
			}
		},
		{
			"from": [7.3998, 1.45168, 3.90572],
			"to": [8.5998, 2.05168, 5.03572],
			"rotation": {"angle": 22.5, "axis": "x", "origin": [7.9998, 3.85168, 7.55572]},
			"faces": {
				"north": {"uv": [0, 0, 1.2, 0.6], "texture": "#1"},
				"east": {"uv": [0, 0, 1.13, 0.6], "texture": "#1"},
				"south": {"uv": [0, 0, 1.2, 0.6], "texture": "#1"},
				"west": {"uv": [0, 0, 1.13, 0.6], "texture": "#1"},
				"up": {"uv": [0, 0, 1.2, 1.13], "texture": "#1"},
				"down": {"uv": [0, 0, 1.2, 1.13], "texture": "#1"}
			}
		},
		{
			"from": [7.3998, 0.40168, 5.00572],
			"to": [8.5998, 0.95168, 7.23572],
			"rotation": {"angle": 45, "axis": "x", "origin": [7.9998, 3.85168, 7.55572]},
			"faces": {
				"north": {"uv": [0, 0, 1.2, 0.55], "texture": "#1"},
				"east": {"uv": [0, 0, 2.23, 0.55], "texture": "#1"},
				"south": {"uv": [0, 0, 1.2, 0.55], "texture": "#1"},
				"west": {"uv": [0, 0, 2.23, 0.55], "texture": "#1"},
				"up": {"uv": [0, 0, 1.2, 2.23], "texture": "#1"},
				"down": {"uv": [0, 0, 1.2, 2.23], "texture": "#1"}
			}
		},
		{
			"from": [7.3998, 2.95168, 4.80572],
			"to": [8.5998, 3.95168, 6.63572],
			"faces": {
				"north": {"uv": [0, 0, 1.2, 1], "texture": "#1"},
				"east": {"uv": [0, 0, 2.43, 1], "texture": "#1"},
				"south": {"uv": [0, 0, 1.2, 1], "texture": "#1"},
				"west": {"uv": [0, 0, 2.43, 1], "texture": "#1"},
				"up": {"uv": [0, 0, 1.2, 2.43], "texture": "#1"},
				"down": {"uv": [0, 0, 1.2, 2.43], "texture": "#1"}
			}
		},
		{
			"from": [7.3998, 2.95168, 3.20572],
			"to": [8.5998, 3.75168, 5.33572],
			"faces": {
				"north": {"uv": [0, 0, 1.2, 0.8], "texture": "#1"},
				"east": {"uv": [0, 0, 2.13, 0.8], "texture": "#1"},
				"south": {"uv": [0, 0, 1.2, 0.8], "texture": "#1"},
				"west": {"uv": [0, 0, 2.13, 0.8], "texture": "#1"},
				"up": {"uv": [0, 0, 1.2, 2.13], "texture": "#1"},
				"down": {"uv": [0, 0, 1.2, 2.13], "texture": "#1"}
			}
		},
		{
			"from": [7.3998, 2.95168, 0.40572],
			"to": [8.5998, 3.95168, 3.20572],
			"faces": {
				"north": {"uv": [0, 0, 1.2, 1], "texture": "#1"},
				"east": {"uv": [0, 0, 2.8, 1], "texture": "#1"},
				"south": {"uv": [0, 0, 1.2, 1], "texture": "#1"},
				"west": {"uv": [0, 0, 2.8, 1], "texture": "#1"},
				"up": {"uv": [0, 0, 1.2, 2.8], "texture": "#1"},
				"down": {"uv": [0, 0, 1.2, 2.8], "texture": "#1"}
			}
		},
		{
			"from": [7.3998, 3.05168, 0.40572],
			"to": [8.5998, 4.15168, 2.20572],
			"faces": {
				"north": {"uv": [0, 0, 1.2, 1.1], "texture": "#1"},
				"east": {"uv": [0, 0, 1.8, 1.1], "texture": "#1"},
				"south": {"uv": [0, 0, 1.2, 1.1], "texture": "#1"},
				"west": {"uv": [0, 0, 1.8, 1.1], "texture": "#1"},
				"up": {"uv": [0, 0, 1.2, 1.8], "texture": "#1"},
				"down": {"uv": [0, 0, 1.2, 1.8], "texture": "#1"}
			}
		},
		{
			"from": [7.39982, -0.46776, 0.25088],
			"to": [8.59982, 0.03224, 0.85088],
			"rotation": {"angle": 45, "axis": "x", "origin": [7.99982, -0.26776, 6.20088]},
			"faces": {
				"north": {"uv": [0, 0, 1.2, 0.5], "texture": "#1"},
				"east": {"uv": [0, 0, 0.6, 0.5], "texture": "#1"},
				"south": {"uv": [0, 0, 1.2, 0.5], "texture": "#1"},
				"west": {"uv": [0, 0, 0.6, 0.5], "texture": "#1"},
				"up": {"uv": [0, 0, 1.2, 0.6], "texture": "#1"},
				"down": {"uv": [0, 0, 1.2, 0.6], "texture": "#1"}
			}
		},
		{
			"from": [7.4498, 3.45168, 0.40572],
			"to": [8.5498, 5.25168, 8.00572],
			"faces": {
				"north": {"uv": [0, 0, 1.1, 1.8], "texture": "#0"},
				"east": {"uv": [0, 0, 7.6, 1.8], "texture": "#0"},
				"south": {"uv": [0, 0, 1.1, 1.8], "texture": "#0"},
				"west": {"uv": [0, 0, 7.6, 1.8], "texture": "#0"},
				"up": {"uv": [0, 0, 1.1, 7.6], "texture": "#0"},
				"down": {"uv": [0, 0, 1.1, 7.6], "texture": "#0"}
			}
		},
		{
			"from": [7.45047, 0.10562, 10.03372],
			"to": [8.55047, 4.85562, 10.83372],
			"rotation": {"angle": -22.5, "axis": "x", "origin": [7.95047, -2.29438, 9.73372]},
			"faces": {
				"north": {"uv": [0, 0, 1.1, 4.75], "rotation": 180, "texture": "#0"},
				"east": {"uv": [0, 0, 4.75, 0.8], "rotation": 270, "texture": "#0"},
				"south": {"uv": [0, 0, 1.1, 4.75], "texture": "#0"},
				"west": {"uv": [0, 0, 4.75, 0.8], "rotation": 90, "texture": "#0"},
				"up": {"uv": [0, 0, 1.1, 0.8], "rotation": 180, "texture": "#0"},
				"down": {"uv": [0, 0, 1.1, 0.8], "texture": "#0"}
			}
		},
		{
			"from": [7.4498, 4.15168, 0.30572],
			"to": [8.5498, 5.25168, 12.70572],
			"faces": {
				"north": {"uv": [0, 0, 1.1, 1.1], "texture": "#0"},
				"east": {"uv": [0, 0, 12.4, 1.1], "texture": "#0"},
				"south": {"uv": [0, 0, 1.1, 1.1], "texture": "#0"},
				"west": {"uv": [0, 0, 12.4, 1.1], "texture": "#0"},
				"up": {"uv": [0, 0, 1.1, 12.4], "texture": "#0"},
				"down": {"uv": [0, 0, 1.1, 12.4], "texture": "#0"}
			}
		},
		{
			"from": [7.4498, 3.15168, 7.20572],
			"to": [8.5498, 3.75168, 9.30572],
			"rotation": {"angle": -45, "axis": "x", "origin": [7.9998, 3.85168, 7.55572]},
			"faces": {
				"north": {"uv": [0, 0, 1.1, 0.6], "texture": "#0"},
				"east": {"uv": [0, 0, 2.1, 0.6], "texture": "#0"},
				"south": {"uv": [0, 0, 1.1, 0.6], "texture": "#0"},
				"west": {"uv": [0, 0, 2.1, 0.6], "texture": "#0"},
				"up": {"uv": [0, 0, 1.1, 2.1], "texture": "#0"},
				"down": {"uv": [0, 0, 1.1, 2.1], "texture": "#0"}
			}
		},
		{
			"from": [7.5498, -0.39832, 10.75572],
			"to": [8.4498, 3.00168, 11.75572],
			"rotation": {"angle": -22.5, "axis": "x", "origin": [7.9998, 3.75168, 7.25572]},
			"faces": {
				"north": {"uv": [0, 0, 0.9, 3.4], "rotation": 180, "texture": "#0"},
				"east": {"uv": [0, 0, 3.4, 1], "rotation": 270, "texture": "#0"},
				"south": {"uv": [0, 0, 0.9, 3.4], "texture": "#0"},
				"west": {"uv": [0, 0, 3.4, 1], "rotation": 90, "texture": "#0"},
				"up": {"uv": [0, 0, 0.9, 1], "rotation": 180, "texture": "#0"},
				"down": {"uv": [0, 0, 0.9, 1], "texture": "#0"}
			}
		},
		{
			"from": [7.65053, -0.20186, 8.28925],
			"to": [8.35053, 0.09814, 11.68925],
			"rotation": {"angle": -22.5, "axis": "x", "origin": [8.00053, 3.94814, 7.68925]},
			"faces": {
				"north": {"uv": [0, 0, 0.7, 0.3], "rotation": 180, "texture": "#0"},
				"east": {"uv": [0, 0, 0.3, 3.4], "rotation": 270, "texture": "#0"},
				"south": {"uv": [0, 0, 0.7, 0.3], "texture": "#0"},
				"west": {"uv": [0, 0, 0.3, 3.4], "rotation": 90, "texture": "#0"},
				"up": {"uv": [0, 0, 0.7, 3.4], "rotation": 180, "texture": "#0"},
				"down": {"uv": [0, 0, 0.7, 3.4], "texture": "#0"}
			}
		},
		{
			"from": [7.54842, 1.63747, 12.00488],
			"to": [8.44842, 2.33747, 13.00488],
			"faces": {
				"north": {"uv": [0, 0, 0.9, 0.7], "rotation": 180, "texture": "#0"},
				"east": {"uv": [0, 0, 0.7, 1], "rotation": 270, "texture": "#0"},
				"south": {"uv": [0, 0, 0.9, 0.7], "texture": "#0"},
				"west": {"uv": [0, 0, 0.7, 1], "rotation": 90, "texture": "#0"},
				"up": {"uv": [0, 0, 0.9, 1], "rotation": 180, "texture": "#0"},
				"down": {"uv": [0, 0, 0.9, 1], "texture": "#0"}
			}
		},
		{
			"from": [7.54858, 0.30168, 10.55695],
			"to": [8.44858, 1.60168, 11.75695],
			"rotation": {"angle": -22.5, "axis": "x", "origin": [7.99858, 4.45168, 7.25695]},
			"faces": {
				"north": {"uv": [0, 0, 0.9, 1.3], "rotation": 180, "texture": "#0"},
				"east": {"uv": [0, 0, 1.3, 1.2], "rotation": 270, "texture": "#0"},
				"south": {"uv": [0, 0, 0.9, 1.3], "texture": "#0"},
				"west": {"uv": [0, 0, 1.3, 1.2], "rotation": 90, "texture": "#0"},
				"up": {"uv": [0, 0, 0.9, 1.2], "rotation": 180, "texture": "#0"},
				"down": {"uv": [0, 0, 0.9, 1.2], "texture": "#0"}
			}
		},
		{
			"from": [7.54904, -0.85693, 10.08825],
			"to": [8.44904, 0.34307, 10.88825],
			"rotation": {"angle": -45, "axis": "x", "origin": [7.99904, 3.29307, 6.38825]},
			"faces": {
				"north": {"uv": [0, 0, 0.9, 1.2], "rotation": 180, "texture": "#0"},
				"east": {"uv": [0, 0, 1.2, 0.8], "rotation": 270, "texture": "#0"},
				"south": {"uv": [0, 0, 0.9, 1.2], "texture": "#0"},
				"west": {"uv": [0, 0, 1.2, 0.8], "rotation": 90, "texture": "#0"},
				"up": {"uv": [0, 0, 0.9, 0.8], "rotation": 180, "texture": "#0"},
				"down": {"uv": [0, 0, 0.9, 0.8], "texture": "#0"}
			}
		},
		{
			"from": [7.54904, 1.04307, 10.88825],
			"to": [8.44904, 2.24307, 11.98825],
			"rotation": {"angle": -22.5, "axis": "x", "origin": [7.99904, 3.29307, 6.38825]},
			"faces": {
				"north": {"uv": [0, 0, 0.9, 1.2], "rotation": 180, "texture": "#0"},
				"east": {"uv": [0, 0, 1.2, 1.1], "rotation": 270, "texture": "#0"},
				"south": {"uv": [0, 0, 0.9, 1.2], "texture": "#0"},
				"west": {"uv": [0, 0, 1.2, 1.1], "rotation": 90, "texture": "#0"},
				"up": {"uv": [0, 0, 0.9, 1.1], "rotation": 180, "texture": "#0"},
				"down": {"uv": [0, 0, 0.9, 1.1], "texture": "#0"}
			}
		},
		{
			"from": [7.59669, -5.97332, 4.61783],
			"to": [8.39669, 1.42668, 5.91783],
			"rotation": {"angle": -22.5, "axis": "x", "origin": [7.99669, 1.22668, 4.41783]},
			"faces": {
				"north": {"uv": [0, 0, 0.8, 5.6], "rotation": 180, "texture": "#0"},
				"east": {"uv": [0, 0, 5.6, 1.1], "rotation": 270, "texture": "#0"},
				"south": {"uv": [0, 0, 0.8, 5.6], "texture": "#0"},
				"west": {"uv": [0, 0, 5.6, 1.1], "rotation": 90, "texture": "#0"},
				"up": {"uv": [0, 0, 0.8, 1.1], "rotation": 180, "texture": "#0"},
				"down": {"uv": [0, 0, 0.8, 1.1], "texture": "#0"}
			}
		},
		{
			"from": [7.49669, -6.07332, 4.51783],
			"to": [8.49669, -5.77332, 6.16783],
			"rotation": {"angle": -22.5, "axis": "x", "origin": [7.99669, 1.22668, 4.41783]},
			"faces": {
				"north": {"uv": [0, 0, 1, 0.3], "rotation": 180, "texture": "#0"},
				"east": {"uv": [0, 0, 0.3, 1.35], "rotation": 270, "texture": "#0"},
				"south": {"uv": [0, 0, 1, 0.3], "texture": "#0"},
				"west": {"uv": [0, 0, 0.3, 1.35], "rotation": 90, "texture": "#0"},
				"up": {"uv": [0, 0, 1, 1.35], "rotation": 180, "texture": "#0"},
				"down": {"uv": [0, 0, 1, 1.35], "texture": "#0"}
			}
		},
		{
			"from": [7.69669, -5.97332, 4.61783],
			"to": [8.29669, 1.42668, 6.01783],
			"rotation": {"angle": -22.5, "axis": "x", "origin": [7.99669, 1.22668, 4.41783]},
			"faces": {
				"north": {"uv": [0, 0, 0.6, 5.6], "rotation": 180, "texture": "#0"},
				"east": {"uv": [0, 0, 5.6, 1.2], "rotation": 270, "texture": "#0"},
				"south": {"uv": [0, 0, 0.6, 5.6], "texture": "#0"},
				"west": {"uv": [0, 0, 5.6, 1.2], "rotation": 90, "texture": "#0"},
				"up": {"uv": [0, 0, 0.6, 1.2], "rotation": 180, "texture": "#0"},
				"down": {"uv": [0, 0, 0.6, 1.2], "texture": "#0"}
			}
		},
		{
			"from": [7.5998, 5.05168, 0.40572],
			"to": [8.3998, 5.40168, 12.70572],
			"faces": {
				"north": {"uv": [0, 0, 0.8, 0.35], "texture": "#0"},
				"east": {"uv": [0, 0, 12.3, 0.35], "texture": "#0"},
				"south": {"uv": [0, 0, 0.8, 0.35], "texture": "#0"},
				"west": {"uv": [0, 0, 12.3, 0.35], "texture": "#0"},
				"up": {"uv": [0, 0, 0.8, 12.3], "texture": "#0"},
				"down": {"uv": [0, 0, 0.8, 12.3], "texture": "#0"}
			}
		},
		{
			"from": [7.65053, 1.49814, 10.28925],
			"to": [8.35053, 1.79814, 11.08925],
			"rotation": {"angle": 22.5, "axis": "x", "origin": [8.00053, 3.94814, 7.68925]},
			"faces": {
				"north": {"uv": [0, 0, 0.7, 0.3], "rotation": 180, "texture": "#0"},
				"east": {"uv": [0, 0, 0.3, 2.8], "rotation": 270, "texture": "#0"},
				"south": {"uv": [0, 0, 0.7, 0.3], "texture": "#0"},
				"west": {"uv": [0, 0, 0.3, 2.8], "rotation": 90, "texture": "#0"},
				"up": {"uv": [0, 0, 0.7, 2.8], "rotation": 180, "texture": "#0"},
				"down": {"uv": [0, 0, 0.7, 2.8], "texture": "#0"}
			}
		},
		{
			"from": [7.45606, 5.23554, 0.40628],
			"to": [7.66606, 5.58554, 12.70628],
			"rotation": {"angle": 45, "axis": "z", "origin": [7.85606, 5.41054, 6.55628]},
			"faces": {
				"north": {"uv": [0, 0, 0.21, 0.35], "texture": "#0"},
				"east": {"uv": [0, 0, 12.3, 0.35], "texture": "#0"},
				"south": {"uv": [0, 0, 0.21, 0.35], "texture": "#0"},
				"west": {"uv": [0, 0, 12.3, 0.35], "texture": "#0"},
				"up": {"uv": [0, 0, 0.21, 12.3], "texture": "#0"},
				"down": {"uv": [0, 0, 0.21, 12.3], "texture": "#0"}
			}
		},
		{
			"from": [8.24681, 5.02841, 0.4045],
			"to": [8.45681, 5.37841, 12.7045],
			"rotation": {"angle": -45, "axis": "z", "origin": [8.35181, 5.20341, 6.5545]},
			"faces": {
				"north": {"uv": [0, 0, 0.21, 0.35], "texture": "#0"},
				"east": {"uv": [0, 0, 12.3, 0.35], "texture": "#0"},
				"south": {"uv": [0, 0, 0.21, 0.35], "texture": "#0"},
				"west": {"uv": [0, 0, 12.3, 0.35], "texture": "#0"},
				"up": {"uv": [0, 0, 0.21, 12.3], "texture": "#0"},
				"down": {"uv": [0, 0, 0.21, 12.3], "texture": "#0"}
			}
		},
		{
			"from": [7.7998, 5.05168, 0.40572],
			"to": [8.1998, 5.55168, 12.70572],
			"faces": {
				"north": {"uv": [0, 0, 0.4, 0.5], "texture": "#0"},
				"east": {"uv": [0, 0, 12.3, 0.5], "texture": "#0"},
				"south": {"uv": [0, 0, 0.4, 0.5], "texture": "#0"},
				"west": {"uv": [0, 0, 12.3, 0.5], "texture": "#0"},
				"up": {"uv": [0, 0, 0.4, 12.3], "texture": "#0"},
				"down": {"uv": [0, 0, 0.4, 12.3], "texture": "#0"}
			}
		},
		{
			"from": [7.6998, 5.50168, 0.40572],
			"to": [8.2998, 5.70168, 0.70572],
			"faces": {
				"north": {"uv": [0, 0, 0.6, 0.2], "texture": "#0"},
				"east": {"uv": [0, 0, 0.3, 0.2], "texture": "#0"},
				"south": {"uv": [0, 0, 0.6, 0.2], "texture": "#0"},
				"west": {"uv": [0, 0, 0.3, 0.2], "texture": "#0"},
				"up": {"uv": [0, 0, 0.6, 0.3], "texture": "#0"},
				"down": {"uv": [0, 0, 0.6, 0.3], "texture": "#0"}
			}
		},
		{
			"from": [7.6998, 5.50168, 1.00572],
			"to": [8.2998, 5.70168, 1.30572],
			"faces": {
				"north": {"uv": [0, 0, 0.6, 0.2], "texture": "#0"},
				"east": {"uv": [0, 0, 0.3, 0.2], "texture": "#0"},
				"south": {"uv": [0, 0, 0.6, 0.2], "texture": "#0"},
				"west": {"uv": [0, 0, 0.3, 0.2], "texture": "#0"},
				"up": {"uv": [0, 0, 0.6, 0.3], "texture": "#0"},
				"down": {"uv": [0, 0, 0.6, 0.3], "texture": "#0"}
			}
		},
		{
			"from": [7.6998, 5.50168, 1.60572],
			"to": [8.2998, 5.70168, 1.90572],
			"faces": {
				"north": {"uv": [0, 0, 0.6, 0.2], "texture": "#0"},
				"east": {"uv": [0, 0, 0.3, 0.2], "texture": "#0"},
				"south": {"uv": [0, 0, 0.6, 0.2], "texture": "#0"},
				"west": {"uv": [0, 0, 0.3, 0.2], "texture": "#0"},
				"up": {"uv": [0, 0, 0.6, 0.3], "texture": "#0"},
				"down": {"uv": [0, 0, 0.6, 0.3], "texture": "#0"}
			}
		},
		{
			"from": [7.6998, 5.50168, 2.20572],
			"to": [8.2998, 5.70168, 2.50572],
			"faces": {
				"north": {"uv": [0, 0, 0.6, 0.2], "texture": "#0"},
				"east": {"uv": [0, 0, 0.3, 0.2], "texture": "#0"},
				"south": {"uv": [0, 0, 0.6, 0.2], "texture": "#0"},
				"west": {"uv": [0, 0, 0.3, 0.2], "texture": "#0"},
				"up": {"uv": [0, 0, 0.6, 0.3], "texture": "#0"},
				"down": {"uv": [0, 0, 0.6, 0.3], "texture": "#0"}
			}
		},
		{
			"from": [7.6998, 5.50168, 2.80572],
			"to": [8.2998, 5.70168, 3.10572],
			"faces": {
				"north": {"uv": [0, 0, 0.6, 0.2], "texture": "#0"},
				"east": {"uv": [0, 0, 0.3, 0.2], "texture": "#0"},
				"south": {"uv": [0, 0, 0.6, 0.2], "texture": "#0"},
				"west": {"uv": [0, 0, 0.3, 0.2], "texture": "#0"},
				"up": {"uv": [0, 0, 0.6, 0.3], "texture": "#0"},
				"down": {"uv": [0, 0, 0.6, 0.3], "texture": "#0"}
			}
		},
		{
			"from": [7.6998, 5.50168, 3.40572],
			"to": [8.2998, 5.70168, 3.70572],
			"faces": {
				"north": {"uv": [0, 0, 0.6, 0.2], "texture": "#0"},
				"east": {"uv": [0, 0, 0.3, 0.2], "texture": "#0"},
				"south": {"uv": [0, 0, 0.6, 0.2], "texture": "#0"},
				"west": {"uv": [0, 0, 0.3, 0.2], "texture": "#0"},
				"up": {"uv": [0, 0, 0.6, 0.3], "texture": "#0"},
				"down": {"uv": [0, 0, 0.6, 0.3], "texture": "#0"}
			}
		},
		{
			"from": [7.6998, 5.50168, 4.00572],
			"to": [8.2998, 5.70168, 4.30572],
			"faces": {
				"north": {"uv": [0, 0, 0.6, 0.2], "texture": "#0"},
				"east": {"uv": [0, 0, 0.3, 0.2], "texture": "#0"},
				"south": {"uv": [0, 0, 0.6, 0.2], "texture": "#0"},
				"west": {"uv": [0, 0, 0.3, 0.2], "texture": "#0"},
				"up": {"uv": [0, 0, 0.6, 0.3], "texture": "#0"},
				"down": {"uv": [0, 0, 0.6, 0.3], "texture": "#0"}
			}
		},
		{
			"from": [7.6998, 5.50168, 4.60572],
			"to": [8.2998, 5.70168, 4.90572],
			"faces": {
				"north": {"uv": [0, 0, 0.6, 0.2], "texture": "#0"},
				"east": {"uv": [0, 0, 0.3, 0.2], "texture": "#0"},
				"south": {"uv": [0, 0, 0.6, 0.2], "texture": "#0"},
				"west": {"uv": [0, 0, 0.3, 0.2], "texture": "#0"},
				"up": {"uv": [0, 0, 0.6, 0.3], "texture": "#0"},
				"down": {"uv": [0, 0, 0.6, 0.3], "texture": "#0"}
			}
		},
		{
			"from": [7.6998, 5.50168, 7.00572],
			"to": [8.2998, 5.70168, 7.30572],
			"faces": {
				"north": {"uv": [0, 0, 0.6, 0.2], "texture": "#0"},
				"east": {"uv": [0, 0, 0.3, 0.2], "texture": "#0"},
				"south": {"uv": [0, 0, 0.6, 0.2], "texture": "#0"},
				"west": {"uv": [0, 0, 0.3, 0.2], "texture": "#0"},
				"up": {"uv": [0, 0, 0.6, 0.3], "texture": "#0"},
				"down": {"uv": [0, 0, 0.6, 0.3], "texture": "#0"}
			}
		},
		{
			"from": [7.6998, 5.50168, 6.40572],
			"to": [8.2998, 5.70168, 6.70572],
			"faces": {
				"north": {"uv": [0, 0, 0.6, 0.2], "texture": "#0"},
				"east": {"uv": [0, 0, 0.3, 0.2], "texture": "#0"},
				"south": {"uv": [0, 0, 0.6, 0.2], "texture": "#0"},
				"west": {"uv": [0, 0, 0.3, 0.2], "texture": "#0"},
				"up": {"uv": [0, 0, 0.6, 0.3], "texture": "#0"},
				"down": {"uv": [0, 0, 0.6, 0.3], "texture": "#0"}
			}
		},
		{
			"from": [7.6998, 5.50168, 5.80572],
			"to": [8.2998, 5.70168, 6.10572],
			"faces": {
				"north": {"uv": [0, 0, 0.6, 0.2], "texture": "#0"},
				"east": {"uv": [0, 0, 0.3, 0.2], "texture": "#0"},
				"south": {"uv": [0, 0, 0.6, 0.2], "texture": "#0"},
				"west": {"uv": [0, 0, 0.3, 0.2], "texture": "#0"},
				"up": {"uv": [0, 0, 0.6, 0.3], "texture": "#0"},
				"down": {"uv": [0, 0, 0.6, 0.3], "texture": "#0"}
			}
		},
		{
			"from": [7.6998, 5.50168, 5.20572],
			"to": [8.2998, 5.70168, 5.50572],
			"faces": {
				"north": {"uv": [0, 0, 0.6, 0.2], "texture": "#0"},
				"east": {"uv": [0, 0, 0.3, 0.2], "texture": "#0"},
				"south": {"uv": [0, 0, 0.6, 0.2], "texture": "#0"},
				"west": {"uv": [0, 0, 0.3, 0.2], "texture": "#0"},
				"up": {"uv": [0, 0, 0.6, 0.3], "texture": "#0"},
				"down": {"uv": [0, 0, 0.6, 0.3], "texture": "#0"}
			}
		},
		{
			"from": [7.6998, 5.50168, 7.60572],
			"to": [8.2998, 5.70168, 7.90572],
			"faces": {
				"north": {"uv": [0, 0, 0.6, 0.2], "texture": "#0"},
				"east": {"uv": [0, 0, 0.3, 0.2], "texture": "#0"},
				"south": {"uv": [0, 0, 0.6, 0.2], "texture": "#0"},
				"west": {"uv": [0, 0, 0.3, 0.2], "texture": "#0"},
				"up": {"uv": [0, 0, 0.6, 0.3], "texture": "#0"},
				"down": {"uv": [0, 0, 0.6, 0.3], "texture": "#0"}
			}
		},
		{
			"from": [7.6998, 5.50168, 8.20572],
			"to": [8.2998, 5.70168, 8.50572],
			"faces": {
				"north": {"uv": [0, 0, 0.6, 0.2], "texture": "#0"},
				"east": {"uv": [0, 0, 0.3, 0.2], "texture": "#0"},
				"south": {"uv": [0, 0, 0.6, 0.2], "texture": "#0"},
				"west": {"uv": [0, 0, 0.3, 0.2], "texture": "#0"},
				"up": {"uv": [0, 0, 0.6, 0.3], "texture": "#0"},
				"down": {"uv": [0, 0, 0.6, 0.3], "texture": "#0"}
			}
		},
		{
			"from": [7.6998, 5.50168, 8.80572],
			"to": [8.2998, 5.70168, 9.10572],
			"faces": {
				"north": {"uv": [0, 0, 0.6, 0.2], "texture": "#0"},
				"east": {"uv": [0, 0, 0.3, 0.2], "texture": "#0"},
				"south": {"uv": [0, 0, 0.6, 0.2], "texture": "#0"},
				"west": {"uv": [0, 0, 0.3, 0.2], "texture": "#0"},
				"up": {"uv": [0, 0, 0.6, 0.3], "texture": "#0"},
				"down": {"uv": [0, 0, 0.6, 0.3], "texture": "#0"}
			}
		},
		{
			"from": [7.6998, 5.50168, 9.40572],
			"to": [8.2998, 5.70168, 9.70572],
			"faces": {
				"north": {"uv": [0, 0, 0.6, 0.2], "texture": "#0"},
				"east": {"uv": [0, 0, 0.3, 0.2], "texture": "#0"},
				"south": {"uv": [0, 0, 0.6, 0.2], "texture": "#0"},
				"west": {"uv": [0, 0, 0.3, 0.2], "texture": "#0"},
				"up": {"uv": [0, 0, 0.6, 0.3], "texture": "#0"},
				"down": {"uv": [0, 0, 0.6, 0.3], "texture": "#0"}
			}
		},
		{
			"from": [7.6998, 5.50168, 10.00572],
			"to": [8.2998, 5.70168, 10.30572],
			"faces": {
				"north": {"uv": [0, 0, 0.6, 0.2], "texture": "#0"},
				"east": {"uv": [0, 0, 0.3, 0.2], "texture": "#0"},
				"south": {"uv": [0, 0, 0.6, 0.2], "texture": "#0"},
				"west": {"uv": [0, 0, 0.3, 0.2], "texture": "#0"},
				"up": {"uv": [0, 0, 0.6, 0.3], "texture": "#0"},
				"down": {"uv": [0, 0, 0.6, 0.3], "texture": "#0"}
			}
		},
		{
			"from": [7.6998, 5.50168, 10.60572],
			"to": [8.2998, 5.70168, 10.90572],
			"faces": {
				"north": {"uv": [0, 0, 0.6, 0.2], "texture": "#0"},
				"east": {"uv": [0, 0, 0.3, 0.2], "texture": "#0"},
				"south": {"uv": [0, 0, 0.6, 0.2], "texture": "#0"},
				"west": {"uv": [0, 0, 0.3, 0.2], "texture": "#0"},
				"up": {"uv": [0, 0, 0.6, 0.3], "texture": "#0"},
				"down": {"uv": [0, 0, 0.6, 0.3], "texture": "#0"}
			}
		},
		{
			"from": [7.6998, 5.50168, 11.20572],
			"to": [8.2998, 5.70168, 11.50572],
			"faces": {
				"north": {"uv": [0, 0, 0.6, 0.2], "texture": "#0"},
				"east": {"uv": [0, 0, 0.3, 0.2], "texture": "#0"},
				"south": {"uv": [0, 0, 0.6, 0.2], "texture": "#0"},
				"west": {"uv": [0, 0, 0.3, 0.2], "texture": "#0"},
				"up": {"uv": [0, 0, 0.6, 0.3], "texture": "#0"},
				"down": {"uv": [0, 0, 0.6, 0.3], "texture": "#0"}
			}
		},
		{
			"from": [7.6998, 5.50168, 11.80572],
			"to": [8.2998, 5.70168, 12.10572],
			"faces": {
				"north": {"uv": [0, 0, 0.6, 0.2], "texture": "#0"},
				"east": {"uv": [0, 0, 0.3, 0.2], "texture": "#0"},
				"south": {"uv": [0, 0, 0.6, 0.2], "texture": "#0"},
				"west": {"uv": [0, 0, 0.3, 0.2], "texture": "#0"},
				"up": {"uv": [0, 0, 0.6, 0.3], "texture": "#0"},
				"down": {"uv": [0, 0, 0.6, 0.3], "texture": "#0"}
			}
		},
		{
			"from": [7.6998, 5.50168, 12.30572],
			"to": [8.2998, 5.70168, 12.60572],
			"faces": {
				"north": {"uv": [0, 0, 0.6, 0.2], "texture": "#0"},
				"east": {"uv": [0, 0, 0.3, 0.2], "texture": "#0"},
				"south": {"uv": [0, 0, 0.6, 0.2], "texture": "#0"},
				"west": {"uv": [0, 0, 0.3, 0.2], "texture": "#0"},
				"up": {"uv": [0, 0, 0.6, 0.3], "texture": "#0"},
				"down": {"uv": [0, 0, 0.6, 0.3], "texture": "#0"}
			}
		},
		{
			"from": [7.04129, 3.1667, 3.40872],
			"to": [7.24129, 3.7667, 3.70872],
			"faces": {
				"north": {"uv": [0, 0, 0.6, 0.2], "rotation": 90, "texture": "#1"},
				"east": {"uv": [0, 0, 0.6, 0.3], "rotation": 270, "texture": "#1"},
				"south": {"uv": [0, 0, 0.6, 0.2], "rotation": 270, "texture": "#1"},
				"west": {"uv": [0, 0, 0.6, 0.3], "rotation": 90, "texture": "#1"},
				"up": {"uv": [0, 0, 0.3, 0.2], "rotation": 270, "texture": "#1"},
				"down": {"uv": [0, 0, 0.3, 0.2], "rotation": 270, "texture": "#1"}
			}
		},
		{
			"from": [7.04129, 3.1667, 2.80872],
			"to": [7.24129, 3.7667, 3.10872],
			"faces": {
				"north": {"uv": [0, 0, 0.6, 0.2], "rotation": 90, "texture": "#1"},
				"east": {"uv": [0, 0, 0.6, 0.3], "rotation": 270, "texture": "#1"},
				"south": {"uv": [0, 0, 0.6, 0.2], "rotation": 270, "texture": "#1"},
				"west": {"uv": [0, 0, 0.6, 0.3], "rotation": 90, "texture": "#1"},
				"up": {"uv": [0, 0, 0.3, 0.2], "rotation": 270, "texture": "#1"},
				"down": {"uv": [0, 0, 0.3, 0.2], "rotation": 270, "texture": "#1"}
			}
		},
		{
			"from": [7.04339, 3.16879, 1.60873],
			"to": [7.24339, 3.76879, 1.90873],
			"faces": {
				"north": {"uv": [0, 0, 0.6, 0.2], "rotation": 90, "texture": "#1"},
				"east": {"uv": [0, 0, 0.6, 0.3], "rotation": 270, "texture": "#1"},
				"south": {"uv": [0, 0, 0.6, 0.2], "rotation": 270, "texture": "#1"},
				"west": {"uv": [0, 0, 0.6, 0.3], "rotation": 90, "texture": "#1"},
				"up": {"uv": [0, 0, 0.3, 0.2], "rotation": 270, "texture": "#1"},
				"down": {"uv": [0, 0, 0.3, 0.2], "rotation": 270, "texture": "#1"}
			}
		},
		{
			"from": [7.04339, 3.16879, 2.20873],
			"to": [7.24339, 3.76879, 2.50873],
			"faces": {
				"north": {"uv": [0, 0, 0.6, 0.2], "rotation": 90, "texture": "#1"},
				"east": {"uv": [0, 0, 0.6, 0.3], "rotation": 270, "texture": "#1"},
				"south": {"uv": [0, 0, 0.6, 0.2], "rotation": 270, "texture": "#1"},
				"west": {"uv": [0, 0, 0.6, 0.3], "rotation": 90, "texture": "#1"},
				"up": {"uv": [0, 0, 0.3, 0.2], "rotation": 270, "texture": "#1"},
				"down": {"uv": [0, 0, 0.3, 0.2], "rotation": 270, "texture": "#1"}
			}
		},
		{
			"from": [7.04549, 3.17088, 1.00873],
			"to": [7.24549, 3.77088, 1.30873],
			"faces": {
				"north": {"uv": [0, 0, 0.6, 0.2], "rotation": 90, "texture": "#1"},
				"east": {"uv": [0, 0, 0.6, 0.3], "rotation": 270, "texture": "#1"},
				"south": {"uv": [0, 0, 0.6, 0.2], "rotation": 270, "texture": "#1"},
				"west": {"uv": [0, 0, 0.6, 0.3], "rotation": 90, "texture": "#1"},
				"up": {"uv": [0, 0, 0.3, 0.2], "rotation": 270, "texture": "#1"},
				"down": {"uv": [0, 0, 0.3, 0.2], "rotation": 270, "texture": "#1"}
			}
		},
		{
			"from": [7.19549, 3.27088, 0.40873],
			"to": [7.69549, 3.67088, 4.00873],
			"faces": {
				"north": {"uv": [0, 0, 0.4, 0.5], "rotation": 90, "texture": "#1"},
				"east": {"uv": [0, 0, 0.4, 3.6], "rotation": 270, "texture": "#1"},
				"south": {"uv": [0, 0, 0.4, 0.5], "rotation": 270, "texture": "#1"},
				"west": {"uv": [0, 0, 0.4, 3.6], "rotation": 90, "texture": "#1"},
				"up": {"uv": [0, 0, 3.6, 0.5], "rotation": 270, "texture": "#1"},
				"down": {"uv": [0, 0, 3.6, 0.5], "rotation": 270, "texture": "#1"}
			}
		},
		{
			"from": [7.04549, 3.17088, 0.40873],
			"to": [7.24549, 3.77088, 0.70873],
			"faces": {
				"north": {"uv": [0, 0, 0.6, 0.2], "rotation": 90, "texture": "#1"},
				"east": {"uv": [0, 0, 0.6, 0.3], "rotation": 270, "texture": "#1"},
				"south": {"uv": [0, 0, 0.6, 0.2], "rotation": 270, "texture": "#1"},
				"west": {"uv": [0, 0, 0.6, 0.3], "rotation": 90, "texture": "#1"},
				"up": {"uv": [0, 0, 0.3, 0.2], "rotation": 270, "texture": "#1"},
				"down": {"uv": [0, 0, 0.3, 0.2], "rotation": 270, "texture": "#1"}
			}
		},
		{
			"from": [8.75451, 3.17088, 0.40873],
			"to": [8.95451, 3.77088, 0.70873],
			"faces": {
				"north": {"uv": [0, 0.2, 0.6, 0], "rotation": 90, "texture": "#1"},
				"east": {"uv": [0, 0.3, 0.6, 0], "rotation": 90, "texture": "#1"},
				"south": {"uv": [0, 0.2, 0.6, 0], "rotation": 270, "texture": "#1"},
				"west": {"uv": [0, 0.3, 0.6, 0], "rotation": 270, "texture": "#1"},
				"up": {"uv": [0, 0.2, 0.3, 0], "rotation": 270, "texture": "#1"},
				"down": {"uv": [0, 0.2, 0.3, 0], "rotation": 270, "texture": "#1"}
			}
		},
		{
			"from": [8.75451, 3.17088, 1.00873],
			"to": [8.95451, 3.77088, 1.30873],
			"faces": {
				"north": {"uv": [0, 0.2, 0.6, 0], "rotation": 90, "texture": "#1"},
				"east": {"uv": [0, 0.3, 0.6, 0], "rotation": 90, "texture": "#1"},
				"south": {"uv": [0, 0.2, 0.6, 0], "rotation": 270, "texture": "#1"},
				"west": {"uv": [0, 0.3, 0.6, 0], "rotation": 270, "texture": "#1"},
				"up": {"uv": [0, 0.2, 0.3, 0], "rotation": 270, "texture": "#1"},
				"down": {"uv": [0, 0.2, 0.3, 0], "rotation": 270, "texture": "#1"}
			}
		},
		{
			"from": [8.75661, 3.16879, 1.60873],
			"to": [8.95661, 3.76879, 1.90873],
			"faces": {
				"north": {"uv": [0, 0.2, 0.6, 0], "rotation": 90, "texture": "#1"},
				"east": {"uv": [0, 0.3, 0.6, 0], "rotation": 90, "texture": "#1"},
				"south": {"uv": [0, 0.2, 0.6, 0], "rotation": 270, "texture": "#1"},
				"west": {"uv": [0, 0.3, 0.6, 0], "rotation": 270, "texture": "#1"},
				"up": {"uv": [0, 0.2, 0.3, 0], "rotation": 270, "texture": "#1"},
				"down": {"uv": [0, 0.2, 0.3, 0], "rotation": 270, "texture": "#1"}
			}
		},
		{
			"from": [8.75661, 3.16879, 2.20873],
			"to": [8.95661, 3.76879, 2.50873],
			"faces": {
				"north": {"uv": [0, 0.2, 0.6, 0], "rotation": 90, "texture": "#1"},
				"east": {"uv": [0, 0.3, 0.6, 0], "rotation": 90, "texture": "#1"},
				"south": {"uv": [0, 0.2, 0.6, 0], "rotation": 270, "texture": "#1"},
				"west": {"uv": [0, 0.3, 0.6, 0], "rotation": 270, "texture": "#1"},
				"up": {"uv": [0, 0.2, 0.3, 0], "rotation": 270, "texture": "#1"},
				"down": {"uv": [0, 0.2, 0.3, 0], "rotation": 270, "texture": "#1"}
			}
		},
		{
			"from": [8.75871, 3.1667, 2.80872],
			"to": [8.95871, 3.7667, 3.10872],
			"faces": {
				"north": {"uv": [0, 0.2, 0.6, 0], "rotation": 90, "texture": "#1"},
				"east": {"uv": [0, 0.3, 0.6, 0], "rotation": 90, "texture": "#1"},
				"south": {"uv": [0, 0.2, 0.6, 0], "rotation": 270, "texture": "#1"},
				"west": {"uv": [0, 0.3, 0.6, 0], "rotation": 270, "texture": "#1"},
				"up": {"uv": [0, 0.2, 0.3, 0], "rotation": 270, "texture": "#1"},
				"down": {"uv": [0, 0.2, 0.3, 0], "rotation": 270, "texture": "#1"}
			}
		},
		{
			"from": [8.75871, 3.1667, 3.40872],
			"to": [8.95871, 3.7667, 3.70872],
			"faces": {
				"north": {"uv": [0, 0.2, 0.6, 0], "rotation": 90, "texture": "#1"},
				"east": {"uv": [0, 0.3, 0.6, 0], "rotation": 90, "texture": "#1"},
				"south": {"uv": [0, 0.2, 0.6, 0], "rotation": 270, "texture": "#1"},
				"west": {"uv": [0, 0.3, 0.6, 0], "rotation": 270, "texture": "#1"},
				"up": {"uv": [0, 0.2, 0.3, 0], "rotation": 270, "texture": "#1"},
				"down": {"uv": [0, 0.2, 0.3, 0], "rotation": 270, "texture": "#1"}
			}
		},
		{
			"from": [8.30451, 3.27088, 0.40873],
			"to": [8.80451, 3.67088, 4.00873],
			"faces": {
				"north": {"uv": [0, 0.5, 0.4, 0], "rotation": 90, "texture": "#1"},
				"east": {"uv": [0, 3.6, 0.4, 0], "rotation": 90, "texture": "#1"},
				"south": {"uv": [0, 0.5, 0.4, 0], "rotation": 270, "texture": "#1"},
				"west": {"uv": [0, 3.6, 0.4, 0], "rotation": 270, "texture": "#1"},
				"up": {"uv": [0, 0.5, 3.6, 0], "rotation": 270, "texture": "#1"},
				"down": {"uv": [0, 0.5, 3.6, 0], "rotation": 270, "texture": "#1"}
			}
		},
		{
			"from": [7.4498, 3.05168, 0.30572],
			"to": [8.5498, 5.25168, 0.90572],
			"faces": {
				"north": {"uv": [0, 0, 1.1, 2.2], "texture": "#0"},
				"east": {"uv": [0, 0, 0.6, 2.2], "texture": "#0"},
				"south": {"uv": [0, 0, 1.1, 2.2], "texture": "#0"},
				"west": {"uv": [0, 0, 0.6, 2.2], "texture": "#0"},
				"up": {"uv": [0, 0, 1.1, 0.6], "texture": "#0"},
				"down": {"uv": [0, 0, 1.1, 0.6], "texture": "#0"}
			}
		},
		{
			"from": [7.5498, 4.35168, 12.70572],
			"to": [8.4498, 5.65168, 13.70572],
			"faces": {
				"north": {"uv": [0, 0, 0.9, 1.3], "texture": "#0"},
				"east": {"uv": [0, 0, 1, 1.3], "texture": "#0"},
				"south": {"uv": [0, 0, 0.9, 1.3], "texture": "#0"},
				"west": {"uv": [0, 0, 1, 1.3], "texture": "#0"},
				"up": {"uv": [0, 0, 0.9, 1], "texture": "#0"},
				"down": {"uv": [0, 0, 0.9, 1], "texture": "#0"}
			}
		},
		{
			"from": [7.56123, 4.3385, 12.70745],
			"to": [8.46123, 5.3385, 16.90745],
			"faces": {
				"north": {"uv": [0, 0, 0.9, 1], "texture": "#0"},
				"east": {"uv": [0, 0, 4.3, 1], "texture": "#0"},
				"south": {"uv": [0, 0, 0.9, 1], "texture": "#0"},
				"west": {"uv": [0, 0, 4.3, 1], "texture": "#0"},
				"up": {"uv": [0, 0, 0.9, 4.3], "texture": "#0"},
				"down": {"uv": [0, 0, 0.9, 4.3], "texture": "#0"}
			}
		},
		{
			"from": [7.54909, 6.96022, 13.40891],
			"to": [8.44909, 7.76022, 14.30891],
			"rotation": {"angle": 22.5, "axis": "x", "origin": [7.99909, 5.96022, 8.25891]},
			"faces": {
				"north": {"uv": [0, 0, 0.9, 0.8], "texture": "#0"},
				"east": {"uv": [0, 0, 0.9, 0.8], "texture": "#0"},
				"south": {"uv": [0, 0, 0.9, 0.8], "texture": "#0"},
				"west": {"uv": [0, 0, 0.9, 0.8], "texture": "#0"},
				"up": {"uv": [0, 0, 0.9, 0.9], "texture": "#0"},
				"down": {"uv": [0, 0, 0.9, 0.9], "texture": "#0"}
			}
		},
		{
			"from": [7.56036, 0.43072, 16.96395],
			"to": [8.46036, 5.23072, 17.96395],
			"rotation": {"angle": -22.5, "axis": "x", "origin": [8.01036, 2.93072, 17.46395]},
			"faces": {
				"north": {"uv": [0, 0, 0.9, 4.9], "rotation": 180, "texture": "#0"},
				"east": {"uv": [0, 0, 4.9, 1], "rotation": 270, "texture": "#0"},
				"south": {"uv": [0, 0, 0.9, 4.9], "texture": "#0"},
				"west": {"uv": [0, 0, 4.9, 1], "rotation": 90, "texture": "#0"},
				"up": {"uv": [0, 0, 0.9, 1], "rotation": 180, "texture": "#0"},
				"down": {"uv": [0, 0, 0.9, 1], "texture": "#0"}
			}
		},
		{
			"from": [7.46036, 0.33072, 17.96395],
			"to": [8.56036, 1.03072, 20.06395],
			"faces": {
				"north": {"uv": [0, 0, 1.1, 0.7], "rotation": 180, "texture": "#0"},
				"east": {"uv": [0, 0, 2.1, 0.7], "rotation": 180, "texture": "#0"},
				"south": {"uv": [0, 0, 1.1, 0.7], "rotation": 180, "texture": "#0"},
				"west": {"uv": [0, 0, 2.1, 0.7], "rotation": 180, "texture": "#0"},
				"up": {"uv": [0, 0, 1.1, 2.1], "texture": "#0"},
				"down": {"uv": [0, 0, 1.1, 2.1], "texture": "#0"}
			}
		},
		{
			"from": [7.46036, 3.03072, 16.86395],
			"to": [8.56036, 3.73072, 20.06395],
			"faces": {
				"north": {"uv": [0, 0, 1.1, 0.7], "rotation": 180, "texture": "#0"},
				"east": {"uv": [0, 0, 3.2, 0.7], "rotation": 180, "texture": "#0"},
				"south": {"uv": [0, 0, 1.1, 0.7], "rotation": 180, "texture": "#0"},
				"west": {"uv": [0, 0, 3.2, 0.7], "rotation": 180, "texture": "#0"},
				"up": {"uv": [0, 0, 1.1, 3.2], "texture": "#0"},
				"down": {"uv": [0, 0, 1.1, 3.2], "texture": "#0"}
			}
		},
		{
			"from": [7.36036, -0.06928, 19.46395],
			"to": [8.66036, 3.83072, 20.06395],
			"faces": {
				"north": {"uv": [0, 0, 1.3, 3.9], "rotation": 180, "texture": "#0"},
				"east": {"uv": [0, 0, 0.6, 3.9], "rotation": 180, "texture": "#0"},
				"south": {"uv": [0, 0, 1.3, 3.9], "rotation": 180, "texture": "#0"},
				"west": {"uv": [0, 0, 0.6, 3.9], "rotation": 180, "texture": "#0"},
				"up": {"uv": [0, 0, 1.3, 0.6], "texture": "#0"},
				"down": {"uv": [0, 0, 1.3, 0.6], "texture": "#0"}
			}
		},
		{
			"from": [7.46036, 3.03072, 16.86395],
			"to": [8.56036, 3.73072, 20.06395],
			"faces": {
				"north": {"uv": [0, 0, 1.1, 0.7], "rotation": 180, "texture": "#0"},
				"east": {"uv": [0, 0, 3.2, 0.7], "rotation": 180, "texture": "#0"},
				"south": {"uv": [0, 0, 1.1, 0.7], "rotation": 180, "texture": "#0"},
				"west": {"uv": [0, 0, 3.2, 0.7], "rotation": 180, "texture": "#0"},
				"up": {"uv": [0, 0, 1.1, 3.2], "texture": "#0"},
				"down": {"uv": [0, 0, 1.1, 3.2], "texture": "#0"}
			}
		},
		{
			"from": [7.66036, -0.36928, 19.46395],
			"to": [8.36036, 4.13072, 20.06395],
			"faces": {
				"north": {"uv": [0, 0, 0.7, 4.5], "rotation": 180, "texture": "#0"},
				"east": {"uv": [0, 0, 0.6, 4.5], "rotation": 180, "texture": "#0"},
				"south": {"uv": [0, 0, 0.7, 4.5], "rotation": 180, "texture": "#0"},
				"west": {"uv": [0, 0, 0.6, 4.5], "rotation": 180, "texture": "#0"},
				"up": {"uv": [0, 0, 0.7, 0.6], "texture": "#0"},
				"down": {"uv": [0, 0, 0.7, 0.6], "texture": "#0"}
			}
		},
		{
			"from": [7.36036, -0.06928, 20.06395],
			"to": [8.66036, 3.83072, 20.66395],
			"faces": {
				"north": {"uv": [0, 0, 1.3, 3.9], "rotation": 180, "texture": "#1"},
				"east": {"uv": [0, 0, 0.6, 3.9], "rotation": 180, "texture": "#1"},
				"south": {"uv": [0, 0, 1.3, 3.9], "rotation": 180, "texture": "#1"},
				"west": {"uv": [0, 0, 0.6, 3.9], "rotation": 180, "texture": "#1"},
				"up": {"uv": [0, 0, 1.3, 0.6], "texture": "#1"},
				"down": {"uv": [0, 0, 1.3, 0.6], "texture": "#1"}
			}
		},
		{
			"from": [7.66036, -0.36928, 20.06395],
			"to": [8.36036, 4.13072, 20.66395],
			"faces": {
				"north": {"uv": [0, 0, 0.7, 4.5], "rotation": 180, "texture": "#1"},
				"east": {"uv": [0, 0, 0.6, 4.5], "rotation": 180, "texture": "#1"},
				"south": {"uv": [0, 0, 0.7, 4.5], "rotation": 180, "texture": "#1"},
				"west": {"uv": [0, 0, 0.6, 4.5], "rotation": 180, "texture": "#1"},
				"up": {"uv": [0, 0, 0.7, 0.6], "texture": "#1"},
				"down": {"uv": [0, 0, 0.7, 0.6], "texture": "#1"}
			}
		},
		{
			"from": [7.46123, 4.8385, 14.70745],
			"to": [8.56123, 5.4385, 16.90745],
			"faces": {
				"north": {"uv": [0, 0, 1.1, 0.6], "texture": "#1"},
				"east": {"uv": [0, 0, 2.2, 0.6], "texture": "#1"},
				"south": {"uv": [0, 0, 1.1, 0.6], "texture": "#1"},
				"west": {"uv": [0, 0, 2.2, 0.6], "texture": "#1"},
				"up": {"uv": [0, 0, 1.1, 2.2], "texture": "#1"},
				"down": {"uv": [0, 0, 1.1, 2.2], "texture": "#1"}
			}
		},
		{
			"from": [7.46122, 5.01423, 16.4832],
			"to": [8.56122, 5.61423, 17.5832],
			"rotation": {"angle": 45, "axis": "x", "origin": [8.01122, 5.01423, 16.4832]},
			"faces": {
				"north": {"uv": [0, 0, 1.1, 0.6], "texture": "#1"},
				"east": {"uv": [0, 0, 1.1, 0.6], "texture": "#1"},
				"south": {"uv": [0, 0, 1.1, 0.6], "texture": "#1"},
				"west": {"uv": [0, 0, 1.1, 0.6], "texture": "#1"},
				"up": {"uv": [0, 0, 1.1, 1.1], "texture": "#1"},
				"down": {"uv": [0, 0, 1.1, 1.1], "texture": "#1"}
			}
		},
		{
			"name": "hexadecagon",
			"from": [7.95027, 3.55, -1],
			"to": [8.04973, 3.6, 0.9],
			"rotation": {"angle": -45, "axis": "z", "origin": [8, 3.8, 0.4]},
			"faces": {
				"north": {"uv": [0, 0, 1, 1], "texture": "#0"},
				"east": {"uv": [0, 0, 1, 1], "texture": "#0"},
				"south": {"uv": [0, 0, 1, 1], "texture": "#0"},
				"west": {"uv": [0, 0, 1, 1], "texture": "#0"},
				"up": {"uv": [0, 0, 1, 1], "texture": "#0"},
				"down": {"uv": [0, 0, 1, 1], "texture": "#0"}
			}
		},
		{
			"name": "hexadecagon",
			"from": [7.95027, 3.55, -1],
			"to": [8.04973, 3.6, 0.9],
			"rotation": {"angle": -22.5, "axis": "z", "origin": [8, 3.8, 0.4]},
			"faces": {
				"north": {"uv": [0, 0, 1, 1], "texture": "#0"},
				"east": {"uv": [0, 0, 1, 1], "texture": "#0"},
				"south": {"uv": [0, 0, 1, 1], "texture": "#0"},
				"west": {"uv": [0, 0, 1, 1], "texture": "#0"},
				"up": {"uv": [0, 0, 1, 1], "texture": "#0"},
				"down": {"uv": [0, 0, 1, 1], "texture": "#0"}
			}
		},
		{
			"name": "hexadecagon",
			"from": [7.95027, 3.55, -1],
			"to": [8.04973, 3.6, 0.9],
			"faces": {
				"north": {"uv": [0, 0, 1, 1], "texture": "#0"},
				"east": {"uv": [0, 0, 1, 1], "texture": "#0"},
				"south": {"uv": [0, 0, 1, 1], "texture": "#0"},
				"west": {"uv": [0, 0, 1, 1], "texture": "#0"},
				"up": {"uv": [0, 0, 1, 1], "texture": "#0"},
				"down": {"uv": [0, 0, 1, 1], "texture": "#0"}
			}
		},
		{
			"name": "hexadecagon",
			"from": [7.95027, 3.55, -1],
			"to": [8.04973, 3.6, 0.9],
			"rotation": {"angle": 22.5, "axis": "z", "origin": [8, 3.8, 0.4]},
			"faces": {
				"north": {"uv": [0, 0, 1, 1], "texture": "#0"},
				"east": {"uv": [0, 0, 1, 1], "texture": "#0"},
				"south": {"uv": [0, 0, 1, 1], "texture": "#0"},
				"west": {"uv": [0, 0, 1, 1], "texture": "#0"},
				"up": {"uv": [0, 0, 1, 1], "texture": "#0"},
				"down": {"uv": [0, 0, 1, 1], "texture": "#0"}
			}
		},
		{
			"name": "hexadecagon",
			"from": [7.95027, 3.55, -1],
			"to": [8.04973, 3.6, 0.9],
			"rotation": {"angle": 45, "axis": "z", "origin": [8, 3.8, 0.4]},
			"faces": {
				"north": {"uv": [0, 0, 1, 1], "texture": "#0"},
				"east": {"uv": [0, 0, 1, 1], "texture": "#0"},
				"south": {"uv": [0, 0, 1, 1], "texture": "#0"},
				"west": {"uv": [0, 0, 1, 1], "texture": "#0"},
				"up": {"uv": [0, 0, 1, 1], "texture": "#0"},
				"down": {"uv": [0, 0, 1, 1], "texture": "#0"}
			}
		},
		{
			"name": "hexadecagon",
			"from": [7.95027, 4, -1],
			"to": [8.04973, 4.05, 0.9],
			"rotation": {"angle": -45, "axis": "z", "origin": [8, 3.8, 0.4]},
			"faces": {
				"north": {"uv": [0, 0, 1, 1], "texture": "#0"},
				"east": {"uv": [0, 0, 1, 1], "texture": "#0"},
				"south": {"uv": [0, 0, 1, 1], "texture": "#0"},
				"west": {"uv": [0, 0, 1, 1], "texture": "#0"},
				"up": {"uv": [0, 0, 1, 1], "texture": "#0"},
				"down": {"uv": [0, 0, 1, 1], "texture": "#0"}
			}
		},
		{
			"name": "hexadecagon",
			"from": [7.95027, 4, -1],
			"to": [8.04973, 4.05, 0.9],
			"rotation": {"angle": -22.5, "axis": "z", "origin": [8, 3.8, 0.4]},
			"faces": {
				"north": {"uv": [0, 0, 1, 1], "texture": "#0"},
				"east": {"uv": [0, 0, 1, 1], "texture": "#0"},
				"south": {"uv": [0, 0, 1, 1], "texture": "#0"},
				"west": {"uv": [0, 0, 1, 1], "texture": "#0"},
				"up": {"uv": [0, 0, 1, 1], "texture": "#0"},
				"down": {"uv": [0, 0, 1, 1], "texture": "#0"}
			}
		},
		{
			"name": "hexadecagon",
			"from": [7.95027, 4, -1],
			"to": [8.04973, 4.05, 0.9],
			"faces": {
				"north": {"uv": [0, 0, 1, 1], "texture": "#0"},
				"east": {"uv": [0, 0, 1, 1], "texture": "#0"},
				"south": {"uv": [0, 0, 1, 1], "texture": "#0"},
				"west": {"uv": [0, 0, 1, 1], "texture": "#0"},
				"up": {"uv": [0, 0, 1, 1], "texture": "#0"},
				"down": {"uv": [0, 0, 1, 1], "texture": "#0"}
			}
		},
		{
			"name": "hexadecagon",
			"from": [7.95027, 4, -1],
			"to": [8.04973, 4.05, 0.9],
			"rotation": {"angle": 22.5, "axis": "z", "origin": [8, 3.8, 0.4]},
			"faces": {
				"north": {"uv": [0, 0, 1, 1], "texture": "#0"},
				"east": {"uv": [0, 0, 1, 1], "texture": "#0"},
				"south": {"uv": [0, 0, 1, 1], "texture": "#0"},
				"west": {"uv": [0, 0, 1, 1], "texture": "#0"},
				"up": {"uv": [0, 0, 1, 1], "texture": "#0"},
				"down": {"uv": [0, 0, 1, 1], "texture": "#0"}
			}
		},
		{
			"name": "hexadecagon",
			"from": [7.95027, 4, -1],
			"to": [8.04973, 4.05, 0.9],
			"rotation": {"angle": 45, "axis": "z", "origin": [8, 3.8, 0.4]},
			"faces": {
				"north": {"uv": [0, 0, 1, 1], "texture": "#0"},
				"east": {"uv": [0, 0, 1, 1], "texture": "#0"},
				"south": {"uv": [0, 0, 1, 1], "texture": "#0"},
				"west": {"uv": [0, 0, 1, 1], "texture": "#0"},
				"up": {"uv": [0, 0, 1, 1], "texture": "#0"},
				"down": {"uv": [0, 0, 1, 1], "texture": "#0"}
			}
		},
		{
			"name": "hexadecagon",
			"from": [7.75, 3.75027, -1],
			"to": [7.8, 3.84973, 0.9],
			"rotation": {"angle": -22.5, "axis": "z", "origin": [8, 3.8, 0.4]},
			"faces": {
				"north": {"uv": [0, 0, 1, 1], "texture": "#0"},
				"east": {"uv": [0, 0, 1, 1], "texture": "#0"},
				"south": {"uv": [0, 0, 1, 1], "texture": "#0"},
				"west": {"uv": [0, 0, 1, 1], "texture": "#0"},
				"up": {"uv": [0, 0, 1, 1], "texture": "#0"},
				"down": {"uv": [0, 0, 1, 1], "texture": "#0"}
			}
		},
		{
			"name": "hexadecagon",
			"from": [7.75, 3.75027, -1],
			"to": [7.8, 3.84973, 0.9],
			"faces": {
				"north": {"uv": [0, 0, 1, 1], "texture": "#0"},
				"east": {"uv": [0, 0, 1, 1], "texture": "#0"},
				"south": {"uv": [0, 0, 1, 1], "texture": "#0"},
				"west": {"uv": [0, 0, 1, 1], "texture": "#0"},
				"up": {"uv": [0, 0, 1, 1], "texture": "#0"},
				"down": {"uv": [0, 0, 1, 1], "texture": "#0"}
			}
		},
		{
			"name": "hexadecagon",
			"from": [7.75, 3.75027, -1],
			"to": [7.8, 3.84973, 0.9],
			"rotation": {"angle": 22.5, "axis": "z", "origin": [8, 3.8, 0.4]},
			"faces": {
				"north": {"uv": [0, 0, 1, 1], "texture": "#0"},
				"east": {"uv": [0, 0, 1, 1], "texture": "#0"},
				"south": {"uv": [0, 0, 1, 1], "texture": "#0"},
				"west": {"uv": [0, 0, 1, 1], "texture": "#0"},
				"up": {"uv": [0, 0, 1, 1], "texture": "#0"},
				"down": {"uv": [0, 0, 1, 1], "texture": "#0"}
			}
		},
		{
			"name": "hexadecagon",
			"from": [8.2, 3.75027, -1],
			"to": [8.25, 3.84973, 0.9],
			"rotation": {"angle": -22.5, "axis": "z", "origin": [8, 3.8, 0.4]},
			"faces": {
				"north": {"uv": [0, 0, 1, 1], "texture": "#0"},
				"east": {"uv": [0, 0, 1, 1], "texture": "#0"},
				"south": {"uv": [0, 0, 1, 1], "texture": "#0"},
				"west": {"uv": [0, 0, 1, 1], "texture": "#0"},
				"up": {"uv": [0, 0, 1, 1], "texture": "#0"},
				"down": {"uv": [0, 0, 1, 1], "texture": "#0"}
			}
		},
		{
			"name": "hexadecagon",
			"from": [8.2, 3.75027, -1],
			"to": [8.25, 3.84973, 0.9],
			"faces": {
				"north": {"uv": [0, 0, 1, 1], "texture": "#0"},
				"east": {"uv": [0, 0, 1, 1], "texture": "#0"},
				"south": {"uv": [0, 0, 1, 1], "texture": "#0"},
				"west": {"uv": [0, 0, 1, 1], "texture": "#0"},
				"up": {"uv": [0, 0, 1, 1], "texture": "#0"},
				"down": {"uv": [0, 0, 1, 1], "texture": "#0"}
			}
		},
		{
			"name": "hexadecagon",
			"from": [8.2, 3.75027, -1],
			"to": [8.25, 3.84973, 0.9],
			"rotation": {"angle": 22.5, "axis": "z", "origin": [8, 3.8, 0.4]},
			"faces": {
				"north": {"uv": [0, 0, 1, 1], "texture": "#0"},
				"east": {"uv": [0, 0, 1, 1], "texture": "#0"},
				"south": {"uv": [0, 0, 1, 1], "texture": "#0"},
				"west": {"uv": [0, 0, 1, 1], "texture": "#0"},
				"up": {"uv": [0, 0, 1, 1], "texture": "#0"},
				"down": {"uv": [0, 0, 1, 1], "texture": "#0"}
			}
		},
		{
			"name": "hexadecagon",
			"from": [8.228, 3.75531, 0.14],
			"to": [8.285, 3.86869, 0.306],
			"rotation": {"angle": 22.5, "axis": "z", "origin": [8, 3.812, -0.264]},
			"faces": {
				"north": {"uv": [0, 0, 1, 1], "texture": "#0"},
				"east": {"uv": [0, 0, 1, 1], "texture": "#0"},
				"south": {"uv": [0, 0, 1, 1], "texture": "#0"},
				"west": {"uv": [0, 0, 1, 1], "texture": "#0"},
				"up": {"uv": [0, 0, 1, 1], "texture": "#0"},
				"down": {"uv": [0, 0, 1, 1], "texture": "#0"}
			}
		},
		{
			"name": "hexadecagon",
			"from": [8.228, 3.75531, 0.14],
			"to": [8.285, 3.86869, 0.306],
			"faces": {
				"north": {"uv": [0, 0, 1, 1], "texture": "#0"},
				"east": {"uv": [0, 0, 1, 1], "texture": "#0"},
				"south": {"uv": [0, 0, 1, 1], "texture": "#0"},
				"west": {"uv": [0, 0, 1, 1], "texture": "#0"},
				"up": {"uv": [0, 0, 1, 1], "texture": "#0"},
				"down": {"uv": [0, 0, 1, 1], "texture": "#0"}
			}
		},
		{
			"name": "hexadecagon",
			"from": [8.228, 3.75531, 0.14],
			"to": [8.285, 3.86869, 0.306],
			"rotation": {"angle": -22.5, "axis": "z", "origin": [8, 3.812, -0.264]},
			"faces": {
				"north": {"uv": [0, 0, 1, 1], "texture": "#0"},
				"east": {"uv": [0, 0, 1, 1], "texture": "#0"},
				"south": {"uv": [0, 0, 1, 1], "texture": "#0"},
				"west": {"uv": [0, 0, 1, 1], "texture": "#0"},
				"up": {"uv": [0, 0, 1, 1], "texture": "#0"},
				"down": {"uv": [0, 0, 1, 1], "texture": "#0"}
			}
		},
		{
			"name": "hexadecagon",
			"from": [7.715, 3.75531, 0.14],
			"to": [7.772, 3.86869, 0.306],
			"rotation": {"angle": 22.5, "axis": "z", "origin": [8, 3.812, -0.264]},
			"faces": {
				"north": {"uv": [0, 0, 1, 1], "texture": "#0"},
				"east": {"uv": [0, 0, 1, 1], "texture": "#0"},
				"south": {"uv": [0, 0, 1, 1], "texture": "#0"},
				"west": {"uv": [0, 0, 1, 1], "texture": "#0"},
				"up": {"uv": [0, 0, 1, 1], "texture": "#0"},
				"down": {"uv": [0, 0, 1, 1], "texture": "#0"}
			}
		},
		{
			"name": "hexadecagon",
			"from": [7.715, 3.75531, 0.14],
			"to": [7.772, 3.86869, 0.306],
			"faces": {
				"north": {"uv": [0, 0, 1, 1], "texture": "#0"},
				"east": {"uv": [0, 0, 1, 1], "texture": "#0"},
				"south": {"uv": [0, 0, 1, 1], "texture": "#0"},
				"west": {"uv": [0, 0, 1, 1], "texture": "#0"},
				"up": {"uv": [0, 0, 1, 1], "texture": "#0"},
				"down": {"uv": [0, 0, 1, 1], "texture": "#0"}
			}
		},
		{
			"name": "hexadecagon",
			"from": [7.715, 3.75531, 0.14],
			"to": [7.772, 3.86869, 0.306],
			"rotation": {"angle": -22.5, "axis": "z", "origin": [8, 3.812, -0.264]},
			"faces": {
				"north": {"uv": [0, 0, 1, 1], "texture": "#0"},
				"east": {"uv": [0, 0, 1, 1], "texture": "#0"},
				"south": {"uv": [0, 0, 1, 1], "texture": "#0"},
				"west": {"uv": [0, 0, 1, 1], "texture": "#0"},
				"up": {"uv": [0, 0, 1, 1], "texture": "#0"},
				"down": {"uv": [0, 0, 1, 1], "texture": "#0"}
			}
		},
		{
			"name": "hexadecagon",
			"from": [7.94331, 4.04, 0.14],
			"to": [8.05669, 4.097, 0.306],
			"rotation": {"angle": 22.5, "axis": "z", "origin": [8, 3.812, -0.264]},
			"faces": {
				"north": {"uv": [0, 0, 1, 1], "texture": "#0"},
				"east": {"uv": [0, 0, 1, 1], "texture": "#0"},
				"south": {"uv": [0, 0, 1, 1], "texture": "#0"},
				"west": {"uv": [0, 0, 1, 1], "texture": "#0"},
				"up": {"uv": [0, 0, 1, 1], "texture": "#0"},
				"down": {"uv": [0, 0, 1, 1], "texture": "#0"}
			}
		},
		{
			"name": "hexadecagon",
			"from": [7.94331, 4.04, 0.14],
			"to": [8.05669, 4.097, 0.306],
			"faces": {
				"north": {"uv": [0, 0, 1, 1], "texture": "#0"},
				"east": {"uv": [0, 0, 1, 1], "texture": "#0"},
				"south": {"uv": [0, 0, 1, 1], "texture": "#0"},
				"west": {"uv": [0, 0, 1, 1], "texture": "#0"},
				"up": {"uv": [0, 0, 1, 1], "texture": "#0"},
				"down": {"uv": [0, 0, 1, 1], "texture": "#0"}
			}
		},
		{
			"name": "hexadecagon",
			"from": [7.94331, 4.04, 0.14],
			"to": [8.05669, 4.097, 0.306],
			"rotation": {"angle": -22.5, "axis": "z", "origin": [8, 3.812, -0.264]},
			"faces": {
				"north": {"uv": [0, 0, 1, 1], "texture": "#0"},
				"east": {"uv": [0, 0, 1, 1], "texture": "#0"},
				"south": {"uv": [0, 0, 1, 1], "texture": "#0"},
				"west": {"uv": [0, 0, 1, 1], "texture": "#0"},
				"up": {"uv": [0, 0, 1, 1], "texture": "#0"},
				"down": {"uv": [0, 0, 1, 1], "texture": "#0"}
			}
		},
		{
			"name": "hexadecagon",
			"from": [7.94331, 4.04, 0.14],
			"to": [8.05669, 4.097, 0.306],
			"rotation": {"angle": -45, "axis": "z", "origin": [8, 3.812, -0.264]},
			"faces": {
				"north": {"uv": [0, 0, 1, 1], "texture": "#0"},
				"east": {"uv": [0, 0, 1, 1], "texture": "#0"},
				"south": {"uv": [0, 0, 1, 1], "texture": "#0"},
				"west": {"uv": [0, 0, 1, 1], "texture": "#0"},
				"up": {"uv": [0, 0, 1, 1], "texture": "#0"},
				"down": {"uv": [0, 0, 1, 1], "texture": "#0"}
			}
		},
		{
			"name": "hexadecagon",
			"from": [7.94331, 3.527, 0.14],
			"to": [8.05669, 3.584, 0.306],
			"rotation": {"angle": 45, "axis": "z", "origin": [8, 3.812, -0.264]},
			"faces": {
				"north": {"uv": [0, 0, 1, 1], "texture": "#0"},
				"east": {"uv": [0, 0, 1, 1], "texture": "#0"},
				"south": {"uv": [0, 0, 1, 1], "texture": "#0"},
				"west": {"uv": [0, 0, 1, 1], "texture": "#0"},
				"up": {"uv": [0, 0, 1, 1], "texture": "#0"},
				"down": {"uv": [0, 0, 1, 1], "texture": "#0"}
			}
		},
		{
			"name": "hexadecagon",
			"from": [7.94331, 3.527, 0.14],
			"to": [8.05669, 3.584, 0.306],
			"rotation": {"angle": 22.5, "axis": "z", "origin": [8, 3.812, -0.264]},
			"faces": {
				"north": {"uv": [0, 0, 1, 1], "texture": "#0"},
				"east": {"uv": [0, 0, 1, 1], "texture": "#0"},
				"south": {"uv": [0, 0, 1, 1], "texture": "#0"},
				"west": {"uv": [0, 0, 1, 1], "texture": "#0"},
				"up": {"uv": [0, 0, 1, 1], "texture": "#0"},
				"down": {"uv": [0, 0, 1, 1], "texture": "#0"}
			}
		},
		{
			"name": "hexadecagon",
			"from": [7.94331, 3.527, 0.14],
			"to": [8.05669, 3.584, 0.306],
			"faces": {
				"north": {"uv": [0, 0, 1, 1], "texture": "#0"},
				"east": {"uv": [0, 0, 1, 1], "texture": "#0"},
				"south": {"uv": [0, 0, 1, 1], "texture": "#0"},
				"west": {"uv": [0, 0, 1, 1], "texture": "#0"},
				"up": {"uv": [0, 0, 1, 1], "texture": "#0"},
				"down": {"uv": [0, 0, 1, 1], "texture": "#0"}
			}
		},
		{
			"name": "hexadecagon",
			"from": [7.94331, 3.527, 0.14],
			"to": [8.05669, 3.584, 0.306],
			"rotation": {"angle": -22.5, "axis": "z", "origin": [8, 3.812, -0.264]},
			"faces": {
				"north": {"uv": [0, 0, 1, 1], "texture": "#0"},
				"east": {"uv": [0, 0, 1, 1], "texture": "#0"},
				"south": {"uv": [0, 0, 1, 1], "texture": "#0"},
				"west": {"uv": [0, 0, 1, 1], "texture": "#0"},
				"up": {"uv": [0, 0, 1, 1], "texture": "#0"},
				"down": {"uv": [0, 0, 1, 1], "texture": "#0"}
			}
		},
		{
			"name": "hexadecagon",
			"from": [7.94331, 3.527, 0.14],
			"to": [8.05669, 3.584, 0.306],
			"rotation": {"angle": -45, "axis": "z", "origin": [8, 3.812, -0.264]},
			"faces": {
				"north": {"uv": [0, 0, 1, 1], "texture": "#0"},
				"east": {"uv": [0, 0, 1, 1], "texture": "#0"},
				"south": {"uv": [0, 0, 1, 1], "texture": "#0"},
				"west": {"uv": [0, 0, 1, 1], "texture": "#0"},
				"up": {"uv": [0, 0, 1, 1], "texture": "#0"},
				"down": {"uv": [0, 0, 1, 1], "texture": "#0"}
			}
		},
		{
			"name": "hexadecagon",
			"from": [7.94331, 4.04, 0.14],
			"to": [8.05669, 4.097, 0.306],
			"rotation": {"angle": 45, "axis": "z", "origin": [8, 3.812, -0.264]},
			"faces": {
				"north": {"uv": [0, 0, 1, 1], "texture": "#0"},
				"east": {"uv": [0, 0, 1, 1], "texture": "#0"},
				"south": {"uv": [0, 0, 1, 1], "texture": "#0"},
				"west": {"uv": [0, 0, 1, 1], "texture": "#0"},
				"up": {"uv": [0, 0, 1, 1], "texture": "#0"},
				"down": {"uv": [0, 0, 1, 1], "texture": "#0"}
			}
		},
		{
			"name": "hexadecagon",
			"from": [8.25536, 3.74595, -1.1032],
			"to": [8.3192, 3.87293, -0.31728],
			"rotation": {"angle": 22.5, "axis": "z", "origin": [8, 3.80944, -0.75568]},
			"faces": {
				"north": {"uv": [0, 0, 1, 1], "texture": "#0"},
				"east": {"uv": [0, 0, 1, 1], "texture": "#0"},
				"south": {"uv": [0, 0, 1, 1], "texture": "#0"},
				"west": {"uv": [0, 0, 1, 1], "texture": "#0"},
				"up": {"uv": [0, 0, 1, 1], "texture": "#0"},
				"down": {"uv": [0, 0, 1, 1], "texture": "#0"}
			}
		},
		{
			"name": "hexadecagon",
			"from": [8.25536, 3.74595, -1.1032],
			"to": [8.3192, 3.87293, -0.31728],
			"faces": {
				"north": {"uv": [0, 0, 1, 1], "texture": "#0"},
				"east": {"uv": [0, 0, 1, 1], "texture": "#0"},
				"south": {"uv": [0, 0, 1, 1], "texture": "#0"},
				"west": {"uv": [0, 0, 1, 1], "texture": "#0"},
				"up": {"uv": [0, 0, 1, 1], "texture": "#0"},
				"down": {"uv": [0, 0, 1, 1], "texture": "#0"}
			}
		},
		{
			"name": "hexadecagon",
			"from": [8.25536, 3.74595, -1.1032],
			"to": [8.3192, 3.87293, -0.31728],
			"rotation": {"angle": -22.5, "axis": "z", "origin": [8, 3.80944, -0.75568]},
			"faces": {
				"north": {"uv": [0, 0, 1, 1], "texture": "#0"},
				"east": {"uv": [0, 0, 1, 1], "texture": "#0"},
				"south": {"uv": [0, 0, 1, 1], "texture": "#0"},
				"west": {"uv": [0, 0, 1, 1], "texture": "#0"},
				"up": {"uv": [0, 0, 1, 1], "texture": "#0"},
				"down": {"uv": [0, 0, 1, 1], "texture": "#0"}
			}
		},
		{
			"name": "hexadecagon",
			"from": [7.6808, 3.74595, -1.1032],
			"to": [7.74464, 3.87293, -0.31728],
			"rotation": {"angle": 22.5, "axis": "z", "origin": [8, 3.80944, -0.75568]},
			"faces": {
				"north": {"uv": [0, 0, 1, 1], "texture": "#0"},
				"east": {"uv": [0, 0, 1, 1], "texture": "#0"},
				"south": {"uv": [0, 0, 1, 1], "texture": "#0"},
				"west": {"uv": [0, 0, 1, 1], "texture": "#0"},
				"up": {"uv": [0, 0, 1, 1], "texture": "#0"},
				"down": {"uv": [0, 0, 1, 1], "texture": "#0"}
			}
		},
		{
			"name": "hexadecagon",
			"from": [7.6808, 3.74595, -1.1032],
			"to": [7.74464, 3.87293, -0.31728],
			"faces": {
				"north": {"uv": [0, 0, 1, 1], "texture": "#0"},
				"east": {"uv": [0, 0, 1, 1], "texture": "#0"},
				"south": {"uv": [0, 0, 1, 1], "texture": "#0"},
				"west": {"uv": [0, 0, 1, 1], "texture": "#0"},
				"up": {"uv": [0, 0, 1, 1], "texture": "#0"},
				"down": {"uv": [0, 0, 1, 1], "texture": "#0"}
			}
		},
		{
			"name": "hexadecagon",
			"from": [7.6808, 3.74595, -1.1032],
			"to": [7.74464, 3.87293, -0.31728],
			"rotation": {"angle": -22.5, "axis": "z", "origin": [8, 3.80944, -0.75568]},
			"faces": {
				"north": {"uv": [0, 0, 1, 1], "texture": "#0"},
				"east": {"uv": [0, 0, 1, 1], "texture": "#0"},
				"south": {"uv": [0, 0, 1, 1], "texture": "#0"},
				"west": {"uv": [0, 0, 1, 1], "texture": "#0"},
				"up": {"uv": [0, 0, 1, 1], "texture": "#0"},
				"down": {"uv": [0, 0, 1, 1], "texture": "#0"}
			}
		},
		{
			"name": "hexadecagon",
			"from": [7.93651, 4.0648, -1.1032],
			"to": [8.06349, 4.12864, -0.31728],
			"rotation": {"angle": 22.5, "axis": "z", "origin": [8, 3.80944, -0.75568]},
			"faces": {
				"north": {"uv": [0, 0, 1, 1], "texture": "#0"},
				"east": {"uv": [0, 0, 1, 1], "texture": "#0"},
				"south": {"uv": [0, 0, 1, 1], "texture": "#0"},
				"west": {"uv": [0, 0, 1, 1], "texture": "#0"},
				"up": {"uv": [0, 0, 1, 1], "texture": "#0"},
				"down": {"uv": [0, 0, 1, 1], "texture": "#0"}
			}
		},
		{
			"name": "hexadecagon",
			"from": [7.93651, 4.0648, -1.1032],
			"to": [8.06349, 4.12864, -0.31728],
			"faces": {
				"north": {"uv": [0, 0, 1, 1], "texture": "#0"},
				"east": {"uv": [0, 0, 1, 1], "texture": "#0"},
				"south": {"uv": [0, 0, 1, 1], "texture": "#0"},
				"west": {"uv": [0, 0, 1, 1], "texture": "#0"},
				"up": {"uv": [0, 0, 1, 1], "texture": "#0"},
				"down": {"uv": [0, 0, 1, 1], "texture": "#0"}
			}
		},
		{
			"name": "hexadecagon",
			"from": [7.93651, 4.0648, -1.1032],
			"to": [8.06349, 4.12864, -0.31728],
			"rotation": {"angle": -22.5, "axis": "z", "origin": [8, 3.80944, -0.75568]},
			"faces": {
				"north": {"uv": [0, 0, 1, 1], "texture": "#0"},
				"east": {"uv": [0, 0, 1, 1], "texture": "#0"},
				"south": {"uv": [0, 0, 1, 1], "texture": "#0"},
				"west": {"uv": [0, 0, 1, 1], "texture": "#0"},
				"up": {"uv": [0, 0, 1, 1], "texture": "#0"},
				"down": {"uv": [0, 0, 1, 1], "texture": "#0"}
			}
		},
		{
			"name": "hexadecagon",
			"from": [7.93651, 4.0648, -1.1032],
			"to": [8.06349, 4.12864, -0.31728],
			"rotation": {"angle": -45, "axis": "z", "origin": [8, 3.80944, -0.75568]},
			"faces": {
				"north": {"uv": [0, 0, 1, 1], "texture": "#0"},
				"east": {"uv": [0, 0, 1, 1], "texture": "#0"},
				"south": {"uv": [0, 0, 1, 1], "texture": "#0"},
				"west": {"uv": [0, 0, 1, 1], "texture": "#0"},
				"up": {"uv": [0, 0, 1, 1], "texture": "#0"},
				"down": {"uv": [0, 0, 1, 1], "texture": "#0"}
			}
		},
		{
			"name": "hexadecagon",
			"from": [7.93651, 3.49024, -1.1032],
			"to": [8.06349, 3.55408, -0.31728],
			"rotation": {"angle": 45, "axis": "z", "origin": [8, 3.80944, -0.75568]},
			"faces": {
				"north": {"uv": [0, 0, 1, 1], "texture": "#0"},
				"east": {"uv": [0, 0, 1, 1], "texture": "#0"},
				"south": {"uv": [0, 0, 1, 1], "texture": "#0"},
				"west": {"uv": [0, 0, 1, 1], "texture": "#0"},
				"up": {"uv": [0, 0, 1, 1], "texture": "#0"},
				"down": {"uv": [0, 0, 1, 1], "texture": "#0"}
			}
		},
		{
			"name": "hexadecagon",
			"from": [7.93651, 3.49024, -1.1032],
			"to": [8.06349, 3.55408, -0.31728],
			"rotation": {"angle": 22.5, "axis": "z", "origin": [8, 3.80944, -0.75568]},
			"faces": {
				"north": {"uv": [0, 0, 1, 1], "texture": "#0"},
				"east": {"uv": [0, 0, 1, 1], "texture": "#0"},
				"south": {"uv": [0, 0, 1, 1], "texture": "#0"},
				"west": {"uv": [0, 0, 1, 1], "texture": "#0"},
				"up": {"uv": [0, 0, 1, 1], "texture": "#0"},
				"down": {"uv": [0, 0, 1, 1], "texture": "#0"}
			}
		},
		{
			"name": "hexadecagon",
			"from": [7.93651, 3.49024, -1.1032],
			"to": [8.06349, 3.55408, -0.31728],
			"faces": {
				"north": {"uv": [0, 0, 1, 1], "texture": "#0"},
				"east": {"uv": [0, 0, 1, 1], "texture": "#0"},
				"south": {"uv": [0, 0, 1, 1], "texture": "#0"},
				"west": {"uv": [0, 0, 1, 1], "texture": "#0"},
				"up": {"uv": [0, 0, 1, 1], "texture": "#0"},
				"down": {"uv": [0, 0, 1, 1], "texture": "#0"}
			}
		},
		{
			"name": "hexadecagon",
			"from": [7.93651, 3.49024, -1.1032],
			"to": [8.06349, 3.55408, -0.31728],
			"rotation": {"angle": -22.5, "axis": "z", "origin": [8, 3.80944, -0.75568]},
			"faces": {
				"north": {"uv": [0, 0, 1, 1], "texture": "#0"},
				"east": {"uv": [0, 0, 1, 1], "texture": "#0"},
				"south": {"uv": [0, 0, 1, 1], "texture": "#0"},
				"west": {"uv": [0, 0, 1, 1], "texture": "#0"},
				"up": {"uv": [0, 0, 1, 1], "texture": "#0"},
				"down": {"uv": [0, 0, 1, 1], "texture": "#0"}
			}
		},
		{
			"name": "hexadecagon",
			"from": [7.93651, 3.49024, -1.1032],
			"to": [8.06349, 3.55408, -0.31728],
			"rotation": {"angle": -45, "axis": "z", "origin": [8, 3.80944, -0.75568]},
			"faces": {
				"north": {"uv": [0, 0, 1, 1], "texture": "#0"},
				"east": {"uv": [0, 0, 1, 1], "texture": "#0"},
				"south": {"uv": [0, 0, 1, 1], "texture": "#0"},
				"west": {"uv": [0, 0, 1, 1], "texture": "#0"},
				"up": {"uv": [0, 0, 1, 1], "texture": "#0"},
				"down": {"uv": [0, 0, 1, 1], "texture": "#0"}
			}
		},
		{
			"name": "hexadecagon",
			"from": [7.93651, 4.0648, -1.1032],
			"to": [8.06349, 4.12864, -0.31728],
			"rotation": {"angle": 45, "axis": "z", "origin": [8, 3.80944, -0.75568]},
			"faces": {
				"north": {"uv": [0, 0, 1, 1], "texture": "#0"},
				"east": {"uv": [0, 0, 1, 1], "texture": "#0"},
				"south": {"uv": [0, 0, 1, 1], "texture": "#0"},
				"west": {"uv": [0, 0, 1, 1], "texture": "#0"},
				"up": {"uv": [0, 0, 1, 1], "texture": "#0"},
				"down": {"uv": [0, 0, 1, 1], "texture": "#0"}
			}
		},
		{
			"name": "hexadecagon",
			"from": [8.2809, 3.72054, -2.11352],
			"to": [8.35112, 3.86023, -0.84901],
			"rotation": {"angle": 22.5, "axis": "z", "origin": [8, 3.79038, -1.33125]},
			"faces": {
				"north": {"uv": [0, 0, 1, 1], "texture": "#0"},
				"east": {"uv": [0, 0, 1, 1], "texture": "#0"},
				"south": {"uv": [0, 0, 1, 1], "texture": "#0"},
				"west": {"uv": [0, 0, 1, 1], "texture": "#0"},
				"up": {"uv": [0, 0, 1, 1], "texture": "#0"},
				"down": {"uv": [0, 0, 1, 1], "texture": "#0"}
			}
		},
		{
			"name": "hexadecagon",
			"from": [8.2809, 3.72054, -1.41352],
			"to": [8.35112, 3.86023, -0.84901],
			"faces": {
				"north": {"uv": [0, 0, 1, 1], "texture": "#0"},
				"east": {"uv": [0, 0, 1, 1], "texture": "#0"},
				"south": {"uv": [0, 0, 1, 1], "texture": "#0"},
				"west": {"uv": [0, 0, 1, 1], "texture": "#0"},
				"up": {"uv": [0, 0, 1, 1], "texture": "#0"},
				"down": {"uv": [0, 0, 1, 1], "texture": "#0"}
			}
		},
		{
			"name": "hexadecagon",
			"from": [8.2809, 3.72054, -2.11352],
			"to": [8.35112, 3.86023, -0.84901],
			"rotation": {"angle": -22.5, "axis": "z", "origin": [8, 3.79038, -1.33125]},
			"faces": {
				"north": {"uv": [0, 0, 1, 1], "texture": "#0"},
				"east": {"uv": [0, 0, 1, 1], "texture": "#0"},
				"south": {"uv": [0, 0, 1, 1], "texture": "#0"},
				"west": {"uv": [0, 0, 1, 1], "texture": "#0"},
				"up": {"uv": [0, 0, 1, 1], "texture": "#0"},
				"down": {"uv": [0, 0, 1, 1], "texture": "#0"}
			}
		},
		{
			"name": "hexadecagon",
			"from": [7.64888, 3.72054, -2.11352],
			"to": [7.7191, 3.86023, -0.84901],
			"rotation": {"angle": 22.5, "axis": "z", "origin": [8, 3.79038, -1.33125]},
			"faces": {
				"north": {"uv": [0, 0, 1, 1], "texture": "#0"},
				"east": {"uv": [0, 0, 1, 1], "texture": "#0"},
				"south": {"uv": [0, 0, 1, 1], "texture": "#0"},
				"west": {"uv": [0, 0, 1, 1], "texture": "#0"},
				"up": {"uv": [0, 0, 1, 1], "texture": "#0"},
				"down": {"uv": [0, 0, 1, 1], "texture": "#0"}
			}
		},
		{
			"name": "hexadecagon",
			"from": [7.64888, 3.72054, -1.41352],
			"to": [7.7191, 3.86023, -0.84901],
			"faces": {
				"north": {"uv": [0, 0, 1, 1], "texture": "#0"},
				"east": {"uv": [0, 0, 1, 1], "texture": "#0"},
				"south": {"uv": [0, 0, 1, 1], "texture": "#0"},
				"west": {"uv": [0, 0, 1, 1], "texture": "#0"},
				"up": {"uv": [0, 0, 1, 1], "texture": "#0"},
				"down": {"uv": [0, 0, 1, 1], "texture": "#0"}
			}
		},
		{
			"name": "hexadecagon",
			"from": [7.64888, 3.72054, -2.11352],
			"to": [7.7191, 3.86023, -0.84901],
			"rotation": {"angle": -22.5, "axis": "z", "origin": [8, 3.79038, -1.33125]},
			"faces": {
				"north": {"uv": [0, 0, 1, 1], "texture": "#0"},
				"east": {"uv": [0, 0, 1, 1], "texture": "#0"},
				"south": {"uv": [0, 0, 1, 1], "texture": "#0"},
				"west": {"uv": [0, 0, 1, 1], "texture": "#0"},
				"up": {"uv": [0, 0, 1, 1], "texture": "#0"},
				"down": {"uv": [0, 0, 1, 1], "texture": "#0"}
			}
		},
		{
			"name": "hexadecagon",
			"from": [7.93016, 4.07128, -2.11352],
			"to": [8.06984, 4.1415, -0.84901],
			"rotation": {"angle": 22.5, "axis": "z", "origin": [8, 3.79038, -1.33125]},
			"faces": {
				"north": {"uv": [0, 0, 1, 1], "texture": "#0"},
				"east": {"uv": [0, 0, 1, 1], "texture": "#0"},
				"south": {"uv": [0, 0, 1, 1], "texture": "#0"},
				"west": {"uv": [0, 0, 1, 1], "texture": "#0"},
				"up": {"uv": [0, 0, 1, 1], "texture": "#0"},
				"down": {"uv": [0, 0, 1, 1], "texture": "#0"}
			}
		},
		{
			"name": "hexadecagon",
			"from": [7.93016, 4.07128, -1.41352],
			"to": [8.06984, 4.1415, -0.84901],
			"faces": {
				"north": {"uv": [0, 0, 1, 1], "texture": "#0"},
				"east": {"uv": [0, 0, 1, 1], "texture": "#0"},
				"south": {"uv": [0, 0, 1, 1], "texture": "#0"},
				"west": {"uv": [0, 0, 1, 1], "texture": "#0"},
				"up": {"uv": [0, 0, 1, 1], "texture": "#0"},
				"down": {"uv": [0, 0, 1, 1], "texture": "#0"}
			}
		},
		{
			"name": "hexadecagon",
			"from": [7.93016, 4.07128, -2.11352],
			"to": [8.06984, 4.1415, -0.84901],
			"rotation": {"angle": -22.5, "axis": "z", "origin": [8, 3.79038, -1.33125]},
			"faces": {
				"north": {"uv": [0, 0, 1, 1], "texture": "#0"},
				"east": {"uv": [0, 0, 1, 1], "texture": "#0"},
				"south": {"uv": [0, 0, 1, 1], "texture": "#0"},
				"west": {"uv": [0, 0, 1, 1], "texture": "#0"},
				"up": {"uv": [0, 0, 1, 1], "texture": "#0"},
				"down": {"uv": [0, 0, 1, 1], "texture": "#0"}
			}
		},
		{
			"name": "hexadecagon",
			"from": [7.93016, 4.07128, -1.41352],
			"to": [8.06984, 4.1415, -0.84901],
			"rotation": {"angle": -45, "axis": "z", "origin": [8, 3.79038, -1.33125]},
			"faces": {
				"north": {"uv": [0, 0, 1, 1], "texture": "#0"},
				"east": {"uv": [0, 0, 1, 1], "texture": "#0"},
				"south": {"uv": [0, 0, 1, 1], "texture": "#0"},
				"west": {"uv": [0, 0, 1, 1], "texture": "#0"},
				"up": {"uv": [0, 0, 1, 1], "texture": "#0"},
				"down": {"uv": [0, 0, 1, 1], "texture": "#0"}
			}
		},
		{
			"name": "hexadecagon",
			"from": [7.93016, 3.43926, -1.41352],
			"to": [8.06984, 3.50949, -0.84901],
			"rotation": {"angle": 45, "axis": "z", "origin": [8, 3.79038, -1.33125]},
			"faces": {
				"north": {"uv": [0, 0, 1, 1], "texture": "#0"},
				"east": {"uv": [0, 0, 1, 1], "texture": "#0"},
				"south": {"uv": [0, 0, 1, 1], "texture": "#0"},
				"west": {"uv": [0, 0, 1, 1], "texture": "#0"},
				"up": {"uv": [0, 0, 1, 1], "texture": "#0"},
				"down": {"uv": [0, 0, 1, 1], "texture": "#0"}
			}
		},
		{
			"name": "hexadecagon",
			"from": [7.93016, 3.43926, -2.11352],
			"to": [8.06984, 3.50949, -0.84901],
			"rotation": {"angle": 22.5, "axis": "z", "origin": [8, 3.79038, -1.33125]},
			"faces": {
				"north": {"uv": [0, 0, 1, 1], "texture": "#0"},
				"east": {"uv": [0, 0, 1, 1], "texture": "#0"},
				"south": {"uv": [0, 0, 1, 1], "texture": "#0"},
				"west": {"uv": [0, 0, 1, 1], "texture": "#0"},
				"up": {"uv": [0, 0, 1, 1], "texture": "#0"},
				"down": {"uv": [0, 0, 1, 1], "texture": "#0"}
			}
		},
		{
			"name": "hexadecagon",
			"from": [7.93016, 3.43926, -1.41352],
			"to": [8.06984, 3.50949, -0.84901],
			"faces": {
				"north": {"uv": [0, 0, 1, 1], "texture": "#0"},
				"east": {"uv": [0, 0, 1, 1], "texture": "#0"},
				"south": {"uv": [0, 0, 1, 1], "texture": "#0"},
				"west": {"uv": [0, 0, 1, 1], "texture": "#0"},
				"up": {"uv": [0, 0, 1, 1], "texture": "#0"},
				"down": {"uv": [0, 0, 1, 1], "texture": "#0"}
			}
		},
		{
			"name": "hexadecagon",
			"from": [7.93016, 3.43926, -2.11352],
			"to": [8.06984, 3.50949, -0.84901],
			"rotation": {"angle": -22.5, "axis": "z", "origin": [8, 3.79038, -1.33125]},
			"faces": {
				"north": {"uv": [0, 0, 1, 1], "texture": "#0"},
				"east": {"uv": [0, 0, 1, 1], "texture": "#0"},
				"south": {"uv": [0, 0, 1, 1], "texture": "#0"},
				"west": {"uv": [0, 0, 1, 1], "texture": "#0"},
				"up": {"uv": [0, 0, 1, 1], "texture": "#0"},
				"down": {"uv": [0, 0, 1, 1], "texture": "#0"}
			}
		},
		{
			"name": "hexadecagon",
			"from": [7.93016, 3.43926, -1.41352],
			"to": [8.06984, 3.50949, -0.84901],
			"rotation": {"angle": -45, "axis": "z", "origin": [8, 3.79038, -1.33125]},
			"faces": {
				"north": {"uv": [0, 0, 1, 1], "texture": "#0"},
				"east": {"uv": [0, 0, 1, 1], "texture": "#0"},
				"south": {"uv": [0, 0, 1, 1], "texture": "#0"},
				"west": {"uv": [0, 0, 1, 1], "texture": "#0"},
				"up": {"uv": [0, 0, 1, 1], "texture": "#0"},
				"down": {"uv": [0, 0, 1, 1], "texture": "#0"}
			}
		},
		{
			"name": "hexadecagon",
			"from": [7.93016, 4.07128, -1.41352],
			"to": [8.06984, 4.1415, -0.84901],
			"rotation": {"angle": 45, "axis": "z", "origin": [8, 3.79038, -1.33125]},
			"faces": {
				"north": {"uv": [0, 0, 1, 1], "texture": "#0"},
				"east": {"uv": [0, 0, 1, 1], "texture": "#0"},
				"south": {"uv": [0, 0, 1, 1], "texture": "#0"},
				"west": {"uv": [0, 0, 1, 1], "texture": "#0"},
				"up": {"uv": [0, 0, 1, 1], "texture": "#0"},
				"down": {"uv": [0, 0, 1, 1], "texture": "#0"}
			}
		},
		{
			"name": "hexadecagon",
			"from": [8.2809, 3.72054, -2.21352],
			"to": [8.35112, 3.86023, -2.04901],
			"rotation": {"angle": 22.5, "axis": "z", "origin": [8, 3.79038, -2.13125]},
			"faces": {
				"north": {"uv": [0, 0, 1, 1], "texture": "#0"},
				"east": {"uv": [0, 0, 1, 1], "texture": "#0"},
				"south": {"uv": [0, 0, 1, 1], "texture": "#0"},
				"west": {"uv": [0, 0, 1, 1], "texture": "#0"},
				"up": {"uv": [0, 0, 1, 1], "texture": "#0"},
				"down": {"uv": [0, 0, 1, 1], "texture": "#0"}
			}
		},
		{
			"name": "hexadecagon",
			"from": [8.2809, 3.72054, -2.21352],
			"to": [8.35112, 3.86023, -2.04901],
			"faces": {
				"north": {"uv": [0, 0, 1, 1], "texture": "#0"},
				"east": {"uv": [0, 0, 1, 1], "texture": "#0"},
				"south": {"uv": [0, 0, 1, 1], "texture": "#0"},
				"west": {"uv": [0, 0, 1, 1], "texture": "#0"},
				"up": {"uv": [0, 0, 1, 1], "texture": "#0"},
				"down": {"uv": [0, 0, 1, 1], "texture": "#0"}
			}
		},
		{
			"name": "hexadecagon",
			"from": [8.2809, 3.72054, -2.21352],
			"to": [8.35112, 3.86023, -2.04901],
			"rotation": {"angle": -22.5, "axis": "z", "origin": [8, 3.79038, -2.13125]},
			"faces": {
				"north": {"uv": [0, 0, 1, 1], "texture": "#0"},
				"east": {"uv": [0, 0, 1, 1], "texture": "#0"},
				"south": {"uv": [0, 0, 1, 1], "texture": "#0"},
				"west": {"uv": [0, 0, 1, 1], "texture": "#0"},
				"up": {"uv": [0, 0, 1, 1], "texture": "#0"},
				"down": {"uv": [0, 0, 1, 1], "texture": "#0"}
			}
		},
		{
			"name": "hexadecagon",
			"from": [7.64888, 3.72054, -2.21352],
			"to": [7.7191, 3.86023, -2.04901],
			"rotation": {"angle": 22.5, "axis": "z", "origin": [8, 3.79038, -2.13125]},
			"faces": {
				"north": {"uv": [0, 0, 1, 1], "texture": "#0"},
				"east": {"uv": [0, 0, 1, 1], "texture": "#0"},
				"south": {"uv": [0, 0, 1, 1], "texture": "#0"},
				"west": {"uv": [0, 0, 1, 1], "texture": "#0"},
				"up": {"uv": [0, 0, 1, 1], "texture": "#0"},
				"down": {"uv": [0, 0, 1, 1], "texture": "#0"}
			}
		},
		{
			"name": "hexadecagon",
			"from": [7.64888, 3.72054, -2.21352],
			"to": [7.7191, 3.86023, -2.04901],
			"faces": {
				"north": {"uv": [0, 0, 1, 1], "texture": "#0"},
				"east": {"uv": [0, 0, 1, 1], "texture": "#0"},
				"south": {"uv": [0, 0, 1, 1], "texture": "#0"},
				"west": {"uv": [0, 0, 1, 1], "texture": "#0"},
				"up": {"uv": [0, 0, 1, 1], "texture": "#0"},
				"down": {"uv": [0, 0, 1, 1], "texture": "#0"}
			}
		},
		{
			"name": "hexadecagon",
			"from": [7.64888, 3.72054, -2.21352],
			"to": [7.7191, 3.86023, -2.04901],
			"rotation": {"angle": -22.5, "axis": "z", "origin": [8, 3.79038, -2.13125]},
			"faces": {
				"north": {"uv": [0, 0, 1, 1], "texture": "#0"},
				"east": {"uv": [0, 0, 1, 1], "texture": "#0"},
				"south": {"uv": [0, 0, 1, 1], "texture": "#0"},
				"west": {"uv": [0, 0, 1, 1], "texture": "#0"},
				"up": {"uv": [0, 0, 1, 1], "texture": "#0"},
				"down": {"uv": [0, 0, 1, 1], "texture": "#0"}
			}
		},
		{
			"name": "hexadecagon",
			"from": [7.93016, 4.07128, -2.21352],
			"to": [8.06984, 4.1415, -2.04901],
			"rotation": {"angle": 22.5, "axis": "z", "origin": [8, 3.79038, -2.13125]},
			"faces": {
				"north": {"uv": [0, 0, 1, 1], "texture": "#0"},
				"east": {"uv": [0, 0, 1, 1], "texture": "#0"},
				"south": {"uv": [0, 0, 1, 1], "texture": "#0"},
				"west": {"uv": [0, 0, 1, 1], "texture": "#0"},
				"up": {"uv": [0, 0, 1, 1], "texture": "#0"},
				"down": {"uv": [0, 0, 1, 1], "texture": "#0"}
			}
		},
		{
			"name": "hexadecagon",
			"from": [7.93016, 4.07128, -2.21352],
			"to": [8.06984, 4.1415, -2.04901],
			"faces": {
				"north": {"uv": [0, 0, 1, 1], "texture": "#0"},
				"east": {"uv": [0, 0, 1, 1], "texture": "#0"},
				"south": {"uv": [0, 0, 1, 1], "texture": "#0"},
				"west": {"uv": [0, 0, 1, 1], "texture": "#0"},
				"up": {"uv": [0, 0, 1, 1], "texture": "#0"},
				"down": {"uv": [0, 0, 1, 1], "texture": "#0"}
			}
		},
		{
			"name": "hexadecagon",
			"from": [7.93016, 4.07128, -2.21352],
			"to": [8.06984, 4.1415, -2.04901],
			"rotation": {"angle": -22.5, "axis": "z", "origin": [8, 3.79038, -2.13125]},
			"faces": {
				"north": {"uv": [0, 0, 1, 1], "texture": "#0"},
				"east": {"uv": [0, 0, 1, 1], "texture": "#0"},
				"south": {"uv": [0, 0, 1, 1], "texture": "#0"},
				"west": {"uv": [0, 0, 1, 1], "texture": "#0"},
				"up": {"uv": [0, 0, 1, 1], "texture": "#0"},
				"down": {"uv": [0, 0, 1, 1], "texture": "#0"}
			}
		},
		{
			"name": "hexadecagon",
			"from": [7.93016, 4.07128, -2.21352],
			"to": [8.06984, 4.1415, -2.04901],
			"rotation": {"angle": -45, "axis": "z", "origin": [8, 3.79038, -2.13125]},
			"faces": {
				"north": {"uv": [0, 0, 1, 1], "texture": "#0"},
				"east": {"uv": [0, 0, 1, 1], "texture": "#0"},
				"south": {"uv": [0, 0, 1, 1], "texture": "#0"},
				"west": {"uv": [0, 0, 1, 1], "texture": "#0"},
				"up": {"uv": [0, 0, 1, 1], "texture": "#0"},
				"down": {"uv": [0, 0, 1, 1], "texture": "#0"}
			}
		},
		{
			"name": "hexadecagon",
			"from": [7.93016, 3.43926, -2.21352],
			"to": [8.06984, 3.50949, -2.04901],
			"rotation": {"angle": 45, "axis": "z", "origin": [8, 3.79038, -2.13125]},
			"faces": {
				"north": {"uv": [0, 0, 1, 1], "texture": "#0"},
				"east": {"uv": [0, 0, 1, 1], "texture": "#0"},
				"south": {"uv": [0, 0, 1, 1], "texture": "#0"},
				"west": {"uv": [0, 0, 1, 1], "texture": "#0"},
				"up": {"uv": [0, 0, 1, 1], "texture": "#0"},
				"down": {"uv": [0, 0, 1, 1], "texture": "#0"}
			}
		},
		{
			"name": "hexadecagon",
			"from": [7.93016, 3.43926, -2.21352],
			"to": [8.06984, 3.50949, -2.04901],
			"rotation": {"angle": 22.5, "axis": "z", "origin": [8, 3.79038, -2.13125]},
			"faces": {
				"north": {"uv": [0, 0, 1, 1], "texture": "#0"},
				"east": {"uv": [0, 0, 1, 1], "texture": "#0"},
				"south": {"uv": [0, 0, 1, 1], "texture": "#0"},
				"west": {"uv": [0, 0, 1, 1], "texture": "#0"},
				"up": {"uv": [0, 0, 1, 1], "texture": "#0"},
				"down": {"uv": [0, 0, 1, 1], "texture": "#0"}
			}
		},
		{
			"name": "hexadecagon",
			"from": [7.93016, 3.43926, -2.21352],
			"to": [8.06984, 3.50949, -2.04901],
			"faces": {
				"north": {"uv": [0, 0, 1, 1], "texture": "#0"},
				"east": {"uv": [0, 0, 1, 1], "texture": "#0"},
				"south": {"uv": [0, 0, 1, 1], "texture": "#0"},
				"west": {"uv": [0, 0, 1, 1], "texture": "#0"},
				"up": {"uv": [0, 0, 1, 1], "texture": "#0"},
				"down": {"uv": [0, 0, 1, 1], "texture": "#0"}
			}
		},
		{
			"name": "hexadecagon",
			"from": [7.93016, 3.43926, -2.21352],
			"to": [8.06984, 3.50949, -2.04901],
			"rotation": {"angle": -22.5, "axis": "z", "origin": [8, 3.79038, -2.13125]},
			"faces": {
				"north": {"uv": [0, 0, 1, 1], "texture": "#0"},
				"east": {"uv": [0, 0, 1, 1], "texture": "#0"},
				"south": {"uv": [0, 0, 1, 1], "texture": "#0"},
				"west": {"uv": [0, 0, 1, 1], "texture": "#0"},
				"up": {"uv": [0, 0, 1, 1], "texture": "#0"},
				"down": {"uv": [0, 0, 1, 1], "texture": "#0"}
			}
		},
		{
			"name": "hexadecagon",
			"from": [7.93016, 3.43926, -2.21352],
			"to": [8.06984, 3.50949, -2.04901],
			"rotation": {"angle": -45, "axis": "z", "origin": [8, 3.79038, -2.13125]},
			"faces": {
				"north": {"uv": [0, 0, 1, 1], "texture": "#0"},
				"east": {"uv": [0, 0, 1, 1], "texture": "#0"},
				"south": {"uv": [0, 0, 1, 1], "texture": "#0"},
				"west": {"uv": [0, 0, 1, 1], "texture": "#0"},
				"up": {"uv": [0, 0, 1, 1], "texture": "#0"},
				"down": {"uv": [0, 0, 1, 1], "texture": "#0"}
			}
		},
		{
			"name": "hexadecagon",
			"from": [7.93016, 4.07128, -2.21352],
			"to": [8.06984, 4.1415, -2.04901],
			"rotation": {"angle": 45, "axis": "z", "origin": [8, 3.79038, -2.13125]},
			"faces": {
				"north": {"uv": [0, 0, 1, 1], "texture": "#0"},
				"east": {"uv": [0, 0, 1, 1], "texture": "#0"},
				"south": {"uv": [0, 0, 1, 1], "texture": "#0"},
				"west": {"uv": [0, 0, 1, 1], "texture": "#0"},
				"up": {"uv": [0, 0, 1, 1], "texture": "#0"},
				"down": {"uv": [0, 0, 1, 1], "texture": "#0"}
			}
		},
		{
			"from": [7.54904, 1.04307, 9.78825],
			"to": [8.44904, 1.24307, 11.98825],
			"rotation": {"angle": -22.5, "axis": "x", "origin": [7.99904, 3.29307, 6.38825]},
			"faces": {
				"north": {"uv": [0, 0, 0.9, 0.2], "rotation": 180, "texture": "#0"},
				"east": {"uv": [0, 0, 0.2, 2.2], "rotation": 270, "texture": "#0"},
				"south": {"uv": [0, 0, 0.9, 0.2], "texture": "#0"},
				"west": {"uv": [0, 0, 0.2, 2.2], "rotation": 90, "texture": "#0"},
				"up": {"uv": [0, 0, 0.9, 2.2], "rotation": 180, "texture": "#0"},
				"down": {"uv": [0, 0, 0.9, 2.2], "texture": "#0"}
			}
		},
		{
			"from": [7.54368, 2.51825, 8.19306],
			"to": [8.44368, 2.71825, 10.39306],
			"faces": {
				"north": {"uv": [0, 0, 0.9, 0.2], "rotation": 180, "texture": "#0"},
				"east": {"uv": [0, 0, 0.2, 2.2], "rotation": 270, "texture": "#0"},
				"south": {"uv": [0, 0, 0.9, 0.2], "texture": "#0"},
				"west": {"uv": [0, 0, 0.2, 2.2], "rotation": 90, "texture": "#0"},
				"up": {"uv": [0, 0, 0.9, 2.2], "rotation": 180, "texture": "#0"},
				"down": {"uv": [0, 0, 0.9, 2.2], "texture": "#0"}
			}
		},
		{
			"name": "hexadecagon",
			"from": [7.4004, 0.71757, 7.87798],
			"to": [8.6004, 0.8767, 7.97798],
			"rotation": {"angle": -45, "axis": "x", "origin": [7.9004, 0.79713, 8.27798]},
			"faces": {
				"north": {"uv": [0, 0, 1, 1], "texture": "#1"},
				"east": {"uv": [0, 0, 1, 1], "texture": "#1"},
				"south": {"uv": [0, 0, 1, 1], "texture": "#1"},
				"west": {"uv": [0, 0, 1, 1], "texture": "#1"},
				"up": {"uv": [0, 0, 1, 1], "texture": "#1"},
				"down": {"uv": [0, 0, 1, 1], "texture": "#1"}
			}
		},
		{
			"name": "hexadecagon",
			"from": [7.4004, 0.61757, 7.57798],
			"to": [8.6004, 0.8767, 7.97798],
			"rotation": {"angle": -22.5, "axis": "x", "origin": [7.9004, 0.79713, 8.27798]},
			"faces": {
				"north": {"uv": [0, 0, 1, 1], "texture": "#1"},
				"east": {"uv": [0, 0, 1, 1], "texture": "#1"},
				"south": {"uv": [0, 0, 1, 1], "texture": "#1"},
				"west": {"uv": [0, 0, 1, 1], "texture": "#1"},
				"up": {"uv": [0, 0, 1, 1], "texture": "#1"},
				"down": {"uv": [0, 0, 1, 1], "texture": "#1"}
			}
		},
		{
			"name": "hexadecagon",
			"from": [7.4004, 0.71757, 8.57798],
			"to": [8.6004, 0.8767, 8.67798],
			"rotation": {"angle": -22.5, "axis": "x", "origin": [7.9004, 0.79713, 8.27798]},
			"faces": {
				"north": {"uv": [0, 0, 1, 1], "texture": "#1"},
				"east": {"uv": [0, 0, 1, 1], "texture": "#1"},
				"south": {"uv": [0, 0, 1, 1], "texture": "#1"},
				"west": {"uv": [0, 0, 1, 1], "texture": "#1"},
				"up": {"uv": [0, 0, 1, 1], "texture": "#1"},
				"down": {"uv": [0, 0, 1, 1], "texture": "#1"}
			}
		},
		{
			"name": "hexadecagon",
			"from": [7.4004, 0.71757, 8.57798],
			"to": [8.6004, 0.8767, 8.67798],
			"faces": {
				"north": {"uv": [0, 0, 1, 1], "texture": "#1"},
				"east": {"uv": [0, 0, 1, 1], "texture": "#1"},
				"south": {"uv": [0, 0, 1, 1], "texture": "#1"},
				"west": {"uv": [0, 0, 1, 1], "texture": "#1"},
				"up": {"uv": [0, 0, 1, 1], "texture": "#1"},
				"down": {"uv": [0, 0, 1, 1], "texture": "#1"}
			}
		},
		{
			"name": "hexadecagon",
			"from": [7.4004, 0.51757, 8.57798],
			"to": [8.6004, 0.8767, 8.77798],
			"rotation": {"angle": 22.5, "axis": "x", "origin": [7.9004, 0.79713, 8.27798]},
			"faces": {
				"north": {"uv": [0, 0, 1, 1], "texture": "#1"},
				"east": {"uv": [0, 0, 1, 1], "texture": "#1"},
				"south": {"uv": [0, 0, 1, 1], "texture": "#1"},
				"west": {"uv": [0, 0, 1, 1], "texture": "#1"},
				"up": {"uv": [0, 0, 1, 1], "texture": "#1"},
				"down": {"uv": [0, 0, 1, 1], "texture": "#1"}
			}
		},
		{
			"name": "hexadecagon",
			"from": [7.4004, 0.71757, 8.57798],
			"to": [8.6004, 0.9767, 8.97798],
			"rotation": {"angle": 45, "axis": "x", "origin": [7.9004, 0.79713, 8.27798]},
			"faces": {
				"north": {"uv": [0, 0, 1, 1], "texture": "#1"},
				"east": {"uv": [0, 0, 1, 1], "texture": "#1"},
				"south": {"uv": [0, 0, 1, 1], "texture": "#1"},
				"west": {"uv": [0, 0, 1, 1], "texture": "#1"},
				"up": {"uv": [0, 0, 1, 1], "texture": "#1"},
				"down": {"uv": [0, 0, 1, 1], "texture": "#1"}
			}
		},
		{
			"name": "hexadecagon",
			"from": [7.4004, 0.39713, 8.19842],
			"to": [8.6004, 0.49713, 8.35755],
			"rotation": {"angle": -22.5, "axis": "x", "origin": [7.9004, 0.79713, 8.27798]},
			"faces": {
				"north": {"uv": [0, 0, 1, 1], "texture": "#1"},
				"east": {"uv": [0, 0, 1, 1], "texture": "#1"},
				"south": {"uv": [0, 0, 1, 1], "texture": "#1"},
				"west": {"uv": [0, 0, 1, 1], "texture": "#1"},
				"up": {"uv": [0, 0, 1, 1], "texture": "#1"},
				"down": {"uv": [0, 0, 1, 1], "texture": "#1"}
			}
		},
		{
			"name": "hexadecagon",
			"from": [7.4004, 0.39713, 8.19842],
			"to": [8.6004, 0.49713, 8.35755],
			"faces": {
				"north": {"uv": [0, 0, 1, 1], "texture": "#1"},
				"east": {"uv": [0, 0, 1, 1], "texture": "#1"},
				"south": {"uv": [0, 0, 1, 1], "texture": "#1"},
				"west": {"uv": [0, 0, 1, 1], "texture": "#1"},
				"up": {"uv": [0, 0, 1, 1], "texture": "#1"},
				"down": {"uv": [0, 0, 1, 1], "texture": "#1"}
			}
		},
		{
			"name": "hexadecagon",
			"from": [7.4004, 0.39713, 8.19842],
			"to": [8.6004, 0.49713, 8.35755],
			"rotation": {"angle": 22.5, "axis": "x", "origin": [7.9004, 0.79713, 8.27798]},
			"faces": {
				"north": {"uv": [0, 0, 1, 1], "texture": "#1"},
				"east": {"uv": [0, 0, 1, 1], "texture": "#1"},
				"south": {"uv": [0, 0, 1, 1], "texture": "#1"},
				"west": {"uv": [0, 0, 1, 1], "texture": "#1"},
				"up": {"uv": [0, 0, 1, 1], "texture": "#1"},
				"down": {"uv": [0, 0, 1, 1], "texture": "#1"}
			}
		},
		{
			"name": "hexadecagon",
			"from": [7.40038, 0.68955, 5.93689],
			"to": [8.60038, 3.74868, 7.03689],
			"rotation": {"angle": -22.5, "axis": "x", "origin": [7.90038, 3.06912, 7.33689]},
			"faces": {
				"north": {"uv": [0, 0, 1, 1], "texture": "#1"},
				"east": {"uv": [0, 0, 1, 1], "texture": "#1"},
				"south": {"uv": [0, 0, 1, 1], "texture": "#1"},
				"west": {"uv": [0, 0, 1, 1], "texture": "#1"},
				"up": {"uv": [0, 0, 1, 1], "texture": "#1"},
				"down": {"uv": [0, 0, 1, 1], "texture": "#1"}
			}
		},
		{
			"name": "hexadecagon",
			"from": [7.40038, 2.98955, 6.93689],
			"to": [8.60038, 3.14868, 7.03689],
			"faces": {
				"north": {"uv": [0, 0, 1, 1], "texture": "#1"},
				"east": {"uv": [0, 0, 1, 1], "texture": "#1"},
				"south": {"uv": [0, 0, 1, 1], "texture": "#1"},
				"west": {"uv": [0, 0, 1, 1], "texture": "#1"},
				"up": {"uv": [0, 0, 1, 1], "texture": "#1"},
				"down": {"uv": [0, 0, 1, 1], "texture": "#1"}
			}
		},
		{
			"name": "hexadecagon",
			"from": [7.40038, 2.98955, 6.93689],
			"to": [8.60038, 3.14868, 7.03689],
			"rotation": {"angle": 22.5, "axis": "x", "origin": [7.90038, 3.06912, 7.33689]},
			"faces": {
				"north": {"uv": [0, 0, 1, 1], "texture": "#1"},
				"east": {"uv": [0, 0, 1, 1], "texture": "#1"},
				"south": {"uv": [0, 0, 1, 1], "texture": "#1"},
				"west": {"uv": [0, 0, 1, 1], "texture": "#1"},
				"up": {"uv": [0, 0, 1, 1], "texture": "#1"},
				"down": {"uv": [0, 0, 1, 1], "texture": "#1"}
			}
		},
		{
			"name": "hexadecagon",
			"from": [7.40038, 2.58955, 6.63689],
			"to": [8.60038, 3.54868, 7.03689],
			"rotation": {"angle": 45, "axis": "x", "origin": [7.90038, 3.06912, 7.33689]},
			"faces": {
				"north": {"uv": [0, 0, 1, 1], "texture": "#1"},
				"east": {"uv": [0, 0, 1, 1], "texture": "#1"},
				"south": {"uv": [0, 0, 1, 1], "texture": "#1"},
				"west": {"uv": [0, 0, 1, 1], "texture": "#1"},
				"up": {"uv": [0, 0, 1, 1], "texture": "#1"},
				"down": {"uv": [0, 0, 1, 1], "texture": "#1"}
			}
		},
		{
			"name": "hexadecagon",
			"from": [7.40038, 2.98955, 7.63689],
			"to": [8.60038, 3.24868, 7.78689],
			"rotation": {"angle": -45, "axis": "x", "origin": [7.90038, 3.06912, 7.33689]},
			"faces": {
				"north": {"uv": [0, 0, 1, 1], "texture": "#1"},
				"east": {"uv": [0, 0, 1, 1], "texture": "#1"},
				"south": {"uv": [0, 0, 1, 1], "texture": "#1"},
				"west": {"uv": [0, 0, 1, 1], "texture": "#1"},
				"up": {"uv": [0, 0, 1, 1], "texture": "#1"},
				"down": {"uv": [0, 0, 1, 1], "texture": "#1"}
			}
		},
		{
			"name": "hexadecagon",
			"from": [7.40038, -0.31045, 7.63689],
			"to": [8.60038, 3.14868, 7.73689],
			"rotation": {"angle": -22.5, "axis": "x", "origin": [7.90038, 3.06912, 7.33689]},
			"faces": {
				"north": {"uv": [0, 0, 1, 1], "texture": "#1"},
				"east": {"uv": [0, 0, 1, 1], "texture": "#1"},
				"south": {"uv": [0, 0, 1, 1], "texture": "#1"},
				"west": {"uv": [0, 0, 1, 1], "texture": "#1"},
				"up": {"uv": [0, 0, 1, 1], "texture": "#1"},
				"down": {"uv": [0, 0, 1, 1], "texture": "#1"}
			}
		},
		{
			"name": "hexadecagon",
			"from": [7.40038, 3.36912, 7.25732],
			"to": [8.60038, 3.46912, 7.41645],
			"rotation": {"angle": -22.5, "axis": "x", "origin": [7.90038, 3.06912, 7.33689]},
			"faces": {
				"north": {"uv": [0, 0, 1, 1], "texture": "#1"},
				"east": {"uv": [0, 0, 1, 1], "texture": "#1"},
				"south": {"uv": [0, 0, 1, 1], "texture": "#1"},
				"west": {"uv": [0, 0, 1, 1], "texture": "#1"},
				"up": {"uv": [0, 0, 1, 1], "texture": "#1"},
				"down": {"uv": [0, 0, 1, 1], "texture": "#1"}
			}
		},
		{
			"name": "hexadecagon",
			"from": [7.40038, 3.36912, 7.25732],
			"to": [8.60038, 3.66912, 7.56645],
			"faces": {
				"north": {"uv": [0, 0, 1, 1], "texture": "#1"},
				"east": {"uv": [0, 0, 1, 1], "texture": "#1"},
				"south": {"uv": [0, 0, 1, 1], "texture": "#1"},
				"west": {"uv": [0, 0, 1, 1], "texture": "#1"},
				"up": {"uv": [0, 0, 1, 1], "texture": "#1"},
				"down": {"uv": [0, 0, 1, 1], "texture": "#1"}
			}
		},
		{
			"name": "hexadecagon",
			"from": [7.40038, 3.36912, 6.75732],
			"to": [8.60038, 3.56912, 7.41645],
			"rotation": {"angle": 22.5, "axis": "x", "origin": [7.90038, 3.06912, 7.33689]},
			"faces": {
				"north": {"uv": [0, 0, 1, 1], "texture": "#1"},
				"east": {"uv": [0, 0, 1, 1], "texture": "#1"},
				"south": {"uv": [0, 0, 1, 1], "texture": "#1"},
				"west": {"uv": [0, 0, 1, 1], "texture": "#1"},
				"up": {"uv": [0, 0, 1, 1], "texture": "#1"},
				"down": {"uv": [0, 0, 1, 1], "texture": "#1"}
			}
		},
		{
			"name": "hexadecagon",
			"from": [7.60038, -0.31045, 7.63689],
			"to": [8.50038, 3.14868, 7.73689],
			"rotation": {"angle": -22.5, "axis": "x", "origin": [7.90038, 3.06912, 7.33689]},
			"faces": {
				"north": {"uv": [0, 0, 1, 1], "texture": "#1"},
				"east": {"uv": [0, 0, 1, 1], "texture": "#1"},
				"south": {"uv": [0, 0, 1, 1], "texture": "#1"},
				"west": {"uv": [0, 0, 1, 1], "texture": "#1"},
				"up": {"uv": [0, 0, 1, 1], "texture": "#1"},
				"down": {"uv": [0, 0, 1, 1], "texture": "#1"}
			}
		},
		{
			"name": "hexadecagon",
			"from": [7.70038, 0.28955, 6.73689],
			"to": [8.40038, 3.54868, 7.73689],
			"rotation": {"angle": -22.5, "axis": "x", "origin": [7.90038, 3.06912, 7.33689]},
			"faces": {
				"north": {"uv": [0, 0, 1, 1], "texture": "#1"},
				"east": {"uv": [0, 0, 1, 1], "texture": "#1"},
				"south": {"uv": [0, 0, 1, 1], "texture": "#1"},
				"west": {"uv": [0, 0, 1, 1], "texture": "#1"},
				"up": {"uv": [0, 0, 1, 1], "texture": "#1"},
				"down": {"uv": [0, 0, 1, 1], "texture": "#1"}
			}
		},
		{
			"from": [7.4, 0, 7.5],
			"to": [8.6, 0.5, 8.9],
			"faces": {
				"north": {"uv": [0, 0, 1.2, 0.1], "texture": "#1"},
				"east": {"uv": [0, 0, 4.1, 0.1], "texture": "#1"},
				"south": {"uv": [0, 0, 1.2, 0.1], "texture": "#1"},
				"west": {"uv": [0, 0, 4.1, 0.1], "texture": "#1"},
				"up": {"uv": [0, 0, 1.2, 4.1], "texture": "#1"},
				"down": {"uv": [0, 0, 1.2, 4.1], "texture": "#1"}
			}
		}
	],
	"display": {
		"thirdperson_righthand": {
			"translation": [0, 3.75, -0.5],
			"scale": [0.78, 0.79, 0.77]
		},
		"firstperson_righthand": {
			"translation": [-3, 7, -1.25],
			"scale": [1.08, 1, 1.08]
		},
		"gui": {
			"rotation": [15, 62, 0],
			"translation": [-0.75, 5, 0],
			"scale": [1.54, 0.94, 0.86]
		},
		"fixed": {
			"rotation": [90, -52, 92],
			"translation": [-1.5, 4.75, -1.5]
		}
	},
	"groups": [0, 1, 2, 3, 4, 5, 6, 7, 8, 9, 10, 11, 12, 13, 14, 15, 16, 17, 18, 19, 20, 21, 22, 23, 24, 25, 26, 27, 28, 29, 30, 31, 32, 33, 34, 35, 36, 37, 38, 39, 40, 41, 42, 43, 44, 45, 46, 47, 48, 49, 50, 51, 52, 53, 54, 55, 56, 57, 58, 59, 60, 61, 62, 63, 64, 65, 66, 67, 68, 69, 70, 71, 72, 73, 74, 75, 76, 77, 78, 79, 80, 81, 82, 83, 84, 85, 86, 87, 88, 89, 90,
		{
			"name": "hexadecagon",
			"children": [91, 92, 93, 94, 95, 96, 97, 98, 99, 100, 101, 102, 103, 104, 105, 106, 107, 108, 109, 110, 111, 112, 113, 114, 115, 116, 117, 118, 119, 120, 121, 122, 123, 124, 125, 126, 127, 128, 129, 130, 131, 132, 133, 134, 135, 136, 137, 138, 139, 140, 141, 142, 143, 144, 145, 146, 147, 148, 149, 150, 151, 152, 153, 154, 155, 156, 157, 158, 159, 160, 161, 162, 163, 164, 165, 166, 167, 168, 169, 170]
		}, 171, 172,
		{
			"name": "hexadecagon",
			"children": []
		},
		{
			"name": "hexadecagon",
			"children": [
				{
					"name": "group",
					"children": [173, 174, 175, 176, 177, 178, 179, 180, 181, 182, 183, 184, 185, 186, 187, 188, 189, 190, 191, 192]
				}
			]
		}, 193]
}