{
	"credit": "Made with Blockbench",
	"textures": {
		"1": "custom/nothingness1/mg3",
		"2": "custom/nothingness1/p90_black"
	},
	"elements": [
		{
			"from": [7, 0.3, 4.55],
			"to": [8.2, 1, 15],
			"faces": {
				"north": {"uv": [0, 0, 1.2, 0.7], "texture": "#2"},
				"east": {"uv": [0, 0, 10.45, 0.7], "texture": "#2"},
				"south": {"uv": [0, 0, 1.2, 0.7], "texture": "#2"},
				"west": {"uv": [0, 0, 10.45, 0.7], "texture": "#2"},
				"up": {"uv": [0, 0, 1.2, 10.45], "texture": "#2"},
				"down": {"uv": [0, 0, 1.2, 10.45], "texture": "#2"}
			}
		},
		{
			"from": [6.99682, -0.01163, 10.9947],
			"to": [8.19682, 1.88837, 14.9947],
			"faces": {
				"north": {"uv": [0, 0, 1.2, 1.9], "texture": "#2"},
				"east": {"uv": [0, 0, 4, 1.9], "texture": "#2"},
				"south": {"uv": [0, 0, 1.2, 1.9], "texture": "#2"},
				"west": {"uv": [0, 0, 4, 1.9], "texture": "#2"},
				"up": {"uv": [0, 0, 1.2, 4], "texture": "#2"},
				"down": {"uv": [0, 0, 1.2, 4], "texture": "#2"}
			}
		},
		{
			"from": [6.99681, 6.60466, 10.6701],
			"to": [8.19681, 7.90466, 11.5701],
			"rotation": {"angle": 45, "axis": "x", "origin": [7.99681, 4.50466, 3.5701]},
			"faces": {
				"north": {"uv": [0, 0, 1.2, 1.4], "rotation": 180, "texture": "#2"},
				"east": {"uv": [0, 0, 1.4, 0.9], "rotation": 90, "texture": "#2"},
				"south": {"uv": [0, 0, 1.2, 1.4], "texture": "#2"},
				"west": {"uv": [0, 0, 1.4, 0.9], "rotation": 270, "texture": "#2"},
				"up": {"uv": [0, 0, 1.2, 0.9], "texture": "#2"},
				"down": {"uv": [0, 0, 1.2, 0.9], "rotation": 180, "texture": "#2"}
			}
		},
		{
			"from": [7.19682, 0.98837, 4.8947],
			"to": [7.99682, 1.88837, 14.9947],
			"faces": {
				"north": {"uv": [0, 0, 0.8, 0.9], "texture": "#2"},
				"east": {"uv": [0, 0, 10.1, 0.9], "texture": "#2"},
				"south": {"uv": [0, 0, 0.8, 0.9], "texture": "#2"},
				"west": {"uv": [0, 0, 10.1, 0.9], "texture": "#2"},
				"up": {"uv": [0, 0, 0.8, 10.1], "texture": "#2"},
				"down": {"uv": [0, 0, 0.8, 10.1], "texture": "#2"}
			}
		},
		{
			"from": [4.65339, 0.55917, 5.10568],
			"to": [5.15339, 1.00917, 14.10568],
			"rotation": {"angle": 22.5, "axis": "z", "origin": [4.95339, 8.40917, 8.00568]},
			"faces": {
				"north": {"uv": [0, 0, 0.5, 0.45], "texture": "#2"},
				"east": {"uv": [0, 0, 9, 0.45], "texture": "#2"},
				"south": {"uv": [0, 0, 0.5, 0.45], "texture": "#2"},
				"west": {"uv": [0, 0, 9, 0.45], "texture": "#2"},
				"up": {"uv": [0, 0, 0.5, 9], "texture": "#2"},
				"down": {"uv": [0, 0, 0.5, 9], "texture": "#2"}
			}
		},
		{
			"from": [10.03866, 0.53566, 5.09056],
			"to": [10.53866, 0.98566, 14.09056],
			"rotation": {"angle": -22.5, "axis": "z", "origin": [10.33866, 8.38566, 7.99056]},
			"faces": {
				"north": {"uv": [0, 0, 0.5, 0.45], "texture": "#2"},
				"east": {"uv": [0, 0, 9, 0.45], "texture": "#2"},
				"south": {"uv": [0, 0, 0.5, 0.45], "texture": "#2"},
				"west": {"uv": [0, 0, 9, 0.45], "texture": "#2"},
				"up": {"uv": [0, 0, 0.5, 9], "texture": "#2"},
				"down": {"uv": [0, 0, 0.5, 9], "texture": "#2"}
			}
		},
		{
			"from": [7.14288, 0.88492, 5.35284],
			"to": [7.19288, 1.13492, 10.25284],
			"faces": {
				"north": {"uv": [0, 0, 0.1, 0.5], "rotation": 180, "texture": "#2"},
				"east": {"uv": [0, 0, 9.2, 0.5], "rotation": 180, "texture": "#2"},
				"south": {"uv": [0, 0, 0.1, 0.5], "rotation": 180, "texture": "#2"},
				"west": {"uv": [0, 0, 9.2, 0.5], "texture": "#2"},
				"up": {"uv": [0, 0, 0.1, 9.2], "rotation": 180, "texture": "#2"},
				"down": {"uv": [0, 0, 0.1, 9.2], "texture": "#2"}
			}
		},
		{
			"from": [5.7267, 0.35459, 5.35284],
			"to": [5.7767, 0.60459, 10.25284],
			"rotation": {"angle": 22.5, "axis": "z", "origin": [5.1267, 4.30459, 7.20284]},
			"faces": {
				"north": {"uv": [0, 0, 0.1, 0.5], "texture": "#2"},
				"east": {"uv": [0, 0, 9.2, 0.5], "texture": "#2"},
				"south": {"uv": [0, 0, 0.1, 0.5], "texture": "#2"},
				"west": {"uv": [0, 0, 9.2, 0.5], "texture": "#2"},
				"up": {"uv": [0, 0, 0.1, 9.2], "texture": "#2"},
				"down": {"uv": [0, 0, 0.1, 9.2], "texture": "#2"}
			}
		},
		{
			"from": [7.14288, 0.88492, 5.35284],
			"to": [7.19288, 1.13492, 10.25284],
			"rotation": {"angle": 45, "axis": "z", "origin": [7.16788, 1.00992, 7.95284]},
			"faces": {
				"north": {"uv": [0, 0, 0.1, 0.5], "texture": "#2"},
				"east": {"uv": [0, 0, 9.2, 0.5], "texture": "#2"},
				"south": {"uv": [0, 0, 0.1, 0.5], "texture": "#2"},
				"west": {"uv": [0, 0, 9.2, 0.5], "texture": "#2"},
				"up": {"uv": [0, 0, 0.1, 9.2], "texture": "#2"},
				"down": {"uv": [0, 0, 0.1, 9.2], "texture": "#2"}
			}
		},
		{
			"from": [7.04288, 0.98492, 5.35284],
			"to": [7.29288, 1.03492, 10.25284],
			"rotation": {"angle": -22.5, "axis": "z", "origin": [7.16788, 1.00992, 7.95284]},
			"faces": {
				"north": {"uv": [0, 0, 0.1, 0.5], "rotation": 90, "texture": "#2"},
				"east": {"uv": [0, 0, 0.1, 9.2], "rotation": 270, "texture": "#2"},
				"south": {"uv": [0, 0, 0.1, 0.5], "rotation": 270, "texture": "#2"},
				"west": {"uv": [0, 0, 0.1, 9.2], "rotation": 90, "texture": "#2"},
				"up": {"uv": [0, 0, 9.2, 0.5], "rotation": 270, "texture": "#2"},
				"down": {"uv": [0, 0, 9.2, 0.5], "rotation": 270, "texture": "#2"}
			}
		},
		{
			"from": [7.04288, 0.98492, 5.35284],
			"to": [7.29288, 1.03492, 10.25284],
			"faces": {
				"north": {"uv": [0, 0, 0.1, 0.5], "rotation": 90, "texture": "#2"},
				"east": {"uv": [0, 0, 0.1, 9.2], "rotation": 270, "texture": "#2"},
				"south": {"uv": [0, 0, 0.1, 0.5], "rotation": 270, "texture": "#2"},
				"west": {"uv": [0, 0, 0.1, 9.2], "rotation": 90, "texture": "#2"},
				"up": {"uv": [0, 0, 9.2, 0.5], "rotation": 270, "texture": "#2"},
				"down": {"uv": [0, 0, 9.2, 0.5], "rotation": 270, "texture": "#2"}
			}
		},
		{
			"from": [7.04288, 0.98492, 5.35284],
			"to": [7.29288, 1.03492, 10.25284],
			"rotation": {"angle": 22.5, "axis": "z", "origin": [7.16788, 1.00992, 7.95284]},
			"faces": {
				"north": {"uv": [0, 0, 0.1, 0.5], "rotation": 90, "texture": "#2"},
				"east": {"uv": [0, 0, 0.1, 9.2], "rotation": 270, "texture": "#2"},
				"south": {"uv": [0, 0, 0.1, 0.5], "rotation": 270, "texture": "#2"},
				"west": {"uv": [0, 0, 0.1, 9.2], "rotation": 90, "texture": "#2"},
				"up": {"uv": [0, 0, 9.2, 0.5], "rotation": 270, "texture": "#2"},
				"down": {"uv": [0, 0, 9.2, 0.5], "rotation": 270, "texture": "#2"}
			}
		},
		{
			"from": [7.04288, 0.98492, 5.35284],
			"to": [7.29288, 1.03492, 10.25284],
			"rotation": {"angle": 45, "axis": "z", "origin": [7.16788, 1.00992, 7.95284]},
			"faces": {
				"north": {"uv": [0, 0, 0.1, 0.5], "rotation": 90, "texture": "#2"},
				"east": {"uv": [0, 0, 0.1, 9.2], "rotation": 270, "texture": "#2"},
				"south": {"uv": [0, 0, 0.1, 0.5], "rotation": 270, "texture": "#2"},
				"west": {"uv": [0, 0, 0.1, 9.2], "rotation": 90, "texture": "#2"},
				"up": {"uv": [0, 0, 9.2, 0.5], "rotation": 270, "texture": "#2"},
				"down": {"uv": [0, 0, 9.2, 0.5], "rotation": 270, "texture": "#2"}
			}
		},
		{
			"from": [7.14288, 0.88492, 5.35284],
			"to": [7.19288, 1.13492, 10.25284],
			"rotation": {"angle": -22.5, "axis": "z", "origin": [7.16788, 1.00992, 7.95284]},
			"faces": {
				"north": {"uv": [0, 0, 0.1, 0.5], "rotation": 180, "texture": "#2"},
				"east": {"uv": [0, 0, 9.2, 0.5], "rotation": 180, "texture": "#2"},
				"south": {"uv": [0, 0, 0.1, 0.5], "rotation": 180, "texture": "#2"},
				"west": {"uv": [0, 0, 9.2, 0.5], "texture": "#2"},
				"up": {"uv": [0, 0, 0.1, 9.2], "rotation": 180, "texture": "#2"},
				"down": {"uv": [0, 0, 0.1, 9.2], "texture": "#2"}
			}
		},
		{
			"from": [8.04288, 0.88492, 5.35284],
			"to": [8.09288, 1.13492, 10.25284],
			"rotation": {"angle": -22.5, "axis": "z", "origin": [8.06788, 1.00992, 7.95284]},
			"faces": {
				"north": {"uv": [0, 0, 0.1, 0.5], "rotation": 180, "texture": "#2"},
				"east": {"uv": [0, 0, 9.2, 0.5], "rotation": 180, "texture": "#2"},
				"south": {"uv": [0, 0, 0.1, 0.5], "rotation": 180, "texture": "#2"},
				"west": {"uv": [0, 0, 9.2, 0.5], "texture": "#2"},
				"up": {"uv": [0, 0, 0.1, 9.2], "rotation": 180, "texture": "#2"},
				"down": {"uv": [0, 0, 0.1, 9.2], "texture": "#2"}
			}
		},
		{
			"from": [7.94288, 0.98492, 5.35284],
			"to": [8.19288, 1.03492, 10.25284],
			"rotation": {"angle": 45, "axis": "z", "origin": [8.06788, 1.00992, 7.95284]},
			"faces": {
				"north": {"uv": [0, 0, 0.1, 0.5], "rotation": 90, "texture": "#2"},
				"east": {"uv": [0, 0, 0.1, 9.2], "rotation": 270, "texture": "#2"},
				"south": {"uv": [0, 0, 0.1, 0.5], "rotation": 270, "texture": "#2"},
				"west": {"uv": [0, 0, 0.1, 9.2], "rotation": 90, "texture": "#2"},
				"up": {"uv": [0, 0, 9.2, 0.5], "rotation": 270, "texture": "#2"},
				"down": {"uv": [0, 0, 9.2, 0.5], "rotation": 270, "texture": "#2"}
			}
		},
		{
			"from": [7.94288, 0.98492, 5.35284],
			"to": [8.19288, 1.03492, 10.25284],
			"rotation": {"angle": 22.5, "axis": "z", "origin": [8.06788, 1.00992, 7.95284]},
			"faces": {
				"north": {"uv": [0, 0, 0.1, 0.5], "rotation": 90, "texture": "#2"},
				"east": {"uv": [0, 0, 0.1, 9.2], "rotation": 270, "texture": "#2"},
				"south": {"uv": [0, 0, 0.1, 0.5], "rotation": 270, "texture": "#2"},
				"west": {"uv": [0, 0, 0.1, 9.2], "rotation": 90, "texture": "#2"},
				"up": {"uv": [0, 0, 9.2, 0.5], "rotation": 270, "texture": "#2"},
				"down": {"uv": [0, 0, 9.2, 0.5], "rotation": 270, "texture": "#2"}
			}
		},
		{
			"from": [7.94288, 0.98492, 5.35284],
			"to": [8.19288, 1.03492, 10.25284],
			"faces": {
				"north": {"uv": [0, 0, 0.1, 0.5], "rotation": 90, "texture": "#2"},
				"east": {"uv": [0, 0, 0.1, 9.2], "rotation": 270, "texture": "#2"},
				"south": {"uv": [0, 0, 0.1, 0.5], "rotation": 270, "texture": "#2"},
				"west": {"uv": [0, 0, 0.1, 9.2], "rotation": 90, "texture": "#2"},
				"up": {"uv": [0, 0, 9.2, 0.5], "rotation": 270, "texture": "#2"},
				"down": {"uv": [0, 0, 9.2, 0.5], "rotation": 270, "texture": "#2"}
			}
		},
		{
			"from": [7.94288, 0.98492, 5.35284],
			"to": [8.19288, 1.03492, 10.25284],
			"rotation": {"angle": -22.5, "axis": "z", "origin": [8.06788, 1.00992, 7.95284]},
			"faces": {
				"north": {"uv": [0, 0, 0.1, 0.5], "rotation": 90, "texture": "#2"},
				"east": {"uv": [0, 0, 0.1, 9.2], "rotation": 270, "texture": "#2"},
				"south": {"uv": [0, 0, 0.1, 0.5], "rotation": 270, "texture": "#2"},
				"west": {"uv": [0, 0, 0.1, 9.2], "rotation": 90, "texture": "#2"},
				"up": {"uv": [0, 0, 9.2, 0.5], "rotation": 270, "texture": "#2"},
				"down": {"uv": [0, 0, 9.2, 0.5], "rotation": 270, "texture": "#2"}
			}
		},
		{
			"from": [6.6267, 0.35459, 5.35284],
			"to": [6.6767, 0.60459, 10.25284],
			"rotation": {"angle": 22.5, "axis": "z", "origin": [6.0267, 4.30459, 7.20284]},
			"faces": {
				"north": {"uv": [0, 0, 0.1, 0.5], "texture": "#2"},
				"east": {"uv": [0, 0, 9.2, 0.5], "texture": "#2"},
				"south": {"uv": [0, 0, 0.1, 0.5], "texture": "#2"},
				"west": {"uv": [0, 0, 9.2, 0.5], "texture": "#2"},
				"up": {"uv": [0, 0, 0.1, 9.2], "texture": "#2"},
				"down": {"uv": [0, 0, 0.1, 9.2], "texture": "#2"}
			}
		},
		{
			"from": [8.04288, 0.88492, 5.35284],
			"to": [8.09288, 1.13492, 10.25284],
			"faces": {
				"north": {"uv": [0, 0, 0.1, 0.5], "rotation": 180, "texture": "#2"},
				"east": {"uv": [0, 0, 9.2, 0.5], "rotation": 180, "texture": "#2"},
				"south": {"uv": [0, 0, 0.1, 0.5], "rotation": 180, "texture": "#2"},
				"west": {"uv": [0, 0, 9.2, 0.5], "texture": "#2"},
				"up": {"uv": [0, 0, 0.1, 9.2], "rotation": 180, "texture": "#2"},
				"down": {"uv": [0, 0, 0.1, 9.2], "texture": "#2"}
			}
		},
		{
			"from": [8.04288, 0.88492, 5.35284],
			"to": [8.09288, 1.13492, 10.25284],
			"rotation": {"angle": 45, "axis": "z", "origin": [8.06788, 1.00992, 7.95284]},
			"faces": {
				"north": {"uv": [0, 0, 0.1, 0.5], "texture": "#2"},
				"east": {"uv": [0, 0, 9.2, 0.5], "texture": "#2"},
				"south": {"uv": [0, 0, 0.1, 0.5], "texture": "#2"},
				"west": {"uv": [0, 0, 9.2, 0.5], "texture": "#2"},
				"up": {"uv": [0, 0, 0.1, 9.2], "texture": "#2"},
				"down": {"uv": [0, 0, 0.1, 9.2], "texture": "#2"}
			}
		},
		{
			"from": [7.20337, -0.26594, 6.99021],
			"to": [8.00337, 0.23406, 7.49021],
			"rotation": {"angle": 22.5, "axis": "x", "origin": [8.00337, 6.33406, 10.09021]},
			"faces": {
				"north": {"uv": [0, 0, 0.8, 0.5], "texture": "#2"},
				"east": {"uv": [0, 0, 0.5, 0.5], "texture": "#2"},
				"south": {"uv": [0, 0, 0.8, 0.5], "texture": "#2"},
				"west": {"uv": [0, 0, 0.5, 0.5], "texture": "#2"},
				"up": {"uv": [0, 0, 0.8, 0.5], "texture": "#2"},
				"down": {"uv": [0, 0, 0.8, 0.5], "texture": "#2"}
			}
		},
		{
			"from": [7.2, -0.1, 4.6],
			"to": [8, 1, 15],
			"faces": {
				"north": {"uv": [0, 0, 0.6, 1], "texture": "#2"},
				"east": {"uv": [0, 0, 10.4, 1], "texture": "#2"},
				"south": {"uv": [0, 0, 0.6, 1], "texture": "#2"},
				"west": {"uv": [0, 0, 10.4, 1], "texture": "#2"},
				"up": {"uv": [0, 0, 0.6, 10.4], "texture": "#2"},
				"down": {"uv": [0, 0, 0.6, 10.4], "texture": "#2"}
			}
		},
		{
			"from": [4.65339, 0.30917, 5.10568],
			"to": [5.15339, 1.00917, 5.40568],
			"rotation": {"angle": 22.5, "axis": "z", "origin": [4.95339, 8.40917, 8.00568]},
			"faces": {
				"north": {"uv": [0, 0, 0.5, 0.7], "texture": "#2"},
				"east": {"uv": [0, 0, 0.3, 0.7], "texture": "#2"},
				"south": {"uv": [0, 0, 0.5, 0.7], "texture": "#2"},
				"west": {"uv": [0, 0, 0.3, 0.7], "texture": "#2"},
				"up": {"uv": [0, 0, 0.5, 0.3], "texture": "#2"},
				"down": {"uv": [0, 0, 0.5, 0.3], "texture": "#2"}
			}
		},
		{
			"from": [10.03866, 0.28566, 5.09056],
			"to": [10.53866, 0.98566, 5.39056],
			"rotation": {"angle": -22.5, "axis": "z", "origin": [10.33866, 8.38566, 7.99056]},
			"faces": {
				"north": {"uv": [0, 0, 0.5, 0.7], "texture": "#2"},
				"east": {"uv": [0, 0, 0.3, 0.7], "texture": "#2"},
				"south": {"uv": [0, 0, 0.5, 0.7], "texture": "#2"},
				"west": {"uv": [0, 0, 0.3, 0.7], "texture": "#2"},
				"up": {"uv": [0, 0, 0.5, 0.3], "texture": "#2"},
				"down": {"uv": [0, 0, 0.5, 0.3], "texture": "#2"}
			}
		},
		{
			"from": [7.10337, -1.46594, 6.99021],
			"to": [8.10337, -0.26594, 7.49021],
			"rotation": {"angle": 22.5, "axis": "x", "origin": [8.00337, 6.33406, 10.09021]},
			"faces": {
				"north": {"uv": [0, 0, 1, 1.2], "texture": "#2"},
				"east": {"uv": [0, 0, 0.5, 1.2], "texture": "#2"},
				"south": {"uv": [0, 0, 1, 1.2], "texture": "#2"},
				"west": {"uv": [0, 0, 0.5, 1.2], "texture": "#2"},
				"up": {"uv": [0, 0, 1, 0.5], "texture": "#2"},
				"down": {"uv": [0, 0, 1, 0.5], "texture": "#2"}
			}
		},
		{
			"from": [7.00337, -1.36594, 6.99021],
			"to": [8.20337, -0.71594, 7.49021],
			"rotation": {"angle": 22.5, "axis": "x", "origin": [8.00337, 6.33406, 10.09021]},
			"faces": {
				"north": {"uv": [0, 0, 1.2, 0.65], "texture": "#2"},
				"east": {"uv": [0, 0, 0.5, 0.65], "texture": "#2"},
				"south": {"uv": [0, 0, 1.2, 0.65], "texture": "#2"},
				"west": {"uv": [0, 0, 0.5, 0.65], "texture": "#2"},
				"up": {"uv": [0, 0, 1.2, 0.5], "texture": "#2"},
				"down": {"uv": [0, 0, 1.2, 0.5], "texture": "#2"}
			}
		},
		{
			"from": [7.20337, -1.56594, 6.99021],
			"to": [8.00337, -0.26594, 7.49021],
			"rotation": {"angle": 22.5, "axis": "x", "origin": [8.00337, 6.33406, 10.09021]},
			"faces": {
				"north": {"uv": [0, 0, 0.8, 1.3], "texture": "#2"},
				"east": {"uv": [0, 0, 0.5, 1.3], "texture": "#2"},
				"south": {"uv": [0, 0, 0.8, 1.3], "texture": "#2"},
				"west": {"uv": [0, 0, 0.5, 1.3], "texture": "#2"},
				"up": {"uv": [0, 0, 0.8, 0.5], "texture": "#2"},
				"down": {"uv": [0, 0, 0.8, 0.5], "texture": "#2"}
			}
		},
		{
			"from": [7.30337, -1.76594, 6.99021],
			"to": [7.90337, -0.26594, 7.49021],
			"rotation": {"angle": 22.5, "axis": "x", "origin": [8.00337, 6.33406, 10.09021]},
			"faces": {
				"north": {"uv": [0, 0, 0.6, 1.5], "texture": "#2"},
				"east": {"uv": [0, 0, 0.5, 1.5], "texture": "#2"},
				"south": {"uv": [0, 0, 0.6, 1.5], "texture": "#2"},
				"west": {"uv": [0, 0, 0.5, 1.5], "texture": "#2"},
				"up": {"uv": [0, 0, 0.6, 0.5], "texture": "#2"},
				"down": {"uv": [0, 0, 0.6, 0.5], "texture": "#2"}
			}
		},
		{
			"from": [7.24682, 1.88837, 12.8947],
			"to": [7.94682, 2.08837, 14.5947],
			"faces": {
				"north": {"uv": [0, 0, 0.7, 0.2], "texture": "#2"},
				"east": {"uv": [0, 0, 1.7, 0.2], "texture": "#2"},
				"south": {"uv": [0, 0, 0.7, 0.2], "texture": "#2"},
				"west": {"uv": [0, 0, 1.7, 0.2], "texture": "#2"},
				"up": {"uv": [0, 0, 0.7, 1.7], "texture": "#2"},
				"down": {"uv": [0, 0, 0.7, 1.7], "texture": "#2"}
			}
		},
		{
			"from": [7.29682, 1.93837, 7.2447],
			"to": [7.89682, 2.08837, 7.4947],
			"faces": {
				"north": {"uv": [0, 0, 0.6, 0.15], "texture": "#1"},
				"east": {"uv": [0, 0, 0.25, 0.15], "texture": "#1"},
				"south": {"uv": [0, 0, 0.6, 0.15], "texture": "#1"},
				"west": {"uv": [0, 0, 0.25, 0.15], "texture": "#1"},
				"up": {"uv": [0, 0, 0.6, 0.25], "texture": "#1"},
				"down": {"uv": [0, 0, 0.6, 0.25], "texture": "#1"}
			}
		},
		{
			"from": [7.29682, 1.93837, 6.7447],
			"to": [7.89682, 2.08837, 6.9947],
			"faces": {
				"north": {"uv": [0, 0, 0.6, 0.15], "texture": "#1"},
				"east": {"uv": [0, 0, 0.25, 0.15], "texture": "#1"},
				"south": {"uv": [0, 0, 0.6, 0.15], "texture": "#1"},
				"west": {"uv": [0, 0, 0.25, 0.15], "texture": "#1"},
				"up": {"uv": [0, 0, 0.6, 0.25], "texture": "#1"},
				"down": {"uv": [0, 0, 0.6, 0.25], "texture": "#1"}
			}
		},
		{
			"from": [7.29682, 1.93837, 7.7447],
			"to": [7.89682, 2.08837, 7.9947],
			"faces": {
				"north": {"uv": [0, 0, 0.6, 0.15], "texture": "#1"},
				"east": {"uv": [0, 0, 0.25, 0.15], "texture": "#1"},
				"south": {"uv": [0, 0, 0.6, 0.15], "texture": "#1"},
				"west": {"uv": [0, 0, 0.25, 0.15], "texture": "#1"},
				"up": {"uv": [0, 0, 0.6, 0.25], "texture": "#1"},
				"down": {"uv": [0, 0, 0.6, 0.25], "texture": "#1"}
			}
		},
		{
			"from": [7.29682, 1.93837, 8.2447],
			"to": [7.89682, 2.08837, 8.4947],
			"faces": {
				"north": {"uv": [0, 0, 0.6, 0.15], "texture": "#1"},
				"east": {"uv": [0, 0, 0.25, 0.15], "texture": "#1"},
				"south": {"uv": [0, 0, 0.6, 0.15], "texture": "#1"},
				"west": {"uv": [0, 0, 0.25, 0.15], "texture": "#1"},
				"up": {"uv": [0, 0, 0.6, 0.25], "texture": "#1"},
				"down": {"uv": [0, 0, 0.6, 0.25], "texture": "#1"}
			}
		},
		{
			"from": [7.29682, 1.93837, 8.7447],
			"to": [7.89682, 2.08837, 8.9947],
			"faces": {
				"north": {"uv": [0, 0, 0.6, 0.15], "texture": "#1"},
				"east": {"uv": [0, 0, 0.25, 0.15], "texture": "#1"},
				"south": {"uv": [0, 0, 0.6, 0.15], "texture": "#1"},
				"west": {"uv": [0, 0, 0.25, 0.15], "texture": "#1"},
				"up": {"uv": [0, 0, 0.6, 0.25], "texture": "#1"},
				"down": {"uv": [0, 0, 0.6, 0.25], "texture": "#1"}
			}
		},
		{
			"from": [7.29682, 1.93837, 9.2447],
			"to": [7.89682, 2.08837, 9.4947],
			"faces": {
				"north": {"uv": [0, 0, 0.6, 0.15], "texture": "#1"},
				"east": {"uv": [0, 0, 0.25, 0.15], "texture": "#1"},
				"south": {"uv": [0, 0, 0.6, 0.15], "texture": "#1"},
				"west": {"uv": [0, 0, 0.25, 0.15], "texture": "#1"},
				"up": {"uv": [0, 0, 0.6, 0.25], "texture": "#1"},
				"down": {"uv": [0, 0, 0.6, 0.25], "texture": "#1"}
			}
		},
		{
			"from": [7.29682, 1.93837, 9.7447],
			"to": [7.89682, 2.08837, 9.9947],
			"faces": {
				"north": {"uv": [0, 0, 0.6, 0.15], "texture": "#1"},
				"east": {"uv": [0, 0, 0.25, 0.15], "texture": "#1"},
				"south": {"uv": [0, 0, 0.6, 0.15], "texture": "#1"},
				"west": {"uv": [0, 0, 0.25, 0.15], "texture": "#1"},
				"up": {"uv": [0, 0, 0.6, 0.25], "texture": "#1"},
				"down": {"uv": [0, 0, 0.6, 0.25], "texture": "#1"}
			}
		},
		{
			"from": [7.29682, 1.93837, 10.2447],
			"to": [7.89682, 2.08837, 10.4947],
			"faces": {
				"north": {"uv": [0, 0, 0.6, 0.15], "texture": "#1"},
				"east": {"uv": [0, 0, 0.25, 0.15], "texture": "#1"},
				"south": {"uv": [0, 0, 0.6, 0.15], "texture": "#1"},
				"west": {"uv": [0, 0, 0.25, 0.15], "texture": "#1"},
				"up": {"uv": [0, 0, 0.6, 0.25], "texture": "#1"},
				"down": {"uv": [0, 0, 0.6, 0.25], "texture": "#1"}
			}
		},
		{
			"from": [7.29682, 1.93837, 10.7447],
			"to": [7.89682, 2.08837, 10.9947],
			"faces": {
				"north": {"uv": [0, 0, 0.6, 0.15], "texture": "#1"},
				"east": {"uv": [0, 0, 0.25, 0.15], "texture": "#1"},
				"south": {"uv": [0, 0, 0.6, 0.15], "texture": "#1"},
				"west": {"uv": [0, 0, 0.25, 0.15], "texture": "#1"},
				"up": {"uv": [0, 0, 0.6, 0.25], "texture": "#1"},
				"down": {"uv": [0, 0, 0.6, 0.25], "texture": "#1"}
			}
		},
		{
			"from": [7.29682, 1.93837, 11.2447],
			"to": [7.89682, 2.08837, 11.4947],
			"faces": {
				"north": {"uv": [0, 0, 0.6, 0.15], "texture": "#1"},
				"east": {"uv": [0, 0, 0.25, 0.15], "texture": "#1"},
				"south": {"uv": [0, 0, 0.6, 0.15], "texture": "#1"},
				"west": {"uv": [0, 0, 0.25, 0.15], "texture": "#1"},
				"up": {"uv": [0, 0, 0.6, 0.25], "texture": "#1"},
				"down": {"uv": [0, 0, 0.6, 0.25], "texture": "#1"}
			}
		},
		{
			"from": [7.29682, 1.93837, 11.7447],
			"to": [7.89682, 2.08837, 11.9947],
			"faces": {
				"north": {"uv": [0, 0, 0.6, 0.15], "texture": "#1"},
				"east": {"uv": [0, 0, 0.25, 0.15], "texture": "#1"},
				"south": {"uv": [0, 0, 0.6, 0.15], "texture": "#1"},
				"west": {"uv": [0, 0, 0.25, 0.15], "texture": "#1"},
				"up": {"uv": [0, 0, 0.6, 0.25], "texture": "#1"},
				"down": {"uv": [0, 0, 0.6, 0.25], "texture": "#1"}
			}
		},
		{
			"from": [7.29682, 1.93837, 12.2447],
			"to": [7.89682, 2.08837, 12.4947],
			"faces": {
				"north": {"uv": [0, 0, 0.6, 0.15], "texture": "#1"},
				"east": {"uv": [0, 0, 0.25, 0.15], "texture": "#1"},
				"south": {"uv": [0, 0, 0.6, 0.15], "texture": "#1"},
				"west": {"uv": [0, 0, 0.25, 0.15], "texture": "#1"},
				"up": {"uv": [0, 0, 0.6, 0.25], "texture": "#1"},
				"down": {"uv": [0, 0, 0.6, 0.25], "texture": "#1"}
			}
		},
		{
			"from": [6.77182, 0.41337, 8.1447],
			"to": [6.92182, 1.01337, 8.3947],
			"faces": {
				"north": {"uv": [0, 0, 0.6, 0.15], "rotation": 90, "texture": "#1"},
				"east": {"uv": [0, 0, 0.6, 0.25], "rotation": 270, "texture": "#1"},
				"south": {"uv": [0, 0, 0.6, 0.15], "rotation": 270, "texture": "#1"},
				"west": {"uv": [0, 0, 0.6, 0.25], "rotation": 90, "texture": "#1"},
				"up": {"uv": [0, 0, 0.25, 0.15], "rotation": 270, "texture": "#1"},
				"down": {"uv": [0, 0, 0.25, 0.15], "rotation": 270, "texture": "#1"}
			}
		},
		{
			"from": [6.77182, 0.41337, 7.6447],
			"to": [6.92182, 1.01337, 7.8947],
			"faces": {
				"north": {"uv": [0, 0, 0.6, 0.15], "rotation": 90, "texture": "#1"},
				"east": {"uv": [0, 0, 0.6, 0.25], "rotation": 270, "texture": "#1"},
				"south": {"uv": [0, 0, 0.6, 0.15], "rotation": 270, "texture": "#1"},
				"west": {"uv": [0, 0, 0.6, 0.25], "rotation": 90, "texture": "#1"},
				"up": {"uv": [0, 0, 0.25, 0.15], "rotation": 270, "texture": "#1"},
				"down": {"uv": [0, 0, 0.25, 0.15], "rotation": 270, "texture": "#1"}
			}
		},
		{
			"from": [6.77182, 0.41337, 7.1447],
			"to": [6.92182, 1.01337, 7.3947],
			"faces": {
				"north": {"uv": [0, 0, 0.6, 0.15], "rotation": 90, "texture": "#1"},
				"east": {"uv": [0, 0, 0.6, 0.25], "rotation": 270, "texture": "#1"},
				"south": {"uv": [0, 0, 0.6, 0.15], "rotation": 270, "texture": "#1"},
				"west": {"uv": [0, 0, 0.6, 0.25], "rotation": 90, "texture": "#1"},
				"up": {"uv": [0, 0, 0.25, 0.15], "rotation": 270, "texture": "#1"},
				"down": {"uv": [0, 0, 0.25, 0.15], "rotation": 270, "texture": "#1"}
			}
		},
		{
			"from": [6.77182, 0.41337, 6.6447],
			"to": [6.92182, 1.01337, 6.8947],
			"faces": {
				"north": {"uv": [0, 0, 0.6, 0.15], "rotation": 90, "texture": "#1"},
				"east": {"uv": [0, 0, 0.6, 0.25], "rotation": 270, "texture": "#1"},
				"south": {"uv": [0, 0, 0.6, 0.15], "rotation": 270, "texture": "#1"},
				"west": {"uv": [0, 0, 0.6, 0.25], "rotation": 90, "texture": "#1"},
				"up": {"uv": [0, 0, 0.25, 0.15], "rotation": 270, "texture": "#1"},
				"down": {"uv": [0, 0, 0.25, 0.15], "rotation": 270, "texture": "#1"}
			}
		},
		{
			"from": [6.77182, 0.41337, 6.1447],
			"to": [6.92182, 1.01337, 6.3947],
			"faces": {
				"north": {"uv": [0, 0, 0.6, 0.15], "rotation": 90, "texture": "#1"},
				"east": {"uv": [0, 0, 0.6, 0.25], "rotation": 270, "texture": "#1"},
				"south": {"uv": [0, 0, 0.6, 0.15], "rotation": 270, "texture": "#1"},
				"west": {"uv": [0, 0, 0.6, 0.25], "rotation": 90, "texture": "#1"},
				"up": {"uv": [0, 0, 0.25, 0.15], "rotation": 270, "texture": "#1"},
				"down": {"uv": [0, 0, 0.25, 0.15], "rotation": 270, "texture": "#1"}
			}
		},
		{
			"from": [6.77182, 0.41337, 5.6447],
			"to": [6.92182, 1.01337, 5.8947],
			"faces": {
				"north": {"uv": [0, 0, 0.6, 0.15], "rotation": 90, "texture": "#1"},
				"east": {"uv": [0, 0, 0.6, 0.25], "rotation": 270, "texture": "#1"},
				"south": {"uv": [0, 0, 0.6, 0.15], "rotation": 270, "texture": "#1"},
				"west": {"uv": [0, 0, 0.6, 0.25], "rotation": 90, "texture": "#1"},
				"up": {"uv": [0, 0, 0.25, 0.15], "rotation": 270, "texture": "#1"},
				"down": {"uv": [0, 0, 0.25, 0.15], "rotation": 270, "texture": "#1"}
			}
		},
		{
			"from": [6.77182, 0.41337, 5.1447],
			"to": [6.92182, 1.01337, 5.3947],
			"faces": {
				"north": {"uv": [0, 0, 0.6, 0.15], "rotation": 90, "texture": "#1"},
				"east": {"uv": [0, 0, 0.6, 0.25], "rotation": 270, "texture": "#1"},
				"south": {"uv": [0, 0, 0.6, 0.15], "rotation": 270, "texture": "#1"},
				"west": {"uv": [0, 0, 0.6, 0.25], "rotation": 90, "texture": "#1"},
				"up": {"uv": [0, 0, 0.25, 0.15], "rotation": 270, "texture": "#1"},
				"down": {"uv": [0, 0, 0.25, 0.15], "rotation": 270, "texture": "#1"}
			}
		},
		{
			"from": [8.27182, 0.41337, 8.1447],
			"to": [8.42182, 1.01337, 8.3947],
			"faces": {
				"north": {"uv": [0, 0, 0.6, 0.15], "rotation": 90, "texture": "#1"},
				"east": {"uv": [0, 0, 0.6, 0.25], "rotation": 270, "texture": "#1"},
				"south": {"uv": [0, 0, 0.6, 0.15], "rotation": 270, "texture": "#1"},
				"west": {"uv": [0, 0, 0.6, 0.25], "rotation": 90, "texture": "#1"},
				"up": {"uv": [0, 0, 0.25, 0.15], "rotation": 270, "texture": "#1"},
				"down": {"uv": [0, 0, 0.25, 0.15], "rotation": 270, "texture": "#1"}
			}
		},
		{
			"from": [8.27182, 0.41337, 7.6447],
			"to": [8.42182, 1.01337, 7.8947],
			"faces": {
				"north": {"uv": [0, 0, 0.6, 0.15], "rotation": 90, "texture": "#1"},
				"east": {"uv": [0, 0, 0.6, 0.25], "rotation": 270, "texture": "#1"},
				"south": {"uv": [0, 0, 0.6, 0.15], "rotation": 270, "texture": "#1"},
				"west": {"uv": [0, 0, 0.6, 0.25], "rotation": 90, "texture": "#1"},
				"up": {"uv": [0, 0, 0.25, 0.15], "rotation": 270, "texture": "#1"},
				"down": {"uv": [0, 0, 0.25, 0.15], "rotation": 270, "texture": "#1"}
			}
		},
		{
			"from": [8.27182, 0.41337, 7.1447],
			"to": [8.42182, 1.01337, 7.3947],
			"faces": {
				"north": {"uv": [0, 0, 0.6, 0.15], "rotation": 90, "texture": "#1"},
				"east": {"uv": [0, 0, 0.6, 0.25], "rotation": 270, "texture": "#1"},
				"south": {"uv": [0, 0, 0.6, 0.15], "rotation": 270, "texture": "#1"},
				"west": {"uv": [0, 0, 0.6, 0.25], "rotation": 90, "texture": "#1"},
				"up": {"uv": [0, 0, 0.25, 0.15], "rotation": 270, "texture": "#1"},
				"down": {"uv": [0, 0, 0.25, 0.15], "rotation": 270, "texture": "#1"}
			}
		},
		{
			"from": [8.27182, 0.41337, 6.6447],
			"to": [8.42182, 1.01337, 6.8947],
			"faces": {
				"north": {"uv": [0, 0, 0.6, 0.15], "rotation": 90, "texture": "#1"},
				"east": {"uv": [0, 0, 0.6, 0.25], "rotation": 270, "texture": "#1"},
				"south": {"uv": [0, 0, 0.6, 0.15], "rotation": 270, "texture": "#1"},
				"west": {"uv": [0, 0, 0.6, 0.25], "rotation": 90, "texture": "#1"},
				"up": {"uv": [0, 0, 0.25, 0.15], "rotation": 270, "texture": "#1"},
				"down": {"uv": [0, 0, 0.25, 0.15], "rotation": 270, "texture": "#1"}
			}
		},
		{
			"from": [8.27182, 0.41337, 6.1447],
			"to": [8.42182, 1.01337, 6.3947],
			"faces": {
				"north": {"uv": [0, 0, 0.6, 0.15], "rotation": 90, "texture": "#1"},
				"east": {"uv": [0, 0, 0.6, 0.25], "rotation": 270, "texture": "#1"},
				"south": {"uv": [0, 0, 0.6, 0.15], "rotation": 270, "texture": "#1"},
				"west": {"uv": [0, 0, 0.6, 0.25], "rotation": 90, "texture": "#1"},
				"up": {"uv": [0, 0, 0.25, 0.15], "rotation": 270, "texture": "#1"},
				"down": {"uv": [0, 0, 0.25, 0.15], "rotation": 270, "texture": "#1"}
			}
		},
		{
			"from": [8.27182, 0.41337, 5.6447],
			"to": [8.42182, 1.01337, 5.8947],
			"faces": {
				"north": {"uv": [0, 0, 0.6, 0.15], "rotation": 90, "texture": "#1"},
				"east": {"uv": [0, 0, 0.6, 0.25], "rotation": 270, "texture": "#1"},
				"south": {"uv": [0, 0, 0.6, 0.15], "rotation": 270, "texture": "#1"},
				"west": {"uv": [0, 0, 0.6, 0.25], "rotation": 90, "texture": "#1"},
				"up": {"uv": [0, 0, 0.25, 0.15], "rotation": 270, "texture": "#1"},
				"down": {"uv": [0, 0, 0.25, 0.15], "rotation": 270, "texture": "#1"}
			}
		},
		{
			"from": [8.27182, 0.41337, 5.1447],
			"to": [8.42182, 1.01337, 5.3947],
			"faces": {
				"north": {"uv": [0, 0, 0.6, 0.15], "rotation": 90, "texture": "#1"},
				"east": {"uv": [0, 0, 0.6, 0.25], "rotation": 270, "texture": "#1"},
				"south": {"uv": [0, 0, 0.6, 0.15], "rotation": 270, "texture": "#1"},
				"west": {"uv": [0, 0, 0.6, 0.25], "rotation": 90, "texture": "#1"},
				"up": {"uv": [0, 0, 0.25, 0.15], "rotation": 270, "texture": "#1"},
				"down": {"uv": [0, 0, 0.25, 0.15], "rotation": 270, "texture": "#1"}
			}
		},
		{
			"from": [6.92182, 0.51337, 5.0447],
			"to": [8.27182, 0.91337, 8.4947],
			"faces": {
				"north": {"uv": [0, 0, 0.6, 0.15], "rotation": 90, "texture": "#1"},
				"east": {"uv": [0, 0, 0.6, 0.25], "rotation": 270, "texture": "#1"},
				"south": {"uv": [0, 0, 0.6, 0.15], "rotation": 270, "texture": "#1"},
				"west": {"uv": [0, 0, 0.6, 0.25], "rotation": 90, "texture": "#1"},
				"up": {"uv": [0, 0, 0.25, 0.15], "rotation": 270, "texture": "#1"},
				"down": {"uv": [0, 0, 0.25, 0.15], "rotation": 270, "texture": "#1"}
			}
		},
		{
			"from": [7.34682, 1.88837, 4.8947],
			"to": [7.84682, 1.98837, 14.9947],
			"faces": {
				"north": {"uv": [0, 0, 0.5, 0.1], "texture": "#2"},
				"east": {"uv": [0, 0, 10.1, 0.1], "texture": "#2"},
				"south": {"uv": [0, 0, 0.5, 0.1], "texture": "#2"},
				"west": {"uv": [0, 0, 10.1, 0.1], "texture": "#2"},
				"up": {"uv": [0, 0, 0.5, 10.1], "texture": "#2"},
				"down": {"uv": [0, 0, 0.5, 10.1], "texture": "#2"}
			}
		},
		{
			"from": [7.14682, 1.88837, 12.8947],
			"to": [7.24682, 2.28837, 14.3947],
			"faces": {
				"north": {"uv": [0, 0, 0.1, 0.4], "texture": "#2"},
				"east": {"uv": [0, 0, 1.5, 0.4], "texture": "#2"},
				"south": {"uv": [0, 0, 0.1, 0.4], "texture": "#2"},
				"west": {"uv": [0, 0, 1.5, 0.4], "texture": "#2"},
				"up": {"uv": [0, 0, 0.1, 1.5], "texture": "#2"},
				"down": {"uv": [0, 0, 0.1, 1.5], "texture": "#2"}
			}
		},
		{
			"from": [7.94682, 1.88837, 12.8947],
			"to": [8.04682, 2.28837, 14.3947],
			"faces": {
				"north": {"uv": [0, 0, 0.1, 0.4], "texture": "#2"},
				"east": {"uv": [0, 0, 1.5, 0.4], "texture": "#2"},
				"south": {"uv": [0, 0, 0.1, 0.4], "texture": "#2"},
				"west": {"uv": [0, 0, 1.5, 0.4], "texture": "#2"},
				"up": {"uv": [0, 0, 0.1, 1.5], "texture": "#2"},
				"down": {"uv": [0, 0, 0.1, 1.5], "texture": "#2"}
			}
		},
		{
			"from": [7.14682, 1.88837, 13.5947],
			"to": [7.24682, 2.48837, 14.3947],
			"faces": {
				"north": {"uv": [0, 0, 0.1, 0.6], "texture": "#2"},
				"east": {"uv": [0, 0, 0.8, 0.6], "texture": "#2"},
				"south": {"uv": [0, 0, 0.1, 0.6], "texture": "#2"},
				"west": {"uv": [0, 0, 0.8, 0.6], "texture": "#2"},
				"up": {"uv": [0, 0, 0.1, 0.8], "texture": "#2"},
				"down": {"uv": [0, 0, 0.1, 0.8], "texture": "#2"}
			}
		},
		{
			"from": [7.94682, 1.88837, 13.5947],
			"to": [8.04682, 2.48837, 14.3947],
			"faces": {
				"north": {"uv": [0, 0, 0.1, 0.6], "texture": "#2"},
				"east": {"uv": [0, 0, 0.8, 0.6], "texture": "#2"},
				"south": {"uv": [0, 0, 0.1, 0.6], "texture": "#2"},
				"west": {"uv": [0, 0, 0.8, 0.6], "texture": "#2"},
				"up": {"uv": [0, 0, 0.1, 0.8], "texture": "#2"},
				"down": {"uv": [0, 0, 0.1, 0.8], "texture": "#2"}
			}
		},
		{
			"from": [7.15114, 1.20928, 14.33449],
			"to": [7.25114, 1.80928, 15.03449],
			"rotation": {"angle": -22.5, "axis": "x", "origin": [7.60546, -1.0698, 12.67427]},
			"faces": {
				"north": {"uv": [0, 0, 0.1, 0.6], "texture": "#2"},
				"east": {"uv": [0, 0, 0.7, 0.6], "texture": "#2"},
				"south": {"uv": [0, 0, 0.1, 0.6], "texture": "#2"},
				"west": {"uv": [0, 0, 0.7, 0.6], "texture": "#2"},
				"up": {"uv": [0, 0, 0.1, 0.7], "texture": "#2"},
				"down": {"uv": [0, 0, 0.1, 0.7], "texture": "#2"}
			}
		},
		{
			"from": [7.95114, 1.20928, 14.33449],
			"to": [8.05114, 1.80928, 15.03449],
			"rotation": {"angle": -22.5, "axis": "x", "origin": [7.60546, -1.0698, 12.67427]},
			"faces": {
				"north": {"uv": [0, 0, 0.1, 0.6], "texture": "#2"},
				"east": {"uv": [0, 0, 0.7, 0.6], "texture": "#2"},
				"south": {"uv": [0, 0, 0.1, 0.6], "texture": "#2"},
				"west": {"uv": [0, 0, 0.7, 0.6], "texture": "#2"},
				"up": {"uv": [0, 0, 0.1, 0.7], "texture": "#2"},
				"down": {"uv": [0, 0, 0.1, 0.7], "texture": "#2"}
			}
		},
		{
			"from": [7.34682, 1.88837, 12.8947],
			"to": [7.84682, 2.23837, 14.3947],
			"faces": {
				"north": {"uv": [0, 0, 0.5, 0.35], "texture": "#2"},
				"east": {"uv": [0, 0, 1.5, 0.35], "texture": "#2"},
				"south": {"uv": [0, 0, 0.5, 0.35], "texture": "#2"},
				"west": {"uv": [0, 0, 1.5, 0.35], "texture": "#2"},
				"up": {"uv": [0, 0, 0.5, 1.5], "texture": "#2"},
				"down": {"uv": [0, 0, 0.5, 1.5], "texture": "#2"}
			}
		},
		{
			"from": [7.74682, 1.88837, 14.0947],
			"to": [7.84682, 2.43837, 14.2947],
			"faces": {
				"north": {"uv": [0, 0, 0.1, 0.55], "texture": "#2"},
				"east": {"uv": [0, 0, 0.2, 0.55], "texture": "#2"},
				"south": {"uv": [0, 0, 0.1, 0.55], "texture": "#2"},
				"west": {"uv": [0, 0, 0.2, 0.55], "texture": "#2"},
				"up": {"uv": [0, 0, 0.1, 0.2], "texture": "#2"},
				"down": {"uv": [0, 0, 0.1, 0.2], "texture": "#2"}
			}
		},
		{
			"from": [7.34682, 1.88837, 14.0947],
			"to": [7.44682, 2.43837, 14.2947],
			"faces": {
				"north": {"uv": [0, 0, 0.1, 0.55], "texture": "#2"},
				"east": {"uv": [0, 0, 0.2, 0.55], "texture": "#2"},
				"south": {"uv": [0, 0, 0.1, 0.55], "texture": "#2"},
				"west": {"uv": [0, 0, 0.2, 0.55], "texture": "#2"},
				"up": {"uv": [0, 0, 0.1, 0.2], "texture": "#2"},
				"down": {"uv": [0, 0, 0.1, 0.2], "texture": "#2"}
			}
		},
		{
			"from": [6.99682, -0.81163, 15.0947],
			"to": [8.19682, 1.38837, 15.6947],
			"faces": {
				"north": {"uv": [0, 0, 1.2, 2], "texture": "#2"},
				"east": {"uv": [0, 0, 0.6, 2], "texture": "#2"},
				"south": {"uv": [0, 0, 1.2, 2], "texture": "#2"},
				"west": {"uv": [0, 0, 0.6, 2], "texture": "#2"},
				"up": {"uv": [0, 0, 1.2, 0.6], "texture": "#2"},
				"down": {"uv": [0, 0, 1.2, 0.6], "texture": "#2"}
			}
		},
		{
			"from": [4.5898, -1.89749, 15.09544],
			"to": [5.0898, -0.89749, 15.69544],
			"rotation": {"angle": 22.5, "axis": "z", "origin": [5.5898, 5.20251, 7.99544]},
			"faces": {
				"north": {"uv": [0, 0, 0.5, 1], "texture": "#2"},
				"east": {"uv": [0, 0, 0.6, 1], "texture": "#2"},
				"south": {"uv": [0, 0, 0.5, 1], "texture": "#2"},
				"west": {"uv": [0, 0, 0.6, 1], "texture": "#2"},
				"up": {"uv": [0, 0, 0.5, 0.6], "texture": "#2"},
				"down": {"uv": [0, 0, 0.5, 0.6], "texture": "#2"}
			}
		},
		{
			"from": [9.99316, -2.46733, 15.09469],
			"to": [10.49316, -1.46733, 15.69469],
			"rotation": {"angle": -22.5, "axis": "z", "origin": [10.99316, 4.63267, 7.99469]},
			"faces": {
				"north": {"uv": [0, 0, 0.5, 1], "texture": "#2"},
				"east": {"uv": [0, 0, 0.6, 1], "texture": "#2"},
				"south": {"uv": [0, 0, 0.5, 1], "texture": "#2"},
				"west": {"uv": [0, 0, 0.6, 1], "texture": "#2"},
				"up": {"uv": [0, 0, 0.5, 0.6], "texture": "#2"},
				"down": {"uv": [0, 0, 0.5, 0.6], "texture": "#2"}
			}
		},
		{
			"from": [7.09682, 0.08837, 10.9947],
			"to": [8.09682, 1.68837, 15.0947],
			"faces": {
				"north": {"uv": [0, 0, 1, 1.6], "texture": "#2"},
				"east": {"uv": [0, 0, 4.1, 1.6], "texture": "#2"},
				"south": {"uv": [0, 0, 1, 1.6], "texture": "#2"},
				"west": {"uv": [0, 0, 4.1, 1.6], "texture": "#2"},
				"up": {"uv": [0, 0, 1, 4.1], "texture": "#2"},
				"down": {"uv": [0, 0, 1, 4.1], "texture": "#2"}
			}
		},
		{
			"from": [7.74682, 1.88837, 6.2947],
			"to": [7.84682, 2.18837, 6.5947],
			"faces": {
				"north": {"uv": [0, 0, 0.1, 0.4], "texture": "#2"},
				"east": {"uv": [0, 0, 0.9, 0.4], "texture": "#2"},
				"south": {"uv": [0, 0, 0.1, 0.4], "texture": "#2"},
				"west": {"uv": [0, 0, 0.9, 0.4], "texture": "#2"},
				"up": {"uv": [0, 0, 0.1, 0.9], "texture": "#2"},
				"down": {"uv": [0, 0, 0.1, 0.9], "texture": "#2"}
			}
		},
		{
			"from": [7.34682, 1.88837, 6.2947],
			"to": [7.44682, 2.18837, 6.5947],
			"faces": {
				"north": {"uv": [0, 0, 0.1, 0.4], "texture": "#2"},
				"east": {"uv": [0, 0, 0.9, 0.4], "texture": "#2"},
				"south": {"uv": [0, 0, 0.1, 0.4], "texture": "#2"},
				"west": {"uv": [0, 0, 0.9, 0.4], "texture": "#2"},
				"up": {"uv": [0, 0, 0.1, 0.9], "texture": "#2"},
				"down": {"uv": [0, 0, 0.1, 0.9], "texture": "#2"}
			}
		},
		{
			"from": [7.34682, 1.88837, 5.3947],
			"to": [7.84682, 2.03837, 6.3947],
			"faces": {
				"north": {"uv": [0, 0, 0.5, 0.35], "texture": "#2"},
				"east": {"uv": [0, 0, 1, 0.35], "texture": "#2"},
				"south": {"uv": [0, 0, 0.5, 0.35], "texture": "#2"},
				"west": {"uv": [0, 0, 1, 0.35], "texture": "#2"},
				"up": {"uv": [0, 0, 0.5, 1], "texture": "#2"},
				"down": {"uv": [0, 0, 0.5, 1], "texture": "#2"}
			}
		},
		{
			"from": [7.54682, 1.88837, 6.0947],
			"to": [7.64682, 2.23837, 6.2947],
			"faces": {
				"north": {"uv": [0, 0, 0.1, 0.55], "texture": "#2"},
				"east": {"uv": [0, 0, 0.4, 0.55], "texture": "#2"},
				"south": {"uv": [0, 0, 0.1, 0.55], "texture": "#2"},
				"west": {"uv": [0, 0, 0.4, 0.55], "texture": "#2"},
				"up": {"uv": [0, 0, 0.1, 0.4], "texture": "#2"},
				"down": {"uv": [0, 0, 0.1, 0.4], "texture": "#2"}
			}
		},
		{
			"from": [6.99682, -0.11163, 8.4947],
			"to": [8.19682, 0.88837, 14.9947],
			"faces": {
				"north": {"uv": [0, 0, 1.2, 1.9], "texture": "#2"},
				"east": {"uv": [0, 0, 4, 1.9], "texture": "#2"},
				"south": {"uv": [0, 0, 1.2, 1.9], "texture": "#2"},
				"west": {"uv": [0, 0, 4, 1.9], "texture": "#2"},
				"up": {"uv": [0, 0, 1.2, 4], "texture": "#2"},
				"down": {"uv": [0, 0, 1.2, 4], "texture": "#2"}
			}
		},
		{
			"from": [7.43176, -3.46144, 9.16396],
			"to": [7.94376, 0.02784, 10.68588],
			"faces": {
				"north": {"uv": [0, 0, 0.8, 4.7], "texture": "#2"},
				"east": {"uv": [0, 0, 2.05, 4.7], "texture": "#2"},
				"south": {"uv": [0, 0, 0.8, 4.7], "texture": "#2"},
				"west": {"uv": [0, 0, 2.05, 4.7], "texture": "#2"},
				"up": {"uv": [0.8, 2.05, 0, 0], "texture": "#2"},
				"down": {"uv": [0.8, 2.05, 0, 0], "texture": "#2"}
			}
		},
		{
			"from": [7.30296, -3.46144, 9.30194],
			"to": [7.71896, 0.02784, 9.52466],
			"rotation": {"angle": -45, "axis": "y", "origin": [7.51096, -1.93952, 9.4133]},
			"faces": {
				"north": {"uv": [0, 0, 0.65, 4.7], "texture": "#2"},
				"east": {"uv": [0, 0, 0.3, 4.7], "texture": "#2"},
				"south": {"uv": [0, 0, 0.65, 4.7], "texture": "#2"},
				"west": {"uv": [0, 0, 0.3, 4.7], "texture": "#2"},
				"up": {"uv": [0.3, 0.65, 0, 0], "rotation": 270, "texture": "#2"},
				"down": {"uv": [0.3, 0.65, 0, 0], "rotation": 90, "texture": "#2"}
			}
		},
		{
			"from": [7.296, -3.46144, 9.32144],
			"to": [8.064, 0.02784, 10.62064],
			"faces": {
				"north": {"uv": [0, 0, 1.2, 4.7], "texture": "#2"},
				"east": {"uv": [0, 0, 1.75, 4.7], "texture": "#2"},
				"south": {"uv": [0, 0, 1.2, 4.7], "texture": "#2"},
				"west": {"uv": [0, 0, 1.75, 4.7], "texture": "#2"},
				"up": {"uv": [1.2, 1.75, 0, 0], "texture": "#2"},
				"down": {"uv": [1.2, 1.75, 0, 0], "texture": "#2"}
			}
		},
		{
			"from": [7.23976, -3.46144, 9.46092],
			"to": [8.13576, 0.23664, 10.95036],
			"faces": {
				"north": {"uv": [0, 0, 1.4, 4.2], "texture": "#2"},
				"east": {"uv": [0, 0, 1.85, 4.2], "texture": "#2"},
				"south": {"uv": [0, 0, 1.4, 4.2], "texture": "#2"},
				"west": {"uv": [0, 0, 1.85, 4.2], "texture": "#2"},
				"up": {"uv": [1.4, 1.85, 0, 0], "texture": "#2"},
				"down": {"uv": [1.4, 1.85, 0, 0], "texture": "#2"}
			}
		},
		{
			"from": [7.64104, -3.46144, 9.30194],
			"to": [8.05704, 0.02784, 9.52466],
			"rotation": {"angle": 45, "axis": "y", "origin": [7.84904, -1.93952, 9.4133]},
			"faces": {
				"north": {"uv": [0, 0, 0.65, 4.7], "texture": "#2"},
				"east": {"uv": [0, 0, 0.3, 4.7], "texture": "#2"},
				"south": {"uv": [0, 0, 0.65, 4.7], "texture": "#2"},
				"west": {"uv": [0, 0, 0.3, 4.7], "texture": "#2"},
				"up": {"uv": [0.3, 0.65, 0, 0], "rotation": 270, "texture": "#2"},
				"down": {"uv": [0.3, 0.65, 0, 0], "rotation": 90, "texture": "#2"}
			}
		},
		{
			"from": [7.43924, -3.54119, 10.80827],
			"to": [7.93524, 0.15689, 10.92427],
			"faces": {
				"north": {"uv": [0, 0, 1.4, 4.2], "texture": "#1"},
				"east": {"uv": [0, 0, 1.85, 4.2], "texture": "#1"},
				"south": {"uv": [0, 0, 1.4, 4.2], "texture": "#1"},
				"west": {"uv": [0, 0, 1.85, 4.2], "texture": "#1"},
				"up": {"uv": [1.4, 1.85, 0, 0], "texture": "#1"},
				"down": {"uv": [1.4, 1.85, 0, 0], "texture": "#1"}
			}
		},
		{
			"from": [7.38917, -3.58557, 9.42774],
			"to": [7.98517, 0.11251, 10.81718],
			"faces": {
				"north": {"uv": [0, 0, 1.4, 4.2], "texture": "#1"},
				"east": {"uv": [0, 0, 1.85, 4.2], "texture": "#1"},
				"south": {"uv": [0, 0, 1.4, 4.2], "texture": "#1"},
				"west": {"uv": [0, 0, 1.85, 4.2], "texture": "#1"},
				"up": {"uv": [1.4, 1.85, 0, 0], "texture": "#1"},
				"down": {"uv": [1.4, 1.85, 0, 0], "texture": "#1"}
			}
		},
		{
			"from": [7.23976, -3.4805, 11.84942],
			"to": [8.13576, -2.56642, 13.33886],
			"rotation": {"angle": 22.5, "axis": "x", "origin": [7.68, 2.53294, 12.19251]},
			"faces": {
				"north": {"uv": [0, 0, 1.4, 4.2], "texture": "#2"},
				"east": {"uv": [0, 0, 1.85, 4.2], "texture": "#2"},
				"south": {"uv": [0, 0, 1.4, 4.2], "texture": "#2"},
				"west": {"uv": [0, 0, 1.85, 4.2], "texture": "#2"},
				"up": {"uv": [1.4, 1.85, 0, 0], "texture": "#2"},
				"down": {"uv": [1.4, 1.85, 0, 0], "texture": "#2"}
			}
		},
		{
			"from": [7.23976, -2.61694, 9.81072],
			"to": [8.13576, -1.70286, 11.30016],
			"faces": {
				"north": {"uv": [0, 0, 1.4, 4.2], "texture": "#2"},
				"east": {"uv": [0, 0, 1.85, 4.2], "texture": "#2"},
				"south": {"uv": [0, 0, 1.4, 4.2], "texture": "#2"},
				"west": {"uv": [0, 0, 1.85, 4.2], "texture": "#2"},
				"up": {"uv": [1.4, 1.85, 0, 0], "texture": "#2"},
				"down": {"uv": [1.4, 1.85, 0, 0], "texture": "#2"}
			}
		},
		{
			"from": [7.23976, -2.59929, 7.59674],
			"to": [8.13576, -1.68521, 9.08618],
			"rotation": {"angle": -22.5, "axis": "x", "origin": [7.68, 3.41415, 7.93982]},
			"faces": {
				"north": {"uv": [0, 0, 1.4, 4.2], "texture": "#2"},
				"east": {"uv": [0, 0, 1.85, 4.2], "texture": "#2"},
				"south": {"uv": [0, 0, 1.4, 4.2], "texture": "#2"},
				"west": {"uv": [0, 0, 1.85, 4.2], "texture": "#2"},
				"up": {"uv": [1.4, 1.85, 0, 0], "texture": "#2"},
				"down": {"uv": [1.4, 1.85, 0, 0], "texture": "#2"}
			}
		},
		{
			"from": [7.23976, 2.25923, 11.29719],
			"to": [8.13576, 3.04723, 12.58119],
			"rotation": {"angle": 45, "axis": "x", "origin": [7.68, 2.94323, 8.29295]},
			"faces": {
				"north": {"uv": [0, 0, 1.4, 4.2], "texture": "#2"},
				"east": {"uv": [0, 0, 1.85, 4.2], "texture": "#2"},
				"south": {"uv": [0, 0, 1.4, 4.2], "texture": "#2"},
				"west": {"uv": [0, 0, 1.85, 4.2], "texture": "#2"},
				"up": {"uv": [1.4, 1.85, 0, 0], "texture": "#2"},
				"down": {"uv": [1.4, 1.85, 0, 0], "texture": "#2"}
			}
		},
		{
			"from": [7.23976, -1.83744, 9.46092],
			"to": [8.13576, 0.23664, 11.18236],
			"faces": {
				"north": {"uv": [0, 0, 1.4, 4.2], "texture": "#2"},
				"east": {"uv": [0, 0, 1.85, 4.2], "texture": "#2"},
				"south": {"uv": [0, 0, 1.4, 4.2], "texture": "#2"},
				"west": {"uv": [0, 0, 1.85, 4.2], "texture": "#2"},
				"up": {"uv": [1.4, 1.85, 0, 0], "texture": "#2"},
				"down": {"uv": [1.4, 1.85, 0, 0], "texture": "#2"}
			}
		},
		{
			"from": [7.28917, -3.81757, 9.31174],
			"to": [8.08517, -3.58557, 10.93318],
			"faces": {
				"north": {"uv": [0, 0, 1.4, 4.2], "texture": "#1"},
				"east": {"uv": [0, 0, 1.85, 4.2], "texture": "#1"},
				"south": {"uv": [0, 0, 1.4, 4.2], "texture": "#1"},
				"west": {"uv": [0, 0, 1.85, 4.2], "texture": "#1"},
				"up": {"uv": [1.4, 1.85, 0, 0], "texture": "#1"},
				"down": {"uv": [1.4, 1.85, 0, 0], "texture": "#1"}
			}
		},
		{
			"from": [7.43176, -1.184, 8.04824],
			"to": [7.94376, -0.976, 10.66024],
			"faces": {
				"north": {"uv": [0, 0, 0.8, 4.7], "texture": "#2"},
				"east": {"uv": [0, 0, 2.05, 4.7], "texture": "#2"},
				"south": {"uv": [0, 0, 0.8, 4.7], "texture": "#2"},
				"west": {"uv": [0, 0, 2.05, 4.7], "texture": "#2"},
				"up": {"uv": [0.8, 2.05, 0, 0], "texture": "#2"},
				"down": {"uv": [0.8, 2.05, 0, 0], "texture": "#2"}
			}
		},
		{
			"from": [7.43176, -1.15827, 9.32738],
			"to": [7.94376, -0.95027, 9.43938],
			"rotation": {"angle": 22.5, "axis": "x", "origin": [7.68, 2.32573, 8.67914]},
			"faces": {
				"north": {"uv": [0, 0, 0.8, 4.7], "texture": "#2"},
				"east": {"uv": [0, 0, 2.05, 4.7], "texture": "#2"},
				"south": {"uv": [0, 0, 0.8, 4.7], "texture": "#2"},
				"west": {"uv": [0, 0, 2.05, 4.7], "texture": "#2"},
				"up": {"uv": [0.8, 2.05, 0, 0], "texture": "#2"},
				"down": {"uv": [0.8, 2.05, 0, 0], "texture": "#2"}
			}
		},
		{
			"from": [7.43176, -1.11736, 7.88735],
			"to": [7.94376, -0.90936, 7.99935],
			"rotation": {"angle": 45, "axis": "x", "origin": [7.68776, -1.06336, 7.94335]},
			"faces": {
				"north": {"uv": [0, 0, 0.8, 4.7], "texture": "#2"},
				"east": {"uv": [0, 0, 2.05, 4.7], "texture": "#2"},
				"south": {"uv": [0, 0, 0.8, 4.7], "texture": "#2"},
				"west": {"uv": [0, 0, 2.05, 4.7], "texture": "#2"},
				"up": {"uv": [0.8, 2.05, 0, 0], "texture": "#2"},
				"down": {"uv": [0.8, 2.05, 0, 0], "texture": "#2"}
			}
		},
		{
			"from": [7.43176, 0.12972, 6.88848],
			"to": [7.94376, 2.74172, 7.09648],
			"rotation": {"angle": -22.5, "axis": "x", "origin": [7.68, 1.98996, 10.37248]},
			"faces": {
				"north": {"uv": [0.8, 2.05, 0, 0], "rotation": 180, "texture": "#2"},
				"east": {"uv": [0, 0, 2.05, 4.7], "rotation": 270, "texture": "#2"},
				"south": {"uv": [0.8, 2.05, 0, 0], "texture": "#2"},
				"west": {"uv": [0, 0, 2.05, 4.7], "rotation": 90, "texture": "#2"},
				"up": {"uv": [0, 0, 0.8, 4.7], "rotation": 180, "texture": "#2"},
				"down": {"uv": [0, 0, 0.8, 4.7], "texture": "#2"}
			}
		},
		{
			"name": "hexadecagon",
			"from": [7.54033, 0.6, 2.7],
			"to": [7.65967, 0.65, 2.9],
			"rotation": {"angle": -45, "axis": "z", "origin": [7.6, 0.9, 3.8]},
			"faces": {
				"north": {"uv": [0, 0, 1, 1], "texture": "#1"},
				"east": {"uv": [0, 0, 1, 1], "texture": "#1"},
				"south": {"uv": [0, 0, 1, 1], "texture": "#1"},
				"west": {"uv": [0, 0, 1, 1], "texture": "#1"},
				"up": {"uv": [0, 0, 1, 1], "texture": "#1"},
				"down": {"uv": [0, 0, 1, 1], "texture": "#1"}
			}
		},
		{
			"name": "hexadecagon",
			"from": [7.54033, 0.6, 2.7],
			"to": [7.65967, 0.65, 2.9],
			"rotation": {"angle": -22.5, "axis": "z", "origin": [7.6, 0.9, 3.8]},
			"faces": {
				"north": {"uv": [0, 0, 1, 1], "texture": "#1"},
				"east": {"uv": [0, 0, 1, 1], "texture": "#1"},
				"south": {"uv": [0, 0, 1, 1], "texture": "#1"},
				"west": {"uv": [0, 0, 1, 1], "texture": "#1"},
				"up": {"uv": [0, 0, 1, 1], "texture": "#1"},
				"down": {"uv": [0, 0, 1, 1], "texture": "#1"}
			}
		},
		{
			"name": "hexadecagon",
			"from": [7.54033, 0.6, 2.7],
			"to": [7.65967, 0.65, 2.9],
			"faces": {
				"north": {"uv": [0, 0, 1, 1], "texture": "#1"},
				"east": {"uv": [0, 0, 1, 1], "texture": "#1"},
				"south": {"uv": [0, 0, 1, 1], "texture": "#1"},
				"west": {"uv": [0, 0, 1, 1], "texture": "#1"},
				"up": {"uv": [0, 0, 1, 1], "texture": "#1"},
				"down": {"uv": [0, 0, 1, 1], "texture": "#1"}
			}
		},
		{
			"name": "hexadecagon",
			"from": [7.54033, 0.6, 2.7],
			"to": [7.65967, 0.65, 2.9],
			"rotation": {"angle": 22.5, "axis": "z", "origin": [7.6, 0.9, 3.8]},
			"faces": {
				"north": {"uv": [0, 0, 1, 1], "texture": "#1"},
				"east": {"uv": [0, 0, 1, 1], "texture": "#1"},
				"south": {"uv": [0, 0, 1, 1], "texture": "#1"},
				"west": {"uv": [0, 0, 1, 1], "texture": "#1"},
				"up": {"uv": [0, 0, 1, 1], "texture": "#1"},
				"down": {"uv": [0, 0, 1, 1], "texture": "#1"}
			}
		},
		{
			"name": "hexadecagon",
			"from": [7.54033, 0.6, 2.7],
			"to": [7.65967, 0.65, 2.9],
			"rotation": {"angle": 45, "axis": "z", "origin": [7.6, 0.9, 3.8]},
			"faces": {
				"north": {"uv": [0, 0, 1, 1], "texture": "#1"},
				"east": {"uv": [0, 0, 1, 1], "texture": "#1"},
				"south": {"uv": [0, 0, 1, 1], "texture": "#1"},
				"west": {"uv": [0, 0, 1, 1], "texture": "#1"},
				"up": {"uv": [0, 0, 1, 1], "texture": "#1"},
				"down": {"uv": [0, 0, 1, 1], "texture": "#1"}
			}
		},
		{
			"name": "hexadecagon",
			"from": [7.54033, 1.15, 2.7],
			"to": [7.65967, 1.2, 2.9],
			"rotation": {"angle": -45, "axis": "z", "origin": [7.6, 0.9, 3.8]},
			"faces": {
				"north": {"uv": [0, 0, 1, 1], "texture": "#1"},
				"east": {"uv": [0, 0, 1, 1], "texture": "#1"},
				"south": {"uv": [0, 0, 1, 1], "texture": "#1"},
				"west": {"uv": [0, 0, 1, 1], "texture": "#1"},
				"up": {"uv": [0, 0, 1, 1], "texture": "#1"},
				"down": {"uv": [0, 0, 1, 1], "texture": "#1"}
			}
		},
		{
			"name": "hexadecagon",
			"from": [7.54033, 1.15, 2.7],
			"to": [7.65967, 1.2, 2.9],
			"rotation": {"angle": -22.5, "axis": "z", "origin": [7.6, 0.9, 3.8]},
			"faces": {
				"north": {"uv": [0, 0, 1, 1], "texture": "#1"},
				"east": {"uv": [0, 0, 1, 1], "texture": "#1"},
				"south": {"uv": [0, 0, 1, 1], "texture": "#1"},
				"west": {"uv": [0, 0, 1, 1], "texture": "#1"},
				"up": {"uv": [0, 0, 1, 1], "texture": "#1"},
				"down": {"uv": [0, 0, 1, 1], "texture": "#1"}
			}
		},
		{
			"name": "hexadecagon",
			"from": [7.54033, 1.15, 2.7],
			"to": [7.65967, 1.2, 2.9],
			"faces": {
				"north": {"uv": [0, 0, 1, 1], "texture": "#1"},
				"east": {"uv": [0, 0, 1, 1], "texture": "#1"},
				"south": {"uv": [0, 0, 1, 1], "texture": "#1"},
				"west": {"uv": [0, 0, 1, 1], "texture": "#1"},
				"up": {"uv": [0, 0, 1, 1], "texture": "#1"},
				"down": {"uv": [0, 0, 1, 1], "texture": "#1"}
			}
		},
		{
			"name": "hexadecagon",
			"from": [7.54033, 1.15, 2.7],
			"to": [7.65967, 1.2, 2.9],
			"rotation": {"angle": 22.5, "axis": "z", "origin": [7.6, 0.9, 3.8]},
			"faces": {
				"north": {"uv": [0, 0, 1, 1], "texture": "#1"},
				"east": {"uv": [0, 0, 1, 1], "texture": "#1"},
				"south": {"uv": [0, 0, 1, 1], "texture": "#1"},
				"west": {"uv": [0, 0, 1, 1], "texture": "#1"},
				"up": {"uv": [0, 0, 1, 1], "texture": "#1"},
				"down": {"uv": [0, 0, 1, 1], "texture": "#1"}
			}
		},
		{
			"name": "hexadecagon",
			"from": [7.54033, 1.15, 2.7],
			"to": [7.65967, 1.2, 2.9],
			"rotation": {"angle": 45, "axis": "z", "origin": [7.6, 0.9, 3.8]},
			"faces": {
				"north": {"uv": [0, 0, 1, 1], "texture": "#1"},
				"east": {"uv": [0, 0, 1, 1], "texture": "#1"},
				"south": {"uv": [0, 0, 1, 1], "texture": "#1"},
				"west": {"uv": [0, 0, 1, 1], "texture": "#1"},
				"up": {"uv": [0, 0, 1, 1], "texture": "#1"},
				"down": {"uv": [0, 0, 1, 1], "texture": "#1"}
			}
		},
		{
			"name": "hexadecagon",
			"from": [7.3, 0.84033, 2.7],
			"to": [7.35, 0.95967, 2.9],
			"rotation": {"angle": -22.5, "axis": "z", "origin": [7.6, 0.9, 3.8]},
			"faces": {
				"north": {"uv": [0, 0, 1, 1], "texture": "#1"},
				"east": {"uv": [0, 0, 1, 1], "texture": "#1"},
				"south": {"uv": [0, 0, 1, 1], "texture": "#1"},
				"west": {"uv": [0, 0, 1, 1], "texture": "#1"},
				"up": {"uv": [0, 0, 1, 1], "texture": "#1"},
				"down": {"uv": [0, 0, 1, 1], "texture": "#1"}
			}
		},
		{
			"name": "hexadecagon",
			"from": [7.3, 0.84033, 2.7],
			"to": [7.35, 0.95967, 2.9],
			"faces": {
				"north": {"uv": [0, 0, 1, 1], "texture": "#1"},
				"east": {"uv": [0, 0, 1, 1], "texture": "#1"},
				"south": {"uv": [0, 0, 1, 1], "texture": "#1"},
				"west": {"uv": [0, 0, 1, 1], "texture": "#1"},
				"up": {"uv": [0, 0, 1, 1], "texture": "#1"},
				"down": {"uv": [0, 0, 1, 1], "texture": "#1"}
			}
		},
		{
			"name": "hexadecagon",
			"from": [7.3, 0.84033, 2.7],
			"to": [7.35, 0.95967, 2.9],
			"rotation": {"angle": 22.5, "axis": "z", "origin": [7.6, 0.9, 3.8]},
			"faces": {
				"north": {"uv": [0, 0, 1, 1], "texture": "#1"},
				"east": {"uv": [0, 0, 1, 1], "texture": "#1"},
				"south": {"uv": [0, 0, 1, 1], "texture": "#1"},
				"west": {"uv": [0, 0, 1, 1], "texture": "#1"},
				"up": {"uv": [0, 0, 1, 1], "texture": "#1"},
				"down": {"uv": [0, 0, 1, 1], "texture": "#1"}
			}
		},
		{
			"name": "hexadecagon",
			"from": [7.85, 0.84033, 2.7],
			"to": [7.9, 0.95967, 2.9],
			"rotation": {"angle": -22.5, "axis": "z", "origin": [7.6, 0.9, 3.8]},
			"faces": {
				"north": {"uv": [0, 0, 1, 1], "texture": "#1"},
				"east": {"uv": [0, 0, 1, 1], "texture": "#1"},
				"south": {"uv": [0, 0, 1, 1], "texture": "#1"},
				"west": {"uv": [0, 0, 1, 1], "texture": "#1"},
				"up": {"uv": [0, 0, 1, 1], "texture": "#1"},
				"down": {"uv": [0, 0, 1, 1], "texture": "#1"}
			}
		},
		{
			"name": "hexadecagon",
			"from": [7.85, 0.84033, 2.7],
			"to": [7.9, 0.95967, 2.9],
			"faces": {
				"north": {"uv": [0, 0, 1, 1], "texture": "#1"},
				"east": {"uv": [0, 0, 1, 1], "texture": "#1"},
				"south": {"uv": [0, 0, 1, 1], "texture": "#1"},
				"west": {"uv": [0, 0, 1, 1], "texture": "#1"},
				"up": {"uv": [0, 0, 1, 1], "texture": "#1"},
				"down": {"uv": [0, 0, 1, 1], "texture": "#1"}
			}
		},
		{
			"name": "hexadecagon",
			"from": [7.85, 0.84033, 2.7],
			"to": [7.9, 0.95967, 2.9],
			"rotation": {"angle": 22.5, "axis": "z", "origin": [7.6, 0.9, 3.8]},
			"faces": {
				"north": {"uv": [0, 0, 1, 1], "texture": "#1"},
				"east": {"uv": [0, 0, 1, 1], "texture": "#1"},
				"south": {"uv": [0, 0, 1, 1], "texture": "#1"},
				"west": {"uv": [0, 0, 1, 1], "texture": "#1"},
				"up": {"uv": [0, 0, 1, 1], "texture": "#1"},
				"down": {"uv": [0, 0, 1, 1], "texture": "#1"}
			}
		},
		{
			"name": "hexadecagon",
			"from": [7.85, 0.84033, 3.7],
			"to": [7.9, 0.95967, 4],
			"rotation": {"angle": 22.5, "axis": "z", "origin": [7.6, 0.9, 3.8]},
			"faces": {
				"north": {"uv": [0, 0, 1, 1], "texture": "#1"},
				"east": {"uv": [0, 0, 1, 1], "texture": "#1"},
				"south": {"uv": [0, 0, 1, 1], "texture": "#1"},
				"west": {"uv": [0, 0, 1, 1], "texture": "#1"},
				"up": {"uv": [0, 0, 1, 1], "texture": "#1"},
				"down": {"uv": [0, 0, 1, 1], "texture": "#1"}
			}
		},
		{
			"name": "hexadecagon",
			"from": [7.85, 0.84033, 3.9],
			"to": [7.9, 0.95967, 4],
			"faces": {
				"north": {"uv": [0, 0, 1, 1], "texture": "#1"},
				"east": {"uv": [0, 0, 1, 1], "texture": "#1"},
				"south": {"uv": [0, 0, 1, 1], "texture": "#1"},
				"west": {"uv": [0, 0, 1, 1], "texture": "#1"},
				"up": {"uv": [0, 0, 1, 1], "texture": "#1"},
				"down": {"uv": [0, 0, 1, 1], "texture": "#1"}
			}
		},
		{
			"name": "hexadecagon",
			"from": [7.85, 0.84033, 3.7],
			"to": [7.9, 0.95967, 4],
			"rotation": {"angle": -22.5, "axis": "z", "origin": [7.6, 0.9, 3.8]},
			"faces": {
				"north": {"uv": [0, 0, 1, 1], "texture": "#1"},
				"east": {"uv": [0, 0, 1, 1], "texture": "#1"},
				"south": {"uv": [0, 0, 1, 1], "texture": "#1"},
				"west": {"uv": [0, 0, 1, 1], "texture": "#1"},
				"up": {"uv": [0, 0, 1, 1], "texture": "#1"},
				"down": {"uv": [0, 0, 1, 1], "texture": "#1"}
			}
		},
		{
			"name": "hexadecagon",
			"from": [7.3, 0.84033, 2.9],
			"to": [7.35, 0.95967, 3.2],
			"rotation": {"angle": 22.5, "axis": "z", "origin": [7.6, 0.9, 3.8]},
			"faces": {
				"north": {"uv": [0, 0, 1, 1], "texture": "#1"},
				"east": {"uv": [0, 0, 1, 1], "texture": "#1"},
				"south": {"uv": [0, 0, 1, 1], "texture": "#1"},
				"west": {"uv": [0, 0, 1, 1], "texture": "#1"},
				"up": {"uv": [0, 0, 1, 1], "texture": "#1"},
				"down": {"uv": [0, 0, 1, 1], "texture": "#1"}
			}
		},
		{
			"name": "hexadecagon",
			"from": [7.3, 0.84033, 2.9],
			"to": [7.35, 0.95967, 3],
			"faces": {
				"north": {"uv": [0, 0, 1, 1], "texture": "#1"},
				"east": {"uv": [0, 0, 1, 1], "texture": "#1"},
				"south": {"uv": [0, 0, 1, 1], "texture": "#1"},
				"west": {"uv": [0, 0, 1, 1], "texture": "#1"},
				"up": {"uv": [0, 0, 1, 1], "texture": "#1"},
				"down": {"uv": [0, 0, 1, 1], "texture": "#1"}
			}
		},
		{
			"name": "hexadecagon",
			"from": [7.3, 0.84033, 2.9],
			"to": [7.35, 0.95967, 3.2],
			"rotation": {"angle": -22.5, "axis": "z", "origin": [7.6, 0.9, 3.8]},
			"faces": {
				"north": {"uv": [0, 0, 1, 1], "texture": "#1"},
				"east": {"uv": [0, 0, 1, 1], "texture": "#1"},
				"south": {"uv": [0, 0, 1, 1], "texture": "#1"},
				"west": {"uv": [0, 0, 1, 1], "texture": "#1"},
				"up": {"uv": [0, 0, 1, 1], "texture": "#1"},
				"down": {"uv": [0, 0, 1, 1], "texture": "#1"}
			}
		},
		{
			"name": "hexadecagon",
			"from": [7.54033, 1.15, 2.9],
			"to": [7.65967, 1.2, 4],
			"rotation": {"angle": 45, "axis": "z", "origin": [7.6, 0.9, 3.8]},
			"faces": {
				"north": {"uv": [0, 0, 1, 1], "texture": "#1"},
				"east": {"uv": [0, 0, 1, 1], "texture": "#1"},
				"south": {"uv": [0, 0, 1, 1], "texture": "#1"},
				"west": {"uv": [0, 0, 1, 1], "texture": "#1"},
				"up": {"uv": [0, 0, 1, 1], "texture": "#1"},
				"down": {"uv": [0, 0, 1, 1], "texture": "#1"}
			}
		},
		{
			"name": "hexadecagon",
			"from": [7.54033, 1.15, 2.9],
			"to": [7.65967, 1.2, 4],
			"rotation": {"angle": 22.5, "axis": "z", "origin": [7.6, 0.9, 3.8]},
			"faces": {
				"north": {"uv": [0, 0, 1, 1], "texture": "#1"},
				"east": {"uv": [0, 0, 1, 1], "texture": "#1"},
				"south": {"uv": [0, 0, 1, 1], "texture": "#1"},
				"west": {"uv": [0, 0, 1, 1], "texture": "#1"},
				"up": {"uv": [0, 0, 1, 1], "texture": "#1"},
				"down": {"uv": [0, 0, 1, 1], "texture": "#1"}
			}
		},
		{
			"name": "hexadecagon",
			"from": [7.54033, 1.15, 2.9],
			"to": [7.65967, 1.2, 4],
			"faces": {
				"north": {"uv": [0, 0, 1, 1], "texture": "#1"},
				"east": {"uv": [0, 0, 1, 1], "texture": "#1"},
				"south": {"uv": [0, 0, 1, 1], "texture": "#1"},
				"west": {"uv": [0, 0, 1, 1], "texture": "#1"},
				"up": {"uv": [0, 0, 1, 1], "texture": "#1"},
				"down": {"uv": [0, 0, 1, 1], "texture": "#1"}
			}
		},
		{
			"name": "hexadecagon",
			"from": [7.54033, 1.15, 2.9],
			"to": [7.65967, 1.2, 4],
			"rotation": {"angle": -22.5, "axis": "z", "origin": [7.6, 0.9, 3.8]},
			"faces": {
				"north": {"uv": [0, 0, 1, 1], "texture": "#1"},
				"east": {"uv": [0, 0, 1, 1], "texture": "#1"},
				"south": {"uv": [0, 0, 1, 1], "texture": "#1"},
				"west": {"uv": [0, 0, 1, 1], "texture": "#1"},
				"up": {"uv": [0, 0, 1, 1], "texture": "#1"},
				"down": {"uv": [0, 0, 1, 1], "texture": "#1"}
			}
		},
		{
			"name": "hexadecagon",
			"from": [7.54033, 1.15, 2.9],
			"to": [7.65967, 1.2, 4],
			"rotation": {"angle": -45, "axis": "z", "origin": [7.6, 0.9, 3.8]},
			"faces": {
				"north": {"uv": [0, 0, 1, 1], "texture": "#1"},
				"east": {"uv": [0, 0, 1, 1], "texture": "#1"},
				"south": {"uv": [0, 0, 1, 1], "texture": "#1"},
				"west": {"uv": [0, 0, 1, 1], "texture": "#1"},
				"up": {"uv": [0, 0, 1, 1], "texture": "#1"},
				"down": {"uv": [0, 0, 1, 1], "texture": "#1"}
			}
		},
		{
			"name": "hexadecagon",
			"from": [7.54033, 0.6, 2.9],
			"to": [7.65967, 0.65, 4],
			"rotation": {"angle": 45, "axis": "z", "origin": [7.6, 0.9, 3.8]},
			"faces": {
				"north": {"uv": [0, 0, 1, 1], "texture": "#1"},
				"east": {"uv": [0, 0, 1, 1], "texture": "#1"},
				"south": {"uv": [0, 0, 1, 1], "texture": "#1"},
				"west": {"uv": [0, 0, 1, 1], "texture": "#1"},
				"up": {"uv": [0, 0, 1, 1], "texture": "#1"},
				"down": {"uv": [0, 0, 1, 1], "texture": "#1"}
			}
		},
		{
			"name": "hexadecagon",
			"from": [7.54033, 0.6, 2.9],
			"to": [7.65967, 0.65, 4],
			"rotation": {"angle": 22.5, "axis": "z", "origin": [7.6, 0.9, 3.8]},
			"faces": {
				"north": {"uv": [0, 0, 1, 1], "texture": "#1"},
				"east": {"uv": [0, 0, 1, 1], "texture": "#1"},
				"south": {"uv": [0, 0, 1, 1], "texture": "#1"},
				"west": {"uv": [0, 0, 1, 1], "texture": "#1"},
				"up": {"uv": [0, 0, 1, 1], "texture": "#1"},
				"down": {"uv": [0, 0, 1, 1], "texture": "#1"}
			}
		},
		{
			"name": "hexadecagon",
			"from": [7.54033, 0.6, 2.9],
			"to": [7.65967, 0.65, 4],
			"faces": {
				"north": {"uv": [0, 0, 1, 1], "texture": "#1"},
				"east": {"uv": [0, 0, 1, 1], "texture": "#1"},
				"south": {"uv": [0, 0, 1, 1], "texture": "#1"},
				"west": {"uv": [0, 0, 1, 1], "texture": "#1"},
				"up": {"uv": [0, 0, 1, 1], "texture": "#1"},
				"down": {"uv": [0, 0, 1, 1], "texture": "#1"}
			}
		},
		{
			"name": "hexadecagon",
			"from": [7.54033, 0.6, 2.9],
			"to": [7.65967, 0.65, 4],
			"rotation": {"angle": -22.5, "axis": "z", "origin": [7.6, 0.9, 3.8]},
			"faces": {
				"north": {"uv": [0, 0, 1, 1], "texture": "#1"},
				"east": {"uv": [0, 0, 1, 1], "texture": "#1"},
				"south": {"uv": [0, 0, 1, 1], "texture": "#1"},
				"west": {"uv": [0, 0, 1, 1], "texture": "#1"},
				"up": {"uv": [0, 0, 1, 1], "texture": "#1"},
				"down": {"uv": [0, 0, 1, 1], "texture": "#1"}
			}
		},
		{
			"name": "hexadecagon",
			"from": [7.54033, 0.6, 2.9],
			"to": [7.65967, 0.65, 4],
			"rotation": {"angle": -45, "axis": "z", "origin": [7.6, 0.9, 3.8]},
			"faces": {
				"north": {"uv": [0, 0, 1, 1], "texture": "#1"},
				"east": {"uv": [0, 0, 1, 1], "texture": "#1"},
				"south": {"uv": [0, 0, 1, 1], "texture": "#1"},
				"west": {"uv": [0, 0, 1, 1], "texture": "#1"},
				"up": {"uv": [0, 0, 1, 1], "texture": "#1"},
				"down": {"uv": [0, 0, 1, 1], "texture": "#1"}
			}
		},
		{
			"name": "hexadecagon",
			"from": [7.85, 0.84033, 4],
			"to": [7.9, 0.95967, 4.2],
			"rotation": {"angle": 22.5, "axis": "z", "origin": [7.6, 0.9, 5.1]},
			"faces": {
				"north": {"uv": [0, 0, 1, 1], "texture": "#1"},
				"east": {"uv": [0, 0, 1, 1], "texture": "#1"},
				"south": {"uv": [0, 0, 1, 1], "texture": "#1"},
				"west": {"uv": [0, 0, 1, 1], "texture": "#1"},
				"up": {"uv": [0, 0, 1, 1], "texture": "#1"},
				"down": {"uv": [0, 0, 1, 1], "texture": "#1"}
			}
		},
		{
			"name": "hexadecagon",
			"from": [7.85, 0.84033, 4],
			"to": [7.9, 0.95967, 4.2],
			"faces": {
				"north": {"uv": [0, 0, 1, 1], "texture": "#1"},
				"east": {"uv": [0, 0, 1, 1], "texture": "#1"},
				"south": {"uv": [0, 0, 1, 1], "texture": "#1"},
				"west": {"uv": [0, 0, 1, 1], "texture": "#1"},
				"up": {"uv": [0, 0, 1, 1], "texture": "#1"},
				"down": {"uv": [0, 0, 1, 1], "texture": "#1"}
			}
		},
		{
			"name": "hexadecagon",
			"from": [7.85, 0.84033, 4],
			"to": [7.9, 0.95967, 4.2],
			"rotation": {"angle": -22.5, "axis": "z", "origin": [7.6, 0.9, 5.1]},
			"faces": {
				"north": {"uv": [0, 0, 1, 1], "texture": "#1"},
				"east": {"uv": [0, 0, 1, 1], "texture": "#1"},
				"south": {"uv": [0, 0, 1, 1], "texture": "#1"},
				"west": {"uv": [0, 0, 1, 1], "texture": "#1"},
				"up": {"uv": [0, 0, 1, 1], "texture": "#1"},
				"down": {"uv": [0, 0, 1, 1], "texture": "#1"}
			}
		},
		{
			"name": "hexadecagon",
			"from": [7.3, 0.84033, 4],
			"to": [7.35, 0.95967, 4.2],
			"rotation": {"angle": 22.5, "axis": "z", "origin": [7.6, 0.9, 5.1]},
			"faces": {
				"north": {"uv": [0, 0, 1, 1], "texture": "#1"},
				"east": {"uv": [0, 0, 1, 1], "texture": "#1"},
				"south": {"uv": [0, 0, 1, 1], "texture": "#1"},
				"west": {"uv": [0, 0, 1, 1], "texture": "#1"},
				"up": {"uv": [0, 0, 1, 1], "texture": "#1"},
				"down": {"uv": [0, 0, 1, 1], "texture": "#1"}
			}
		},
		{
			"name": "hexadecagon",
			"from": [7.3, 0.84033, 4],
			"to": [7.35, 0.95967, 4.2],
			"rotation": {"angle": -22.5, "axis": "z", "origin": [7.6, 0.9, 5.1]},
			"faces": {
				"north": {"uv": [0, 0, 1, 1], "texture": "#1"},
				"east": {"uv": [0, 0, 1, 1], "texture": "#1"},
				"south": {"uv": [0, 0, 1, 1], "texture": "#1"},
				"west": {"uv": [0, 0, 1, 1], "texture": "#1"},
				"up": {"uv": [0, 0, 1, 1], "texture": "#1"},
				"down": {"uv": [0, 0, 1, 1], "texture": "#1"}
			}
		},
		{
			"name": "hexadecagon",
			"from": [7.54033, 1.15, 4],
			"to": [7.65967, 1.2, 4.2],
			"rotation": {"angle": 45, "axis": "z", "origin": [7.6, 0.9, 5.1]},
			"faces": {
				"north": {"uv": [0, 0, 1, 1], "texture": "#1"},
				"east": {"uv": [0, 0, 1, 1], "texture": "#1"},
				"south": {"uv": [0, 0, 1, 1], "texture": "#1"},
				"west": {"uv": [0, 0, 1, 1], "texture": "#1"},
				"up": {"uv": [0, 0, 1, 1], "texture": "#1"},
				"down": {"uv": [0, 0, 1, 1], "texture": "#1"}
			}
		},
		{
			"name": "hexadecagon",
			"from": [7.54033, 1.15, 4],
			"to": [7.65967, 1.2, 4.2],
			"rotation": {"angle": 22.5, "axis": "z", "origin": [7.6, 0.9, 5.1]},
			"faces": {
				"north": {"uv": [0, 0, 1, 1], "texture": "#1"},
				"east": {"uv": [0, 0, 1, 1], "texture": "#1"},
				"south": {"uv": [0, 0, 1, 1], "texture": "#1"},
				"west": {"uv": [0, 0, 1, 1], "texture": "#1"},
				"up": {"uv": [0, 0, 1, 1], "texture": "#1"},
				"down": {"uv": [0, 0, 1, 1], "texture": "#1"}
			}
		},
		{
			"name": "hexadecagon",
			"from": [7.54033, 1.15, 4],
			"to": [7.65967, 1.2, 4.2],
			"faces": {
				"north": {"uv": [0, 0, 1, 1], "texture": "#1"},
				"east": {"uv": [0, 0, 1, 1], "texture": "#1"},
				"south": {"uv": [0, 0, 1, 1], "texture": "#1"},
				"west": {"uv": [0, 0, 1, 1], "texture": "#1"},
				"up": {"uv": [0, 0, 1, 1], "texture": "#1"},
				"down": {"uv": [0, 0, 1, 1], "texture": "#1"}
			}
		},
		{
			"name": "hexadecagon",
			"from": [7.54033, 1.15, 4],
			"to": [7.65967, 1.2, 4.2],
			"rotation": {"angle": -22.5, "axis": "z", "origin": [7.6, 0.9, 5.1]},
			"faces": {
				"north": {"uv": [0, 0, 1, 1], "texture": "#1"},
				"east": {"uv": [0, 0, 1, 1], "texture": "#1"},
				"south": {"uv": [0, 0, 1, 1], "texture": "#1"},
				"west": {"uv": [0, 0, 1, 1], "texture": "#1"},
				"up": {"uv": [0, 0, 1, 1], "texture": "#1"},
				"down": {"uv": [0, 0, 1, 1], "texture": "#1"}
			}
		},
		{
			"name": "hexadecagon",
			"from": [7.54033, 1.15, 4],
			"to": [7.65967, 1.2, 4.2],
			"rotation": {"angle": -45, "axis": "z", "origin": [7.6, 0.9, 5.1]},
			"faces": {
				"north": {"uv": [0, 0, 1, 1], "texture": "#1"},
				"east": {"uv": [0, 0, 1, 1], "texture": "#1"},
				"south": {"uv": [0, 0, 1, 1], "texture": "#1"},
				"west": {"uv": [0, 0, 1, 1], "texture": "#1"},
				"up": {"uv": [0, 0, 1, 1], "texture": "#1"},
				"down": {"uv": [0, 0, 1, 1], "texture": "#1"}
			}
		},
		{
			"name": "hexadecagon",
			"from": [7.54033, 0.6, 4],
			"to": [7.65967, 0.65, 4.2],
			"rotation": {"angle": 45, "axis": "z", "origin": [7.6, 0.9, 5.1]},
			"faces": {
				"north": {"uv": [0, 0, 1, 1], "texture": "#1"},
				"east": {"uv": [0, 0, 1, 1], "texture": "#1"},
				"south": {"uv": [0, 0, 1, 1], "texture": "#1"},
				"west": {"uv": [0, 0, 1, 1], "texture": "#1"},
				"up": {"uv": [0, 0, 1, 1], "texture": "#1"},
				"down": {"uv": [0, 0, 1, 1], "texture": "#1"}
			}
		},
		{
			"name": "hexadecagon",
			"from": [7.54033, 0.6, 4],
			"to": [7.65967, 0.65, 4.2],
			"rotation": {"angle": 22.5, "axis": "z", "origin": [7.6, 0.9, 5.1]},
			"faces": {
				"north": {"uv": [0, 0, 1, 1], "texture": "#1"},
				"east": {"uv": [0, 0, 1, 1], "texture": "#1"},
				"south": {"uv": [0, 0, 1, 1], "texture": "#1"},
				"west": {"uv": [0, 0, 1, 1], "texture": "#1"},
				"up": {"uv": [0, 0, 1, 1], "texture": "#1"},
				"down": {"uv": [0, 0, 1, 1], "texture": "#1"}
			}
		},
		{
			"name": "hexadecagon",
			"from": [7.54033, 0.6, 4],
			"to": [7.65967, 0.65, 4.2],
			"faces": {
				"north": {"uv": [0, 0, 1, 1], "texture": "#1"},
				"east": {"uv": [0, 0, 1, 1], "texture": "#1"},
				"south": {"uv": [0, 0, 1, 1], "texture": "#1"},
				"west": {"uv": [0, 0, 1, 1], "texture": "#1"},
				"up": {"uv": [0, 0, 1, 1], "texture": "#1"},
				"down": {"uv": [0, 0, 1, 1], "texture": "#1"}
			}
		},
		{
			"name": "hexadecagon",
			"from": [7.54033, 0.6, 4],
			"to": [7.65967, 0.65, 4.2],
			"rotation": {"angle": -22.5, "axis": "z", "origin": [7.6, 0.9, 5.1]},
			"faces": {
				"north": {"uv": [0, 0, 1, 1], "texture": "#1"},
				"east": {"uv": [0, 0, 1, 1], "texture": "#1"},
				"south": {"uv": [0, 0, 1, 1], "texture": "#1"},
				"west": {"uv": [0, 0, 1, 1], "texture": "#1"},
				"up": {"uv": [0, 0, 1, 1], "texture": "#1"},
				"down": {"uv": [0, 0, 1, 1], "texture": "#1"}
			}
		},
		{
			"name": "hexadecagon",
			"from": [7.54033, 0.6, 4],
			"to": [7.65967, 0.65, 4.2],
			"rotation": {"angle": -45, "axis": "z", "origin": [7.6, 0.9, 5.1]},
			"faces": {
				"north": {"uv": [0, 0, 1, 1], "texture": "#1"},
				"east": {"uv": [0, 0, 1, 1], "texture": "#1"},
				"south": {"uv": [0, 0, 1, 1], "texture": "#1"},
				"west": {"uv": [0, 0, 1, 1], "texture": "#1"},
				"up": {"uv": [0, 0, 1, 1], "texture": "#1"},
				"down": {"uv": [0, 0, 1, 1], "texture": "#1"}
			}
		},
		{
			"name": "hexadecagon",
			"from": [7.3, 0.84033, 4],
			"to": [7.35, 0.95967, 4.2],
			"faces": {
				"north": {"uv": [0, 0, 1, 1], "texture": "#1"},
				"east": {"uv": [0, 0, 1, 1], "texture": "#1"},
				"south": {"uv": [0, 0, 1, 1], "texture": "#1"},
				"west": {"uv": [0, 0, 1, 1], "texture": "#1"},
				"up": {"uv": [0, 0, 1, 1], "texture": "#1"},
				"down": {"uv": [0, 0, 1, 1], "texture": "#1"}
			}
		},
		{
			"name": "hexadecagon",
			"from": [7.3, 0.84033, 3.7],
			"to": [7.35, 0.95967, 4],
			"rotation": {"angle": 22.5, "axis": "z", "origin": [7.6, 0.9, 4.6]},
			"faces": {
				"north": {"uv": [0, 0, 1, 1], "texture": "#1"},
				"east": {"uv": [0, 0, 1, 1], "texture": "#1"},
				"south": {"uv": [0, 0, 1, 1], "texture": "#1"},
				"west": {"uv": [0, 0, 1, 1], "texture": "#1"},
				"up": {"uv": [0, 0, 1, 1], "texture": "#1"},
				"down": {"uv": [0, 0, 1, 1], "texture": "#1"}
			}
		},
		{
			"name": "hexadecagon",
			"from": [7.3, 0.84033, 3.9],
			"to": [7.35, 0.95967, 4],
			"faces": {
				"north": {"uv": [0, 0, 1, 1], "texture": "#1"},
				"east": {"uv": [0, 0, 1, 1], "texture": "#1"},
				"south": {"uv": [0, 0, 1, 1], "texture": "#1"},
				"west": {"uv": [0, 0, 1, 1], "texture": "#1"},
				"up": {"uv": [0, 0, 1, 1], "texture": "#1"},
				"down": {"uv": [0, 0, 1, 1], "texture": "#1"}
			}
		},
		{
			"name": "hexadecagon",
			"from": [7.3, 0.84033, 3.7],
			"to": [7.35, 0.95967, 4],
			"rotation": {"angle": -22.5, "axis": "z", "origin": [7.6, 0.9, 4.6]},
			"faces": {
				"north": {"uv": [0, 0, 1, 1], "texture": "#1"},
				"east": {"uv": [0, 0, 1, 1], "texture": "#1"},
				"south": {"uv": [0, 0, 1, 1], "texture": "#1"},
				"west": {"uv": [0, 0, 1, 1], "texture": "#1"},
				"up": {"uv": [0, 0, 1, 1], "texture": "#1"},
				"down": {"uv": [0, 0, 1, 1], "texture": "#1"}
			}
		},
		{
			"name": "hexadecagon",
			"from": [7.85, 0.84033, 2.9],
			"to": [7.9, 0.95967, 3.2],
			"rotation": {"angle": -22.5, "axis": "z", "origin": [7.6, 0.9, 3]},
			"faces": {
				"north": {"uv": [0, 0, 1, 1], "texture": "#1"},
				"east": {"uv": [0, 0, 1, 1], "texture": "#1"},
				"south": {"uv": [0, 0, 1, 1], "texture": "#1"},
				"west": {"uv": [0, 0, 1, 1], "texture": "#1"},
				"up": {"uv": [0, 0, 1, 1], "texture": "#1"},
				"down": {"uv": [0, 0, 1, 1], "texture": "#1"}
			}
		},
		{
			"name": "hexadecagon",
			"from": [7.85, 0.84033, 2.9],
			"to": [7.9, 0.95967, 3],
			"faces": {
				"north": {"uv": [0, 0, 1, 1], "texture": "#1"},
				"east": {"uv": [0, 0, 1, 1], "texture": "#1"},
				"south": {"uv": [0, 0, 1, 1], "texture": "#1"},
				"west": {"uv": [0, 0, 1, 1], "texture": "#1"},
				"up": {"uv": [0, 0, 1, 1], "texture": "#1"},
				"down": {"uv": [0, 0, 1, 1], "texture": "#1"}
			}
		},
		{
			"name": "hexadecagon",
			"from": [7.85, 0.84033, 2.9],
			"to": [7.9, 0.95967, 3.2],
			"rotation": {"angle": 22.5, "axis": "z", "origin": [7.6, 0.9, 3]},
			"faces": {
				"north": {"uv": [0, 0, 1, 1], "texture": "#1"},
				"east": {"uv": [0, 0, 1, 1], "texture": "#1"},
				"south": {"uv": [0, 0, 1, 1], "texture": "#1"},
				"west": {"uv": [0, 0, 1, 1], "texture": "#1"},
				"up": {"uv": [0, 0, 1, 1], "texture": "#1"},
				"down": {"uv": [0, 0, 1, 1], "texture": "#1"}
			}
		},
		{
			"name": "hexadecagon",
			"from": [7.55027, 0.65, 4],
			"to": [7.64973, 0.7, 5],
			"rotation": {"angle": -45, "axis": "z", "origin": [7.6, 0.9, 4.5]},
			"faces": {
				"north": {"uv": [0, 0, 1, 1], "texture": "#1"},
				"east": {"uv": [0, 0, 1, 1], "texture": "#1"},
				"south": {"uv": [0, 0, 1, 1], "texture": "#1"},
				"west": {"uv": [0, 0, 1, 1], "texture": "#1"},
				"up": {"uv": [0, 0, 1, 1], "texture": "#1"},
				"down": {"uv": [0, 0, 1, 1], "texture": "#1"}
			}
		},
		{
			"name": "hexadecagon",
			"from": [7.55027, 0.65, 4],
			"to": [7.64973, 0.7, 5],
			"rotation": {"angle": -22.5, "axis": "z", "origin": [7.6, 0.9, 4.5]},
			"faces": {
				"north": {"uv": [0, 0, 1, 1], "texture": "#1"},
				"east": {"uv": [0, 0, 1, 1], "texture": "#1"},
				"south": {"uv": [0, 0, 1, 1], "texture": "#1"},
				"west": {"uv": [0, 0, 1, 1], "texture": "#1"},
				"up": {"uv": [0, 0, 1, 1], "texture": "#1"},
				"down": {"uv": [0, 0, 1, 1], "texture": "#1"}
			}
		},
		{
			"name": "hexadecagon",
			"from": [7.55027, 0.65, 4],
			"to": [7.64973, 0.7, 5],
			"faces": {
				"north": {"uv": [0, 0, 1, 1], "texture": "#1"},
				"east": {"uv": [0, 0, 1, 1], "texture": "#1"},
				"south": {"uv": [0, 0, 1, 1], "texture": "#1"},
				"west": {"uv": [0, 0, 1, 1], "texture": "#1"},
				"up": {"uv": [0, 0, 1, 1], "texture": "#1"},
				"down": {"uv": [0, 0, 1, 1], "texture": "#1"}
			}
		},
		{
			"name": "hexadecagon",
			"from": [7.55027, 0.65, 4],
			"to": [7.64973, 0.7, 5],
			"rotation": {"angle": 22.5, "axis": "z", "origin": [7.6, 0.9, 4.5]},
			"faces": {
				"north": {"uv": [0, 0, 1, 1], "texture": "#1"},
				"east": {"uv": [0, 0, 1, 1], "texture": "#1"},
				"south": {"uv": [0, 0, 1, 1], "texture": "#1"},
				"west": {"uv": [0, 0, 1, 1], "texture": "#1"},
				"up": {"uv": [0, 0, 1, 1], "texture": "#1"},
				"down": {"uv": [0, 0, 1, 1], "texture": "#1"}
			}
		},
		{
			"name": "hexadecagon",
			"from": [7.55027, 0.65, 4],
			"to": [7.64973, 0.7, 5],
			"rotation": {"angle": 45, "axis": "z", "origin": [7.6, 0.9, 4.5]},
			"faces": {
				"north": {"uv": [0, 0, 1, 1], "texture": "#1"},
				"east": {"uv": [0, 0, 1, 1], "texture": "#1"},
				"south": {"uv": [0, 0, 1, 1], "texture": "#1"},
				"west": {"uv": [0, 0, 1, 1], "texture": "#1"},
				"up": {"uv": [0, 0, 1, 1], "texture": "#1"},
				"down": {"uv": [0, 0, 1, 1], "texture": "#1"}
			}
		},
		{
			"name": "hexadecagon",
			"from": [7.55027, 1.1, 4],
			"to": [7.64973, 1.15, 5],
			"rotation": {"angle": -45, "axis": "z", "origin": [7.6, 0.9, 4.5]},
			"faces": {
				"north": {"uv": [0, 0, 1, 1], "texture": "#1"},
				"east": {"uv": [0, 0, 1, 1], "texture": "#1"},
				"south": {"uv": [0, 0, 1, 1], "texture": "#1"},
				"west": {"uv": [0, 0, 1, 1], "texture": "#1"},
				"up": {"uv": [0, 0, 1, 1], "texture": "#1"},
				"down": {"uv": [0, 0, 1, 1], "texture": "#1"}
			}
		},
		{
			"name": "hexadecagon",
			"from": [7.55027, 1.1, 4],
			"to": [7.64973, 1.15, 5],
			"rotation": {"angle": -22.5, "axis": "z", "origin": [7.6, 0.9, 4.5]},
			"faces": {
				"north": {"uv": [0, 0, 1, 1], "texture": "#1"},
				"east": {"uv": [0, 0, 1, 1], "texture": "#1"},
				"south": {"uv": [0, 0, 1, 1], "texture": "#1"},
				"west": {"uv": [0, 0, 1, 1], "texture": "#1"},
				"up": {"uv": [0, 0, 1, 1], "texture": "#1"},
				"down": {"uv": [0, 0, 1, 1], "texture": "#1"}
			}
		},
		{
			"name": "hexadecagon",
			"from": [7.55027, 1.1, 4],
			"to": [7.64973, 1.15, 5],
			"faces": {
				"north": {"uv": [0, 0, 1, 1], "texture": "#1"},
				"east": {"uv": [0, 0, 1, 1], "texture": "#1"},
				"south": {"uv": [0, 0, 1, 1], "texture": "#1"},
				"west": {"uv": [0, 0, 1, 1], "texture": "#1"},
				"up": {"uv": [0, 0, 1, 1], "texture": "#1"},
				"down": {"uv": [0, 0, 1, 1], "texture": "#1"}
			}
		},
		{
			"name": "hexadecagon",
			"from": [7.55027, 1.1, 4],
			"to": [7.64973, 1.15, 5],
			"rotation": {"angle": 22.5, "axis": "z", "origin": [7.6, 0.9, 4.5]},
			"faces": {
				"north": {"uv": [0, 0, 1, 1], "texture": "#1"},
				"east": {"uv": [0, 0, 1, 1], "texture": "#1"},
				"south": {"uv": [0, 0, 1, 1], "texture": "#1"},
				"west": {"uv": [0, 0, 1, 1], "texture": "#1"},
				"up": {"uv": [0, 0, 1, 1], "texture": "#1"},
				"down": {"uv": [0, 0, 1, 1], "texture": "#1"}
			}
		},
		{
			"name": "hexadecagon",
			"from": [7.55027, 1.1, 4],
			"to": [7.64973, 1.15, 5],
			"rotation": {"angle": 45, "axis": "z", "origin": [7.6, 0.9, 4.5]},
			"faces": {
				"north": {"uv": [0, 0, 1, 1], "texture": "#1"},
				"east": {"uv": [0, 0, 1, 1], "texture": "#1"},
				"south": {"uv": [0, 0, 1, 1], "texture": "#1"},
				"west": {"uv": [0, 0, 1, 1], "texture": "#1"},
				"up": {"uv": [0, 0, 1, 1], "texture": "#1"},
				"down": {"uv": [0, 0, 1, 1], "texture": "#1"}
			}
		},
		{
			"name": "hexadecagon",
			"from": [7.35, 0.85027, 4],
			"to": [7.4, 0.94973, 5],
			"rotation": {"angle": -22.5, "axis": "z", "origin": [7.6, 0.9, 4.5]},
			"faces": {
				"north": {"uv": [0, 0, 1, 1], "texture": "#1"},
				"east": {"uv": [0, 0, 1, 1], "texture": "#1"},
				"south": {"uv": [0, 0, 1, 1], "texture": "#1"},
				"west": {"uv": [0, 0, 1, 1], "texture": "#1"},
				"up": {"uv": [0, 0, 1, 1], "texture": "#1"},
				"down": {"uv": [0, 0, 1, 1], "texture": "#1"}
			}
		},
		{
			"name": "hexadecagon",
			"from": [7.35, 0.85027, 4],
			"to": [7.4, 0.94973, 5],
			"faces": {
				"north": {"uv": [0, 0, 1, 1], "texture": "#1"},
				"east": {"uv": [0, 0, 1, 1], "texture": "#1"},
				"south": {"uv": [0, 0, 1, 1], "texture": "#1"},
				"west": {"uv": [0, 0, 1, 1], "texture": "#1"},
				"up": {"uv": [0, 0, 1, 1], "texture": "#1"},
				"down": {"uv": [0, 0, 1, 1], "texture": "#1"}
			}
		},
		{
			"name": "hexadecagon",
			"from": [7.35, 0.85027, 4],
			"to": [7.4, 0.94973, 5],
			"rotation": {"angle": 22.5, "axis": "z", "origin": [7.6, 0.9, 4.5]},
			"faces": {
				"north": {"uv": [0, 0, 1, 1], "texture": "#1"},
				"east": {"uv": [0, 0, 1, 1], "texture": "#1"},
				"south": {"uv": [0, 0, 1, 1], "texture": "#1"},
				"west": {"uv": [0, 0, 1, 1], "texture": "#1"},
				"up": {"uv": [0, 0, 1, 1], "texture": "#1"},
				"down": {"uv": [0, 0, 1, 1], "texture": "#1"}
			}
		},
		{
			"name": "hexadecagon",
			"from": [7.8, 0.85027, 4],
			"to": [7.85, 0.94973, 5],
			"rotation": {"angle": -22.5, "axis": "z", "origin": [7.6, 0.9, 4.5]},
			"faces": {
				"north": {"uv": [0, 0, 1, 1], "texture": "#1"},
				"east": {"uv": [0, 0, 1, 1], "texture": "#1"},
				"south": {"uv": [0, 0, 1, 1], "texture": "#1"},
				"west": {"uv": [0, 0, 1, 1], "texture": "#1"},
				"up": {"uv": [0, 0, 1, 1], "texture": "#1"},
				"down": {"uv": [0, 0, 1, 1], "texture": "#1"}
			}
		},
		{
			"name": "hexadecagon",
			"from": [7.8, 0.85027, 4],
			"to": [7.85, 0.94973, 5],
			"faces": {
				"north": {"uv": [0, 0, 1, 1], "texture": "#1"},
				"east": {"uv": [0, 0, 1, 1], "texture": "#1"},
				"south": {"uv": [0, 0, 1, 1], "texture": "#1"},
				"west": {"uv": [0, 0, 1, 1], "texture": "#1"},
				"up": {"uv": [0, 0, 1, 1], "texture": "#1"},
				"down": {"uv": [0, 0, 1, 1], "texture": "#1"}
			}
		},
		{
			"name": "hexadecagon",
			"from": [7.8, 0.85027, 4],
			"to": [7.85, 0.94973, 5],
			"rotation": {"angle": 22.5, "axis": "z", "origin": [7.6, 0.9, 4.5]},
			"faces": {
				"north": {"uv": [0, 0, 1, 1], "texture": "#1"},
				"east": {"uv": [0, 0, 1, 1], "texture": "#1"},
				"south": {"uv": [0, 0, 1, 1], "texture": "#1"},
				"west": {"uv": [0, 0, 1, 1], "texture": "#1"},
				"up": {"uv": [0, 0, 1, 1], "texture": "#1"},
				"down": {"uv": [0, 0, 1, 1], "texture": "#1"}
			}
		},
		{
			"from": [6.99682, -0.41163, 9.1947],
			"to": [8.19682, 0.88837, 14.9947],
			"faces": {
				"north": {"uv": [0, 0, 1.2, 1.9], "texture": "#2"},
				"east": {"uv": [0, 0, 4, 1.9], "texture": "#2"},
				"south": {"uv": [0, 0, 1.2, 1.9], "texture": "#2"},
				"west": {"uv": [0, 0, 4, 1.9], "texture": "#2"},
				"up": {"uv": [0, 0, 1.2, 4], "texture": "#2"},
				"down": {"uv": [0, 0, 1.2, 4], "texture": "#2"}
			}
		},
		{
			"from": [6.98842, -0.31557, 8.57225],
			"to": [8.18842, 0.08443, 9.57225],
			"rotation": {"angle": 45, "axis": "x", "origin": [7.4916, 0.09606, 9.27755]},
			"faces": {
				"north": {"uv": [0, 0, 1.2, 1.9], "texture": "#2"},
				"east": {"uv": [0, 0, 4, 1.9], "texture": "#2"},
				"south": {"uv": [0, 0, 1.2, 1.9], "texture": "#2"},
				"west": {"uv": [0, 0, 4, 1.9], "texture": "#2"},
				"up": {"uv": [0, 0, 1.2, 4], "texture": "#2"},
				"down": {"uv": [0, 0, 1.2, 4], "texture": "#2"}
			}
		},
		{
			"from": [7.4145, -1.73558, 15.09441],
			"to": [7.8145, 0.46442, 15.69441],
			"faces": {
				"north": {"uv": [0, 0, 1.2, 2], "texture": "#2"},
				"east": {"uv": [0, 0, 0.6, 2], "texture": "#2"},
				"south": {"uv": [0, 0, 1.2, 2], "texture": "#2"},
				"west": {"uv": [0, 0, 0.6, 2], "texture": "#2"},
				"up": {"uv": [0, 0, 1.2, 0.6], "texture": "#2"},
				"down": {"uv": [0, 0, 1.2, 0.6], "texture": "#2"}
			}
		}
	],
	"display": {
		"thirdperson_righthand": {
			"translation": [0, 7.75, -1.25]
		},
		"thirdperson_lefthand": {
			"translation": [0, 8, -2]
		},
		"firstperson_righthand": {
			"translation": [-3.75, 12.25, -0.5]
		},
		"firstperson_lefthand": {
			"translation": [-5, 10, 0]
		},
		"ground": {
			"translation": [0, 10.5, 0]
		},
		"gui": {
			"rotation": [18, 61, 0],
			"translation": [-1.25, 11, 0],
			"scale": [1.31, 1.34, 1.31]
		},
		"head": {
			"rotation": [82, 126, -92],
			"translation": [-7.5, -2, 2],
			"scale": [1.3, 1.3, 1.225]
		},
		"fixed": {
			"rotation": [88, -56, 85],
			"translation": [-4.5, 12.25, -1],
			"scale": [1.59, 1.62, 1.59]
		}
	},
	"groups": [0, 1, 2, 3, 4, 5,
		{
			"name": "group",
			"children": [
				{
					"name": "group",
					"children": [6, 7, 8, 9, 10, 11, 12, 13, 14, 15, 16, 17, 18, 19, 20, 21]
				}
			]
		}, 22, 23, 24, 25, 26, 27, 28, 29, 30,
		{
			"name": "group",
			"children": [31, 32, 33, 34, 35, 36, 37, 38, 39, 40, 41, 42, 43, 44, 45, 46, 47, 48, 49, 50, 51, 52, 53, 54, 55, 56, 57]
		}, 58, 59, 60, 61, 62, 63, 64, 65, 66, 67, 68, 69, 70, 71, 72, 73, 74, 75, 76,
		{
			"name": "wooden_hoe",
			"children": [
				{
					"name": "group",
					"children": [77, 78, 79, 80, 81, 82, 83, 84, 85, 86, 87, 88, 89, 90, 91, 92, 93]
				}
			]
		},
		{
			"name": "hexadecagon",
			"children": [94, 95, 96, 97, 98, 99, 100, 101, 102, 103, 104, 105, 106, 107, 108, 109, 110, 111, 112, 113, 114, 115, 116, 117, 118, 119, 120, 121, 122, 123, 124, 125, 126, 127, 128, 129, 130, 131, 132, 133, 134, 135, 136, 137, 138, 139, 140, 141, 142, 143, 144, 145, 146, 147]
		},
		{
			"name": "hexadecagon",
			"children": [148, 149, 150, 151, 152, 153, 154, 155, 156, 157, 158, 159, 160, 161, 162, 163]
		}, 164, 165, 166]
}