{
	"credit": "Made with Blockbench",
	"textures": {
		"0": "custom/nothingness1/gray3",
		"1": "custom/nothingness1/gray2",
		"particle": "custom/nothingness1/gray3"
	},
	"elements": [
		{
			"from": [7.5, 0.4, 6],
			"to": [8.5, 1.8, 6.7],
			"faces": {
				"north": {"uv": [0, 0, 1, 1.4], "texture": "#0"},
				"east": {"uv": [0, 0, 0.7, 1.4], "texture": "#0"},
				"south": {"uv": [0, 0, 1, 1.4], "texture": "#0"},
				"west": {"uv": [0, 0, 0.7, 1.4], "texture": "#0"},
				"up": {"uv": [0, 0, 1, 0.7], "texture": "#0"},
				"down": {"uv": [0, 0, 1, 0.7], "texture": "#0"}
			}
		},
		{
			"from": [7.5, 0.55328, 3.8294],
			"to": [8.5, 1.15328, 6.2294],
			"rotation": {"angle": 22.5, "axis": "x", "origin": [8, 1.05328, 5.7294]},
			"faces": {
				"north": {"uv": [0, 0, 1, 0.6], "texture": "#0"},
				"east": {"uv": [0, 0, 2.4, 0.6], "texture": "#0"},
				"south": {"uv": [0, 0, 1, 0.6], "texture": "#0"},
				"west": {"uv": [0, 0, 2.4, 0.6], "texture": "#0"},
				"up": {"uv": [0, 0, 1, 2.4], "texture": "#0"},
				"down": {"uv": [0, 0, 1, 2.4], "texture": "#0"}
			}
		},
		{
			"from": [7.5, 1.47172, 3.55329],
			"to": [8.5, 2.07172, 3.65329],
			"rotation": {"angle": -22.5, "axis": "x", "origin": [8, 1.97172, 4.05329]},
			"faces": {
				"north": {"uv": [0, 0, 1, 0.6], "rotation": 180, "texture": "#0"},
				"east": {"uv": [0, 0, 0.6, 0.1], "rotation": 270, "texture": "#0"},
				"south": {"uv": [0, 0, 1, 0.6], "texture": "#0"},
				"west": {"uv": [0, 0, 0.6, 0.1], "rotation": 90, "texture": "#0"},
				"up": {"uv": [0, 0, 1, 0.1], "rotation": 180, "texture": "#0"},
				"down": {"uv": [0, 0, 1, 0.1], "texture": "#0"}
			}
		},
		{
			"from": [7.5, 1.31104, 3.64547],
			"to": [8.5, 1.71104, 6.69547],
			"faces": {
				"north": {"uv": [0, 0, 1, 0.4], "rotation": 180, "texture": "#0"},
				"east": {"uv": [0, 0, 0.4, 3.05], "rotation": 270, "texture": "#0"},
				"south": {"uv": [0, 0, 1, 0.4], "texture": "#0"},
				"west": {"uv": [0, 0, 0.4, 3.05], "rotation": 90, "texture": "#0"},
				"up": {"uv": [0, 0, 1, 3.05], "rotation": 180, "texture": "#0"},
				"down": {"uv": [0, 0, 1, 3.05], "texture": "#0"}
			}
		},
		{
			"from": [7.5, 1.47172, 3.55329],
			"to": [8.5, 1.87172, 3.95329],
			"rotation": {"angle": -22.5, "axis": "x", "origin": [8, 1.97172, 4.05329]},
			"faces": {
				"north": {"uv": [0, 0, 1, 0.4], "rotation": 180, "texture": "#0"},
				"east": {"uv": [0, 0, 0.4, 0.4], "rotation": 270, "texture": "#0"},
				"south": {"uv": [0, 0, 1, 0.4], "texture": "#0"},
				"west": {"uv": [0, 0, 0.4, 0.4], "rotation": 90, "texture": "#0"},
				"up": {"uv": [0, 0, 1, 0.4], "rotation": 180, "texture": "#0"},
				"down": {"uv": [0, 0, 1, 0.4], "texture": "#0"}
			}
		},
		{
			"from": [7.5, 1.31104, 4.34547],
			"to": [8.5, 1.91104, 6.69547],
			"faces": {
				"north": {"uv": [0, 0, 1, 0.6], "rotation": 180, "texture": "#0"},
				"east": {"uv": [0, 0, 0.6, 2.35], "rotation": 270, "texture": "#0"},
				"south": {"uv": [0, 0, 1, 0.6], "texture": "#0"},
				"west": {"uv": [0, 0, 0.6, 2.35], "rotation": 90, "texture": "#0"},
				"up": {"uv": [0, 0, 1, 2.35], "rotation": 180, "texture": "#0"},
				"down": {"uv": [0, 0, 1, 2.35], "texture": "#0"}
			}
		},
		{
			"from": [7.5, 0.91104, 5.24547],
			"to": [8.5, 1.91104, 6.69547],
			"faces": {
				"north": {"uv": [0, 0, 1, 1], "rotation": 180, "texture": "#0"},
				"east": {"uv": [0, 0, 1, 1.45], "rotation": 270, "texture": "#0"},
				"south": {"uv": [0, 0, 1, 1], "texture": "#0"},
				"west": {"uv": [0, 0, 1, 1.45], "rotation": 90, "texture": "#0"},
				"up": {"uv": [0, 0, 1, 1.45], "rotation": 180, "texture": "#0"},
				"down": {"uv": [0, 0, 1, 1.45], "texture": "#0"}
			}
		},
		{
			"from": [7.7, -2.1, 3.9],
			"to": [8.3, 1.4, 6.1],
			"faces": {
				"north": {"uv": [0, 0, 0.6, 4.2], "texture": "#0"},
				"east": {"uv": [0, 0, 2.2, 4.2], "texture": "#0"},
				"south": {"uv": [0, 0, 0.6, 4.2], "texture": "#0"},
				"west": {"uv": [0, 0, 2.2, 4.2], "texture": "#0"},
				"up": {"uv": [0, 0, 0.6, 2.2], "texture": "#0"},
				"down": {"uv": [0, 0, 0.6, 2.2], "texture": "#0"}
			}
		},
		{
			"from": [7.6, -2.1271, 5.65537],
			"to": [8.4, 0.5729, 6.15537],
			"faces": {
				"north": {"uv": [0, 0, 0.8, 4.1], "texture": "#0"},
				"east": {"uv": [0, 0, 0.4, 4.1], "texture": "#0"},
				"south": {"uv": [0, 0, 0.8, 4.1], "texture": "#0"},
				"west": {"uv": [0, 0, 0.4, 4.1], "texture": "#0"},
				"up": {"uv": [0, 0, 0.8, 0.4], "texture": "#0"},
				"down": {"uv": [0, 0, 0.8, 0.4], "texture": "#0"}
			}
		},
		{
			"from": [7.6, -2.1271, 3.80537],
			"to": [8.4, 1.2729, 4.30537],
			"faces": {
				"north": {"uv": [0, 0, 0.8, 4.1], "texture": "#0"},
				"east": {"uv": [0, 0, 0.4, 4.1], "texture": "#0"},
				"south": {"uv": [0, 0, 0.8, 4.1], "texture": "#0"},
				"west": {"uv": [0, 0, 0.4, 4.1], "texture": "#0"},
				"up": {"uv": [0, 0, 0.8, 0.4], "texture": "#0"},
				"down": {"uv": [0, 0, 0.8, 0.4], "texture": "#0"}
			}
		},
		{
			"from": [7.6, -2.1271, 4.45537],
			"to": [8.4, 1.0729, 5.55537],
			"faces": {
				"north": {"uv": [0, 0, 0.8, 4.1], "texture": "#0"},
				"east": {"uv": [0, 0, 1.1, 4.1], "texture": "#0"},
				"south": {"uv": [0, 0, 0.8, 4.1], "texture": "#0"},
				"west": {"uv": [0, 0, 1.1, 4.1], "texture": "#0"},
				"up": {"uv": [0, 0, 0.8, 1.1], "texture": "#0"},
				"down": {"uv": [0, 0, 0.8, 1.1], "texture": "#0"}
			}
		},
		{
			"from": [7.4, 1.67277, 3.55308],
			"to": [8.6, 2.37277, 11.55308],
			"faces": {
				"north": {"uv": [0, 0, 1.2, 0.7], "rotation": 180, "texture": "#0"},
				"east": {"uv": [0, 0, 0.7, 8], "rotation": 270, "texture": "#0"},
				"south": {"uv": [0, 0, 1.2, 0.7], "texture": "#0"},
				"west": {"uv": [0, 0, 0.7, 8], "rotation": 90, "texture": "#0"},
				"up": {"uv": [0, 0, 1.2, 8], "rotation": 180, "texture": "#0"},
				"down": {"uv": [0, 0, 1.2, 8], "texture": "#0"}
			}
		},
		{
			"from": [7.5, 1.87277, 3.45308],
			"to": [8.5, 2.67277, 11.45308],
			"faces": {
				"north": {"uv": [0, 0, 1, 0.8], "rotation": 180, "texture": "#0"},
				"east": {"uv": [0, 0, 0.8, 8], "rotation": 270, "texture": "#0"},
				"south": {"uv": [0, 0, 1, 0.8], "texture": "#0"},
				"west": {"uv": [0, 0, 0.8, 8], "rotation": 90, "texture": "#0"},
				"up": {"uv": [0, 0, 1, 8], "rotation": 180, "texture": "#0"},
				"down": {"uv": [0, 0, 1, 8], "texture": "#0"}
			}
		},
		{
			"from": [7.99289, 1.47277, 3.55308],
			"to": [8.39289, 1.77277, 11.45308],
			"rotation": {"angle": 45, "axis": "z", "origin": [7.89289, 1.97277, 4.05308]},
			"faces": {
				"north": {"uv": [0, 0, 0.4, 0.3], "rotation": 180, "texture": "#0"},
				"east": {"uv": [0, 0, 0.3, 7.9], "rotation": 270, "texture": "#0"},
				"south": {"uv": [0, 0, 0.4, 0.3], "texture": "#0"},
				"west": {"uv": [0, 0, 0.3, 7.9], "rotation": 90, "texture": "#0"},
				"up": {"uv": [0, 0, 0.4, 7.9], "rotation": 180, "texture": "#0"},
				"down": {"uv": [0, 0, 0.4, 7.9], "texture": "#0"}
			}
		},
		{
			"from": [7.28787, 1.54348, 3.55308],
			"to": [7.68787, 1.84348, 11.45308],
			"rotation": {"angle": 45, "axis": "z", "origin": [7.18787, 2.04348, 4.05308]},
			"faces": {
				"north": {"uv": [0, 0, 0.4, 0.3], "rotation": 180, "texture": "#0"},
				"east": {"uv": [0, 0, 0.3, 7.9], "rotation": 270, "texture": "#0"},
				"south": {"uv": [0, 0, 0.4, 0.3], "texture": "#0"},
				"west": {"uv": [0, 0, 0.3, 7.9], "rotation": 90, "texture": "#0"},
				"up": {"uv": [0, 0, 0.4, 7.9], "rotation": 180, "texture": "#0"},
				"down": {"uv": [0, 0, 0.4, 7.9], "texture": "#0"}
			}
		},
		{
			"from": [7.38787, 2.24348, 3.45308],
			"to": [7.78787, 2.54348, 11.45308],
			"rotation": {"angle": 45, "axis": "z", "origin": [7.28787, 2.74348, 4.05308]},
			"faces": {
				"north": {"uv": [0, 0, 0.4, 0.3], "rotation": 180, "texture": "#0"},
				"east": {"uv": [0, 0, 0.3, 8], "rotation": 270, "texture": "#0"},
				"south": {"uv": [0, 0, 0.4, 0.3], "texture": "#0"},
				"west": {"uv": [0, 0, 0.3, 8], "rotation": 90, "texture": "#0"},
				"up": {"uv": [0, 0, 0.4, 8], "rotation": 180, "texture": "#0"},
				"down": {"uv": [0, 0, 0.4, 8], "texture": "#0"}
			}
		},
		{
			"from": [7.89289, 2.17277, 3.45308],
			"to": [8.29289, 2.47277, 11.45308],
			"rotation": {"angle": 45, "axis": "z", "origin": [7.79289, 2.67277, 4.05308]},
			"faces": {
				"north": {"uv": [0, 0, 0.4, 0.3], "rotation": 180, "texture": "#0"},
				"east": {"uv": [0, 0, 0.3, 8], "rotation": 270, "texture": "#0"},
				"south": {"uv": [0, 0, 0.4, 0.3], "texture": "#0"},
				"west": {"uv": [0, 0, 0.3, 8], "rotation": 90, "texture": "#0"},
				"up": {"uv": [0, 0, 0.4, 8], "rotation": 180, "texture": "#0"},
				"down": {"uv": [0, 0, 0.4, 8], "texture": "#0"}
			}
		},
		{
			"from": [7.7, 1.57277, 3.55308],
			"to": [8.3, 2.97277, 11.45308],
			"faces": {
				"north": {"uv": [0, 0, 0.6, 1.4], "rotation": 180, "texture": "#0"},
				"east": {"uv": [0, 0, 1.4, 7.9], "rotation": 270, "texture": "#0"},
				"south": {"uv": [0, 0, 0.6, 1.4], "texture": "#0"},
				"west": {"uv": [0, 0, 1.4, 7.9], "rotation": 90, "texture": "#0"},
				"up": {"uv": [0, 0, 0.6, 7.9], "rotation": 180, "texture": "#0"},
				"down": {"uv": [0, 0, 0.6, 7.9], "texture": "#0"}
			}
		},
		{
			"from": [7.86851, 2.8199, 3.55308],
			"to": [8.26851, 2.9199, 11.45308],
			"rotation": {"angle": -22.5, "axis": "z", "origin": [8.16851, 3.3199, 4.05308]},
			"faces": {
				"north": {"uv": [0, 0, 0.4, 0.1], "rotation": 180, "texture": "#0"},
				"east": {"uv": [0, 0, 0.1, 7.9], "rotation": 270, "texture": "#0"},
				"south": {"uv": [0, 0, 0.4, 0.1], "texture": "#0"},
				"west": {"uv": [0, 0, 0.1, 7.9], "rotation": 90, "texture": "#0"},
				"up": {"uv": [0, 0, 0.4, 7.9], "rotation": 180, "texture": "#0"},
				"down": {"uv": [0, 0, 0.4, 7.9], "texture": "#0"}
			}
		},
		{
			"from": [7.89609, 2.89243, 3.55308],
			"to": [8.29609, 2.99243, 11.45308],
			"rotation": {"angle": 22.5, "axis": "z", "origin": [8.09609, 2.94243, 5.35308]},
			"faces": {
				"north": {"uv": [0, 0, 0.4, 0.1], "rotation": 180, "texture": "#0"},
				"east": {"uv": [0, 0, 0.1, 7.9], "rotation": 270, "texture": "#0"},
				"south": {"uv": [0, 0, 0.4, 0.1], "texture": "#0"},
				"west": {"uv": [0, 0, 0.1, 7.9], "rotation": 90, "texture": "#0"},
				"up": {"uv": [0, 0, 0.4, 7.9], "rotation": 180, "texture": "#0"},
				"down": {"uv": [0, 0, 0.4, 7.9], "texture": "#0"}
			}
		},
		{
			"from": [8.00395, 2.70658, 3.55308],
			"to": [8.40395, 2.80658, 11.45308],
			"rotation": {"angle": -45, "axis": "z", "origin": [8.30395, 3.20658, 4.05308]},
			"faces": {
				"north": {"uv": [0, 0, 0.4, 0.1], "rotation": 180, "texture": "#0"},
				"east": {"uv": [0, 0, 0.1, 7.9], "rotation": 270, "texture": "#0"},
				"south": {"uv": [0, 0, 0.4, 0.1], "texture": "#0"},
				"west": {"uv": [0, 0, 0.1, 7.9], "rotation": 90, "texture": "#0"},
				"up": {"uv": [0, 0, 0.4, 7.9], "rotation": 180, "texture": "#0"},
				"down": {"uv": [0, 0, 0.4, 7.9], "texture": "#0"}
			}
		},
		{
			"from": [7.83244, 2.47018, 3.55308],
			"to": [7.93244, 2.87018, 11.45308],
			"rotation": {"angle": -45, "axis": "z", "origin": [8.33244, 2.57018, 4.05308]},
			"faces": {
				"north": {"uv": [0, 0, 0.4, 0.1], "rotation": 90, "texture": "#0"},
				"east": {"uv": [0, 0, 0.4, 7.9], "rotation": 90, "texture": "#0"},
				"south": {"uv": [0, 0, 0.4, 0.1], "rotation": 90, "texture": "#0"},
				"west": {"uv": [0, 0, 0.4, 7.9], "rotation": 270, "texture": "#0"},
				"up": {"uv": [0, 0, 0.1, 7.9], "rotation": 180, "texture": "#0"},
				"down": {"uv": [0, 0, 0.1, 7.9], "rotation": 180, "texture": "#0"}
			}
		},
		{
			"from": [7.80898, 2.83587, 3.55308],
			"to": [8.18898, 3.13587, 11.45308],
			"faces": {
				"north": {"uv": [0, 0, 0.38, 0.3], "texture": "#0"},
				"east": {"uv": [0, 0, 0.3, 7.9], "rotation": 90, "texture": "#0"},
				"south": {"uv": [0, 0, 0.38, 0.3], "rotation": 180, "texture": "#0"},
				"west": {"uv": [0, 0, 0.3, 7.9], "rotation": 90, "texture": "#0"},
				"up": {"uv": [0, 0, 0.38, 7.9], "texture": "#0"},
				"down": {"uv": [0, 0, 0.38, 7.9], "texture": "#0"}
			}
		},
		{
			"from": [7.5, 0.4, 6.7],
			"to": [8.5, 1.6, 8],
			"rotation": {"angle": -22.5, "axis": "x", "origin": [8, 1.4, 6.5]},
			"faces": {
				"north": {"uv": [0, 0, 1, 1.2], "texture": "#0"},
				"east": {"uv": [0, 0, 1.3, 1.2], "texture": "#0"},
				"south": {"uv": [0, 0, 1, 1.2], "texture": "#0"},
				"west": {"uv": [0, 0, 1.3, 1.2], "texture": "#0"},
				"up": {"uv": [0, 0, 1, 1.3], "texture": "#0"},
				"down": {"uv": [0, 0, 1, 1.3], "texture": "#0"}
			}
		},
		{
			"from": [7.5, 1.03701, 7.19155],
			"to": [8.5, 2.13701, 11.49155],
			"faces": {
				"north": {"uv": [0, 0, 1, 1.1], "rotation": 180, "texture": "#0"},
				"east": {"uv": [0, 0, 1.1, 4.3], "rotation": 270, "texture": "#0"},
				"south": {"uv": [0, 0, 1, 1.1], "texture": "#0"},
				"west": {"uv": [0, 0, 1.1, 4.3], "rotation": 90, "texture": "#0"},
				"up": {"uv": [0, 0, 1, 4.3], "rotation": 180, "texture": "#0"},
				"down": {"uv": [0, 0, 1, 4.3], "texture": "#0"}
			}
		},
		{
			"from": [7.7, 1.57277, 3.45308],
			"to": [8.3, 2.97277, 3.55308],
			"faces": {
				"north": {"uv": [0, 0, 0.6, 1.4], "rotation": 180, "texture": "#0"},
				"east": {"uv": [0, 0, 1.4, 0.1], "rotation": 270, "texture": "#0"},
				"south": {"uv": [0, 0, 0.6, 1.4], "texture": "#0"},
				"west": {"uv": [0, 0, 1.4, 0.1], "rotation": 90, "texture": "#0"},
				"up": {"uv": [0, 0, 0.6, 0.1], "rotation": 180, "texture": "#0"},
				"down": {"uv": [0, 0, 0.6, 0.1], "texture": "#0"}
			}
		},
		{
			"from": [7.89289, 1.87277, 3.05308],
			"to": [8.29289, 2.17277, 3.45308],
			"rotation": {"angle": 45, "axis": "z", "origin": [7.79289, 2.37277, 4.05308]},
			"faces": {
				"north": {"uv": [0, 0, 0.4, 0.3], "rotation": 180, "texture": "#0"},
				"east": {"uv": [0, 0, 0.3, 0.4], "rotation": 270, "texture": "#0"},
				"south": {"uv": [0, 0, 0.4, 0.3], "texture": "#0"},
				"west": {"uv": [0, 0, 0.3, 0.4], "rotation": 90, "texture": "#0"},
				"up": {"uv": [0, 0, 0.4, 0.4], "rotation": 180, "texture": "#0"},
				"down": {"uv": [0, 0, 0.4, 0.4], "texture": "#0"}
			}
		},
		{
			"from": [7.5, 1.77277, 3.05308],
			"to": [8.5, 2.37277, 3.45308],
			"faces": {
				"north": {"uv": [0, 0, 1, 0.6], "rotation": 180, "texture": "#0"},
				"east": {"uv": [0, 0, 0.6, 0.4], "rotation": 270, "texture": "#0"},
				"south": {"uv": [0, 0, 1, 0.6], "texture": "#0"},
				"west": {"uv": [0, 0, 0.6, 0.4], "rotation": 90, "texture": "#0"},
				"up": {"uv": [0, 0, 1, 0.4], "rotation": 180, "texture": "#0"},
				"down": {"uv": [0, 0, 1, 0.4], "texture": "#0"}
			}
		},
		{
			"from": [7.7, 1.47277, 3.05308],
			"to": [8.3, 2.67277, 3.55308],
			"faces": {
				"north": {"uv": [0, 0, 0.6, 1.2], "rotation": 180, "texture": "#0"},
				"east": {"uv": [0, 0, 1.2, 0.5], "rotation": 270, "texture": "#0"},
				"south": {"uv": [0, 0, 0.6, 1.2], "texture": "#0"},
				"west": {"uv": [0, 0, 1.2, 0.5], "rotation": 90, "texture": "#0"},
				"up": {"uv": [0, 0, 0.6, 0.5], "rotation": 180, "texture": "#0"},
				"down": {"uv": [0, 0, 0.6, 0.5], "texture": "#0"}
			}
		},
		{
			"from": [7.38787, 1.94348, 3.05308],
			"to": [7.68787, 2.24348, 3.45308],
			"rotation": {"angle": 45, "axis": "z", "origin": [7.28787, 2.44348, 4.05308]},
			"faces": {
				"north": {"uv": [0, 0, 0.3, 0.3], "rotation": 180, "texture": "#0"},
				"east": {"uv": [0, 0, 0.3, 0.4], "rotation": 270, "texture": "#0"},
				"south": {"uv": [0, 0, 0.3, 0.3], "texture": "#0"},
				"west": {"uv": [0, 0, 0.3, 0.4], "rotation": 90, "texture": "#0"},
				"up": {"uv": [0, 0, 0.3, 0.4], "rotation": 180, "texture": "#0"},
				"down": {"uv": [0, 0, 0.3, 0.4], "texture": "#0"}
			}
		},
		{
			"from": [7.38787, 1.94348, 3.05308],
			"to": [7.68787, 2.24348, 3.45308],
			"rotation": {"angle": 45, "axis": "z", "origin": [7.28787, 2.44348, 4.05308]},
			"faces": {
				"north": {"uv": [0, 0, 0.3, 0.3], "rotation": 180, "texture": "#0"},
				"east": {"uv": [0, 0, 0.3, 0.4], "rotation": 270, "texture": "#0"},
				"south": {"uv": [0, 0, 0.3, 0.3], "texture": "#0"},
				"west": {"uv": [0, 0, 0.3, 0.4], "rotation": 90, "texture": "#0"},
				"up": {"uv": [0, 0, 0.3, 0.4], "rotation": 180, "texture": "#0"},
				"down": {"uv": [0, 0, 0.3, 0.4], "texture": "#0"}
			}
		},
		{
			"from": [7.89289, 1.87277, 3.05308],
			"to": [8.29289, 2.17277, 3.45308],
			"rotation": {"angle": 45, "axis": "z", "origin": [7.79289, 2.37277, 4.05308]},
			"faces": {
				"north": {"uv": [0, 0, 0.4, 0.3], "rotation": 180, "texture": "#0"},
				"east": {"uv": [0, 0, 0.3, 0.4], "rotation": 270, "texture": "#0"},
				"south": {"uv": [0, 0, 0.4, 0.3], "texture": "#0"},
				"west": {"uv": [0, 0, 0.3, 0.4], "rotation": 90, "texture": "#0"},
				"up": {"uv": [0, 0, 0.4, 0.4], "rotation": 180, "texture": "#0"},
				"down": {"uv": [0, 0, 0.4, 0.4], "texture": "#0"}
			}
		},
		{
			"from": [7.38787, 1.90206, 3.05308],
			"to": [7.68787, 2.20206, 3.45308],
			"rotation": {"angle": -45, "axis": "z", "origin": [7.28787, 1.70206, 4.05308]},
			"faces": {
				"north": {"uv": [0, 0.3, 0.3, 0.6], "rotation": 180, "texture": "#0"},
				"east": {"uv": [0.3, 0, 0.6, 0.4], "rotation": 270, "texture": "#0"},
				"south": {"uv": [0, 0.3, 0.3, 0.6], "texture": "#0"},
				"west": {"uv": [0.3, 0, 0.6, 0.4], "rotation": 90, "texture": "#0"},
				"up": {"uv": [0, 0.4, 0.3, 0.8], "texture": "#0"},
				"down": {"uv": [0, 0.4, 0.3, 0.8], "rotation": 180, "texture": "#0"}
			}
		},
		{
			"from": [7.89289, 1.97277, 3.05308],
			"to": [8.29289, 2.27277, 3.45308],
			"rotation": {"angle": -45, "axis": "z", "origin": [7.79289, 1.77277, 4.05308]},
			"faces": {
				"north": {"uv": [0, 0.3, 0.4, 0.6], "rotation": 180, "texture": "#0"},
				"east": {"uv": [0.3, 0, 0.6, 0.4], "rotation": 270, "texture": "#0"},
				"south": {"uv": [0, 0.3, 0.4, 0.6], "texture": "#0"},
				"west": {"uv": [0.3, 0, 0.6, 0.4], "rotation": 90, "texture": "#0"},
				"up": {"uv": [0, 0.4, 0.4, 0.8], "texture": "#0"},
				"down": {"uv": [0, 0.4, 0.4, 0.8], "rotation": 180, "texture": "#0"}
			}
		},
		{
			"from": [7.52254, 1.9436, 2.7414],
			"to": [7.75654, 2.1776, 3.0534],
			"rotation": {"angle": -45, "axis": "z", "origin": [7.44454, 1.7876, 3.5214]},
			"faces": {
				"north": {"uv": [0, 0.3, 0.3, 0.6], "rotation": 180, "texture": "#0"},
				"east": {"uv": [0.3, 0, 0.6, 0.4], "rotation": 270, "texture": "#0"},
				"south": {"uv": [0, 0.3, 0.3, 0.6], "texture": "#0"},
				"west": {"uv": [0.3, 0, 0.6, 0.4], "rotation": 90, "texture": "#0"},
				"up": {"uv": [0, 0.4, 0.3, 0.8], "texture": "#0"},
				"down": {"uv": [0, 0.4, 0.3, 0.8], "rotation": 180, "texture": "#0"}
			}
		},
		{
			"from": [7.91646, 1.99876, 2.7414],
			"to": [8.22846, 2.23276, 3.0534],
			"rotation": {"angle": -45, "axis": "z", "origin": [7.83846, 1.84276, 3.5214]},
			"faces": {
				"north": {"uv": [0, 0.3, 0.4, 0.6], "rotation": 180, "texture": "#0"},
				"east": {"uv": [0.3, 0, 0.6, 0.4], "rotation": 270, "texture": "#0"},
				"south": {"uv": [0, 0.3, 0.4, 0.6], "texture": "#0"},
				"west": {"uv": [0.3, 0, 0.6, 0.4], "rotation": 90, "texture": "#0"},
				"up": {"uv": [0, 0.4, 0.4, 0.8], "texture": "#0"},
				"down": {"uv": [0, 0.4, 0.4, 0.8], "rotation": 180, "texture": "#0"}
			}
		},
		{
			"from": [7.91646, 1.92076, 2.7414],
			"to": [8.22846, 2.15476, 3.0534],
			"rotation": {"angle": 45, "axis": "z", "origin": [7.83846, 2.31076, 3.5214]},
			"faces": {
				"north": {"uv": [0, 0, 0.4, 0.3], "rotation": 180, "texture": "#0"},
				"east": {"uv": [0, 0, 0.3, 0.4], "rotation": 270, "texture": "#0"},
				"south": {"uv": [0, 0, 0.4, 0.3], "texture": "#0"},
				"west": {"uv": [0, 0, 0.3, 0.4], "rotation": 90, "texture": "#0"},
				"up": {"uv": [0, 0, 0.4, 0.4], "rotation": 180, "texture": "#0"},
				"down": {"uv": [0, 0, 0.4, 0.4], "texture": "#0"}
			}
		},
		{
			"from": [7.766, 1.60876, 2.7414],
			"to": [8.234, 2.54476, 3.1314],
			"faces": {
				"north": {"uv": [0, 0, 0.6, 1.2], "rotation": 180, "texture": "#0"},
				"east": {"uv": [0, 0, 1.2, 0.5], "rotation": 270, "texture": "#0"},
				"south": {"uv": [0, 0, 0.6, 1.2], "texture": "#0"},
				"west": {"uv": [0, 0, 1.2, 0.5], "rotation": 90, "texture": "#0"},
				"up": {"uv": [0, 0, 0.6, 0.5], "rotation": 180, "texture": "#0"},
				"down": {"uv": [0, 0, 0.6, 0.5], "texture": "#0"}
			}
		},
		{
			"from": [7.61, 1.84276, 2.7414],
			"to": [8.39, 2.31076, 3.0534],
			"faces": {
				"north": {"uv": [0, 0, 1, 0.6], "rotation": 180, "texture": "#0"},
				"east": {"uv": [0, 0, 0.6, 0.4], "rotation": 270, "texture": "#0"},
				"south": {"uv": [0, 0, 1, 0.6], "texture": "#0"},
				"west": {"uv": [0, 0, 0.6, 0.4], "rotation": 90, "texture": "#0"},
				"up": {"uv": [0, 0, 1, 0.4], "rotation": 180, "texture": "#0"},
				"down": {"uv": [0, 0, 1, 0.4], "texture": "#0"}
			}
		},
		{
			"from": [7.52254, 1.97591, 2.7414],
			"to": [7.75654, 2.20991, 3.0534],
			"rotation": {"angle": 45, "axis": "z", "origin": [7.44454, 2.36591, 3.5214]},
			"faces": {
				"north": {"uv": [0, 0, 0.3, 0.3], "rotation": 180, "texture": "#0"},
				"east": {"uv": [0, 0, 0.3, 0.4], "rotation": 270, "texture": "#0"},
				"south": {"uv": [0, 0, 0.3, 0.3], "texture": "#0"},
				"west": {"uv": [0, 0, 0.3, 0.4], "rotation": 90, "texture": "#0"},
				"up": {"uv": [0, 0, 0.3, 0.4], "rotation": 180, "texture": "#0"},
				"down": {"uv": [0, 0, 0.3, 0.4], "texture": "#0"}
			}
		},
		{
			"name": "hexadecagon",
			"from": [7.96817, 2.712, 2.168],
			"to": [8.03183, 2.744, 3.512],
			"rotation": {"angle": -45, "axis": "z", "origin": [8, 2.872, 3.192]},
			"faces": {
				"north": {"uv": [0, 0, 1, 1], "texture": "#0"},
				"east": {"uv": [0, 0, 1, 1], "texture": "#0"},
				"south": {"uv": [0, 0, 1, 1], "texture": "#0"},
				"west": {"uv": [0, 0, 1, 1], "texture": "#0"},
				"up": {"uv": [0, 0, 1, 1], "texture": "#0"},
				"down": {"uv": [0, 0, 1, 1], "texture": "#0"}
			}
		},
		{
			"name": "hexadecagon",
			"from": [7.96817, 2.712, 2.168],
			"to": [8.03183, 2.744, 3.512],
			"rotation": {"angle": -22.5, "axis": "z", "origin": [8, 2.872, 3.192]},
			"faces": {
				"north": {"uv": [0, 0, 1, 1], "texture": "#0"},
				"east": {"uv": [0, 0, 1, 1], "texture": "#0"},
				"south": {"uv": [0, 0, 1, 1], "texture": "#0"},
				"west": {"uv": [0, 0, 1, 1], "texture": "#0"},
				"up": {"uv": [0, 0, 1, 1], "texture": "#0"},
				"down": {"uv": [0, 0, 1, 1], "texture": "#0"}
			}
		},
		{
			"name": "hexadecagon",
			"from": [7.96817, 2.712, 2.168],
			"to": [8.03183, 2.744, 3.512],
			"faces": {
				"north": {"uv": [0, 0, 1, 1], "texture": "#0"},
				"east": {"uv": [0, 0, 1, 1], "texture": "#0"},
				"south": {"uv": [0, 0, 1, 1], "texture": "#0"},
				"west": {"uv": [0, 0, 1, 1], "texture": "#0"},
				"up": {"uv": [0, 0, 1, 1], "texture": "#0"},
				"down": {"uv": [0, 0, 1, 1], "texture": "#0"}
			}
		},
		{
			"name": "hexadecagon",
			"from": [7.96817, 2.712, 2.168],
			"to": [8.03183, 2.744, 3.512],
			"rotation": {"angle": 22.5, "axis": "z", "origin": [8, 2.872, 3.192]},
			"faces": {
				"north": {"uv": [0, 0, 1, 1], "texture": "#0"},
				"east": {"uv": [0, 0, 1, 1], "texture": "#0"},
				"south": {"uv": [0, 0, 1, 1], "texture": "#0"},
				"west": {"uv": [0, 0, 1, 1], "texture": "#0"},
				"up": {"uv": [0, 0, 1, 1], "texture": "#0"},
				"down": {"uv": [0, 0, 1, 1], "texture": "#0"}
			}
		},
		{
			"name": "hexadecagon",
			"from": [7.96817, 2.712, 2.168],
			"to": [8.03183, 2.744, 3.512],
			"rotation": {"angle": 45, "axis": "z", "origin": [8, 2.872, 3.192]},
			"faces": {
				"north": {"uv": [0, 0, 1, 1], "texture": "#0"},
				"east": {"uv": [0, 0, 1, 1], "texture": "#0"},
				"south": {"uv": [0, 0, 1, 1], "texture": "#0"},
				"west": {"uv": [0, 0, 1, 1], "texture": "#0"},
				"up": {"uv": [0, 0, 1, 1], "texture": "#0"},
				"down": {"uv": [0, 0, 1, 1], "texture": "#0"}
			}
		},
		{
			"name": "hexadecagon",
			"from": [7.96817, 3, 2.168],
			"to": [8.03183, 3.032, 3.512],
			"rotation": {"angle": -45, "axis": "z", "origin": [8, 2.872, 3.192]},
			"faces": {
				"north": {"uv": [0, 0, 1, 1], "texture": "#0"},
				"east": {"uv": [0, 0, 1, 1], "texture": "#0"},
				"south": {"uv": [0, 0, 1, 1], "texture": "#0"},
				"west": {"uv": [0, 0, 1, 1], "texture": "#0"},
				"up": {"uv": [0, 0, 1, 1], "texture": "#0"},
				"down": {"uv": [0, 0, 1, 1], "texture": "#0"}
			}
		},
		{
			"name": "hexadecagon",
			"from": [7.96817, 3, 2.168],
			"to": [8.03183, 3.032, 3.512],
			"rotation": {"angle": -22.5, "axis": "z", "origin": [8, 2.872, 3.192]},
			"faces": {
				"north": {"uv": [0, 0, 1, 1], "texture": "#0"},
				"east": {"uv": [0, 0, 1, 1], "texture": "#0"},
				"south": {"uv": [0, 0, 1, 1], "texture": "#0"},
				"west": {"uv": [0, 0, 1, 1], "texture": "#0"},
				"up": {"uv": [0, 0, 1, 1], "texture": "#0"},
				"down": {"uv": [0, 0, 1, 1], "texture": "#0"}
			}
		},
		{
			"name": "hexadecagon",
			"from": [7.96817, 3, 2.168],
			"to": [8.03183, 3.032, 3.512],
			"faces": {
				"north": {"uv": [0, 0, 1, 1], "texture": "#0"},
				"east": {"uv": [0, 0, 1, 1], "texture": "#0"},
				"south": {"uv": [0, 0, 1, 1], "texture": "#0"},
				"west": {"uv": [0, 0, 1, 1], "texture": "#0"},
				"up": {"uv": [0, 0, 1, 1], "texture": "#0"},
				"down": {"uv": [0, 0, 1, 1], "texture": "#0"}
			}
		},
		{
			"name": "hexadecagon",
			"from": [7.96817, 3, 2.168],
			"to": [8.03183, 3.032, 3.512],
			"rotation": {"angle": 22.5, "axis": "z", "origin": [8, 2.872, 3.192]},
			"faces": {
				"north": {"uv": [0, 0, 1, 1], "texture": "#0"},
				"east": {"uv": [0, 0, 1, 1], "texture": "#0"},
				"south": {"uv": [0, 0, 1, 1], "texture": "#0"},
				"west": {"uv": [0, 0, 1, 1], "texture": "#0"},
				"up": {"uv": [0, 0, 1, 1], "texture": "#0"},
				"down": {"uv": [0, 0, 1, 1], "texture": "#0"}
			}
		},
		{
			"name": "hexadecagon",
			"from": [7.96817, 3, 2.168],
			"to": [8.03183, 3.032, 3.512],
			"rotation": {"angle": 45, "axis": "z", "origin": [8, 2.872, 3.192]},
			"faces": {
				"north": {"uv": [0, 0, 1, 1], "texture": "#0"},
				"east": {"uv": [0, 0, 1, 1], "texture": "#0"},
				"south": {"uv": [0, 0, 1, 1], "texture": "#0"},
				"west": {"uv": [0, 0, 1, 1], "texture": "#0"},
				"up": {"uv": [0, 0, 1, 1], "texture": "#0"},
				"down": {"uv": [0, 0, 1, 1], "texture": "#0"}
			}
		},
		{
			"name": "hexadecagon",
			"from": [7.84, 2.84017, 2.168],
			"to": [7.872, 2.90383, 3.512],
			"rotation": {"angle": -22.5, "axis": "z", "origin": [8, 2.872, 3.192]},
			"faces": {
				"north": {"uv": [0, 0, 1, 1], "texture": "#0"},
				"east": {"uv": [0, 0, 1, 1], "texture": "#0"},
				"south": {"uv": [0, 0, 1, 1], "texture": "#0"},
				"west": {"uv": [0, 0, 1, 1], "texture": "#0"},
				"up": {"uv": [0, 0, 1, 1], "texture": "#0"},
				"down": {"uv": [0, 0, 1, 1], "texture": "#0"}
			}
		},
		{
			"name": "hexadecagon",
			"from": [7.84, 2.84017, 2.168],
			"to": [7.872, 2.90383, 3.512],
			"faces": {
				"north": {"uv": [0, 0, 1, 1], "texture": "#0"},
				"east": {"uv": [0, 0, 1, 1], "texture": "#0"},
				"south": {"uv": [0, 0, 1, 1], "texture": "#0"},
				"west": {"uv": [0, 0, 1, 1], "texture": "#0"},
				"up": {"uv": [0, 0, 1, 1], "texture": "#0"},
				"down": {"uv": [0, 0, 1, 1], "texture": "#0"}
			}
		},
		{
			"name": "hexadecagon",
			"from": [7.84, 2.84017, 2.168],
			"to": [7.872, 2.90383, 3.512],
			"rotation": {"angle": 22.5, "axis": "z", "origin": [8, 2.872, 3.192]},
			"faces": {
				"north": {"uv": [0, 0, 1, 1], "texture": "#0"},
				"east": {"uv": [0, 0, 1, 1], "texture": "#0"},
				"south": {"uv": [0, 0, 1, 1], "texture": "#0"},
				"west": {"uv": [0, 0, 1, 1], "texture": "#0"},
				"up": {"uv": [0, 0, 1, 1], "texture": "#0"},
				"down": {"uv": [0, 0, 1, 1], "texture": "#0"}
			}
		},
		{
			"name": "hexadecagon",
			"from": [8.128, 2.84017, 2.168],
			"to": [8.16, 2.90383, 3.512],
			"rotation": {"angle": -22.5, "axis": "z", "origin": [8, 2.872, 3.192]},
			"faces": {
				"north": {"uv": [0, 0, 1, 1], "texture": "#0"},
				"east": {"uv": [0, 0, 1, 1], "texture": "#0"},
				"south": {"uv": [0, 0, 1, 1], "texture": "#0"},
				"west": {"uv": [0, 0, 1, 1], "texture": "#0"},
				"up": {"uv": [0, 0, 1, 1], "texture": "#0"},
				"down": {"uv": [0, 0, 1, 1], "texture": "#0"}
			}
		},
		{
			"name": "hexadecagon",
			"from": [8.128, 2.84017, 2.168],
			"to": [8.16, 2.90383, 3.512],
			"faces": {
				"north": {"uv": [0, 0, 1, 1], "texture": "#0"},
				"east": {"uv": [0, 0, 1, 1], "texture": "#0"},
				"south": {"uv": [0, 0, 1, 1], "texture": "#0"},
				"west": {"uv": [0, 0, 1, 1], "texture": "#0"},
				"up": {"uv": [0, 0, 1, 1], "texture": "#0"},
				"down": {"uv": [0, 0, 1, 1], "texture": "#0"}
			}
		},
		{
			"name": "hexadecagon",
			"from": [8.128, 2.84017, 2.168],
			"to": [8.16, 2.90383, 3.512],
			"rotation": {"angle": 22.5, "axis": "z", "origin": [8, 2.872, 3.192]},
			"faces": {
				"north": {"uv": [0, 0, 1, 1], "texture": "#0"},
				"east": {"uv": [0, 0, 1, 1], "texture": "#0"},
				"south": {"uv": [0, 0, 1, 1], "texture": "#0"},
				"west": {"uv": [0, 0, 1, 1], "texture": "#0"},
				"up": {"uv": [0, 0, 1, 1], "texture": "#0"},
				"down": {"uv": [0, 0, 1, 1], "texture": "#0"}
			}
		},
		{
			"name": "hexadecagon",
			"from": [8.17408, 2.84464, 3.06448],
			"to": [8.2176, 2.9312, 4.79232],
			"rotation": {"angle": 22.5, "axis": "z", "origin": [8, 2.88792, 4.35712]},
			"faces": {
				"north": {"uv": [0, 0, 1, 1], "texture": "#0"},
				"east": {"uv": [0, 0, 1, 1], "texture": "#0"},
				"south": {"uv": [0, 0, 1, 1], "texture": "#0"},
				"west": {"uv": [0, 0, 1, 1], "texture": "#0"},
				"up": {"uv": [0, 0, 1, 1], "texture": "#0"},
				"down": {"uv": [0, 0, 1, 1], "texture": "#0"}
			}
		},
		{
			"name": "hexadecagon",
			"from": [8.17408, 2.84464, 3.06448],
			"to": [8.2176, 2.9312, 4.79232],
			"faces": {
				"north": {"uv": [0, 0, 1, 1], "texture": "#0"},
				"east": {"uv": [0, 0, 1, 1], "texture": "#0"},
				"south": {"uv": [0, 0, 1, 1], "texture": "#0"},
				"west": {"uv": [0, 0, 1, 1], "texture": "#0"},
				"up": {"uv": [0, 0, 1, 1], "texture": "#0"},
				"down": {"uv": [0, 0, 1, 1], "texture": "#0"}
			}
		},
		{
			"name": "hexadecagon",
			"from": [8.17408, 2.84464, 3.06448],
			"to": [8.2176, 2.9312, 4.79232],
			"rotation": {"angle": -22.5, "axis": "z", "origin": [8, 2.88792, 4.35712]},
			"faces": {
				"north": {"uv": [0, 0, 1, 1], "texture": "#0"},
				"east": {"uv": [0, 0, 1, 1], "texture": "#0"},
				"south": {"uv": [0, 0, 1, 1], "texture": "#0"},
				"west": {"uv": [0, 0, 1, 1], "texture": "#0"},
				"up": {"uv": [0, 0, 1, 1], "texture": "#0"},
				"down": {"uv": [0, 0, 1, 1], "texture": "#0"}
			}
		},
		{
			"name": "hexadecagon",
			"from": [7.7824, 2.84464, 3.06448],
			"to": [7.82592, 2.9312, 4.79232],
			"rotation": {"angle": 22.5, "axis": "z", "origin": [8, 2.88792, 4.35712]},
			"faces": {
				"north": {"uv": [0, 0, 1, 1], "texture": "#0"},
				"east": {"uv": [0, 0, 1, 1], "texture": "#0"},
				"south": {"uv": [0, 0, 1, 1], "texture": "#0"},
				"west": {"uv": [0, 0, 1, 1], "texture": "#0"},
				"up": {"uv": [0, 0, 1, 1], "texture": "#0"},
				"down": {"uv": [0, 0, 1, 1], "texture": "#0"}
			}
		},
		{
			"name": "hexadecagon",
			"from": [7.7824, 2.84464, 3.06448],
			"to": [7.82592, 2.9312, 4.79232],
			"faces": {
				"north": {"uv": [0, 0, 1, 1], "texture": "#0"},
				"east": {"uv": [0, 0, 1, 1], "texture": "#0"},
				"south": {"uv": [0, 0, 1, 1], "texture": "#0"},
				"west": {"uv": [0, 0, 1, 1], "texture": "#0"},
				"up": {"uv": [0, 0, 1, 1], "texture": "#0"},
				"down": {"uv": [0, 0, 1, 1], "texture": "#0"}
			}
		},
		{
			"name": "hexadecagon",
			"from": [7.7824, 2.84464, 3.06448],
			"to": [7.82592, 2.9312, 4.79232],
			"rotation": {"angle": -22.5, "axis": "z", "origin": [8, 2.88792, 4.35712]},
			"faces": {
				"north": {"uv": [0, 0, 1, 1], "texture": "#0"},
				"east": {"uv": [0, 0, 1, 1], "texture": "#0"},
				"south": {"uv": [0, 0, 1, 1], "texture": "#0"},
				"west": {"uv": [0, 0, 1, 1], "texture": "#0"},
				"up": {"uv": [0, 0, 1, 1], "texture": "#0"},
				"down": {"uv": [0, 0, 1, 1], "texture": "#0"}
			}
		},
		{
			"name": "hexadecagon",
			"from": [7.95672, 3.062, 3.06448],
			"to": [8.04328, 3.10552, 4.79232],
			"rotation": {"angle": 45, "axis": "z", "origin": [8, 2.88792, 4.35712]},
			"faces": {
				"north": {"uv": [0, 0, 1, 1], "texture": "#0"},
				"east": {"uv": [0, 0, 1, 1], "texture": "#0"},
				"south": {"uv": [0, 0, 1, 1], "texture": "#0"},
				"west": {"uv": [0, 0, 1, 1], "texture": "#0"},
				"up": {"uv": [0, 0, 1, 1], "texture": "#0"},
				"down": {"uv": [0, 0, 1, 1], "texture": "#0"}
			}
		},
		{
			"name": "hexadecagon",
			"from": [7.95672, 3.062, 3.06448],
			"to": [8.04328, 3.10552, 4.79232],
			"rotation": {"angle": 22.5, "axis": "z", "origin": [8, 2.88792, 4.35712]},
			"faces": {
				"north": {"uv": [0, 0, 1, 1], "texture": "#0"},
				"east": {"uv": [0, 0, 1, 1], "texture": "#0"},
				"south": {"uv": [0, 0, 1, 1], "texture": "#0"},
				"west": {"uv": [0, 0, 1, 1], "texture": "#0"},
				"up": {"uv": [0, 0, 1, 1], "texture": "#0"},
				"down": {"uv": [0, 0, 1, 1], "texture": "#0"}
			}
		},
		{
			"name": "hexadecagon",
			"from": [7.95672, 3.062, 3.06448],
			"to": [8.04328, 3.10552, 4.79232],
			"faces": {
				"north": {"uv": [0, 0, 1, 1], "texture": "#0"},
				"east": {"uv": [0, 0, 1, 1], "texture": "#0"},
				"south": {"uv": [0, 0, 1, 1], "texture": "#0"},
				"west": {"uv": [0, 0, 1, 1], "texture": "#0"},
				"up": {"uv": [0, 0, 1, 1], "texture": "#0"},
				"down": {"uv": [0, 0, 1, 1], "texture": "#0"}
			}
		},
		{
			"name": "hexadecagon",
			"from": [7.95672, 3.062, 3.06448],
			"to": [8.04328, 3.10552, 4.79232],
			"rotation": {"angle": -22.5, "axis": "z", "origin": [8, 2.88792, 4.35712]},
			"faces": {
				"north": {"uv": [0, 0, 1, 1], "texture": "#0"},
				"east": {"uv": [0, 0, 1, 1], "texture": "#0"},
				"south": {"uv": [0, 0, 1, 1], "texture": "#0"},
				"west": {"uv": [0, 0, 1, 1], "texture": "#0"},
				"up": {"uv": [0, 0, 1, 1], "texture": "#0"},
				"down": {"uv": [0, 0, 1, 1], "texture": "#0"}
			}
		},
		{
			"name": "hexadecagon",
			"from": [7.95672, 3.062, 3.06448],
			"to": [8.04328, 3.10552, 4.79232],
			"rotation": {"angle": -45, "axis": "z", "origin": [8, 2.88792, 4.35712]},
			"faces": {
				"north": {"uv": [0, 0, 1, 1], "texture": "#0"},
				"east": {"uv": [0, 0, 1, 1], "texture": "#0"},
				"south": {"uv": [0, 0, 1, 1], "texture": "#0"},
				"west": {"uv": [0, 0, 1, 1], "texture": "#0"},
				"up": {"uv": [0, 0, 1, 1], "texture": "#0"},
				"down": {"uv": [0, 0, 1, 1], "texture": "#0"}
			}
		},
		{
			"name": "hexadecagon",
			"from": [7.95672, 2.67032, 3.06448],
			"to": [8.04328, 2.71384, 4.79232],
			"rotation": {"angle": 45, "axis": "z", "origin": [8, 2.88792, 4.35712]},
			"faces": {
				"north": {"uv": [0, 0, 1, 1], "texture": "#0"},
				"east": {"uv": [0, 0, 1, 1], "texture": "#0"},
				"south": {"uv": [0, 0, 1, 1], "texture": "#0"},
				"west": {"uv": [0, 0, 1, 1], "texture": "#0"},
				"up": {"uv": [0, 0, 1, 1], "texture": "#0"},
				"down": {"uv": [0, 0, 1, 1], "texture": "#0"}
			}
		},
		{
			"name": "hexadecagon",
			"from": [7.95672, 2.67032, 3.06448],
			"to": [8.04328, 2.71384, 4.79232],
			"rotation": {"angle": 22.5, "axis": "z", "origin": [8, 2.88792, 4.35712]},
			"faces": {
				"north": {"uv": [0, 0, 1, 1], "texture": "#0"},
				"east": {"uv": [0, 0, 1, 1], "texture": "#0"},
				"south": {"uv": [0, 0, 1, 1], "texture": "#0"},
				"west": {"uv": [0, 0, 1, 1], "texture": "#0"},
				"up": {"uv": [0, 0, 1, 1], "texture": "#0"},
				"down": {"uv": [0, 0, 1, 1], "texture": "#0"}
			}
		},
		{
			"name": "hexadecagon",
			"from": [7.95672, 2.67032, 3.06448],
			"to": [8.04328, 2.71384, 4.79232],
			"faces": {
				"north": {"uv": [0, 0, 1, 1], "texture": "#0"},
				"east": {"uv": [0, 0, 1, 1], "texture": "#0"},
				"south": {"uv": [0, 0, 1, 1], "texture": "#0"},
				"west": {"uv": [0, 0, 1, 1], "texture": "#0"},
				"up": {"uv": [0, 0, 1, 1], "texture": "#0"},
				"down": {"uv": [0, 0, 1, 1], "texture": "#0"}
			}
		},
		{
			"name": "hexadecagon",
			"from": [7.95672, 2.67032, 3.06448],
			"to": [8.04328, 2.71384, 4.79232],
			"rotation": {"angle": -22.5, "axis": "z", "origin": [8, 2.88792, 4.35712]},
			"faces": {
				"north": {"uv": [0, 0, 1, 1], "texture": "#0"},
				"east": {"uv": [0, 0, 1, 1], "texture": "#0"},
				"south": {"uv": [0, 0, 1, 1], "texture": "#0"},
				"west": {"uv": [0, 0, 1, 1], "texture": "#0"},
				"up": {"uv": [0, 0, 1, 1], "texture": "#0"},
				"down": {"uv": [0, 0, 1, 1], "texture": "#0"}
			}
		},
		{
			"name": "hexadecagon",
			"from": [7.95672, 2.67032, 3.06448],
			"to": [8.04328, 2.71384, 4.79232],
			"rotation": {"angle": -45, "axis": "z", "origin": [8, 2.88792, 4.35712]},
			"faces": {
				"north": {"uv": [0, 0, 1, 1], "texture": "#0"},
				"east": {"uv": [0, 0, 1, 1], "texture": "#0"},
				"south": {"uv": [0, 0, 1, 1], "texture": "#0"},
				"west": {"uv": [0, 0, 1, 1], "texture": "#0"},
				"up": {"uv": [0, 0, 1, 1], "texture": "#0"},
				"down": {"uv": [0, 0, 1, 1], "texture": "#0"}
			}
		},
		{
			"name": "hexadecagon",
			"from": [8.15319, 1.96328, -9.94326],
			"to": [8.19149, 2.03946, -5.02276],
			"rotation": {"angle": 22.5, "axis": "z", "origin": [8, 2.00137, -5.40573]},
			"faces": {
				"north": {"uv": [0, 0, 1, 1], "texture": "#0"},
				"east": {"uv": [0, 0, 1, 1], "texture": "#0"},
				"south": {"uv": [0, 0, 1, 1], "texture": "#0"},
				"west": {"uv": [0, 0, 1, 1], "texture": "#0"},
				"up": {"uv": [0, 0, 1, 1], "texture": "#0"},
				"down": {"uv": [0, 0, 1, 1], "texture": "#0"}
			}
		},
		{
			"name": "hexadecagon",
			"from": [8.15319, 1.96328, -9.94326],
			"to": [8.19149, 2.03946, -5.02276],
			"faces": {
				"north": {"uv": [0, 0, 1, 1], "texture": "#0"},
				"east": {"uv": [0, 0, 1, 1], "texture": "#0"},
				"south": {"uv": [0, 0, 1, 1], "texture": "#0"},
				"west": {"uv": [0, 0, 1, 1], "texture": "#0"},
				"up": {"uv": [0, 0, 1, 1], "texture": "#0"},
				"down": {"uv": [0, 0, 1, 1], "texture": "#0"}
			}
		},
		{
			"name": "hexadecagon",
			"from": [8.15319, 1.96328, -9.94326],
			"to": [8.19149, 2.03946, -5.02276],
			"rotation": {"angle": -22.5, "axis": "z", "origin": [8, 2.00137, -5.40573]},
			"faces": {
				"north": {"uv": [0, 0, 1, 1], "texture": "#0"},
				"east": {"uv": [0, 0, 1, 1], "texture": "#0"},
				"south": {"uv": [0, 0, 1, 1], "texture": "#0"},
				"west": {"uv": [0, 0, 1, 1], "texture": "#0"},
				"up": {"uv": [0, 0, 1, 1], "texture": "#0"},
				"down": {"uv": [0, 0, 1, 1], "texture": "#0"}
			}
		},
		{
			"name": "hexadecagon",
			"from": [7.80851, 1.96328, -9.94326],
			"to": [7.84681, 2.03946, -5.02276],
			"rotation": {"angle": 22.5, "axis": "z", "origin": [8, 2.00137, -5.40573]},
			"faces": {
				"north": {"uv": [0, 0, 1, 1], "texture": "#0"},
				"east": {"uv": [0, 0, 1, 1], "texture": "#0"},
				"south": {"uv": [0, 0, 1, 1], "texture": "#0"},
				"west": {"uv": [0, 0, 1, 1], "texture": "#0"},
				"up": {"uv": [0, 0, 1, 1], "texture": "#0"},
				"down": {"uv": [0, 0, 1, 1], "texture": "#0"}
			}
		},
		{
			"name": "hexadecagon",
			"from": [7.80851, 1.96328, -9.94326],
			"to": [7.84681, 2.03946, -5.02276],
			"faces": {
				"north": {"uv": [0, 0, 1, 1], "texture": "#0"},
				"east": {"uv": [0, 0, 1, 1], "texture": "#0"},
				"south": {"uv": [0, 0, 1, 1], "texture": "#0"},
				"west": {"uv": [0, 0, 1, 1], "texture": "#0"},
				"up": {"uv": [0, 0, 1, 1], "texture": "#0"},
				"down": {"uv": [0, 0, 1, 1], "texture": "#0"}
			}
		},
		{
			"name": "hexadecagon",
			"from": [7.80851, 1.96328, -9.94326],
			"to": [7.84681, 2.03946, -5.02276],
			"rotation": {"angle": -22.5, "axis": "z", "origin": [8, 2.00137, -5.40573]},
			"faces": {
				"north": {"uv": [0, 0, 1, 1], "texture": "#0"},
				"east": {"uv": [0, 0, 1, 1], "texture": "#0"},
				"south": {"uv": [0, 0, 1, 1], "texture": "#0"},
				"west": {"uv": [0, 0, 1, 1], "texture": "#0"},
				"up": {"uv": [0, 0, 1, 1], "texture": "#0"},
				"down": {"uv": [0, 0, 1, 1], "texture": "#0"}
			}
		},
		{
			"name": "hexadecagon",
			"from": [7.96191, 2.15456, -9.94326],
			"to": [8.03809, 2.19286, -5.02276],
			"rotation": {"angle": 45, "axis": "z", "origin": [8, 2.00137, -5.40573]},
			"faces": {
				"north": {"uv": [0, 0, 1, 1], "texture": "#0"},
				"east": {"uv": [0, 0, 1, 1], "texture": "#0"},
				"south": {"uv": [0, 0, 1, 1], "texture": "#0"},
				"west": {"uv": [0, 0, 1, 1], "texture": "#0"},
				"up": {"uv": [0, 0, 1, 1], "texture": "#0"},
				"down": {"uv": [0, 0, 1, 1], "texture": "#0"}
			}
		},
		{
			"name": "hexadecagon",
			"from": [7.96191, 2.15456, -9.94326],
			"to": [8.03809, 2.19286, -5.02276],
			"rotation": {"angle": 22.5, "axis": "z", "origin": [8, 2.00137, -5.40573]},
			"faces": {
				"north": {"uv": [0, 0, 1, 1], "texture": "#0"},
				"east": {"uv": [0, 0, 1, 1], "texture": "#0"},
				"south": {"uv": [0, 0, 1, 1], "texture": "#0"},
				"west": {"uv": [0, 0, 1, 1], "texture": "#0"},
				"up": {"uv": [0, 0, 1, 1], "texture": "#0"},
				"down": {"uv": [0, 0, 1, 1], "texture": "#0"}
			}
		},
		{
			"name": "hexadecagon",
			"from": [7.96191, 2.15456, -9.94326],
			"to": [8.03809, 2.19286, -5.02276],
			"faces": {
				"north": {"uv": [0, 0, 1, 1], "texture": "#0"},
				"east": {"uv": [0, 0, 1, 1], "texture": "#0"},
				"south": {"uv": [0, 0, 1, 1], "texture": "#0"},
				"west": {"uv": [0, 0, 1, 1], "texture": "#0"},
				"up": {"uv": [0, 0, 1, 1], "texture": "#0"},
				"down": {"uv": [0, 0, 1, 1], "texture": "#0"}
			}
		},
		{
			"name": "hexadecagon",
			"from": [7.96191, 2.15456, -9.94326],
			"to": [8.03809, 2.19286, -5.02276],
			"rotation": {"angle": -22.5, "axis": "z", "origin": [8, 2.00137, -5.40573]},
			"faces": {
				"north": {"uv": [0, 0, 1, 1], "texture": "#0"},
				"east": {"uv": [0, 0, 1, 1], "texture": "#0"},
				"south": {"uv": [0, 0, 1, 1], "texture": "#0"},
				"west": {"uv": [0, 0, 1, 1], "texture": "#0"},
				"up": {"uv": [0, 0, 1, 1], "texture": "#0"},
				"down": {"uv": [0, 0, 1, 1], "texture": "#0"}
			}
		},
		{
			"name": "hexadecagon",
			"from": [7.96191, 2.15456, -9.94326],
			"to": [8.03809, 2.19286, -5.02276],
			"rotation": {"angle": -45, "axis": "z", "origin": [8, 2.00137, -5.40573]},
			"faces": {
				"north": {"uv": [0, 0, 1, 1], "texture": "#0"},
				"east": {"uv": [0, 0, 1, 1], "texture": "#0"},
				"south": {"uv": [0, 0, 1, 1], "texture": "#0"},
				"west": {"uv": [0, 0, 1, 1], "texture": "#0"},
				"up": {"uv": [0, 0, 1, 1], "texture": "#0"},
				"down": {"uv": [0, 0, 1, 1], "texture": "#0"}
			}
		},
		{
			"name": "hexadecagon",
			"from": [7.96191, 1.80988, -9.94326],
			"to": [8.03809, 1.84818, -5.02276],
			"rotation": {"angle": 45, "axis": "z", "origin": [8, 2.00137, -5.40573]},
			"faces": {
				"north": {"uv": [0, 0, 1, 1], "texture": "#0"},
				"east": {"uv": [0, 0, 1, 1], "texture": "#0"},
				"south": {"uv": [0, 0, 1, 1], "texture": "#0"},
				"west": {"uv": [0, 0, 1, 1], "texture": "#0"},
				"up": {"uv": [0, 0, 1, 1], "texture": "#0"},
				"down": {"uv": [0, 0, 1, 1], "texture": "#0"}
			}
		},
		{
			"name": "hexadecagon",
			"from": [7.96191, 1.80988, -9.94326],
			"to": [8.03809, 1.84818, -5.02276],
			"rotation": {"angle": 22.5, "axis": "z", "origin": [8, 2.00137, -5.40573]},
			"faces": {
				"north": {"uv": [0, 0, 1, 1], "texture": "#0"},
				"east": {"uv": [0, 0, 1, 1], "texture": "#0"},
				"south": {"uv": [0, 0, 1, 1], "texture": "#0"},
				"west": {"uv": [0, 0, 1, 1], "texture": "#0"},
				"up": {"uv": [0, 0, 1, 1], "texture": "#0"},
				"down": {"uv": [0, 0, 1, 1], "texture": "#0"}
			}
		},
		{
			"name": "hexadecagon",
			"from": [7.96191, 1.80988, -9.94326],
			"to": [8.03809, 1.84818, -5.02276],
			"faces": {
				"north": {"uv": [0, 0, 1, 1], "texture": "#0"},
				"east": {"uv": [0, 0, 1, 1], "texture": "#0"},
				"south": {"uv": [0, 0, 1, 1], "texture": "#0"},
				"west": {"uv": [0, 0, 1, 1], "texture": "#0"},
				"up": {"uv": [0, 0, 1, 1], "texture": "#0"},
				"down": {"uv": [0, 0, 1, 1], "texture": "#0"}
			}
		},
		{
			"name": "hexadecagon",
			"from": [7.96191, 1.80988, -9.84326],
			"to": [8.03809, 1.84818, -4.92276],
			"rotation": {"angle": -22.5, "axis": "z", "origin": [8, 2.00137, -5.30573]},
			"faces": {
				"north": {"uv": [0, 0, 1, 1], "texture": "#0"},
				"east": {"uv": [0, 0, 1, 1], "texture": "#0"},
				"south": {"uv": [0, 0, 1, 1], "texture": "#0"},
				"west": {"uv": [0, 0, 1, 1], "texture": "#0"},
				"up": {"uv": [0, 0, 1, 1], "texture": "#0"},
				"down": {"uv": [0, 0, 1, 1], "texture": "#0"}
			}
		},
		{
			"name": "hexadecagon",
			"from": [7.96191, 1.80988, -9.94326],
			"to": [8.03809, 1.84818, -5.02276],
			"rotation": {"angle": -45, "axis": "z", "origin": [8, 2.00137, -5.40573]},
			"faces": {
				"north": {"uv": [0, 0, 1, 1], "texture": "#0"},
				"east": {"uv": [0, 0, 1, 1], "texture": "#0"},
				"south": {"uv": [0, 0, 1, 1], "texture": "#0"},
				"west": {"uv": [0, 0, 1, 1], "texture": "#0"},
				"up": {"uv": [0, 0, 1, 1], "texture": "#0"},
				"down": {"uv": [0, 0, 1, 1], "texture": "#0"}
			}
		},
		{
			"name": "hexadecagon",
			"from": [8.17408, 2.84464, 3.26448],
			"to": [9.7176, 3.0312, 3.44232],
			"rotation": {"angle": -22.5, "axis": "z", "origin": [8, 2.88792, 4.35712]},
			"faces": {
				"north": {"uv": [0, 0, 1, 1], "texture": "#0"},
				"east": {"uv": [0, 0, 1, 1], "texture": "#0"},
				"south": {"uv": [0, 0, 1, 1], "texture": "#0"},
				"west": {"uv": [0, 0, 1, 1], "texture": "#0"},
				"up": {"uv": [0, 0, 1, 1], "texture": "#0"},
				"down": {"uv": [0, 0, 1, 1], "texture": "#0"}
			}
		},
		{
			"name": "hexadecagon",
			"from": [9.4176, 2.74464, 3.76448],
			"to": [9.8176, 3.14464, 5.94232],
			"rotation": {"angle": -22.5, "axis": "z", "origin": [8, 2.88792, 4.35712]},
			"faces": {
				"north": {"uv": [0, 0, 1, 1], "texture": "#0"},
				"east": {"uv": [0, 0, 1, 1], "texture": "#0"},
				"south": {"uv": [0, 0, 1, 1], "texture": "#0"},
				"west": {"uv": [0, 0, 1, 1], "texture": "#0"},
				"up": {"uv": [0, 0, 1, 1], "texture": "#0"},
				"down": {"uv": [0, 0, 1, 1], "texture": "#0"}
			}
		},
		{
			"name": "hexadecagon",
			"from": [9.52408, 2.84464, 3.26448],
			"to": [9.7176, 3.0312, 3.84232],
			"rotation": {"angle": -22.5, "axis": "z", "origin": [8, 2.88792, 4.35712]},
			"faces": {
				"north": {"uv": [0, 0, 1, 1], "texture": "#0"},
				"east": {"uv": [0, 0, 1, 1], "texture": "#0"},
				"south": {"uv": [0, 0, 1, 1], "texture": "#0"},
				"west": {"uv": [0, 0, 1, 1], "texture": "#0"},
				"up": {"uv": [0, 0, 1, 1], "texture": "#0"},
				"down": {"uv": [0, 0, 1, 1], "texture": "#0"}
			}
		},
		{
			"name": "hexadecagon",
			"from": [7.95027, 1.75, -12.7],
			"to": [8.04973, 1.8, -9.7],
			"rotation": {"angle": -45, "axis": "z", "origin": [8, 2, -10.2]},
			"faces": {
				"north": {"uv": [0, 0, 1, 1], "texture": "#0"},
				"east": {"uv": [0, 0, 1, 1], "texture": "#0"},
				"south": {"uv": [0, 0, 1, 1], "texture": "#0"},
				"west": {"uv": [0, 0, 1, 1], "texture": "#0"},
				"up": {"uv": [0, 0, 1, 1], "texture": "#0"},
				"down": {"uv": [0, 0, 1, 1], "texture": "#0"}
			}
		},
		{
			"name": "hexadecagon",
			"from": [7.95027, 1.75, -11.7],
			"to": [8.04973, 1.8, -9.7],
			"rotation": {"angle": -22.5, "axis": "z", "origin": [8, 2, -10.2]},
			"faces": {
				"north": {"uv": [0, 0, 1, 1], "texture": "#0"},
				"east": {"uv": [0, 0, 1, 1], "texture": "#0"},
				"south": {"uv": [0, 0, 1, 1], "texture": "#0"},
				"west": {"uv": [0, 0, 1, 1], "texture": "#0"},
				"up": {"uv": [0, 0, 1, 1], "texture": "#0"},
				"down": {"uv": [0, 0, 1, 1], "texture": "#0"}
			}
		},
		{
			"name": "hexadecagon",
			"from": [7.95027, 1.75, -11.7],
			"to": [8.04973, 1.8, -9.7],
			"faces": {
				"north": {"uv": [0, 0, 1, 1], "texture": "#0"},
				"east": {"uv": [0, 0, 1, 1], "texture": "#0"},
				"south": {"uv": [0, 0, 1, 1], "texture": "#0"},
				"west": {"uv": [0, 0, 1, 1], "texture": "#0"},
				"up": {"uv": [0, 0, 1, 1], "texture": "#0"},
				"down": {"uv": [0, 0, 1, 1], "texture": "#0"}
			}
		},
		{
			"name": "hexadecagon",
			"from": [7.95027, 1.75, -12.7],
			"to": [8.04973, 1.8, -9.7],
			"rotation": {"angle": 22.5, "axis": "z", "origin": [8, 2, -10.2]},
			"faces": {
				"north": {"uv": [0, 0, 1, 1], "texture": "#0"},
				"east": {"uv": [0, 0, 1, 1], "texture": "#0"},
				"south": {"uv": [0, 0, 1, 1], "texture": "#0"},
				"west": {"uv": [0, 0, 1, 1], "texture": "#0"},
				"up": {"uv": [0, 0, 1, 1], "texture": "#0"},
				"down": {"uv": [0, 0, 1, 1], "texture": "#0"}
			}
		},
		{
			"name": "hexadecagon",
			"from": [7.95027, 1.75, -12.7],
			"to": [8.04973, 1.8, -9.7],
			"rotation": {"angle": 45, "axis": "z", "origin": [8, 2, -10.2]},
			"faces": {
				"north": {"uv": [0, 0, 1, 1], "texture": "#0"},
				"east": {"uv": [0, 0, 1, 1], "texture": "#0"},
				"south": {"uv": [0, 0, 1, 1], "texture": "#0"},
				"west": {"uv": [0, 0, 1, 1], "texture": "#0"},
				"up": {"uv": [0, 0, 1, 1], "texture": "#0"},
				"down": {"uv": [0, 0, 1, 1], "texture": "#0"}
			}
		},
		{
			"name": "hexadecagon",
			"from": [7.95027, 2.2, -12.7],
			"to": [8.04973, 2.25, -9.7],
			"rotation": {"angle": -45, "axis": "z", "origin": [8, 2, -10.2]},
			"faces": {
				"north": {"uv": [0, 0, 1, 1], "texture": "#0"},
				"east": {"uv": [0, 0, 1, 1], "texture": "#0"},
				"south": {"uv": [0, 0, 1, 1], "texture": "#0"},
				"west": {"uv": [0, 0, 1, 1], "texture": "#0"},
				"up": {"uv": [0, 0, 1, 1], "texture": "#0"},
				"down": {"uv": [0, 0, 1, 1], "texture": "#0"}
			}
		},
		{
			"name": "hexadecagon",
			"from": [7.95027, 2.2, -11.7],
			"to": [8.04973, 2.25, -9.7],
			"rotation": {"angle": -22.5, "axis": "z", "origin": [8, 2, -10.2]},
			"faces": {
				"north": {"uv": [0, 0, 1, 1], "texture": "#0"},
				"east": {"uv": [0, 0, 1, 1], "texture": "#0"},
				"south": {"uv": [0, 0, 1, 1], "texture": "#0"},
				"west": {"uv": [0, 0, 1, 1], "texture": "#0"},
				"up": {"uv": [0, 0, 1, 1], "texture": "#0"},
				"down": {"uv": [0, 0, 1, 1], "texture": "#0"}
			}
		},
		{
			"name": "hexadecagon",
			"from": [7.95027, 2.2, -11.7],
			"to": [8.04973, 2.25, -9.7],
			"faces": {
				"north": {"uv": [0, 0, 1, 1], "texture": "#0"},
				"east": {"uv": [0, 0, 1, 1], "texture": "#0"},
				"south": {"uv": [0, 0, 1, 1], "texture": "#0"},
				"west": {"uv": [0, 0, 1, 1], "texture": "#0"},
				"up": {"uv": [0, 0, 1, 1], "texture": "#0"},
				"down": {"uv": [0, 0, 1, 1], "texture": "#0"}
			}
		},
		{
			"name": "hexadecagon",
			"from": [7.95027, 2.2, -12.7],
			"to": [8.04973, 2.25, -9.7],
			"rotation": {"angle": 22.5, "axis": "z", "origin": [8, 2, -10.2]},
			"faces": {
				"north": {"uv": [0, 0, 1, 1], "texture": "#0"},
				"east": {"uv": [0, 0, 1, 1], "texture": "#0"},
				"south": {"uv": [0, 0, 1, 1], "texture": "#0"},
				"west": {"uv": [0, 0, 1, 1], "texture": "#0"},
				"up": {"uv": [0, 0, 1, 1], "texture": "#0"},
				"down": {"uv": [0, 0, 1, 1], "texture": "#0"}
			}
		},
		{
			"name": "hexadecagon",
			"from": [7.95027, 2.2, -12.7],
			"to": [8.04973, 2.25, -9.7],
			"rotation": {"angle": 45, "axis": "z", "origin": [8, 2, -10.2]},
			"faces": {
				"north": {"uv": [0, 0, 1, 1], "texture": "#0"},
				"east": {"uv": [0, 0, 1, 1], "texture": "#0"},
				"south": {"uv": [0, 0, 1, 1], "texture": "#0"},
				"west": {"uv": [0, 0, 1, 1], "texture": "#0"},
				"up": {"uv": [0, 0, 1, 1], "texture": "#0"},
				"down": {"uv": [0, 0, 1, 1], "texture": "#0"}
			}
		},
		{
			"name": "hexadecagon",
			"from": [7.75, 1.95027, -11.7],
			"to": [7.8, 2.04973, -9.7],
			"rotation": {"angle": -22.5, "axis": "z", "origin": [8, 2, -10.2]},
			"faces": {
				"north": {"uv": [0, 0, 1, 1], "texture": "#0"},
				"east": {"uv": [0, 0, 1, 1], "texture": "#0"},
				"south": {"uv": [0, 0, 1, 1], "texture": "#0"},
				"west": {"uv": [0, 0, 1, 1], "texture": "#0"},
				"up": {"uv": [0, 0, 1, 1], "texture": "#0"},
				"down": {"uv": [0, 0, 1, 1], "texture": "#0"}
			}
		},
		{
			"name": "hexadecagon",
			"from": [7.75, 1.95027, -11.7],
			"to": [7.8, 2.04973, -9.7],
			"faces": {
				"north": {"uv": [0, 0, 1, 1], "texture": "#0"},
				"east": {"uv": [0, 0, 1, 1], "texture": "#0"},
				"south": {"uv": [0, 0, 1, 1], "texture": "#0"},
				"west": {"uv": [0, 0, 1, 1], "texture": "#0"},
				"up": {"uv": [0, 0, 1, 1], "texture": "#0"},
				"down": {"uv": [0, 0, 1, 1], "texture": "#0"}
			}
		},
		{
			"name": "hexadecagon",
			"from": [7.75, 1.95027, -12.7],
			"to": [7.8, 2.04973, -9.7],
			"rotation": {"angle": 22.5, "axis": "z", "origin": [8, 2, -10.2]},
			"faces": {
				"north": {"uv": [0, 0, 1, 1], "texture": "#0"},
				"east": {"uv": [0, 0, 1, 1], "texture": "#0"},
				"south": {"uv": [0, 0, 1, 1], "texture": "#0"},
				"west": {"uv": [0, 0, 1, 1], "texture": "#0"},
				"up": {"uv": [0, 0, 1, 1], "texture": "#0"},
				"down": {"uv": [0, 0, 1, 1], "texture": "#0"}
			}
		},
		{
			"name": "hexadecagon",
			"from": [8.2, 1.95027, -11.7],
			"to": [8.25, 2.04973, -9.7],
			"rotation": {"angle": -22.5, "axis": "z", "origin": [8, 2, -10.2]},
			"faces": {
				"north": {"uv": [0, 0, 1, 1], "texture": "#0"},
				"east": {"uv": [0, 0, 1, 1], "texture": "#0"},
				"south": {"uv": [0, 0, 1, 1], "texture": "#0"},
				"west": {"uv": [0, 0, 1, 1], "texture": "#0"},
				"up": {"uv": [0, 0, 1, 1], "texture": "#0"},
				"down": {"uv": [0, 0, 1, 1], "texture": "#0"}
			}
		},
		{
			"name": "hexadecagon",
			"from": [8.2, 1.95027, -11.7],
			"to": [8.25, 2.04973, -9.7],
			"faces": {
				"north": {"uv": [0, 0, 1, 1], "texture": "#0"},
				"east": {"uv": [0, 0, 1, 1], "texture": "#0"},
				"south": {"uv": [0, 0, 1, 1], "texture": "#0"},
				"west": {"uv": [0, 0, 1, 1], "texture": "#0"},
				"up": {"uv": [0, 0, 1, 1], "texture": "#0"},
				"down": {"uv": [0, 0, 1, 1], "texture": "#0"}
			}
		},
		{
			"name": "hexadecagon",
			"from": [8.2, 1.95027, -12.7],
			"to": [8.25, 2.04973, -9.7],
			"rotation": {"angle": 22.5, "axis": "z", "origin": [8, 2, -10.2]},
			"faces": {
				"north": {"uv": [0, 0, 1, 1], "texture": "#0"},
				"east": {"uv": [0, 0, 1, 1], "texture": "#0"},
				"south": {"uv": [0, 0, 1, 1], "texture": "#0"},
				"west": {"uv": [0, 0, 1, 1], "texture": "#0"},
				"up": {"uv": [0, 0, 1, 1], "texture": "#0"},
				"down": {"uv": [0, 0, 1, 1], "texture": "#0"}
			}
		},
		{
			"from": [7.7, -3.36299, 8.29155],
			"to": [8.3, -0.26299, 9.69155],
			"rotation": {"angle": -22.5, "axis": "x", "origin": [8, 0.63701, 7.39155]},
			"faces": {
				"north": {"uv": [0, 0, 0.6, 3.1], "rotation": 180, "texture": "#1"},
				"east": {"uv": [0, 0, 1.4, 3.1], "rotation": 180, "texture": "#1"},
				"south": {"uv": [0, 0, 0.6, 3.1], "rotation": 180, "texture": "#1"},
				"west": {"uv": [0, 0, 1.4, 3.1], "rotation": 180, "texture": "#1"},
				"up": {"uv": [0, 0, 0.6, 1.4], "texture": "#1"},
				"down": {"uv": [0, 0, 0.6, 1.4], "texture": "#1"}
			}
		},
		{
			"from": [7.7, -3.36299, 8.19155],
			"to": [8.3, -3.06299, 9.99155],
			"rotation": {"angle": -22.5, "axis": "x", "origin": [8, 0.63701, 7.39155]},
			"faces": {
				"north": {"uv": [0, 0, 0.6, 0.3], "rotation": 180, "texture": "#1"},
				"east": {"uv": [0, 0, 1.8, 0.3], "rotation": 180, "texture": "#1"},
				"south": {"uv": [0, 0, 0.6, 0.3], "rotation": 180, "texture": "#1"},
				"west": {"uv": [0, 0, 1.8, 0.3], "rotation": 180, "texture": "#1"},
				"up": {"uv": [0, 0, 0.6, 1.8], "texture": "#1"},
				"down": {"uv": [0, 0, 0.6, 1.8], "texture": "#1"}
			}
		},
		{
			"from": [7.7, -1.51443, 12.88738],
			"to": [8.3, -1.11443, 14.38738],
			"rotation": {"angle": 45, "axis": "x", "origin": [8, 2.38557, 11.98738]},
			"faces": {
				"north": {"uv": [0, 0, 0.6, 0.4], "rotation": 180, "texture": "#1"},
				"east": {"uv": [0, 0, 1.5, 0.4], "rotation": 180, "texture": "#1"},
				"south": {"uv": [0, 0, 0.6, 0.4], "rotation": 180, "texture": "#1"},
				"west": {"uv": [0, 0, 1.5, 0.4], "rotation": 180, "texture": "#1"},
				"up": {"uv": [0, 0, 0.6, 1.5], "texture": "#1"},
				"down": {"uv": [0, 0, 0.6, 1.5], "texture": "#1"}
			}
		},
		{
			"from": [7.7, 0.14994, 8.56746],
			"to": [8.3, 1.24994, 9.96746],
			"faces": {
				"north": {"uv": [0, 0, 0.6, 1.1], "rotation": 180, "texture": "#1"},
				"east": {"uv": [0, 0, 1.4, 1.1], "rotation": 180, "texture": "#1"},
				"south": {"uv": [0, 0, 0.6, 1.1], "rotation": 180, "texture": "#1"},
				"west": {"uv": [0, 0, 1.4, 1.1], "rotation": 180, "texture": "#1"},
				"up": {"uv": [0, 0, 0.6, 1.4], "texture": "#1"},
				"down": {"uv": [0, 0, 0.6, 1.4], "texture": "#1"}
			}
		},
		{
			"from": [7.7, -0.85006, 9.46746],
			"to": [8.3, 1.24994, 10.36746],
			"faces": {
				"north": {"uv": [0, 0, 0.6, 2.1], "rotation": 180, "texture": "#1"},
				"east": {"uv": [0, 0, 0.9, 2.1], "rotation": 180, "texture": "#1"},
				"south": {"uv": [0, 0, 0.6, 2.1], "rotation": 180, "texture": "#1"},
				"west": {"uv": [0, 0, 0.9, 2.1], "rotation": 180, "texture": "#1"},
				"up": {"uv": [0, 0, 0.6, 0.9], "texture": "#1"},
				"down": {"uv": [0, 0, 0.6, 0.9], "texture": "#1"}
			}
		},
		{
			"from": [7.7, 2.54994, 11.46746],
			"to": [8.3, 4.34994, 12.06746],
			"rotation": {"angle": 45, "axis": "x", "origin": [8, 3.84994, 7.96746]},
			"faces": {
				"north": {"uv": [0, 0, 0.6, 1.8], "rotation": 180, "texture": "#1"},
				"east": {"uv": [0, 0, 0.6, 1.8], "rotation": 180, "texture": "#1"},
				"south": {"uv": [0, 0, 0.6, 1.8], "rotation": 180, "texture": "#1"},
				"west": {"uv": [0, 0, 0.6, 1.8], "rotation": 180, "texture": "#1"},
				"up": {"uv": [0, 0, 0.6, 0.6], "texture": "#1"},
				"down": {"uv": [0, 0, 0.6, 0.6], "texture": "#1"}
			}
		},
		{
			"from": [7.8, -0.16299, 7.09155],
			"to": [8.2, 2.13701, 7.29155],
			"faces": {
				"north": {"uv": [0, 0, 0.4, 2.3], "rotation": 180, "texture": "#1"},
				"east": {"uv": [0, 0, 2.3, 0.2], "rotation": 270, "texture": "#1"},
				"south": {"uv": [0, 0, 0.4, 2.3], "texture": "#1"},
				"west": {"uv": [0, 0, 2.3, 0.2], "rotation": 90, "texture": "#1"},
				"up": {"uv": [0, 0, 0.4, 0.2], "rotation": 180, "texture": "#1"},
				"down": {"uv": [0, 0, 0.4, 0.2], "texture": "#1"}
			}
		},
		{
			"from": [7.8, -0.57052, 7.87543],
			"to": [8.2, -0.37052, 8.17543],
			"rotation": {"angle": 45, "axis": "x", "origin": [8, 0.57948, 7.97543]},
			"faces": {
				"north": {"uv": [0, 0, 0.4, 0.2], "rotation": 180, "texture": "#1"},
				"east": {"uv": [0, 0, 0.2, 0.3], "rotation": 270, "texture": "#1"},
				"south": {"uv": [0, 0, 0.4, 0.2], "texture": "#1"},
				"west": {"uv": [0, 0, 0.2, 0.3], "rotation": 90, "texture": "#1"},
				"up": {"uv": [0, 0, 0.4, 0.3], "rotation": 180, "texture": "#1"},
				"down": {"uv": [0, 0, 0.4, 0.3], "texture": "#1"}
			}
		},
		{
			"from": [7.8, -0.37512, 7.30368],
			"to": [8.2, -0.17512, 9.00368],
			"faces": {
				"north": {"uv": [0, 0, 0.4, 0.2], "rotation": 180, "texture": "#1"},
				"east": {"uv": [0, 0, 1.7, 0.2], "rotation": 180, "texture": "#1"},
				"south": {"uv": [0, 0, 0.4, 0.2], "rotation": 180, "texture": "#1"},
				"west": {"uv": [0, 0, 1.7, 0.2], "rotation": 180, "texture": "#1"},
				"up": {"uv": [0, 0, 0.4, 1.7], "texture": "#1"},
				"down": {"uv": [0, 0, 0.4, 1.7], "texture": "#1"}
			}
		},
		{
			"from": [7.6, 1.37277, 11.25308],
			"to": [8.4, 2.67277, 12.15308],
			"faces": {
				"north": {"uv": [0, 0, 0.8, 1.3], "rotation": 180, "texture": "#1"},
				"east": {"uv": [0, 0, 1.3, 0.9], "rotation": 270, "texture": "#1"},
				"south": {"uv": [0, 0, 0.8, 1.3], "texture": "#1"},
				"west": {"uv": [0, 0, 1.3, 0.9], "rotation": 90, "texture": "#1"},
				"up": {"uv": [0, 0, 0.8, 0.9], "rotation": 180, "texture": "#1"},
				"down": {"uv": [0, 0, 0.8, 0.9], "texture": "#1"}
			}
		},
		{
			"from": [7.8, 1.07277, 11.25308],
			"to": [8.2, 2.57277, 12.15308],
			"faces": {
				"north": {"uv": [0, 0, 0.4, 1.5], "rotation": 180, "texture": "#1"},
				"east": {"uv": [0, 0, 1.5, 0.9], "rotation": 270, "texture": "#1"},
				"south": {"uv": [0, 0, 0.4, 1.5], "texture": "#1"},
				"west": {"uv": [0, 0, 1.5, 0.9], "rotation": 90, "texture": "#1"},
				"up": {"uv": [0, 0, 0.4, 0.9], "rotation": 180, "texture": "#1"},
				"down": {"uv": [0, 0, 0.4, 0.9], "texture": "#1"}
			}
		},
		{
			"from": [7.7, 1.37277, 11.95308],
			"to": [8.3, 2.27277, 19.45308],
			"faces": {
				"north": {"uv": [0, 0, 0.6, 0.9], "rotation": 180, "texture": "#1"},
				"east": {"uv": [0, 0, 0.9, 7.5], "rotation": 270, "texture": "#1"},
				"south": {"uv": [0, 0, 0.6, 0.9], "texture": "#1"},
				"west": {"uv": [0, 0, 0.9, 7.5], "rotation": 90, "texture": "#1"},
				"up": {"uv": [0, 0, 0.6, 7.5], "rotation": 180, "texture": "#1"},
				"down": {"uv": [0, 0, 0.6, 7.5], "texture": "#1"}
			}
		},
		{
			"from": [7.7, -1.32723, 19.05308],
			"to": [8.3, 1.67277, 19.45308],
			"faces": {
				"north": {"uv": [0, 0, 0.6, 3], "rotation": 180, "texture": "#1"},
				"east": {"uv": [0, 0, 3, 0.4], "rotation": 270, "texture": "#1"},
				"south": {"uv": [0, 0, 0.6, 3], "texture": "#1"},
				"west": {"uv": [0, 0, 3, 0.4], "rotation": 90, "texture": "#1"},
				"up": {"uv": [0, 0, 0.6, 0.4], "rotation": 180, "texture": "#1"},
				"down": {"uv": [0, 0, 0.6, 0.4], "texture": "#1"}
			}
		},
		{
			"from": [7.7, -2.38551, 15.97343],
			"to": [8.3, -1.68551, 24.17343],
			"rotation": {"angle": 22.5, "axis": "x", "origin": [8, 11.01449, 24.27343]},
			"faces": {
				"north": {"uv": [0, 0, 0.6, 0.7], "rotation": 180, "texture": "#1"},
				"east": {"uv": [0, 0, 8.2, 0.7], "rotation": 180, "texture": "#1"},
				"south": {"uv": [0, 0, 0.6, 0.7], "rotation": 180, "texture": "#1"},
				"west": {"uv": [0, 0, 8.2, 0.7], "rotation": 180, "texture": "#1"},
				"up": {"uv": [0, 0, 0.6, 8.2], "texture": "#1"},
				"down": {"uv": [0, 0, 0.6, 8.2], "texture": "#1"}
			}
		},
		{
			"from": [7.7, -2.38551, 18.67343],
			"to": [8.3, -0.78551, 23.57343],
			"rotation": {"angle": 22.5, "axis": "x", "origin": [8, 11.01449, 24.27343]},
			"faces": {
				"north": {"uv": [0, 0, 0.6, 1.6], "rotation": 180, "texture": "#1"},
				"east": {"uv": [0, 0, 4.9, 1.6], "rotation": 180, "texture": "#1"},
				"south": {"uv": [0, 0, 0.6, 1.6], "rotation": 180, "texture": "#1"},
				"west": {"uv": [0, 0, 4.9, 1.6], "rotation": 180, "texture": "#1"},
				"up": {"uv": [0, 0, 0.6, 4.9], "texture": "#1"},
				"down": {"uv": [0, 0, 0.6, 4.9], "texture": "#1"}
			}
		},
		{
			"from": [7.7, -0.82723, 17.85308],
			"to": [8.3, 1.67277, 19.45308],
			"faces": {
				"north": {"uv": [0, 0, 0.6, 2.5], "rotation": 180, "texture": "#1"},
				"east": {"uv": [0, 0, 2.5, 1.6], "rotation": 270, "texture": "#1"},
				"south": {"uv": [0, 0, 0.6, 2.5], "texture": "#1"},
				"west": {"uv": [0, 0, 2.5, 1.6], "rotation": 90, "texture": "#1"},
				"up": {"uv": [0, 0, 0.6, 1.6], "rotation": 180, "texture": "#1"},
				"down": {"uv": [0, 0, 0.6, 1.6], "texture": "#1"}
			}
		},
		{
			"from": [7.7, -2.38551, 20.27343],
			"to": [8.3, -0.28551, 23.57343],
			"rotation": {"angle": 22.5, "axis": "x", "origin": [8, 11.01449, 24.27343]},
			"faces": {
				"north": {"uv": [0, 0, 0.6, 2.1], "rotation": 180, "texture": "#1"},
				"east": {"uv": [0, 0, 3.3, 2.1], "rotation": 180, "texture": "#1"},
				"south": {"uv": [0, 0, 0.6, 2.1], "rotation": 180, "texture": "#1"},
				"west": {"uv": [0, 0, 3.3, 2.1], "rotation": 180, "texture": "#1"},
				"up": {"uv": [0, 0, 0.6, 3.3], "texture": "#1"},
				"down": {"uv": [0, 0, 0.6, 3.3], "texture": "#1"}
			}
		},
		{
			"from": [7.7, 4.07277, 10.55308],
			"to": [8.3, 4.97277, 17.95308],
			"rotation": {"angle": 22.5, "axis": "x", "origin": [8, 1.77277, 6.05308]},
			"faces": {
				"north": {"uv": [0, 0, 0.6, 0.9], "rotation": 180, "texture": "#1"},
				"east": {"uv": [0, 0, 0.9, 7.4], "rotation": 270, "texture": "#1"},
				"south": {"uv": [0, 0, 0.6, 0.9], "texture": "#1"},
				"west": {"uv": [0, 0, 0.9, 7.4], "rotation": 90, "texture": "#1"},
				"up": {"uv": [0, 0, 0.6, 7.4], "rotation": 180, "texture": "#1"},
				"down": {"uv": [0, 0, 0.6, 7.4], "texture": "#1"}
			}
		},
		{
			"name": "hexadecagon",
			"from": [7.86076, 1.3, -5.7],
			"to": [8.13924, 1.5, 3.1],
			"rotation": {"angle": -45, "axis": "z", "origin": [8, 2, 2.6]},
			"faces": {
				"north": {"uv": [0, 0, 1, 1], "texture": "#1"},
				"east": {"uv": [0, 0, 1, 1], "texture": "#1"},
				"south": {"uv": [0, 0, 1, 1], "texture": "#1"},
				"west": {"uv": [0, 0, 1, 1], "texture": "#1"},
				"up": {"uv": [0, 0, 1, 1], "texture": "#1"},
				"down": {"uv": [0, 0, 1, 1], "texture": "#1"}
			}
		},
		{
			"name": "hexadecagon",
			"from": [7.86076, 1.3, -5.7],
			"to": [8.13924, 1.5, 3.1],
			"rotation": {"angle": -22.5, "axis": "z", "origin": [8, 2, 2.6]},
			"faces": {
				"north": {"uv": [0, 0, 1, 1], "texture": "#1"},
				"east": {"uv": [0, 0, 1, 1], "texture": "#1"},
				"south": {"uv": [0, 0, 1, 1], "texture": "#1"},
				"west": {"uv": [0, 0, 1, 1], "texture": "#1"},
				"up": {"uv": [0, 0, 1, 1], "texture": "#1"},
				"down": {"uv": [0, 0, 1, 1], "texture": "#1"}
			}
		},
		{
			"name": "hexadecagon",
			"from": [7.86076, 1.3, -5.7],
			"to": [8.13924, 1.5, 3.1],
			"faces": {
				"north": {"uv": [0, 0, 1, 1], "texture": "#1"},
				"east": {"uv": [0, 0, 1, 1], "texture": "#1"},
				"south": {"uv": [0, 0, 1, 1], "texture": "#1"},
				"west": {"uv": [0, 0, 1, 1], "texture": "#1"},
				"up": {"uv": [0, 0, 1, 1], "texture": "#1"},
				"down": {"uv": [0, 0, 1, 1], "texture": "#1"}
			}
		},
		{
			"name": "hexadecagon",
			"from": [7.86076, 1.3, -5.7],
			"to": [8.13924, 1.5, 3.1],
			"rotation": {"angle": 22.5, "axis": "z", "origin": [8, 2, 2.6]},
			"faces": {
				"north": {"uv": [0, 0, 1, 1], "texture": "#1"},
				"east": {"uv": [0, 0, 1, 1], "texture": "#1"},
				"south": {"uv": [0, 0, 1, 1], "texture": "#1"},
				"west": {"uv": [0, 0, 1, 1], "texture": "#1"},
				"up": {"uv": [0, 0, 1, 1], "texture": "#1"},
				"down": {"uv": [0, 0, 1, 1], "texture": "#1"}
			}
		},
		{
			"name": "hexadecagon",
			"from": [7.86076, 1.3, -5.7],
			"to": [8.13924, 1.5, 3.1],
			"rotation": {"angle": 45, "axis": "z", "origin": [8, 2, 2.6]},
			"faces": {
				"north": {"uv": [0, 0, 1, 1], "texture": "#1"},
				"east": {"uv": [0, 0, 1, 1], "texture": "#1"},
				"south": {"uv": [0, 0, 1, 1], "texture": "#1"},
				"west": {"uv": [0, 0, 1, 1], "texture": "#1"},
				"up": {"uv": [0, 0, 1, 1], "texture": "#1"},
				"down": {"uv": [0, 0, 1, 1], "texture": "#1"}
			}
		},
		{
			"name": "hexadecagon",
			"from": [7.86076, 2.5, -5.7],
			"to": [8.13924, 2.7, 3.1],
			"rotation": {"angle": -45, "axis": "z", "origin": [8, 2, 2.6]},
			"faces": {
				"north": {"uv": [0, 0, 1, 1], "texture": "#1"},
				"east": {"uv": [0, 0, 1, 1], "texture": "#1"},
				"south": {"uv": [0, 0, 1, 1], "texture": "#1"},
				"west": {"uv": [0, 0, 1, 1], "texture": "#1"},
				"up": {"uv": [0, 0, 1, 1], "texture": "#1"},
				"down": {"uv": [0, 0, 1, 1], "texture": "#1"}
			}
		},
		{
			"name": "hexadecagon",
			"from": [7.86076, 2.5, -5.7],
			"to": [8.13924, 2.7, 3.1],
			"rotation": {"angle": -22.5, "axis": "z", "origin": [8, 2, 2.6]},
			"faces": {
				"north": {"uv": [0, 0, 1, 1], "texture": "#1"},
				"east": {"uv": [0, 0, 1, 1], "texture": "#1"},
				"south": {"uv": [0, 0, 1, 1], "texture": "#1"},
				"west": {"uv": [0, 0, 1, 1], "texture": "#1"},
				"up": {"uv": [0, 0, 1, 1], "texture": "#1"},
				"down": {"uv": [0, 0, 1, 1], "texture": "#1"}
			}
		},
		{
			"name": "hexadecagon",
			"from": [7.86076, 2.5, -5.7],
			"to": [8.13924, 2.7, 3.1],
			"faces": {
				"north": {"uv": [0, 0, 1, 1], "texture": "#1"},
				"east": {"uv": [0, 0, 1, 1], "texture": "#1"},
				"south": {"uv": [0, 0, 1, 1], "texture": "#1"},
				"west": {"uv": [0, 0, 1, 1], "texture": "#1"},
				"up": {"uv": [0, 0, 1, 1], "texture": "#1"},
				"down": {"uv": [0, 0, 1, 1], "texture": "#1"}
			}
		},
		{
			"name": "hexadecagon",
			"from": [7.86076, 2.5, -5.7],
			"to": [8.13924, 2.7, 3.1],
			"rotation": {"angle": 22.5, "axis": "z", "origin": [8, 2, 2.6]},
			"faces": {
				"north": {"uv": [0, 0, 1, 1], "texture": "#1"},
				"east": {"uv": [0, 0, 1, 1], "texture": "#1"},
				"south": {"uv": [0, 0, 1, 1], "texture": "#1"},
				"west": {"uv": [0, 0, 1, 1], "texture": "#1"},
				"up": {"uv": [0, 0, 1, 1], "texture": "#1"},
				"down": {"uv": [0, 0, 1, 1], "texture": "#1"}
			}
		},
		{
			"name": "hexadecagon",
			"from": [7.86076, 2.5, -5.7],
			"to": [8.13924, 2.7, 3.1],
			"rotation": {"angle": 45, "axis": "z", "origin": [8, 2, 2.6]},
			"faces": {
				"north": {"uv": [0, 0, 1, 1], "texture": "#1"},
				"east": {"uv": [0, 0, 1, 1], "texture": "#1"},
				"south": {"uv": [0, 0, 1, 1], "texture": "#1"},
				"west": {"uv": [0, 0, 1, 1], "texture": "#1"},
				"up": {"uv": [0, 0, 1, 1], "texture": "#1"},
				"down": {"uv": [0, 0, 1, 1], "texture": "#1"}
			}
		},
		{
			"name": "hexadecagon",
			"from": [7.3, 1.86076, -5.7],
			"to": [7.5, 2.13924, 3.1],
			"rotation": {"angle": -22.5, "axis": "z", "origin": [8, 2, 2.6]},
			"faces": {
				"north": {"uv": [0, 0, 1, 1], "texture": "#1"},
				"east": {"uv": [0, 0, 1, 1], "texture": "#1"},
				"south": {"uv": [0, 0, 1, 1], "texture": "#1"},
				"west": {"uv": [0, 0, 1, 1], "texture": "#1"},
				"up": {"uv": [0, 0, 1, 1], "texture": "#1"},
				"down": {"uv": [0, 0, 1, 1], "texture": "#1"}
			}
		},
		{
			"name": "hexadecagon",
			"from": [7.3, 1.86076, -5.7],
			"to": [7.5, 2.13924, 3.1],
			"faces": {
				"north": {"uv": [0, 0, 1, 1], "texture": "#1"},
				"east": {"uv": [0, 0, 1, 1], "texture": "#1"},
				"south": {"uv": [0, 0, 1, 1], "texture": "#1"},
				"west": {"uv": [0, 0, 1, 1], "texture": "#1"},
				"up": {"uv": [0, 0, 1, 1], "texture": "#1"},
				"down": {"uv": [0, 0, 1, 1], "texture": "#1"}
			}
		},
		{
			"name": "hexadecagon",
			"from": [7.3, 1.86076, -5.7],
			"to": [7.5, 2.13924, 3.1],
			"rotation": {"angle": 22.5, "axis": "z", "origin": [8, 2, 2.6]},
			"faces": {
				"north": {"uv": [0, 0, 1, 1], "texture": "#1"},
				"east": {"uv": [0, 0, 1, 1], "texture": "#1"},
				"south": {"uv": [0, 0, 1, 1], "texture": "#1"},
				"west": {"uv": [0, 0, 1, 1], "texture": "#1"},
				"up": {"uv": [0, 0, 1, 1], "texture": "#1"},
				"down": {"uv": [0, 0, 1, 1], "texture": "#1"}
			}
		},
		{
			"name": "hexadecagon",
			"from": [8.5, 1.86076, -5.7],
			"to": [8.7, 2.13924, 3.1],
			"rotation": {"angle": -22.5, "axis": "z", "origin": [8, 2, 2.6]},
			"faces": {
				"north": {"uv": [0, 0, 1, 1], "texture": "#1"},
				"east": {"uv": [0, 0, 1, 1], "texture": "#1"},
				"south": {"uv": [0, 0, 1, 1], "texture": "#1"},
				"west": {"uv": [0, 0, 1, 1], "texture": "#1"},
				"up": {"uv": [0, 0, 1, 1], "texture": "#1"},
				"down": {"uv": [0, 0, 1, 1], "texture": "#1"}
			}
		},
		{
			"name": "hexadecagon",
			"from": [8.5, 1.86076, -5.7],
			"to": [8.7, 2.13924, 3.1],
			"faces": {
				"north": {"uv": [0, 0, 1, 1], "texture": "#1"},
				"east": {"uv": [0, 0, 1, 1], "texture": "#1"},
				"south": {"uv": [0, 0, 1, 1], "texture": "#1"},
				"west": {"uv": [0, 0, 1, 1], "texture": "#1"},
				"up": {"uv": [0, 0, 1, 1], "texture": "#1"},
				"down": {"uv": [0, 0, 1, 1], "texture": "#1"}
			}
		},
		{
			"name": "hexadecagon",
			"from": [8.5, 1.86076, -5.7],
			"to": [8.7, 2.13924, 3.1],
			"rotation": {"angle": 22.5, "axis": "z", "origin": [8, 2, 2.6]},
			"faces": {
				"north": {"uv": [0, 0, 1, 1], "texture": "#1"},
				"east": {"uv": [0, 0, 1, 1], "texture": "#1"},
				"south": {"uv": [0, 0, 1, 1], "texture": "#1"},
				"west": {"uv": [0, 0, 1, 1], "texture": "#1"},
				"up": {"uv": [0, 0, 1, 1], "texture": "#1"},
				"down": {"uv": [0, 0, 1, 1], "texture": "#1"}
			}
		},
		{
			"name": "hexadecagon",
			"from": [8.17, 2.81266, -5.658],
			"to": [8.238, 2.90734, 2.734],
			"rotation": {"angle": 22.5, "axis": "z", "origin": [8, 2.86, 2.564]},
			"faces": {
				"north": {"uv": [0, 0, 1, 1], "texture": "#0"},
				"east": {"uv": [0, 0, 1, 1], "texture": "#0"},
				"south": {"uv": [0, 0, 1, 1], "texture": "#0"},
				"west": {"uv": [0, 0, 1, 1], "texture": "#0"},
				"up": {"uv": [0, 0, 1, 1], "texture": "#0"},
				"down": {"uv": [0, 0, 1, 1], "texture": "#0"}
			}
		},
		{
			"name": "hexadecagon",
			"from": [8.17, 2.81266, -5.658],
			"to": [8.238, 2.90734, 2.734],
			"faces": {
				"north": {"uv": [0, 0, 1, 1], "texture": "#0"},
				"east": {"uv": [0, 0, 1, 1], "texture": "#0"},
				"south": {"uv": [0, 0, 1, 1], "texture": "#0"},
				"west": {"uv": [0, 0, 1, 1], "texture": "#0"},
				"up": {"uv": [0, 0, 1, 1], "texture": "#0"},
				"down": {"uv": [0, 0, 1, 1], "texture": "#0"}
			}
		},
		{
			"name": "hexadecagon",
			"from": [8.17, 2.81266, -5.658],
			"to": [8.238, 2.90734, 2.734],
			"rotation": {"angle": -22.5, "axis": "z", "origin": [8, 2.86, 2.564]},
			"faces": {
				"north": {"uv": [0, 0, 1, 1], "texture": "#0"},
				"east": {"uv": [0, 0, 1, 1], "texture": "#0"},
				"south": {"uv": [0, 0, 1, 1], "texture": "#0"},
				"west": {"uv": [0, 0, 1, 1], "texture": "#0"},
				"up": {"uv": [0, 0, 1, 1], "texture": "#0"},
				"down": {"uv": [0, 0, 1, 1], "texture": "#0"}
			}
		},
		{
			"name": "hexadecagon",
			"from": [7.762, 2.81266, -5.658],
			"to": [7.83, 2.90734, 2.734],
			"rotation": {"angle": 22.5, "axis": "z", "origin": [8, 2.86, 2.564]},
			"faces": {
				"north": {"uv": [0, 0, 1, 1], "texture": "#0"},
				"east": {"uv": [0, 0, 1, 1], "texture": "#0"},
				"south": {"uv": [0, 0, 1, 1], "texture": "#0"},
				"west": {"uv": [0, 0, 1, 1], "texture": "#0"},
				"up": {"uv": [0, 0, 1, 1], "texture": "#0"},
				"down": {"uv": [0, 0, 1, 1], "texture": "#0"}
			}
		},
		{
			"name": "hexadecagon",
			"from": [7.762, 2.81266, -5.658],
			"to": [7.83, 2.90734, 2.734],
			"faces": {
				"north": {"uv": [0, 0, 1, 1], "texture": "#0"},
				"east": {"uv": [0, 0, 1, 1], "texture": "#0"},
				"south": {"uv": [0, 0, 1, 1], "texture": "#0"},
				"west": {"uv": [0, 0, 1, 1], "texture": "#0"},
				"up": {"uv": [0, 0, 1, 1], "texture": "#0"},
				"down": {"uv": [0, 0, 1, 1], "texture": "#0"}
			}
		},
		{
			"name": "hexadecagon",
			"from": [7.762, 2.81266, -5.658],
			"to": [7.83, 2.90734, 2.734],
			"rotation": {"angle": -22.5, "axis": "z", "origin": [8, 2.86, 2.564]},
			"faces": {
				"north": {"uv": [0, 0, 1, 1], "texture": "#0"},
				"east": {"uv": [0, 0, 1, 1], "texture": "#0"},
				"south": {"uv": [0, 0, 1, 1], "texture": "#0"},
				"west": {"uv": [0, 0, 1, 1], "texture": "#0"},
				"up": {"uv": [0, 0, 1, 1], "texture": "#0"},
				"down": {"uv": [0, 0, 1, 1], "texture": "#0"}
			}
		},
		{
			"name": "hexadecagon",
			"from": [7.95266, 3.03, -5.658],
			"to": [8.04734, 3.098, 2.734],
			"rotation": {"angle": 45, "axis": "z", "origin": [8, 2.86, 2.564]},
			"faces": {
				"north": {"uv": [0, 0, 1, 1], "texture": "#0"},
				"east": {"uv": [0, 0, 1, 1], "texture": "#0"},
				"south": {"uv": [0, 0, 1, 1], "texture": "#0"},
				"west": {"uv": [0, 0, 1, 1], "texture": "#0"},
				"up": {"uv": [0, 0, 1, 1], "texture": "#0"},
				"down": {"uv": [0, 0, 1, 1], "texture": "#0"}
			}
		},
		{
			"name": "hexadecagon",
			"from": [7.95266, 3.03, -5.658],
			"to": [8.04734, 3.098, 2.734],
			"rotation": {"angle": 22.5, "axis": "z", "origin": [8, 2.86, 2.564]},
			"faces": {
				"north": {"uv": [0, 0, 1, 1], "texture": "#0"},
				"east": {"uv": [0, 0, 1, 1], "texture": "#0"},
				"south": {"uv": [0, 0, 1, 1], "texture": "#0"},
				"west": {"uv": [0, 0, 1, 1], "texture": "#0"},
				"up": {"uv": [0, 0, 1, 1], "texture": "#0"},
				"down": {"uv": [0, 0, 1, 1], "texture": "#0"}
			}
		},
		{
			"name": "hexadecagon",
			"from": [7.95266, 3.03, -5.658],
			"to": [8.04734, 3.098, 2.734],
			"faces": {
				"north": {"uv": [0, 0, 1, 1], "texture": "#0"},
				"east": {"uv": [0, 0, 1, 1], "texture": "#0"},
				"south": {"uv": [0, 0, 1, 1], "texture": "#0"},
				"west": {"uv": [0, 0, 1, 1], "texture": "#0"},
				"up": {"uv": [0, 0, 1, 1], "texture": "#0"},
				"down": {"uv": [0, 0, 1, 1], "texture": "#0"}
			}
		},
		{
			"name": "hexadecagon",
			"from": [7.95266, 3.03, -5.658],
			"to": [8.04734, 3.098, 2.734],
			"rotation": {"angle": -22.5, "axis": "z", "origin": [8, 2.86, 2.564]},
			"faces": {
				"north": {"uv": [0, 0, 1, 1], "texture": "#0"},
				"east": {"uv": [0, 0, 1, 1], "texture": "#0"},
				"south": {"uv": [0, 0, 1, 1], "texture": "#0"},
				"west": {"uv": [0, 0, 1, 1], "texture": "#0"},
				"up": {"uv": [0, 0, 1, 1], "texture": "#0"},
				"down": {"uv": [0, 0, 1, 1], "texture": "#0"}
			}
		},
		{
			"name": "hexadecagon",
			"from": [7.95266, 3.03, -5.658],
			"to": [8.04734, 3.098, 2.734],
			"rotation": {"angle": -45, "axis": "z", "origin": [8, 2.86, 2.564]},
			"faces": {
				"north": {"uv": [0, 0, 1, 1], "texture": "#0"},
				"east": {"uv": [0, 0, 1, 1], "texture": "#0"},
				"south": {"uv": [0, 0, 1, 1], "texture": "#0"},
				"west": {"uv": [0, 0, 1, 1], "texture": "#0"},
				"up": {"uv": [0, 0, 1, 1], "texture": "#0"},
				"down": {"uv": [0, 0, 1, 1], "texture": "#0"}
			}
		},
		{
			"name": "hexadecagon",
			"from": [7.95266, 2.622, -5.658],
			"to": [8.04734, 2.69, 2.734],
			"rotation": {"angle": 45, "axis": "z", "origin": [8, 2.86, 2.564]},
			"faces": {
				"north": {"uv": [0, 0, 1, 1], "texture": "#0"},
				"east": {"uv": [0, 0, 1, 1], "texture": "#0"},
				"south": {"uv": [0, 0, 1, 1], "texture": "#0"},
				"west": {"uv": [0, 0, 1, 1], "texture": "#0"},
				"up": {"uv": [0, 0, 1, 1], "texture": "#0"},
				"down": {"uv": [0, 0, 1, 1], "texture": "#0"}
			}
		},
		{
			"name": "hexadecagon",
			"from": [7.95266, 2.622, -5.658],
			"to": [8.04734, 2.69, 2.734],
			"rotation": {"angle": 22.5, "axis": "z", "origin": [8, 2.86, 2.564]},
			"faces": {
				"north": {"uv": [0, 0, 1, 1], "texture": "#0"},
				"east": {"uv": [0, 0, 1, 1], "texture": "#0"},
				"south": {"uv": [0, 0, 1, 1], "texture": "#0"},
				"west": {"uv": [0, 0, 1, 1], "texture": "#0"},
				"up": {"uv": [0, 0, 1, 1], "texture": "#0"},
				"down": {"uv": [0, 0, 1, 1], "texture": "#0"}
			}
		},
		{
			"name": "hexadecagon",
			"from": [7.95266, 2.622, -5.658],
			"to": [8.04734, 2.69, 2.734],
			"faces": {
				"north": {"uv": [0, 0, 1, 1], "texture": "#0"},
				"east": {"uv": [0, 0, 1, 1], "texture": "#0"},
				"south": {"uv": [0, 0, 1, 1], "texture": "#0"},
				"west": {"uv": [0, 0, 1, 1], "texture": "#0"},
				"up": {"uv": [0, 0, 1, 1], "texture": "#0"},
				"down": {"uv": [0, 0, 1, 1], "texture": "#0"}
			}
		},
		{
			"name": "hexadecagon",
			"from": [7.95266, 2.622, -5.658],
			"to": [8.04734, 2.69, 2.734],
			"rotation": {"angle": -22.5, "axis": "z", "origin": [8, 2.86, 2.564]},
			"faces": {
				"north": {"uv": [0, 0, 1, 1], "texture": "#0"},
				"east": {"uv": [0, 0, 1, 1], "texture": "#0"},
				"south": {"uv": [0, 0, 1, 1], "texture": "#0"},
				"west": {"uv": [0, 0, 1, 1], "texture": "#0"},
				"up": {"uv": [0, 0, 1, 1], "texture": "#0"},
				"down": {"uv": [0, 0, 1, 1], "texture": "#0"}
			}
		},
		{
			"name": "hexadecagon",
			"from": [7.95266, 2.622, -5.658],
			"to": [8.04734, 2.69, 2.734],
			"rotation": {"angle": -45, "axis": "z", "origin": [8, 2.86, 2.564]},
			"faces": {
				"north": {"uv": [0, 0, 1, 1], "texture": "#0"},
				"east": {"uv": [0, 0, 1, 1], "texture": "#0"},
				"south": {"uv": [0, 0, 1, 1], "texture": "#0"},
				"west": {"uv": [0, 0, 1, 1], "texture": "#0"},
				"up": {"uv": [0, 0, 1, 1], "texture": "#0"},
				"down": {"uv": [0, 0, 1, 1], "texture": "#0"}
			}
		},
		{
			"name": "hexadecagon",
			"from": [8.4, 1.88861, -6.16],
			"to": [8.56, 2.11139, 0.58],
			"rotation": {"angle": -22.5, "axis": "z", "origin": [8, 2, 0.18]},
			"faces": {
				"north": {"uv": [0, 0, 1, 1], "texture": "#0"},
				"east": {"uv": [0, 0, 1, 1], "texture": "#0"},
				"south": {"uv": [0, 0, 1, 1], "texture": "#0"},
				"west": {"uv": [0, 0, 1, 1], "texture": "#0"},
				"up": {"uv": [0, 0, 1, 1], "texture": "#0"},
				"down": {"uv": [0, 0, 1, 1], "texture": "#0"}
			}
		},
		{
			"name": "hexadecagon",
			"from": [7.88861, 1.44, -6.16],
			"to": [8.11139, 1.6, 0.58],
			"rotation": {"angle": 45, "axis": "z", "origin": [8, 2, 0.18]},
			"faces": {
				"north": {"uv": [0, 0, 1, 1], "texture": "#0"},
				"east": {"uv": [0, 0, 1, 1], "texture": "#0"},
				"south": {"uv": [0, 0, 1, 1], "texture": "#0"},
				"west": {"uv": [0, 0, 1, 1], "texture": "#0"},
				"up": {"uv": [0, 0, 1, 1], "texture": "#0"},
				"down": {"uv": [0, 0, 1, 1], "texture": "#0"}
			}
		},
		{
			"name": "hexadecagon",
			"from": [7.88861, 1.44, -6.16],
			"to": [8.11139, 2.4, 0.58],
			"rotation": {"angle": 22.5, "axis": "z", "origin": [8, 2, 0.18]},
			"faces": {
				"north": {"uv": [0, 0, 1, 1], "texture": "#0"},
				"east": {"uv": [0, 0, 1, 1], "texture": "#0"},
				"south": {"uv": [0, 0, 1, 1], "texture": "#0"},
				"west": {"uv": [0, 0, 1, 1], "texture": "#0"},
				"up": {"uv": [0, 0, 1, 1], "texture": "#0"},
				"down": {"uv": [0, 0, 1, 1], "texture": "#0"}
			}
		},
		{
			"name": "hexadecagon",
			"from": [7.88861, 1.44, -6.16],
			"to": [8.11139, 1.6, 0.58],
			"faces": {
				"north": {"uv": [0, 0, 1, 1], "texture": "#0"},
				"east": {"uv": [0, 0, 1, 1], "texture": "#0"},
				"south": {"uv": [0, 0, 1, 1], "texture": "#0"},
				"west": {"uv": [0, 0, 1, 1], "texture": "#0"},
				"up": {"uv": [0, 0, 1, 1], "texture": "#0"},
				"down": {"uv": [0, 0, 1, 1], "texture": "#0"}
			}
		},
		{
			"name": "hexadecagon",
			"from": [7.88861, 1.44, -6.16],
			"to": [8.11139, 2.5, 0.58],
			"rotation": {"angle": -22.5, "axis": "z", "origin": [8, 2, 0.18]},
			"faces": {
				"north": {"uv": [0, 0, 1, 1], "texture": "#0"},
				"east": {"uv": [0, 0, 1, 1], "texture": "#0"},
				"south": {"uv": [0, 0, 1, 1], "texture": "#0"},
				"west": {"uv": [0, 0, 1, 1], "texture": "#0"},
				"up": {"uv": [0, 0, 1, 1], "texture": "#0"},
				"down": {"uv": [0, 0, 1, 1], "texture": "#0"}
			}
		},
		{
			"name": "hexadecagon",
			"from": [7.88861, 1.44, -6.16],
			"to": [8.11139, 2.5, 0.58],
			"rotation": {"angle": -45, "axis": "z", "origin": [8, 2, 0.18]},
			"faces": {
				"north": {"uv": [0, 0, 1, 1], "texture": "#0"},
				"east": {"uv": [0, 0, 1, 1], "texture": "#0"},
				"south": {"uv": [0, 0, 1, 1], "texture": "#0"},
				"west": {"uv": [0, 0, 1, 1], "texture": "#0"},
				"up": {"uv": [0, 0, 1, 1], "texture": "#0"},
				"down": {"uv": [0, 0, 1, 1], "texture": "#0"}
			}
		},
		{
			"name": "hexadecagon",
			"from": [7.44, 1.88861, -6.16],
			"to": [8.5, 2.11139, 0.58],
			"rotation": {"angle": 22.5, "axis": "z", "origin": [8, 2, 0.18]},
			"faces": {
				"north": {"uv": [0, 0, 1, 1], "texture": "#0"},
				"east": {"uv": [0, 0, 1, 1], "texture": "#0"},
				"south": {"uv": [0, 0, 1, 1], "texture": "#0"},
				"west": {"uv": [0, 0, 1, 1], "texture": "#0"},
				"up": {"uv": [0, 0, 1, 1], "texture": "#0"},
				"down": {"uv": [0, 0, 1, 1], "texture": "#0"}
			}
		},
		{
			"name": "hexadecagon",
			"from": [7.44, 1.88861, -6.16],
			"to": [8.5, 2.11139, 0.58],
			"faces": {
				"north": {"uv": [0, 0, 1, 1], "texture": "#0"},
				"east": {"uv": [0, 0, 1, 1], "texture": "#0"},
				"south": {"uv": [0, 0, 1, 1], "texture": "#0"},
				"west": {"uv": [0, 0, 1, 1], "texture": "#0"},
				"up": {"uv": [0, 0, 1, 1], "texture": "#0"},
				"down": {"uv": [0, 0, 1, 1], "texture": "#0"}
			}
		},
		{
			"name": "hexadecagon",
			"from": [7.44, 1.88861, -6.16],
			"to": [8.5, 2.11139, 0.58],
			"rotation": {"angle": -22.5, "axis": "z", "origin": [8, 2, 0.18]},
			"faces": {
				"north": {"uv": [0, 0, 1, 1], "texture": "#0"},
				"east": {"uv": [0, 0, 1, 1], "texture": "#0"},
				"south": {"uv": [0, 0, 1, 1], "texture": "#0"},
				"west": {"uv": [0, 0, 1, 1], "texture": "#0"},
				"up": {"uv": [0, 0, 1, 1], "texture": "#0"},
				"down": {"uv": [0, 0, 1, 1], "texture": "#0"}
			}
		},
		{
			"name": "hexadecagon",
			"from": [8.4, 1.88861, -6.16],
			"to": [8.56, 2.11139, 0.58],
			"faces": {
				"north": {"uv": [0, 0, 1, 1], "texture": "#0"},
				"east": {"uv": [0, 0, 1, 1], "texture": "#0"},
				"south": {"uv": [0, 0, 1, 1], "texture": "#0"},
				"west": {"uv": [0, 0, 1, 1], "texture": "#0"},
				"up": {"uv": [0, 0, 1, 1], "texture": "#0"},
				"down": {"uv": [0, 0, 1, 1], "texture": "#0"}
			}
		},
		{
			"name": "hexadecagon",
			"from": [8.4, 1.88861, -6.16],
			"to": [8.56, 2.11139, 0.58],
			"rotation": {"angle": 22.5, "axis": "z", "origin": [8, 2, 0.18]},
			"faces": {
				"north": {"uv": [0, 0, 1, 1], "texture": "#0"},
				"east": {"uv": [0, 0, 1, 1], "texture": "#0"},
				"south": {"uv": [0, 0, 1, 1], "texture": "#0"},
				"west": {"uv": [0, 0, 1, 1], "texture": "#0"},
				"up": {"uv": [0, 0, 1, 1], "texture": "#0"},
				"down": {"uv": [0, 0, 1, 1], "texture": "#0"}
			}
		},
		{
			"name": "hexadecagon",
			"from": [7.88861, 2.4, -6.16],
			"to": [8.11139, 2.56, 0.58],
			"rotation": {"angle": -45, "axis": "z", "origin": [8, 2, 0.18]},
			"faces": {
				"north": {"uv": [0, 0, 1, 1], "texture": "#0"},
				"east": {"uv": [0, 0, 1, 1], "texture": "#0"},
				"south": {"uv": [0, 0, 1, 1], "texture": "#0"},
				"west": {"uv": [0, 0, 1, 1], "texture": "#0"},
				"up": {"uv": [0, 0, 1, 1], "texture": "#0"},
				"down": {"uv": [0, 0, 1, 1], "texture": "#0"}
			}
		},
		{
			"name": "hexadecagon",
			"from": [7.88861, 2.4, -6.16],
			"to": [8.11139, 2.56, 0.58],
			"rotation": {"angle": -22.5, "axis": "z", "origin": [8, 2, 0.18]},
			"faces": {
				"north": {"uv": [0, 0, 1, 1], "texture": "#0"},
				"east": {"uv": [0, 0, 1, 1], "texture": "#0"},
				"south": {"uv": [0, 0, 1, 1], "texture": "#0"},
				"west": {"uv": [0, 0, 1, 1], "texture": "#0"},
				"up": {"uv": [0, 0, 1, 1], "texture": "#0"},
				"down": {"uv": [0, 0, 1, 1], "texture": "#0"}
			}
		},
		{
			"name": "hexadecagon",
			"from": [7.88861, 1.6, -6.16],
			"to": [8.11139, 2.56, 0.58],
			"faces": {
				"north": {"uv": [0, 0, 1, 1], "texture": "#0"},
				"east": {"uv": [0, 0, 1, 1], "texture": "#0"},
				"south": {"uv": [0, 0, 1, 1], "texture": "#0"},
				"west": {"uv": [0, 0, 1, 1], "texture": "#0"},
				"up": {"uv": [0, 0, 1, 1], "texture": "#0"},
				"down": {"uv": [0, 0, 1, 1], "texture": "#0"}
			}
		},
		{
			"name": "hexadecagon",
			"from": [7.88861, 2.4, -6.16],
			"to": [8.11139, 2.56, 0.58],
			"rotation": {"angle": 22.5, "axis": "z", "origin": [8, 2, 0.18]},
			"faces": {
				"north": {"uv": [0, 0, 1, 1], "texture": "#0"},
				"east": {"uv": [0, 0, 1, 1], "texture": "#0"},
				"south": {"uv": [0, 0, 1, 1], "texture": "#0"},
				"west": {"uv": [0, 0, 1, 1], "texture": "#0"},
				"up": {"uv": [0, 0, 1, 1], "texture": "#0"},
				"down": {"uv": [0, 0, 1, 1], "texture": "#0"}
			}
		},
		{
			"name": "hexadecagon",
			"from": [7.88861, 1.5, -6.16],
			"to": [8.11139, 2.56, 0.58],
			"rotation": {"angle": 45, "axis": "z", "origin": [8, 2, 0.18]},
			"faces": {
				"north": {"uv": [0, 0, 1, 1], "texture": "#0"},
				"east": {"uv": [0, 0, 1, 1], "texture": "#0"},
				"south": {"uv": [0, 0, 1, 1], "texture": "#0"},
				"west": {"uv": [0, 0, 1, 1], "texture": "#0"},
				"up": {"uv": [0, 0, 1, 1], "texture": "#0"},
				"down": {"uv": [0, 0, 1, 1], "texture": "#0"}
			}
		},
		{
			"name": "hexadecagon",
			"from": [7.95266, 3.022, -5.458],
			"to": [8.04734, 3.09, -5.266],
			"rotation": {"angle": -22.5, "axis": "z", "origin": [8, 3.26, 2.564]},
			"faces": {
				"north": {"uv": [0, 0, 1, 1], "texture": "#0"},
				"east": {"uv": [0, 0, 1, 1], "texture": "#0"},
				"south": {"uv": [0, 0, 1, 1], "texture": "#0"},
				"west": {"uv": [0, 0, 1, 1], "texture": "#0"},
				"up": {"uv": [0, 0, 1, 1], "texture": "#0"},
				"down": {"uv": [0, 0, 1, 1], "texture": "#0"}
			}
		},
		{
			"name": "hexadecagon",
			"from": [7.95266, 3.022, -5.458],
			"to": [8.04734, 3.09, -5.266],
			"rotation": {"angle": 22.5, "axis": "z", "origin": [8, 3.26, 2.564]},
			"faces": {
				"north": {"uv": [0, 0, 1, 1], "texture": "#0"},
				"east": {"uv": [0, 0, 1, 1], "texture": "#0"},
				"south": {"uv": [0, 0, 1, 1], "texture": "#0"},
				"west": {"uv": [0, 0, 1, 1], "texture": "#0"},
				"up": {"uv": [0, 0, 1, 1], "texture": "#0"},
				"down": {"uv": [0, 0, 1, 1], "texture": "#0"}
			}
		},
		{
			"name": "hexadecagon",
			"from": [7.95266, 3.022, -5.458],
			"to": [8.04734, 3.09, -5.266],
			"rotation": {"angle": -45, "axis": "z", "origin": [8, 3.26, 2.564]},
			"faces": {
				"north": {"uv": [0, 0, 1, 1], "texture": "#0"},
				"east": {"uv": [0, 0, 1, 1], "texture": "#0"},
				"south": {"uv": [0, 0, 1, 1], "texture": "#0"},
				"west": {"uv": [0, 0, 1, 1], "texture": "#0"},
				"up": {"uv": [0, 0, 1, 1], "texture": "#0"},
				"down": {"uv": [0, 0, 1, 1], "texture": "#0"}
			}
		},
		{
			"name": "hexadecagon",
			"from": [7.95266, 3.022, -5.458],
			"to": [8.04734, 3.09, -5.266],
			"rotation": {"angle": 45, "axis": "z", "origin": [8, 3.26, 2.564]},
			"faces": {
				"north": {"uv": [0, 0, 1, 1], "texture": "#0"},
				"east": {"uv": [0, 0, 1, 1], "texture": "#0"},
				"south": {"uv": [0, 0, 1, 1], "texture": "#0"},
				"west": {"uv": [0, 0, 1, 1], "texture": "#0"},
				"up": {"uv": [0, 0, 1, 1], "texture": "#0"},
				"down": {"uv": [0, 0, 1, 1], "texture": "#0"}
			}
		},
		{
			"name": "hexadecagon",
			"from": [7.95266, 3.43, -5.458],
			"to": [8.04734, 3.498, -5.266],
			"rotation": {"angle": -45, "axis": "z", "origin": [8, 3.26, 2.564]},
			"faces": {
				"north": {"uv": [0, 0, 1, 1], "texture": "#0"},
				"east": {"uv": [0, 0, 1, 1], "texture": "#0"},
				"south": {"uv": [0, 0, 1, 1], "texture": "#0"},
				"west": {"uv": [0, 0, 1, 1], "texture": "#0"},
				"up": {"uv": [0, 0, 1, 1], "texture": "#0"},
				"down": {"uv": [0, 0, 1, 1], "texture": "#0"}
			}
		},
		{
			"name": "hexadecagon",
			"from": [7.95266, 3.43, -5.458],
			"to": [8.04734, 3.498, -5.266],
			"rotation": {"angle": -22.5, "axis": "z", "origin": [8, 3.26, 2.564]},
			"faces": {
				"north": {"uv": [0, 0, 1, 1], "texture": "#0"},
				"east": {"uv": [0, 0, 1, 1], "texture": "#0"},
				"south": {"uv": [0, 0, 1, 1], "texture": "#0"},
				"west": {"uv": [0, 0, 1, 1], "texture": "#0"},
				"up": {"uv": [0, 0, 1, 1], "texture": "#0"},
				"down": {"uv": [0, 0, 1, 1], "texture": "#0"}
			}
		},
		{
			"name": "hexadecagon",
			"from": [7.95266, 3.43, -5.458],
			"to": [8.04734, 3.498, -5.266],
			"faces": {
				"north": {"uv": [0, 0, 1, 1], "texture": "#0"},
				"east": {"uv": [0, 0, 1, 1], "texture": "#0"},
				"south": {"uv": [0, 0, 1, 1], "texture": "#0"},
				"west": {"uv": [0, 0, 1, 1], "texture": "#0"},
				"up": {"uv": [0, 0, 1, 1], "texture": "#0"},
				"down": {"uv": [0, 0, 1, 1], "texture": "#0"}
			}
		},
		{
			"name": "hexadecagon",
			"from": [7.95266, 3.43, -5.458],
			"to": [8.04734, 3.498, -5.266],
			"rotation": {"angle": 22.5, "axis": "z", "origin": [8, 3.26, 2.564]},
			"faces": {
				"north": {"uv": [0, 0, 1, 1], "texture": "#0"},
				"east": {"uv": [0, 0, 1, 1], "texture": "#0"},
				"south": {"uv": [0, 0, 1, 1], "texture": "#0"},
				"west": {"uv": [0, 0, 1, 1], "texture": "#0"},
				"up": {"uv": [0, 0, 1, 1], "texture": "#0"},
				"down": {"uv": [0, 0, 1, 1], "texture": "#0"}
			}
		},
		{
			"name": "hexadecagon",
			"from": [7.95266, 3.43, -5.458],
			"to": [8.04734, 3.498, -5.266],
			"rotation": {"angle": 45, "axis": "z", "origin": [8, 3.26, 2.564]},
			"faces": {
				"north": {"uv": [0, 0, 1, 1], "texture": "#0"},
				"east": {"uv": [0, 0, 1, 1], "texture": "#0"},
				"south": {"uv": [0, 0, 1, 1], "texture": "#0"},
				"west": {"uv": [0, 0, 1, 1], "texture": "#0"},
				"up": {"uv": [0, 0, 1, 1], "texture": "#0"},
				"down": {"uv": [0, 0, 1, 1], "texture": "#0"}
			}
		},
		{
			"name": "hexadecagon",
			"from": [7.762, 3.21266, -5.458],
			"to": [7.83, 3.30734, -5.266],
			"rotation": {"angle": -22.5, "axis": "z", "origin": [8, 3.26, 2.564]},
			"faces": {
				"north": {"uv": [0, 0, 1, 1], "texture": "#0"},
				"east": {"uv": [0, 0, 1, 1], "texture": "#0"},
				"south": {"uv": [0, 0, 1, 1], "texture": "#0"},
				"west": {"uv": [0, 0, 1, 1], "texture": "#0"},
				"up": {"uv": [0, 0, 1, 1], "texture": "#0"},
				"down": {"uv": [0, 0, 1, 1], "texture": "#0"}
			}
		},
		{
			"name": "hexadecagon",
			"from": [7.762, 3.21266, -5.458],
			"to": [7.83, 3.30734, -5.266],
			"faces": {
				"north": {"uv": [0, 0, 1, 1], "texture": "#0"},
				"east": {"uv": [0, 0, 1, 1], "texture": "#0"},
				"south": {"uv": [0, 0, 1, 1], "texture": "#0"},
				"west": {"uv": [0, 0, 1, 1], "texture": "#0"},
				"up": {"uv": [0, 0, 1, 1], "texture": "#0"},
				"down": {"uv": [0, 0, 1, 1], "texture": "#0"}
			}
		},
		{
			"name": "hexadecagon",
			"from": [8.17, 3.21266, -5.458],
			"to": [8.238, 3.30734, -5.266],
			"rotation": {"angle": -22.5, "axis": "z", "origin": [8, 3.26, 2.564]},
			"faces": {
				"north": {"uv": [0, 0, 1, 1], "texture": "#0"},
				"east": {"uv": [0, 0, 1, 1], "texture": "#0"},
				"south": {"uv": [0, 0, 1, 1], "texture": "#0"},
				"west": {"uv": [0, 0, 1, 1], "texture": "#0"},
				"up": {"uv": [0, 0, 1, 1], "texture": "#0"},
				"down": {"uv": [0, 0, 1, 1], "texture": "#0"}
			}
		},
		{
			"name": "hexadecagon",
			"from": [8.17, 3.21266, -5.458],
			"to": [8.238, 3.30734, -5.266],
			"faces": {
				"north": {"uv": [0, 0, 1, 1], "texture": "#0"},
				"east": {"uv": [0, 0, 1, 1], "texture": "#0"},
				"south": {"uv": [0, 0, 1, 1], "texture": "#0"},
				"west": {"uv": [0, 0, 1, 1], "texture": "#0"},
				"up": {"uv": [0, 0, 1, 1], "texture": "#0"},
				"down": {"uv": [0, 0, 1, 1], "texture": "#0"}
			}
		},
		{
			"name": "hexadecagon",
			"from": [8.17, 3.21266, -5.458],
			"to": [8.238, 3.30734, -5.266],
			"rotation": {"angle": 22.5, "axis": "z", "origin": [8, 3.26, 2.564]},
			"faces": {
				"north": {"uv": [0, 0, 1, 1], "texture": "#0"},
				"east": {"uv": [0, 0, 1, 1], "texture": "#0"},
				"south": {"uv": [0, 0, 1, 1], "texture": "#0"},
				"west": {"uv": [0, 0, 1, 1], "texture": "#0"},
				"up": {"uv": [0, 0, 1, 1], "texture": "#0"},
				"down": {"uv": [0, 0, 1, 1], "texture": "#0"}
			}
		},
		{
			"name": "hexadecagon",
			"from": [7.762, 3.21266, -5.458],
			"to": [7.83, 3.30734, -5.266],
			"rotation": {"angle": 22.5, "axis": "z", "origin": [8, 3.26, 2.564]},
			"faces": {
				"north": {"uv": [0, 0, 1, 1], "texture": "#0"},
				"east": {"uv": [0, 0, 1, 1], "texture": "#0"},
				"south": {"uv": [0, 0, 1, 1], "texture": "#0"},
				"west": {"uv": [0, 0, 1, 1], "texture": "#0"},
				"up": {"uv": [0, 0, 1, 1], "texture": "#0"},
				"down": {"uv": [0, 0, 1, 1], "texture": "#0"}
			}
		}
	],
	"display": {
		"thirdperson_righthand": {
			"translation": [0, 5.75, 2.75],
			"scale": [0.79, 0.81, 0.77]
		},
		"thirdperson_lefthand": {
			"scale": [1.06, 1, 1]
		},
		"firstperson_righthand": {
			"translation": [0, 7.75, 0],
			"scale": [1, 1, 0.82]
		},
		"firstperson_lefthand": {
			"translation": [0, 7.75, 0],
			"scale": [1, 1, 0.82]
		},
		"ground": {
			"translation": [0, 6.25, 0]
		},
		"gui": {
			"rotation": [23, 38, 0],
			"translation": [1.75, 4.25, 0],
			"scale": [0.85, 0.83, 0.84]
		},
		"fixed": {
			"rotation": [93, -58, 94],
			"translation": [-6.75, 3.75, -2.75]
		}
	},
	"groups": [0, 1, 2, 3, 4, 5, 6, 7, 8, 9, 10, 11, 12, 13, 14, 15, 16, 17, 18, 19, 20, 21, 22, 23, 24, 25, 26, 27, 28, 29, 30, 31, 32, 33, 34, 35, 36, 37, 38, 39,
		{
			"name": "hexadecagon",
			"children": [40, 41, 42, 43, 44, 45, 46, 47, 48, 49, 50, 51, 52, 53, 54, 55, 56, 57, 58, 59, 60, 61, 62, 63, 64, 65, 66, 67, 68, 69, 70, 71, 72, 73, 74, 75, 76, 77, 78, 79, 80, 81, 82, 83, 84, 85, 86, 87, 88, 89, 90]
		},
		{
			"name": "hexadecagon",
			"children": [91, 92, 93, 94, 95, 96, 97, 98, 99, 100, 101, 102, 103, 104, 105, 106]
		}, 107, 108, 109, 110, 111, 112, 113, 114, 115, 116, 117, 118, 119, 120, 121, 122, 123, 124,
		{
			"name": "hexadecagon",
			"children": [125, 126, 127, 128, 129, 130, 131, 132, 133, 134, 135, 136, 137, 138, 139, 140, 141, 142, 143, 144, 145, 146, 147, 148, 149, 150, 151, 152, 153, 154, 155, 156, 157, 158, 159, 160, 161, 162, 163, 164, 165, 166, 167, 168, 169, 170, 171, 172, 173, 174, 175, 176, 177, 178, 179, 180, 181, 182, 183, 184, 185, 186, 187]
		}
	]
}