{
	"credit": "Made with Blockbench",
	"textures": {
		"0": "custom/nothingness1/gray3",
		"1": "custom/nothingness1/gray5",
		"2": "custom/nothingness1/mg3",
		"particle": "custom/nothingness1/gray3"
	},
	"elements": [
		{
			"from": [7.1, 0.9, 4],
			"to": [8.9, 3.7, 11],
			"faces": {
				"north": {"uv": [0, 0, 1.8, 2.8], "texture": "#0"},
				"east": {"uv": [0, 0, 7, 2.8], "texture": "#0"},
				"south": {"uv": [0, 0, 1.8, 2.8], "texture": "#0"},
				"west": {"uv": [0, 0, 7, 2.8], "texture": "#0"},
				"up": {"uv": [0, 0, 1.8, 7], "texture": "#0"},
				"down": {"uv": [0, 0, 1.8, 7], "texture": "#0"}
			}
		},
		{
			"from": [7.1, -0.2, 4],
			"to": [8.9, 2.9, 4.4],
			"faces": {
				"north": {"uv": [0, 0, 1.8, 3.1], "texture": "#0"},
				"east": {"uv": [0, 0, 0.4, 3.1], "texture": "#0"},
				"south": {"uv": [0, 0, 1.8, 3.1], "texture": "#0"},
				"west": {"uv": [0, 0, 0.4, 3.1], "texture": "#0"},
				"up": {"uv": [0, 0, 1.8, 0.4], "texture": "#0"},
				"down": {"uv": [0, 0, 1.8, 0.4], "texture": "#0"}
			}
		},
		{
			"from": [7.1, 0.2, 4.8],
			"to": [8.9, 3.2, 5.1],
			"rotation": {"angle": 22.5, "axis": "x", "origin": [8, 2, 4]},
			"faces": {
				"north": {"uv": [0, 0, 1.8, 3], "texture": "#0"},
				"east": {"uv": [0, 0, 0.3, 3], "texture": "#0"},
				"south": {"uv": [0, 0, 1.8, 3], "texture": "#0"},
				"west": {"uv": [0, 0, 0.3, 3], "texture": "#0"},
				"up": {"uv": [0, 0, 1.8, 0.3], "texture": "#0"},
				"down": {"uv": [0, 0, 1.8, 0.3], "texture": "#0"}
			}
		},
		{
			"from": [7.1, 1.2, 4.9],
			"to": [8.9, 2.6, 5.5],
			"rotation": {"angle": 45, "axis": "x", "origin": [8, 2, 4]},
			"faces": {
				"north": {"uv": [0, 0, 1.8, 1.4], "texture": "#0"},
				"east": {"uv": [0, 0, 0.6, 1.4], "texture": "#0"},
				"south": {"uv": [0, 0, 1.8, 1.4], "texture": "#0"},
				"west": {"uv": [0, 0, 0.6, 1.4], "texture": "#0"},
				"up": {"uv": [0, 0, 1.8, 0.6], "texture": "#0"},
				"down": {"uv": [0, 0, 1.8, 0.6], "texture": "#0"}
			}
		},
		{
			"from": [7.1, 0.55, 4.1],
			"to": [8.9, 1.1, 5.3],
			"rotation": {"angle": -22.5, "axis": "x", "origin": [8, 2, 4]},
			"faces": {
				"north": {"uv": [0, 0, 1.8, 0.55], "rotation": 180, "texture": "#0"},
				"east": {"uv": [0, 0, 0.55, 1.2], "rotation": 270, "texture": "#0"},
				"south": {"uv": [0, 0, 1.8, 0.55], "texture": "#0"},
				"west": {"uv": [0, 0, 0.55, 1.2], "rotation": 90, "texture": "#0"},
				"up": {"uv": [0, 0, 1.8, 1.2], "rotation": 180, "texture": "#0"},
				"down": {"uv": [0, 0, 1.8, 1.2], "texture": "#0"}
			}
		},
		{
			"from": [7.1, 0.55, 9.7],
			"to": [8.9, 1.1, 10.9],
			"rotation": {"angle": 22.5, "axis": "x", "origin": [8, 2, 11]},
			"faces": {
				"north": {"uv": [1.8, 0, 3.6, 0.55], "texture": "#0"},
				"east": {"uv": [0, 1.2, 0.55, 2.4], "rotation": 270, "texture": "#0"},
				"south": {"uv": [1.8, 0, 3.6, 0.55], "rotation": 180, "texture": "#0"},
				"west": {"uv": [0, 1.2, 0.55, 2.4], "rotation": 90, "texture": "#0"},
				"up": {"uv": [0, 1.2, 1.8, 2.4], "rotation": 180, "texture": "#0"},
				"down": {"uv": [0, 1.2, 1.8, 2.4], "texture": "#0"}
			}
		},
		{
			"from": [7.1, 1.2, 9.5],
			"to": [8.9, 2.6, 10.1],
			"rotation": {"angle": -45, "axis": "x", "origin": [8, 2, 11]},
			"faces": {
				"north": {"uv": [1.8, 0, 3.6, 1.4], "texture": "#0"},
				"east": {"uv": [0.6, 0, 1.2, 1.4], "texture": "#0"},
				"south": {"uv": [1.8, 0, 3.6, 1.4], "texture": "#0"},
				"west": {"uv": [0.6, 0, 1.2, 1.4], "texture": "#0"},
				"up": {"uv": [0, 0.6, 1.8, 1.2], "texture": "#0"},
				"down": {"uv": [0, 0.6, 1.8, 1.2], "texture": "#0"}
			}
		},
		{
			"from": [7.1, 0.2, 9.9],
			"to": [8.9, 3.2, 10.2],
			"rotation": {"angle": -22.5, "axis": "x", "origin": [8, 2, 11]},
			"faces": {
				"north": {"uv": [1.8, 0, 3.6, 3], "texture": "#0"},
				"east": {"uv": [0.3, 0, 0.6, 3], "texture": "#0"},
				"south": {"uv": [1.8, 0, 3.6, 3], "texture": "#0"},
				"west": {"uv": [0.3, 0, 0.6, 3], "texture": "#0"},
				"up": {"uv": [0, 0.3, 1.8, 0.6], "texture": "#0"},
				"down": {"uv": [0, 0.3, 1.8, 0.6], "texture": "#0"}
			}
		},
		{
			"from": [7.1, -0.2, 10.6],
			"to": [8.9, 2.9, 11],
			"faces": {
				"north": {"uv": [1.8, 0, 3.6, 3.1], "texture": "#0"},
				"east": {"uv": [0.4, 0, 0.8, 3.1], "texture": "#0"},
				"south": {"uv": [1.8, 0, 3.6, 3.1], "texture": "#0"},
				"west": {"uv": [0.4, 0, 0.8, 3.1], "texture": "#0"},
				"up": {"uv": [0, 0.4, 1.8, 0.8], "texture": "#0"},
				"down": {"uv": [0, 0.4, 1.8, 0.8], "texture": "#0"}
			}
		},
		{
			"from": [7.3, -0.2, 4],
			"to": [8.7, 2.9, 11],
			"faces": {
				"north": {"uv": [0, 0, 1.4, 3.1], "texture": "#1"},
				"east": {"uv": [0, 0, 7, 3.1], "texture": "#1"},
				"south": {"uv": [0, 0, 1.4, 3.1], "texture": "#1"},
				"west": {"uv": [0, 0, 7, 3.1], "texture": "#1"},
				"up": {"uv": [0, 0, 1.4, 7], "texture": "#1"},
				"down": {"uv": [0, 0, 1.4, 7], "texture": "#1"}
			}
		},
		{
			"from": [7.30163, -1.70585, 9.02189],
			"to": [8.70163, -0.20585, 10.42189],
			"rotation": {"angle": -22.5, "axis": "x", "origin": [8.00163, 0.49415, 6.92189]},
			"faces": {
				"north": {"uv": [0, 0, 1.4, 1.5], "texture": "#1"},
				"east": {"uv": [0, 0, 1.4, 1.5], "texture": "#1"},
				"south": {"uv": [0, 0, 1.4, 1.5], "texture": "#1"},
				"west": {"uv": [0, 0, 1.4, 1.5], "texture": "#1"},
				"up": {"uv": [0, 0, 1.4, 1.4], "texture": "#1"},
				"down": {"uv": [0, 0, 1.4, 1.4], "texture": "#1"}
			}
		},
		{
			"from": [7.3003, -0.73248, 4.703],
			"to": [8.7003, 2.96752, 9.703],
			"faces": {
				"north": {"uv": [0, 0, 1.4, 3.7], "texture": "#1"},
				"east": {"uv": [0, 0, 5, 3.7], "texture": "#1"},
				"south": {"uv": [0, 0, 1.4, 3.7], "texture": "#1"},
				"west": {"uv": [0, 0, 5, 3.7], "texture": "#1"},
				"up": {"uv": [0, 0, 1.4, 5], "texture": "#1"},
				"down": {"uv": [0, 0, 1.4, 5], "texture": "#1"}
			}
		},
		{
			"from": [7.2, -0.2, 2.4],
			"to": [8.8, 2.6, 4],
			"faces": {
				"north": {"uv": [0, 0, 1.6, 2.8], "texture": "#0"},
				"east": {"uv": [0, 0, 1.6, 2.8], "texture": "#0"},
				"south": {"uv": [0, 0, 1.6, 2.8], "texture": "#0"},
				"west": {"uv": [0, 0, 1.6, 2.8], "texture": "#0"},
				"up": {"uv": [0, 0, 1.6, 1.6], "texture": "#0"},
				"down": {"uv": [0, 0, 1.6, 1.6], "texture": "#0"}
			}
		},
		{
			"from": [7.2, -0.2, -4.8],
			"to": [8.8, 0.6, 4],
			"faces": {
				"north": {"uv": [0, 0, 1.6, 0.8], "texture": "#0"},
				"east": {"uv": [0, 0, 8.8, 0.8], "texture": "#0"},
				"south": {"uv": [0, 0, 1.6, 0.8], "texture": "#0"},
				"west": {"uv": [0, 0, 8.8, 0.8], "texture": "#0"},
				"up": {"uv": [0, 0, 1.6, 8.8], "texture": "#0"},
				"down": {"uv": [0, 0, 1.6, 8.8], "texture": "#0"}
			}
		},
		{
			"from": [7.2, 1.4, -4.8],
			"to": [8.8, 1.6, 4],
			"faces": {
				"north": {"uv": [0, 0, 1.6, 0.2], "texture": "#0"},
				"east": {"uv": [0, 0, 8.8, 0.2], "texture": "#0"},
				"south": {"uv": [0, 0, 1.6, 0.2], "texture": "#0"},
				"west": {"uv": [0, 0, 8.8, 0.2], "texture": "#0"},
				"up": {"uv": [0, 0, 1.6, 8.8], "texture": "#0"},
				"down": {"uv": [0, 0, 1.6, 8.8], "texture": "#0"}
			}
		},
		{
			"from": [7.2, 0.9, -4.8],
			"to": [8.8, 1.1, 4],
			"faces": {
				"north": {"uv": [0, 0, 1.6, 0.2], "texture": "#0"},
				"east": {"uv": [0, 0, 8.8, 0.2], "texture": "#0"},
				"south": {"uv": [0, 0, 1.6, 0.2], "texture": "#0"},
				"west": {"uv": [0, 0, 8.8, 0.2], "texture": "#0"},
				"up": {"uv": [0, 0, 1.6, 8.8], "texture": "#0"},
				"down": {"uv": [0, 0, 1.6, 8.8], "texture": "#0"}
			}
		},
		{
			"from": [7.2, 1.9, -4.8],
			"to": [8.8, 2.6, 4],
			"faces": {
				"north": {"uv": [0, 0, 1.6, 0.7], "texture": "#0"},
				"east": {"uv": [0, 0, 8.8, 0.7], "texture": "#0"},
				"south": {"uv": [0, 0, 1.6, 0.7], "texture": "#0"},
				"west": {"uv": [0, 0, 8.8, 0.7], "texture": "#0"},
				"up": {"uv": [0, 0, 1.6, 8.8], "texture": "#0"},
				"down": {"uv": [0, 0, 1.6, 8.8], "texture": "#0"}
			}
		},
		{
			"from": [7.5, -0.2, -4.8],
			"to": [8.8, 2.6, -4.1],
			"faces": {
				"north": {"uv": [0, 0, 1.3, 2.8], "texture": "#0"},
				"east": {"uv": [0, 0, 0.7, 2.8], "texture": "#0"},
				"south": {"uv": [0, 0, 1.3, 2.8], "texture": "#0"},
				"west": {"uv": [0, 0, 0.7, 2.8], "texture": "#0"},
				"up": {"uv": [0, 0, 1.3, 0.7], "texture": "#0"},
				"down": {"uv": [0, 0, 1.3, 0.7], "texture": "#0"}
			}
		},
		{
			"from": [7.4, 0, -4.7],
			"to": [8.4, 2.5, 4],
			"faces": {
				"north": {"uv": [0, 0, 1, 2.5], "texture": "#1"},
				"east": {"uv": [0, 0, 8.7, 2.5], "texture": "#1"},
				"south": {"uv": [0, 0, 1, 2.5], "texture": "#1"},
				"west": {"uv": [0, 0, 8.7, 2.5], "texture": "#1"},
				"up": {"uv": [0, 0, 1, 8.7], "texture": "#1"},
				"down": {"uv": [0, 0, 1, 8.7], "texture": "#1"}
			}
		},
		{
			"from": [8.6, 1.9, -5],
			"to": [8.8, 2.9, 4],
			"faces": {
				"north": {"uv": [0, 0, 0.2, 1], "texture": "#0"},
				"east": {"uv": [0, 0, 9, 1], "texture": "#0"},
				"south": {"uv": [0, 0, 0.2, 1], "texture": "#0"},
				"west": {"uv": [0, 0, 9, 1], "texture": "#0"},
				"up": {"uv": [0, 0, 0.2, 9], "texture": "#0"},
				"down": {"uv": [0, 0, 0.2, 9], "texture": "#0"}
			}
		},
		{
			"from": [7.2, 1.9, -5],
			"to": [7.4, 2.9, 4],
			"faces": {
				"north": {"uv": [0, 0, 0.2, 1], "texture": "#0"},
				"east": {"uv": [0, 0, 9, 1], "texture": "#0"},
				"south": {"uv": [0, 0, 0.2, 1], "texture": "#0"},
				"west": {"uv": [0, 0, 9, 1], "texture": "#0"},
				"up": {"uv": [0, 0, 0.2, 9], "texture": "#0"},
				"down": {"uv": [0, 0, 0.2, 9], "texture": "#0"}
			}
		},
		{
			"from": [7.2, -0.2, -4.8],
			"to": [8.8, 2.6, -4.1],
			"faces": {
				"north": {"uv": [0, 0, 1.6, 2.8], "texture": "#0"},
				"east": {"uv": [0, 0, 0.7, 2.8], "texture": "#0"},
				"south": {"uv": [0, 0, 1.6, 2.8], "texture": "#0"},
				"west": {"uv": [0, 0, 0.7, 2.8], "texture": "#0"},
				"up": {"uv": [0, 0, 1.6, 0.7], "texture": "#0"},
				"down": {"uv": [0, 0, 1.6, 0.7], "texture": "#0"}
			}
		},
		{
			"from": [7.6, 2.4, -5],
			"to": [8.4, 2.9, 4.7],
			"faces": {
				"north": {"uv": [0, 0, 0.8, 0.5], "texture": "#0"},
				"east": {"uv": [0, 0, 9.7, 0.5], "texture": "#0"},
				"south": {"uv": [0, 0, 0.8, 0.5], "texture": "#0"},
				"west": {"uv": [0, 0, 9.7, 0.5], "texture": "#0"},
				"up": {"uv": [0, 0, 0.8, 9.7], "texture": "#0"},
				"down": {"uv": [0, 0, 0.8, 9.7], "texture": "#0"}
			}
		},
		{
			"from": [7.59792, 2.04668, -3.94044],
			"to": [8.39792, 2.64668, -3.04044],
			"rotation": {"angle": 45, "axis": "x", "origin": [7.99792, 3.74668, -3.44044]},
			"faces": {
				"north": {"uv": [0, 0, 0.8, 0.6], "texture": "#0"},
				"east": {"uv": [0, 0, 0.9, 0.6], "texture": "#0"},
				"south": {"uv": [0, 0, 0.8, 0.6], "texture": "#0"},
				"west": {"uv": [0, 0, 0.9, 0.6], "texture": "#0"},
				"up": {"uv": [0, 0, 0.8, 0.9], "texture": "#0"},
				"down": {"uv": [0, 0, 0.8, 0.9], "texture": "#0"}
			}
		},
		{
			"from": [7.59792, 2.42241, -4.5718],
			"to": [8.39792, 3.32241, 8.0282],
			"faces": {
				"north": {"uv": [0, 0, 0.8, 0.9], "rotation": 180, "texture": "#0"},
				"east": {"uv": [0, 0, 0.9, 12.6], "rotation": 270, "texture": "#0"},
				"south": {"uv": [0, 0, 0.8, 0.9], "texture": "#0"},
				"west": {"uv": [0, 0, 0.9, 12.6], "rotation": 90, "texture": "#0"},
				"up": {"uv": [0, 0, 0.8, 12.6], "rotation": 180, "texture": "#0"},
				"down": {"uv": [0, 0, 0.8, 12.6], "texture": "#0"}
			}
		},
		{
			"from": [7.19999, 2.04784, -3.94367],
			"to": [7.39999, 2.64784, -3.04367],
			"rotation": {"angle": 45, "axis": "x", "origin": [7.59999, 3.74784, -3.44367]},
			"faces": {
				"north": {"uv": [0, 0, 0.2, 0.6], "texture": "#0"},
				"east": {"uv": [0, 0, 0.9, 0.6], "texture": "#0"},
				"south": {"uv": [0, 0, 0.2, 0.6], "texture": "#0"},
				"west": {"uv": [0, 0, 0.9, 0.6], "texture": "#0"},
				"up": {"uv": [0, 0, 0.2, 0.9], "texture": "#0"},
				"down": {"uv": [0, 0, 0.2, 0.9], "texture": "#0"}
			}
		},
		{
			"from": [7.19999, 2.42357, -4.57503],
			"to": [7.39999, 3.32357, 8.02497],
			"faces": {
				"north": {"uv": [0, 0, 0.2, 0.9], "rotation": 180, "texture": "#0"},
				"east": {"uv": [0, 0, 0.9, 12.6], "rotation": 270, "texture": "#0"},
				"south": {"uv": [0, 0, 0.2, 0.9], "texture": "#0"},
				"west": {"uv": [0, 0, 0.9, 12.6], "rotation": 90, "texture": "#0"},
				"up": {"uv": [0, 0, 0.2, 12.6], "rotation": 180, "texture": "#0"},
				"down": {"uv": [0, 0, 0.2, 12.6], "texture": "#0"}
			}
		},
		{
			"from": [8.59999, 2.05098, -3.9468],
			"to": [8.79999, 2.65098, -3.0468],
			"rotation": {"angle": 45, "axis": "x", "origin": [8.99999, 3.75098, -3.4468]},
			"faces": {
				"north": {"uv": [0, 0, 0.2, 0.6], "texture": "#0"},
				"east": {"uv": [0, 0, 0.9, 0.6], "texture": "#0"},
				"south": {"uv": [0, 0, 0.2, 0.6], "texture": "#0"},
				"west": {"uv": [0, 0, 0.9, 0.6], "texture": "#0"},
				"up": {"uv": [0, 0, 0.2, 0.9], "texture": "#0"},
				"down": {"uv": [0, 0, 0.2, 0.9], "texture": "#0"}
			}
		},
		{
			"from": [8.59999, 2.42671, -4.57817],
			"to": [8.79999, 3.32671, 8.02183],
			"faces": {
				"north": {"uv": [0, 0, 0.2, 0.9], "rotation": 180, "texture": "#0"},
				"east": {"uv": [0, 0, 0.9, 12.6], "rotation": 270, "texture": "#0"},
				"south": {"uv": [0, 0, 0.2, 0.9], "texture": "#0"},
				"west": {"uv": [0, 0, 0.9, 12.6], "rotation": 90, "texture": "#0"},
				"up": {"uv": [0, 0, 0.2, 12.6], "rotation": 180, "texture": "#0"},
				"down": {"uv": [0, 0, 0.2, 12.6], "texture": "#0"}
			}
		},
		{
			"from": [8.29792, 2.64668, -3.54044],
			"to": [8.39792, 3.24668, -2.64044],
			"rotation": {"angle": 45, "axis": "x", "origin": [7.99792, 4.34668, -3.04044]},
			"faces": {
				"north": {"uv": [0, 0, 0.1, 0.6], "texture": "#0"},
				"east": {"uv": [0, 0, 0.9, 0.6], "texture": "#0"},
				"south": {"uv": [0, 0, 0.1, 0.6], "texture": "#0"},
				"west": {"uv": [0, 0, 0.9, 0.6], "texture": "#0"},
				"up": {"uv": [0, 0, 0.1, 0.9], "texture": "#0"},
				"down": {"uv": [0, 0, 0.1, 0.9], "texture": "#0"}
			}
		},
		{
			"from": [8.29792, 3.02241, -4.1718],
			"to": [8.39792, 3.92241, 8.4282],
			"faces": {
				"north": {"uv": [0, 0, 0.1, 0.9], "rotation": 180, "texture": "#0"},
				"east": {"uv": [0, 0, 0.9, 12.6], "rotation": 270, "texture": "#0"},
				"south": {"uv": [0, 0, 0.1, 0.9], "texture": "#0"},
				"west": {"uv": [0, 0, 0.9, 12.6], "rotation": 90, "texture": "#0"},
				"up": {"uv": [0, 0, 0.1, 12.6], "rotation": 180, "texture": "#0"},
				"down": {"uv": [0, 0, 0.1, 12.6], "texture": "#0"}
			}
		},
		{
			"from": [7.6, 0.4, -4.6],
			"to": [8.4, 3.5, 5.1],
			"faces": {
				"north": {"uv": [0, 0, 0.8, 3.1], "texture": "#0"},
				"east": {"uv": [0, 0, 9.7, 3.1], "texture": "#0"},
				"south": {"uv": [0, 0, 0.8, 3.1], "texture": "#0"},
				"west": {"uv": [0, 0, 9.7, 3.1], "texture": "#0"},
				"up": {"uv": [0, 0, 0.8, 9.7], "texture": "#0"},
				"down": {"uv": [0, 0, 0.8, 9.7], "texture": "#0"}
			}
		},
		{
			"from": [7.59792, 2.64668, -3.54044],
			"to": [7.69792, 3.24668, -2.64044],
			"rotation": {"angle": 45, "axis": "x", "origin": [7.29792, 4.34668, -3.04044]},
			"faces": {
				"north": {"uv": [0, 0, 0.1, 0.6], "texture": "#0"},
				"east": {"uv": [0, 0, 0.9, 0.6], "texture": "#0"},
				"south": {"uv": [0, 0, 0.1, 0.6], "texture": "#0"},
				"west": {"uv": [0, 0, 0.9, 0.6], "texture": "#0"},
				"up": {"uv": [0, 0, 0.1, 0.9], "texture": "#0"},
				"down": {"uv": [0, 0, 0.1, 0.9], "texture": "#0"}
			}
		},
		{
			"from": [7.59792, 3.02241, -4.1718],
			"to": [7.69792, 3.92241, 8.4282],
			"faces": {
				"north": {"uv": [0, 0, 0.1, 0.9], "rotation": 180, "texture": "#0"},
				"east": {"uv": [0, 0, 0.9, 12.6], "rotation": 270, "texture": "#0"},
				"south": {"uv": [0, 0, 0.1, 0.9], "texture": "#0"},
				"west": {"uv": [0, 0, 0.9, 12.6], "rotation": 90, "texture": "#0"},
				"up": {"uv": [0, 0, 0.1, 12.6], "rotation": 180, "texture": "#0"},
				"down": {"uv": [0, 0, 0.1, 12.6], "texture": "#0"}
			}
		},
		{
			"from": [7.8, 0.4, -1.8],
			"to": [8.2, 4.4, 6.5],
			"faces": {
				"north": {"uv": [0, 0, 0.4, 4], "texture": "#2"},
				"east": {"uv": [0, 0, 8.3, 4], "texture": "#2"},
				"south": {"uv": [0, 0, 0.4, 4], "texture": "#2"},
				"west": {"uv": [0, 0, 8.3, 4], "texture": "#2"},
				"up": {"uv": [0, 0, 0.4, 8.3], "texture": "#2"},
				"down": {"uv": [0, 0, 0.4, 8.3], "texture": "#2"}
			}
		},
		{
			"from": [7.44865, 3.27246, 4.00318],
			"to": [8.24865, 4.27246, 11.00318],
			"rotation": {"angle": -22.5, "axis": "z", "origin": [8.34865, 4.37246, 7.50318]},
			"faces": {
				"north": {"uv": [0, 0, 0.8, 1], "texture": "#0"},
				"east": {"uv": [0, 0, 7, 1], "texture": "#0"},
				"south": {"uv": [0, 0, 0.8, 1], "texture": "#0"},
				"west": {"uv": [0, 0, 7, 1], "texture": "#0"},
				"up": {"uv": [0, 0, 0.8, 7], "texture": "#0"},
				"down": {"uv": [0, 0, 0.8, 7], "texture": "#0"}
			}
		},
		{
			"from": [8.13185, 3.34742, 3.99894],
			"to": [8.93185, 4.34742, 10.99894],
			"rotation": {"angle": 22.5, "axis": "z", "origin": [8.03185, 3.44742, 7.49894]},
			"faces": {
				"north": {"uv": [0, 0, 0.8, 1], "rotation": 180, "texture": "#0"},
				"east": {"uv": [0, 0, 7, 1], "texture": "#0"},
				"south": {"uv": [0, 0, 0.8, 1], "rotation": 180, "texture": "#0"},
				"west": {"uv": [0, 0, 7, 1], "rotation": 180, "texture": "#0"},
				"up": {"uv": [0, 0, 0.8, 7], "texture": "#0"},
				"down": {"uv": [0, 0, 0.8, 7], "rotation": 180, "texture": "#0"}
			}
		},
		{
			"from": [7.48002, 3.82489, 4.00165],
			"to": [8.48002, 4.62489, 11.00165],
			"faces": {
				"north": {"uv": [0, 0, 0.8, 1], "rotation": 270, "texture": "#0"},
				"east": {"uv": [0, 0, 0.8, 7], "rotation": 270, "texture": "#0"},
				"south": {"uv": [0, 0, 0.8, 1], "rotation": 90, "texture": "#0"},
				"west": {"uv": [0, 0, 0.8, 7], "rotation": 270, "texture": "#0"},
				"up": {"uv": [0, 0, 7, 1], "rotation": 90, "texture": "#0"},
				"down": {"uv": [0, 0, 7, 1], "rotation": 270, "texture": "#0"}
			}
		},
		{
			"from": [7.48002, 3.82489, 11.10165],
			"to": [8.48002, 4.62489, 13.50165],
			"faces": {
				"north": {"uv": [0, 0, 0.8, 1], "rotation": 270, "texture": "#0"},
				"east": {"uv": [0, 0, 0.8, 2.4], "rotation": 270, "texture": "#0"},
				"south": {"uv": [0, 0, 0.8, 1], "rotation": 90, "texture": "#0"},
				"west": {"uv": [0, 0, 0.8, 2.4], "rotation": 270, "texture": "#0"},
				"up": {"uv": [0, 0, 2.4, 1], "rotation": 90, "texture": "#0"},
				"down": {"uv": [0, 0, 2.4, 1], "rotation": 270, "texture": "#0"}
			}
		},
		{
			"from": [8.13185, 3.34742, 11.09894],
			"to": [8.93185, 4.34742, 13.49894],
			"rotation": {"angle": 22.5, "axis": "z", "origin": [8.03185, 3.44742, 7.49894]},
			"faces": {
				"north": {"uv": [0, 0, 0.8, 1], "rotation": 180, "texture": "#0"},
				"east": {"uv": [0, 0, 2.4, 1], "texture": "#0"},
				"south": {"uv": [0, 0, 0.8, 1], "rotation": 180, "texture": "#0"},
				"west": {"uv": [0, 0, 2.4, 1], "rotation": 180, "texture": "#0"},
				"up": {"uv": [0, 0, 0.8, 2.4], "texture": "#0"},
				"down": {"uv": [0, 0, 0.8, 2.4], "rotation": 180, "texture": "#0"}
			}
		},
		{
			"from": [7.44865, 3.27246, 11.10318],
			"to": [8.24865, 4.27246, 13.50318],
			"rotation": {"angle": -22.5, "axis": "z", "origin": [8.34865, 4.37246, 7.50318]},
			"faces": {
				"north": {"uv": [0, 0, 0.8, 1], "texture": "#0"},
				"east": {"uv": [0, 0, 2.4, 1], "texture": "#0"},
				"south": {"uv": [0, 0, 0.8, 1], "texture": "#0"},
				"west": {"uv": [0, 0, 2.4, 1], "texture": "#0"},
				"up": {"uv": [0, 0, 0.8, 2.4], "texture": "#0"},
				"down": {"uv": [0, 0, 0.8, 2.4], "texture": "#0"}
			}
		},
		{
			"from": [7.1, -0.2, 11.1],
			"to": [8.9, 2.9, 20.2],
			"faces": {
				"north": {"uv": [1.8, 0, 3.6, 3.1], "texture": "#0"},
				"east": {"uv": [0.4, 0, 9.5, 3.1], "texture": "#0"},
				"south": {"uv": [1.8, 0, 3.6, 3.1], "texture": "#0"},
				"west": {"uv": [0.4, 0, 9.5, 3.1], "texture": "#0"},
				"up": {"uv": [0, 0.4, 1.8, 9.5], "texture": "#0"},
				"down": {"uv": [0, 0.4, 1.8, 9.5], "texture": "#0"}
			}
		},
		{
			"from": [7.1, 0.9, 11.1],
			"to": [8.9, 3.7, 13.5],
			"faces": {
				"north": {"uv": [0, 0, 1.8, 2.8], "texture": "#0"},
				"east": {"uv": [0, 0, 2.4, 2.8], "texture": "#0"},
				"south": {"uv": [0, 0, 1.8, 2.8], "texture": "#0"},
				"west": {"uv": [0, 0, 2.4, 2.8], "texture": "#0"},
				"up": {"uv": [0, 0, 1.8, 2.4], "texture": "#0"},
				"down": {"uv": [0, 0, 1.8, 2.4], "texture": "#0"}
			}
		},
		{
			"from": [7.6, -0.2, 4],
			"to": [8.5, 4.5, 11.5],
			"faces": {
				"north": {"uv": [0, 0, 0.9, 4.7], "texture": "#0"},
				"east": {"uv": [0, 0, 7.5, 4.7], "texture": "#0"},
				"south": {"uv": [0, 0, 0.9, 4.7], "texture": "#0"},
				"west": {"uv": [0, 0, 7.5, 4.7], "texture": "#0"},
				"up": {"uv": [0, 0, 0.9, 7.5], "texture": "#0"},
				"down": {"uv": [0, 0, 0.9, 7.5], "texture": "#0"}
			}
		},
		{
			"from": [7.35, 1, 11.1],
			"to": [8.65, 3.6, 20.1],
			"faces": {
				"north": {"uv": [0, 0, 1.3, 2.6], "texture": "#0"},
				"east": {"uv": [0, 0, 9, 2.6], "texture": "#0"},
				"south": {"uv": [0, 0, 1.3, 2.6], "texture": "#0"},
				"west": {"uv": [0, 0, 9, 2.6], "texture": "#0"},
				"up": {"uv": [0, 0, 1.3, 9], "texture": "#0"},
				"down": {"uv": [0, 0, 1.3, 9], "texture": "#0"}
			}
		},
		{
			"from": [7.71431, 3.16078, 13.19919],
			"to": [8.21431, 4.06078, 20.09919],
			"rotation": {"angle": -22.5, "axis": "z", "origin": [8.61431, 4.26078, 14.09919]},
			"faces": {
				"north": {"uv": [0, 0, 0.5, 0.9], "texture": "#0"},
				"east": {"uv": [0, 0, 6.9, 0.9], "texture": "#0"},
				"south": {"uv": [0, 0, 0.5, 0.9], "texture": "#0"},
				"west": {"uv": [0, 0, 6.9, 0.9], "texture": "#0"},
				"up": {"uv": [0, 0, 0.5, 6.9], "texture": "#0"},
				"down": {"uv": [0, 0, 0.5, 6.9], "texture": "#0"}
			}
		},
		{
			"from": [7.99679, 3.47091, 13.1992],
			"to": [8.49679, 4.37091, 20.0992],
			"rotation": {"angle": 22.5, "axis": "z", "origin": [8.24679, 3.92091, 16.6492]},
			"faces": {
				"north": {"uv": [0, 0, 0.5, 0.9], "texture": "#0"},
				"east": {"uv": [0, 0, 6.9, 0.9], "texture": "#0"},
				"south": {"uv": [0, 0, 0.5, 0.9], "texture": "#0"},
				"west": {"uv": [0, 0, 6.9, 0.9], "texture": "#0"},
				"up": {"uv": [0, 0, 0.5, 6.9], "texture": "#0"},
				"down": {"uv": [0, 0, 0.5, 6.9], "texture": "#0"}
			}
		},
		{
			"from": [7.70619, 3.31991, 13.19978],
			"to": [8.30619, 4.41991, 20.09978],
			"faces": {
				"north": {"uv": [0, 0, 0.6, 1.1], "texture": "#0"},
				"east": {"uv": [0, 0, 6.9, 1.1], "texture": "#0"},
				"south": {"uv": [0, 0, 0.6, 1.1], "texture": "#0"},
				"west": {"uv": [0, 0, 6.9, 1.1], "texture": "#0"},
				"up": {"uv": [0, 0, 0.6, 6.9], "texture": "#0"},
				"down": {"uv": [0, 0, 0.6, 6.9], "texture": "#0"}
			}
		},
		{
			"from": [7.1, -0.2, 20.2],
			"to": [8.9, 2.9, 20.4],
			"faces": {
				"north": {"uv": [1.8, 0, 3.6, 3.1], "texture": "#2"},
				"east": {"uv": [0.4, 0, 0.6, 3.1], "texture": "#2"},
				"south": {"uv": [1.8, 0, 3.6, 3.1], "texture": "#2"},
				"west": {"uv": [0.4, 0, 0.6, 3.1], "texture": "#2"},
				"up": {"uv": [0, 0.4, 1.8, 0.6], "texture": "#2"},
				"down": {"uv": [0, 0.4, 1.8, 0.6], "texture": "#2"}
			}
		},
		{
			"from": [7.35, 1, 20.1],
			"to": [8.65, 3.6, 20.3],
			"faces": {
				"north": {"uv": [0, 0, 1.3, 2.6], "texture": "#2"},
				"east": {"uv": [0, 0, 0.2, 2.6], "texture": "#2"},
				"south": {"uv": [0, 0, 1.3, 2.6], "texture": "#2"},
				"west": {"uv": [0, 0, 0.2, 2.6], "texture": "#2"},
				"up": {"uv": [0, 0, 1.3, 0.2], "texture": "#2"},
				"down": {"uv": [0, 0, 1.3, 0.2], "texture": "#2"}
			}
		},
		{
			"from": [7.71431, 3.16078, 20.09919],
			"to": [8.21431, 4.06078, 20.29919],
			"rotation": {"angle": -22.5, "axis": "z", "origin": [8.61431, 4.26078, 14.09919]},
			"faces": {
				"north": {"uv": [0, 0, 0.5, 0.9], "texture": "#2"},
				"east": {"uv": [0, 0, 0.2, 0.9], "texture": "#2"},
				"south": {"uv": [0, 0, 0.5, 0.9], "texture": "#2"},
				"west": {"uv": [0, 0, 0.2, 0.9], "texture": "#2"},
				"up": {"uv": [0, 0, 0.5, 0.2], "texture": "#2"},
				"down": {"uv": [0, 0, 0.5, 0.2], "texture": "#2"}
			}
		},
		{
			"from": [7.70619, 3.31991, 20.09978],
			"to": [8.30619, 4.41991, 20.29978],
			"faces": {
				"north": {"uv": [0, 0, 0.6, 1.1], "texture": "#2"},
				"east": {"uv": [0, 0, 0.2, 1.1], "texture": "#2"},
				"south": {"uv": [0, 0, 0.6, 1.1], "texture": "#2"},
				"west": {"uv": [0, 0, 0.2, 1.1], "texture": "#2"},
				"up": {"uv": [0, 0, 0.6, 0.2], "texture": "#2"},
				"down": {"uv": [0, 0, 0.6, 0.2], "texture": "#2"}
			}
		},
		{
			"from": [7.99679, 3.47091, 20.0992],
			"to": [8.49679, 4.37091, 20.2992],
			"rotation": {"angle": 22.5, "axis": "z", "origin": [8.24679, 3.92091, 16.6492]},
			"faces": {
				"north": {"uv": [0, 0, 0.5, 0.9], "texture": "#2"},
				"east": {"uv": [0, 0, 0.2, 0.9], "texture": "#2"},
				"south": {"uv": [0, 0, 0.5, 0.9], "texture": "#2"},
				"west": {"uv": [0, 0, 0.2, 0.9], "texture": "#2"},
				"up": {"uv": [0, 0, 0.5, 0.2], "texture": "#2"},
				"down": {"uv": [0, 0, 0.5, 0.2], "texture": "#2"}
			}
		},
		{
			"from": [7.3003, -4.53248, 4.703],
			"to": [8.7003, 0.06752, 7.003],
			"rotation": {"angle": -22.5, "axis": "x", "origin": [8.0003, 7.26752, 6.503]},
			"faces": {
				"north": {"uv": [0, 0, 1.4, 4.6], "rotation": 180, "texture": "#1"},
				"east": {"uv": [0, 0, 4.6, 2.3], "rotation": 270, "texture": "#1"},
				"south": {"uv": [0, 0, 1.4, 4.6], "texture": "#1"},
				"west": {"uv": [0, 0, 4.6, 2.3], "rotation": 90, "texture": "#1"},
				"up": {"uv": [0, 0, 1.4, 2.3], "rotation": 180, "texture": "#1"},
				"down": {"uv": [0, 0, 1.4, 2.3], "texture": "#1"}
			}
		},
		{
			"from": [7.3003, 0.76752, 10.803],
			"to": [8.7003, 1.96752, 13.203],
			"rotation": {"angle": 22.5, "axis": "x", "origin": [8.0003, 7.26752, 6.503]},
			"faces": {
				"north": {"uv": [0, 0, 1.4, 1.2], "rotation": 180, "texture": "#1"},
				"east": {"uv": [0, 0, 1.2, 2.4], "rotation": 270, "texture": "#1"},
				"south": {"uv": [0, 0, 1.4, 1.2], "texture": "#1"},
				"west": {"uv": [0, 0, 1.2, 2.4], "rotation": 90, "texture": "#1"},
				"up": {"uv": [0, 0, 1.4, 2.4], "rotation": 180, "texture": "#1"},
				"down": {"uv": [0, 0, 1.4, 2.4], "texture": "#1"}
			}
		},
		{
			"from": [7.3003, -4.53248, 4.503],
			"to": [8.7003, -3.93248, 7.003],
			"rotation": {"angle": -22.5, "axis": "x", "origin": [8.0003, 7.26752, 6.503]},
			"faces": {
				"north": {"uv": [0, 0, 1.4, 0.6], "rotation": 180, "texture": "#1"},
				"east": {"uv": [0, 0, 0.6, 2.5], "rotation": 270, "texture": "#1"},
				"south": {"uv": [0, 0, 1.4, 0.6], "texture": "#1"},
				"west": {"uv": [0, 0, 0.6, 2.5], "rotation": 90, "texture": "#1"},
				"up": {"uv": [0, 0, 1.4, 2.5], "rotation": 180, "texture": "#1"},
				"down": {"uv": [0, 0, 1.4, 2.5], "texture": "#1"}
			}
		},
		{
			"from": [7.30056, -3.84579, 8.94152],
			"to": [8.70056, -1.94579, 10.54152],
			"faces": {
				"north": {"uv": [0, 0, 1.4, 1.9], "rotation": 180, "texture": "#1"},
				"east": {"uv": [0, 0, 1.9, 1.6], "rotation": 270, "texture": "#1"},
				"south": {"uv": [0, 0, 1.4, 1.9], "texture": "#1"},
				"west": {"uv": [0, 0, 1.9, 1.6], "rotation": 90, "texture": "#1"},
				"up": {"uv": [0, 0, 1.4, 1.6], "rotation": 180, "texture": "#1"},
				"down": {"uv": [0, 0, 1.4, 1.6], "texture": "#1"}
			}
		},
		{
			"from": [7.6003, -1.73248, 5.303],
			"to": [8.4003, 2.96752, 5.503],
			"faces": {
				"north": {"uv": [0, 0, 0.8, 4.7], "texture": "#2"},
				"east": {"uv": [0, 0, 0.2, 4.7], "texture": "#2"},
				"south": {"uv": [0, 0, 0.8, 4.7], "texture": "#2"},
				"west": {"uv": [0, 0, 0.2, 4.7], "texture": "#2"},
				"up": {"uv": [0, 0, 0.8, 0.2], "texture": "#2"},
				"down": {"uv": [0, 0, 0.8, 0.2], "texture": "#2"}
			}
		},
		{
			"from": [7.60033, -2.00324, 5.41515],
			"to": [8.40033, -1.60324, 5.61515],
			"rotation": {"angle": -45, "axis": "x", "origin": [8.00033, -1.80324, 5.51515]},
			"faces": {
				"north": {"uv": [0, 0, 0.8, 0.4], "texture": "#2"},
				"east": {"uv": [0, 0, 0.2, 0.4], "texture": "#2"},
				"south": {"uv": [0, 0, 0.8, 0.4], "texture": "#2"},
				"west": {"uv": [0, 0, 0.2, 0.4], "texture": "#2"},
				"up": {"uv": [0, 0, 0.8, 0.2], "texture": "#2"},
				"down": {"uv": [0, 0, 0.8, 0.2], "texture": "#2"}
			}
		},
		{
			"from": [7.601, -2.01585, 5.58567],
			"to": [8.401, -1.81585, 9.28567],
			"faces": {
				"north": {"uv": [0, 0, 0.8, 0.2], "rotation": 180, "texture": "#2"},
				"east": {"uv": [0, 0, 0.2, 3.7], "rotation": 270, "texture": "#2"},
				"south": {"uv": [0, 0, 0.8, 0.2], "texture": "#2"},
				"west": {"uv": [0, 0, 0.2, 3.7], "rotation": 90, "texture": "#2"},
				"up": {"uv": [0, 0, 0.8, 3.7], "rotation": 180, "texture": "#2"},
				"down": {"uv": [0, 0, 0.8, 3.7], "texture": "#2"}
			}
		},
		{
			"name": "hexadecagon",
			"from": [7.94033, 1.8, -5],
			"to": [8.05967, 1.9, -4],
			"rotation": {"angle": -45, "axis": "z", "origin": [8, 2.1, -4.5]},
			"faces": {
				"north": {"uv": [0, 0, 1, 1], "texture": "#1"},
				"east": {"uv": [0, 0, 1, 1], "texture": "#1"},
				"south": {"uv": [0, 0, 1, 1], "texture": "#1"},
				"west": {"uv": [0, 0, 1, 1], "texture": "#1"},
				"up": {"uv": [0, 0, 1, 1], "texture": "#1"},
				"down": {"uv": [0, 0, 1, 1], "texture": "#1"}
			}
		},
		{
			"name": "hexadecagon",
			"from": [7.94033, 1.8, -5],
			"to": [8.05967, 1.9, -4],
			"rotation": {"angle": -22.5, "axis": "z", "origin": [8, 2.1, -4.5]},
			"faces": {
				"north": {"uv": [0, 0, 1, 1], "texture": "#1"},
				"east": {"uv": [0, 0, 1, 1], "texture": "#1"},
				"south": {"uv": [0, 0, 1, 1], "texture": "#1"},
				"west": {"uv": [0, 0, 1, 1], "texture": "#1"},
				"up": {"uv": [0, 0, 1, 1], "texture": "#1"},
				"down": {"uv": [0, 0, 1, 1], "texture": "#1"}
			}
		},
		{
			"name": "hexadecagon",
			"from": [7.94033, 1.8, -5],
			"to": [8.05967, 1.9, -4],
			"faces": {
				"north": {"uv": [0, 0, 1, 1], "texture": "#1"},
				"east": {"uv": [0, 0, 1, 1], "texture": "#1"},
				"south": {"uv": [0, 0, 1, 1], "texture": "#1"},
				"west": {"uv": [0, 0, 1, 1], "texture": "#1"},
				"up": {"uv": [0, 0, 1, 1], "texture": "#1"},
				"down": {"uv": [0, 0, 1, 1], "texture": "#1"}
			}
		},
		{
			"name": "hexadecagon",
			"from": [7.94033, 1.8, -5],
			"to": [8.05967, 1.9, -4],
			"rotation": {"angle": 22.5, "axis": "z", "origin": [8, 2.1, -4.5]},
			"faces": {
				"north": {"uv": [0, 0, 1, 1], "texture": "#1"},
				"east": {"uv": [0, 0, 1, 1], "texture": "#1"},
				"south": {"uv": [0, 0, 1, 1], "texture": "#1"},
				"west": {"uv": [0, 0, 1, 1], "texture": "#1"},
				"up": {"uv": [0, 0, 1, 1], "texture": "#1"},
				"down": {"uv": [0, 0, 1, 1], "texture": "#1"}
			}
		},
		{
			"name": "hexadecagon",
			"from": [7.94033, 1.8, -5],
			"to": [8.05967, 1.9, -4],
			"rotation": {"angle": 45, "axis": "z", "origin": [8, 2.1, -4.5]},
			"faces": {
				"north": {"uv": [0, 0, 1, 1], "texture": "#1"},
				"east": {"uv": [0, 0, 1, 1], "texture": "#1"},
				"south": {"uv": [0, 0, 1, 1], "texture": "#1"},
				"west": {"uv": [0, 0, 1, 1], "texture": "#1"},
				"up": {"uv": [0, 0, 1, 1], "texture": "#1"},
				"down": {"uv": [0, 0, 1, 1], "texture": "#1"}
			}
		},
		{
			"name": "hexadecagon",
			"from": [7.94033, 2.3, -5],
			"to": [8.05967, 2.4, -4],
			"rotation": {"angle": -45, "axis": "z", "origin": [8, 2.1, -4.5]},
			"faces": {
				"north": {"uv": [0, 0, 1, 1], "texture": "#1"},
				"east": {"uv": [0, 0, 1, 1], "texture": "#1"},
				"south": {"uv": [0, 0, 1, 1], "texture": "#1"},
				"west": {"uv": [0, 0, 1, 1], "texture": "#1"},
				"up": {"uv": [0, 0, 1, 1], "texture": "#1"},
				"down": {"uv": [0, 0, 1, 1], "texture": "#1"}
			}
		},
		{
			"name": "hexadecagon",
			"from": [7.94033, 2.3, -5],
			"to": [8.05967, 2.4, -4],
			"rotation": {"angle": -22.5, "axis": "z", "origin": [8, 2.1, -4.5]},
			"faces": {
				"north": {"uv": [0, 0, 1, 1], "texture": "#1"},
				"east": {"uv": [0, 0, 1, 1], "texture": "#1"},
				"south": {"uv": [0, 0, 1, 1], "texture": "#1"},
				"west": {"uv": [0, 0, 1, 1], "texture": "#1"},
				"up": {"uv": [0, 0, 1, 1], "texture": "#1"},
				"down": {"uv": [0, 0, 1, 1], "texture": "#1"}
			}
		},
		{
			"name": "hexadecagon",
			"from": [7.94033, 2.3, -5],
			"to": [8.05967, 2.4, -4],
			"faces": {
				"north": {"uv": [0, 0, 1, 1], "texture": "#1"},
				"east": {"uv": [0, 0, 1, 1], "texture": "#1"},
				"south": {"uv": [0, 0, 1, 1], "texture": "#1"},
				"west": {"uv": [0, 0, 1, 1], "texture": "#1"},
				"up": {"uv": [0, 0, 1, 1], "texture": "#1"},
				"down": {"uv": [0, 0, 1, 1], "texture": "#1"}
			}
		},
		{
			"name": "hexadecagon",
			"from": [7.94033, 2.3, -5],
			"to": [8.05967, 2.4, -4],
			"rotation": {"angle": 22.5, "axis": "z", "origin": [8, 2.1, -4.5]},
			"faces": {
				"north": {"uv": [0, 0, 1, 1], "texture": "#1"},
				"east": {"uv": [0, 0, 1, 1], "texture": "#1"},
				"south": {"uv": [0, 0, 1, 1], "texture": "#1"},
				"west": {"uv": [0, 0, 1, 1], "texture": "#1"},
				"up": {"uv": [0, 0, 1, 1], "texture": "#1"},
				"down": {"uv": [0, 0, 1, 1], "texture": "#1"}
			}
		},
		{
			"name": "hexadecagon",
			"from": [7.94033, 2.3, -5],
			"to": [8.05967, 2.4, -4],
			"rotation": {"angle": 45, "axis": "z", "origin": [8, 2.1, -4.5]},
			"faces": {
				"north": {"uv": [0, 0, 1, 1], "texture": "#1"},
				"east": {"uv": [0, 0, 1, 1], "texture": "#1"},
				"south": {"uv": [0, 0, 1, 1], "texture": "#1"},
				"west": {"uv": [0, 0, 1, 1], "texture": "#1"},
				"up": {"uv": [0, 0, 1, 1], "texture": "#1"},
				"down": {"uv": [0, 0, 1, 1], "texture": "#1"}
			}
		},
		{
			"name": "hexadecagon",
			"from": [7.7, 2.04033, -5],
			"to": [7.8, 2.15967, -4],
			"rotation": {"angle": -22.5, "axis": "z", "origin": [8, 2.1, -4.5]},
			"faces": {
				"north": {"uv": [0, 0, 1, 1], "texture": "#1"},
				"east": {"uv": [0, 0, 1, 1], "texture": "#1"},
				"south": {"uv": [0, 0, 1, 1], "texture": "#1"},
				"west": {"uv": [0, 0, 1, 1], "texture": "#1"},
				"up": {"uv": [0, 0, 1, 1], "texture": "#1"},
				"down": {"uv": [0, 0, 1, 1], "texture": "#1"}
			}
		},
		{
			"name": "hexadecagon",
			"from": [7.7, 2.04033, -5],
			"to": [7.8, 2.15967, -4],
			"faces": {
				"north": {"uv": [0, 0, 1, 1], "texture": "#1"},
				"east": {"uv": [0, 0, 1, 1], "texture": "#1"},
				"south": {"uv": [0, 0, 1, 1], "texture": "#1"},
				"west": {"uv": [0, 0, 1, 1], "texture": "#1"},
				"up": {"uv": [0, 0, 1, 1], "texture": "#1"},
				"down": {"uv": [0, 0, 1, 1], "texture": "#1"}
			}
		},
		{
			"name": "hexadecagon",
			"from": [7.7, 2.04033, -5],
			"to": [7.8, 2.15967, -4],
			"rotation": {"angle": 22.5, "axis": "z", "origin": [8, 2.1, -4.5]},
			"faces": {
				"north": {"uv": [0, 0, 1, 1], "texture": "#1"},
				"east": {"uv": [0, 0, 1, 1], "texture": "#1"},
				"south": {"uv": [0, 0, 1, 1], "texture": "#1"},
				"west": {"uv": [0, 0, 1, 1], "texture": "#1"},
				"up": {"uv": [0, 0, 1, 1], "texture": "#1"},
				"down": {"uv": [0, 0, 1, 1], "texture": "#1"}
			}
		},
		{
			"name": "hexadecagon",
			"from": [8.2, 2.04033, -5],
			"to": [8.3, 2.15967, -4],
			"rotation": {"angle": -22.5, "axis": "z", "origin": [8, 2.1, -4.5]},
			"faces": {
				"north": {"uv": [0, 0, 1, 1], "texture": "#1"},
				"east": {"uv": [0, 0, 1, 1], "texture": "#1"},
				"south": {"uv": [0, 0, 1, 1], "texture": "#1"},
				"west": {"uv": [0, 0, 1, 1], "texture": "#1"},
				"up": {"uv": [0, 0, 1, 1], "texture": "#1"},
				"down": {"uv": [0, 0, 1, 1], "texture": "#1"}
			}
		},
		{
			"name": "hexadecagon",
			"from": [8.2, 2.04033, -5],
			"to": [8.3, 2.15967, -4],
			"faces": {
				"north": {"uv": [0, 0, 1, 1], "texture": "#1"},
				"east": {"uv": [0, 0, 1, 1], "texture": "#1"},
				"south": {"uv": [0, 0, 1, 1], "texture": "#1"},
				"west": {"uv": [0, 0, 1, 1], "texture": "#1"},
				"up": {"uv": [0, 0, 1, 1], "texture": "#1"},
				"down": {"uv": [0, 0, 1, 1], "texture": "#1"}
			}
		},
		{
			"name": "hexadecagon",
			"from": [8.2, 2.04033, -5],
			"to": [8.3, 2.15967, -4],
			"rotation": {"angle": 22.5, "axis": "z", "origin": [8, 2.1, -4.5]},
			"faces": {
				"north": {"uv": [0, 0, 1, 1], "texture": "#1"},
				"east": {"uv": [0, 0, 1, 1], "texture": "#1"},
				"south": {"uv": [0, 0, 1, 1], "texture": "#1"},
				"west": {"uv": [0, 0, 1, 1], "texture": "#1"},
				"up": {"uv": [0, 0, 1, 1], "texture": "#1"},
				"down": {"uv": [0, 0, 1, 1], "texture": "#1"}
			}
		},
		{
			"from": [7.2, -0.2, -5],
			"to": [7.4, 2.9, -4.4],
			"faces": {
				"north": {"uv": [0, 0, 0.2, 3.1], "texture": "#0"},
				"east": {"uv": [0, 0, 0.6, 3.1], "texture": "#0"},
				"south": {"uv": [0, 0, 0.2, 3.1], "texture": "#0"},
				"west": {"uv": [0, 0, 0.6, 3.1], "texture": "#0"},
				"up": {"uv": [0, 0, 0.2, 0.6], "texture": "#0"},
				"down": {"uv": [0, 0, 0.2, 0.6], "texture": "#0"}
			}
		},
		{
			"from": [8.6, -0.2, -5],
			"to": [8.8, 2.9, -4.4],
			"faces": {
				"north": {"uv": [0, 0, 0.2, 3.1], "texture": "#0"},
				"east": {"uv": [0, 0, 0.6, 3.1], "texture": "#0"},
				"south": {"uv": [0, 0, 0.2, 3.1], "texture": "#0"},
				"west": {"uv": [0, 0, 0.6, 3.1], "texture": "#0"},
				"up": {"uv": [0, 0, 0.2, 0.6], "texture": "#0"},
				"down": {"uv": [0, 0, 0.2, 0.6], "texture": "#0"}
			}
		},
		{
			"from": [7.58002, 3.82489, 4.80165],
			"to": [8.38002, 5.02489, 10.70165],
			"faces": {
				"north": {"uv": [0, 0, 1.2, 0.8], "rotation": 270, "texture": "#2"},
				"east": {"uv": [0, 0, 1.2, 5.9], "rotation": 270, "texture": "#2"},
				"south": {"uv": [0, 0, 1.2, 0.8], "rotation": 90, "texture": "#2"},
				"west": {"uv": [0, 0, 1.2, 5.9], "rotation": 270, "texture": "#2"},
				"up": {"uv": [0, 0, 5.9, 0.8], "rotation": 90, "texture": "#2"},
				"down": {"uv": [0, 0, 5.9, 0.8], "rotation": 270, "texture": "#2"}
			}
		},
		{
			"from": [7.58002, 3.82489, 9.40165],
			"to": [8.38002, 6.12489, 10.20165],
			"faces": {
				"north": {"uv": [0, 0, 2.3, 0.8], "rotation": 270, "texture": "#2"},
				"east": {"uv": [0, 0, 2.3, 0.8], "rotation": 270, "texture": "#2"},
				"south": {"uv": [0, 0, 2.3, 0.8], "rotation": 90, "texture": "#2"},
				"west": {"uv": [0, 0, 2.3, 0.8], "rotation": 270, "texture": "#2"},
				"up": {"uv": [0, 0, 0.8, 0.8], "rotation": 90, "texture": "#2"},
				"down": {"uv": [0, 0, 0.8, 0.8], "rotation": 270, "texture": "#2"}
			}
		},
		{
			"from": [7.58002, 3.82489, 5.10165],
			"to": [8.38002, 6.12489, 5.90165],
			"faces": {
				"north": {"uv": [0, 0, 2.3, 0.8], "rotation": 270, "texture": "#2"},
				"east": {"uv": [0, 0, 2.3, 0.8], "rotation": 270, "texture": "#2"},
				"south": {"uv": [0, 0, 2.3, 0.8], "rotation": 90, "texture": "#2"},
				"west": {"uv": [0, 0, 2.3, 0.8], "rotation": 270, "texture": "#2"},
				"up": {"uv": [0, 0, 0.8, 0.8], "rotation": 90, "texture": "#2"},
				"down": {"uv": [0, 0, 0.8, 0.8], "rotation": 270, "texture": "#2"}
			}
		},
		{
			"name": "hexadecagon",
			"from": [7.88065, 5.9, 5],
			"to": [8.11935, 6, 10.7],
			"rotation": {"angle": -45, "axis": "z", "origin": [8, 6.5, 10]},
			"faces": {
				"north": {"uv": [0, 0, 1, 1], "texture": "#2"},
				"east": {"uv": [0, 0, 1, 1], "texture": "#2"},
				"south": {"uv": [0, 0, 1, 1], "texture": "#2"},
				"west": {"uv": [0, 0, 1, 1], "texture": "#2"},
				"up": {"uv": [0, 0, 1, 1], "texture": "#2"},
				"down": {"uv": [0, 0, 1, 1], "texture": "#2"}
			}
		},
		{
			"name": "hexadecagon",
			"from": [7.88065, 5.9, 5],
			"to": [8.11935, 6, 10.7],
			"rotation": {"angle": -22.5, "axis": "z", "origin": [8, 6.5, 10]},
			"faces": {
				"north": {"uv": [0, 0, 1, 1], "texture": "#2"},
				"east": {"uv": [0, 0, 1, 1], "texture": "#2"},
				"south": {"uv": [0, 0, 1, 1], "texture": "#2"},
				"west": {"uv": [0, 0, 1, 1], "texture": "#2"},
				"up": {"uv": [0, 0, 1, 1], "texture": "#2"},
				"down": {"uv": [0, 0, 1, 1], "texture": "#2"}
			}
		},
		{
			"name": "hexadecagon",
			"from": [7.88065, 5.9, 5],
			"to": [8.11935, 6, 10.7],
			"faces": {
				"north": {"uv": [0, 0, 1, 1], "texture": "#2"},
				"east": {"uv": [0, 0, 1, 1], "texture": "#2"},
				"south": {"uv": [0, 0, 1, 1], "texture": "#2"},
				"west": {"uv": [0, 0, 1, 1], "texture": "#2"},
				"up": {"uv": [0, 0, 1, 1], "texture": "#2"},
				"down": {"uv": [0, 0, 1, 1], "texture": "#2"}
			}
		},
		{
			"name": "hexadecagon",
			"from": [7.88065, 5.9, 5],
			"to": [8.11935, 6, 10.7],
			"rotation": {"angle": 22.5, "axis": "z", "origin": [8, 6.5, 10]},
			"faces": {
				"north": {"uv": [0, 0, 1, 1], "texture": "#2"},
				"east": {"uv": [0, 0, 1, 1], "texture": "#2"},
				"south": {"uv": [0, 0, 1, 1], "texture": "#2"},
				"west": {"uv": [0, 0, 1, 1], "texture": "#2"},
				"up": {"uv": [0, 0, 1, 1], "texture": "#2"},
				"down": {"uv": [0, 0, 1, 1], "texture": "#2"}
			}
		},
		{
			"name": "hexadecagon",
			"from": [7.88065, 5.9, 5],
			"to": [8.11935, 6, 10.7],
			"rotation": {"angle": 45, "axis": "z", "origin": [8, 6.5, 10]},
			"faces": {
				"north": {"uv": [0, 0, 1, 1], "texture": "#2"},
				"east": {"uv": [0, 0, 1, 1], "texture": "#2"},
				"south": {"uv": [0, 0, 1, 1], "texture": "#2"},
				"west": {"uv": [0, 0, 1, 1], "texture": "#2"},
				"up": {"uv": [0, 0, 1, 1], "texture": "#2"},
				"down": {"uv": [0, 0, 1, 1], "texture": "#2"}
			}
		},
		{
			"name": "hexadecagon",
			"from": [7.88065, 7, 5],
			"to": [8.11935, 7.1, 10.7],
			"rotation": {"angle": -45, "axis": "z", "origin": [8, 6.5, 10]},
			"faces": {
				"north": {"uv": [0, 0, 1, 1], "texture": "#2"},
				"east": {"uv": [0, 0, 1, 1], "texture": "#2"},
				"south": {"uv": [0, 0, 1, 1], "texture": "#2"},
				"west": {"uv": [0, 0, 1, 1], "texture": "#2"},
				"up": {"uv": [0, 0, 1, 1], "texture": "#2"},
				"down": {"uv": [0, 0, 1, 1], "texture": "#2"}
			}
		},
		{
			"name": "hexadecagon",
			"from": [7.88065, 7, 5],
			"to": [8.11935, 7.1, 10.7],
			"rotation": {"angle": -22.5, "axis": "z", "origin": [8, 6.5, 10]},
			"faces": {
				"north": {"uv": [0, 0, 1, 1], "texture": "#2"},
				"east": {"uv": [0, 0, 1, 1], "texture": "#2"},
				"south": {"uv": [0, 0, 1, 1], "texture": "#2"},
				"west": {"uv": [0, 0, 1, 1], "texture": "#2"},
				"up": {"uv": [0, 0, 1, 1], "texture": "#2"},
				"down": {"uv": [0, 0, 1, 1], "texture": "#2"}
			}
		},
		{
			"name": "hexadecagon",
			"from": [7.88065, 7, 5],
			"to": [8.11935, 7.1, 10.7],
			"faces": {
				"north": {"uv": [0, 0, 1, 1], "texture": "#2"},
				"east": {"uv": [0, 0, 1, 1], "texture": "#2"},
				"south": {"uv": [0, 0, 1, 1], "texture": "#2"},
				"west": {"uv": [0, 0, 1, 1], "texture": "#2"},
				"up": {"uv": [0, 0, 1, 1], "texture": "#2"},
				"down": {"uv": [0, 0, 1, 1], "texture": "#2"}
			}
		},
		{
			"name": "hexadecagon",
			"from": [7.88065, 7, 5],
			"to": [8.11935, 7.1, 10.7],
			"rotation": {"angle": 22.5, "axis": "z", "origin": [8, 6.5, 10]},
			"faces": {
				"north": {"uv": [0, 0, 1, 1], "texture": "#2"},
				"east": {"uv": [0, 0, 1, 1], "texture": "#2"},
				"south": {"uv": [0, 0, 1, 1], "texture": "#2"},
				"west": {"uv": [0, 0, 1, 1], "texture": "#2"},
				"up": {"uv": [0, 0, 1, 1], "texture": "#2"},
				"down": {"uv": [0, 0, 1, 1], "texture": "#2"}
			}
		},
		{
			"name": "hexadecagon",
			"from": [7.88065, 7, 5],
			"to": [8.11935, 7.1, 10.7],
			"rotation": {"angle": 45, "axis": "z", "origin": [8, 6.5, 10]},
			"faces": {
				"north": {"uv": [0, 0, 1, 1], "texture": "#2"},
				"east": {"uv": [0, 0, 1, 1], "texture": "#2"},
				"south": {"uv": [0, 0, 1, 1], "texture": "#2"},
				"west": {"uv": [0, 0, 1, 1], "texture": "#2"},
				"up": {"uv": [0, 0, 1, 1], "texture": "#2"},
				"down": {"uv": [0, 0, 1, 1], "texture": "#2"}
			}
		},
		{
			"name": "hexadecagon",
			"from": [7.4, 6.38065, 5],
			"to": [7.5, 6.61935, 10.7],
			"rotation": {"angle": -22.5, "axis": "z", "origin": [8, 6.5, 10]},
			"faces": {
				"north": {"uv": [0, 0, 1, 1], "texture": "#2"},
				"east": {"uv": [0, 0, 1, 1], "texture": "#2"},
				"south": {"uv": [0, 0, 1, 1], "texture": "#2"},
				"west": {"uv": [0, 0, 1, 1], "texture": "#2"},
				"up": {"uv": [0, 0, 1, 1], "texture": "#2"},
				"down": {"uv": [0, 0, 1, 1], "texture": "#2"}
			}
		},
		{
			"name": "hexadecagon",
			"from": [7.4, 6.38065, 4.7],
			"to": [7.5, 6.61935, 10.4],
			"faces": {
				"north": {"uv": [0, 0, 1, 1], "texture": "#2"},
				"east": {"uv": [0, 0, 1, 1], "texture": "#2"},
				"south": {"uv": [0, 0, 1, 1], "texture": "#2"},
				"west": {"uv": [0, 0, 1, 1], "texture": "#2"},
				"up": {"uv": [0, 0, 1, 1], "texture": "#2"},
				"down": {"uv": [0, 0, 1, 1], "texture": "#2"}
			}
		},
		{
			"name": "hexadecagon",
			"from": [7.4, 6.38065, 5],
			"to": [7.5, 6.61935, 10.7],
			"rotation": {"angle": 22.5, "axis": "z", "origin": [8, 6.5, 10]},
			"faces": {
				"north": {"uv": [0, 0, 1, 1], "texture": "#2"},
				"east": {"uv": [0, 0, 1, 1], "texture": "#2"},
				"south": {"uv": [0, 0, 1, 1], "texture": "#2"},
				"west": {"uv": [0, 0, 1, 1], "texture": "#2"},
				"up": {"uv": [0, 0, 1, 1], "texture": "#2"},
				"down": {"uv": [0, 0, 1, 1], "texture": "#2"}
			}
		},
		{
			"name": "hexadecagon",
			"from": [8.5, 6.38065, 5],
			"to": [8.6, 6.61935, 10.7],
			"rotation": {"angle": -22.5, "axis": "z", "origin": [8, 6.5, 10]},
			"faces": {
				"north": {"uv": [0, 0, 1, 1], "texture": "#2"},
				"east": {"uv": [0, 0, 1, 1], "texture": "#2"},
				"south": {"uv": [0, 0, 1, 1], "texture": "#2"},
				"west": {"uv": [0, 0, 1, 1], "texture": "#2"},
				"up": {"uv": [0, 0, 1, 1], "texture": "#2"},
				"down": {"uv": [0, 0, 1, 1], "texture": "#2"}
			}
		},
		{
			"name": "hexadecagon",
			"from": [8.5, 6.38065, 5],
			"to": [8.6, 6.61935, 10.7],
			"faces": {
				"north": {"uv": [0, 0, 1, 1], "texture": "#2"},
				"east": {"uv": [0, 0, 1, 1], "texture": "#2"},
				"south": {"uv": [0, 0, 1, 1], "texture": "#2"},
				"west": {"uv": [0, 0, 1, 1], "texture": "#2"},
				"up": {"uv": [0, 0, 1, 1], "texture": "#2"},
				"down": {"uv": [0, 0, 1, 1], "texture": "#2"}
			}
		},
		{
			"name": "hexadecagon",
			"from": [8.5, 6.38065, 5],
			"to": [8.6, 6.61935, 10.7],
			"rotation": {"angle": 22.5, "axis": "z", "origin": [8, 6.5, 10]},
			"faces": {
				"north": {"uv": [0, 0, 1, 1], "texture": "#2"},
				"east": {"uv": [0, 0, 1, 1], "texture": "#2"},
				"south": {"uv": [0, 0, 1, 1], "texture": "#2"},
				"west": {"uv": [0, 0, 1, 1], "texture": "#2"},
				"up": {"uv": [0, 0, 1, 1], "texture": "#2"},
				"down": {"uv": [0, 0, 1, 1], "texture": "#2"}
			}
		},
		{
			"name": "hexadecagon",
			"from": [7.86076, 5.8, 4.3],
			"to": [8.13924, 6, 5.3],
			"rotation": {"angle": -45, "axis": "z", "origin": [8, 6.5, 4.8]},
			"faces": {
				"north": {"uv": [0, 0, 1, 1], "texture": "#2"},
				"east": {"uv": [0, 0, 1, 1], "texture": "#2"},
				"south": {"uv": [0, 0, 1, 1], "texture": "#2"},
				"west": {"uv": [0, 0, 1, 1], "texture": "#2"},
				"up": {"uv": [0, 0, 1, 1], "texture": "#2"},
				"down": {"uv": [0, 0, 1, 1], "texture": "#2"}
			}
		},
		{
			"name": "hexadecagon",
			"from": [7.86076, 5.8, 4.3],
			"to": [8.13924, 6, 5.3],
			"rotation": {"angle": -22.5, "axis": "z", "origin": [8, 6.5, 4.8]},
			"faces": {
				"north": {"uv": [0, 0, 1, 1], "texture": "#2"},
				"east": {"uv": [0, 0, 1, 1], "texture": "#2"},
				"south": {"uv": [0, 0, 1, 1], "texture": "#2"},
				"west": {"uv": [0, 0, 1, 1], "texture": "#2"},
				"up": {"uv": [0, 0, 1, 1], "texture": "#2"},
				"down": {"uv": [0, 0, 1, 1], "texture": "#2"}
			}
		},
		{
			"name": "hexadecagon",
			"from": [7.86076, 5.8, 4.3],
			"to": [8.13924, 6, 5.3],
			"faces": {
				"north": {"uv": [0, 0, 1, 1], "texture": "#2"},
				"east": {"uv": [0, 0, 1, 1], "texture": "#2"},
				"south": {"uv": [0, 0, 1, 1], "texture": "#2"},
				"west": {"uv": [0, 0, 1, 1], "texture": "#2"},
				"up": {"uv": [0, 0, 1, 1], "texture": "#2"},
				"down": {"uv": [0, 0, 1, 1], "texture": "#2"}
			}
		},
		{
			"name": "hexadecagon",
			"from": [7.86076, 5.8, 4.3],
			"to": [8.13924, 6, 5.3],
			"rotation": {"angle": 22.5, "axis": "z", "origin": [8, 6.5, 4.8]},
			"faces": {
				"north": {"uv": [0, 0, 1, 1], "texture": "#2"},
				"east": {"uv": [0, 0, 1, 1], "texture": "#2"},
				"south": {"uv": [0, 0, 1, 1], "texture": "#2"},
				"west": {"uv": [0, 0, 1, 1], "texture": "#2"},
				"up": {"uv": [0, 0, 1, 1], "texture": "#2"},
				"down": {"uv": [0, 0, 1, 1], "texture": "#2"}
			}
		},
		{
			"name": "hexadecagon",
			"from": [7.86076, 5.8, 4.3],
			"to": [8.13924, 6, 5.3],
			"rotation": {"angle": 45, "axis": "z", "origin": [8, 6.5, 4.8]},
			"faces": {
				"north": {"uv": [0, 0, 1, 1], "texture": "#2"},
				"east": {"uv": [0, 0, 1, 1], "texture": "#2"},
				"south": {"uv": [0, 0, 1, 1], "texture": "#2"},
				"west": {"uv": [0, 0, 1, 1], "texture": "#2"},
				"up": {"uv": [0, 0, 1, 1], "texture": "#2"},
				"down": {"uv": [0, 0, 1, 1], "texture": "#2"}
			}
		},
		{
			"name": "hexadecagon",
			"from": [7.86076, 7, 4.3],
			"to": [8.13924, 7.2, 5.3],
			"rotation": {"angle": -45, "axis": "z", "origin": [8, 6.5, 4.8]},
			"faces": {
				"north": {"uv": [0, 0, 1, 1], "texture": "#2"},
				"east": {"uv": [0, 0, 1, 1], "texture": "#2"},
				"south": {"uv": [0, 0, 1, 1], "texture": "#2"},
				"west": {"uv": [0, 0, 1, 1], "texture": "#2"},
				"up": {"uv": [0, 0, 1, 1], "texture": "#2"},
				"down": {"uv": [0, 0, 1, 1], "texture": "#2"}
			}
		},
		{
			"name": "hexadecagon",
			"from": [7.86076, 7, 4.3],
			"to": [8.13924, 7.2, 5.3],
			"rotation": {"angle": -22.5, "axis": "z", "origin": [8, 6.5, 4.8]},
			"faces": {
				"north": {"uv": [0, 0, 1, 1], "texture": "#2"},
				"east": {"uv": [0, 0, 1, 1], "texture": "#2"},
				"south": {"uv": [0, 0, 1, 1], "texture": "#2"},
				"west": {"uv": [0, 0, 1, 1], "texture": "#2"},
				"up": {"uv": [0, 0, 1, 1], "texture": "#2"},
				"down": {"uv": [0, 0, 1, 1], "texture": "#2"}
			}
		},
		{
			"name": "hexadecagon",
			"from": [7.86076, 7, 4.3],
			"to": [8.13924, 7.2, 5.3],
			"faces": {
				"north": {"uv": [0, 0, 1, 1], "texture": "#2"},
				"east": {"uv": [0, 0, 1, 1], "texture": "#2"},
				"south": {"uv": [0, 0, 1, 1], "texture": "#2"},
				"west": {"uv": [0, 0, 1, 1], "texture": "#2"},
				"up": {"uv": [0, 0, 1, 1], "texture": "#2"},
				"down": {"uv": [0, 0, 1, 1], "texture": "#2"}
			}
		},
		{
			"name": "hexadecagon",
			"from": [7.86076, 7, 4.3],
			"to": [8.13924, 7.2, 5.3],
			"rotation": {"angle": 22.5, "axis": "z", "origin": [8, 6.5, 4.8]},
			"faces": {
				"north": {"uv": [0, 0, 1, 1], "texture": "#2"},
				"east": {"uv": [0, 0, 1, 1], "texture": "#2"},
				"south": {"uv": [0, 0, 1, 1], "texture": "#2"},
				"west": {"uv": [0, 0, 1, 1], "texture": "#2"},
				"up": {"uv": [0, 0, 1, 1], "texture": "#2"},
				"down": {"uv": [0, 0, 1, 1], "texture": "#2"}
			}
		},
		{
			"name": "hexadecagon",
			"from": [7.86076, 7, 4.3],
			"to": [8.13924, 7.2, 5.3],
			"rotation": {"angle": 45, "axis": "z", "origin": [8, 6.5, 4.8]},
			"faces": {
				"north": {"uv": [0, 0, 1, 1], "texture": "#2"},
				"east": {"uv": [0, 0, 1, 1], "texture": "#2"},
				"south": {"uv": [0, 0, 1, 1], "texture": "#2"},
				"west": {"uv": [0, 0, 1, 1], "texture": "#2"},
				"up": {"uv": [0, 0, 1, 1], "texture": "#2"},
				"down": {"uv": [0, 0, 1, 1], "texture": "#2"}
			}
		},
		{
			"name": "hexadecagon",
			"from": [7.3, 6.36076, 4.3],
			"to": [7.5, 6.63924, 5.3],
			"rotation": {"angle": -22.5, "axis": "z", "origin": [8, 6.5, 4.8]},
			"faces": {
				"north": {"uv": [0, 0, 1, 1], "texture": "#2"},
				"east": {"uv": [0, 0, 1, 1], "texture": "#2"},
				"south": {"uv": [0, 0, 1, 1], "texture": "#2"},
				"west": {"uv": [0, 0, 1, 1], "texture": "#2"},
				"up": {"uv": [0, 0, 1, 1], "texture": "#2"},
				"down": {"uv": [0, 0, 1, 1], "texture": "#2"}
			}
		},
		{
			"name": "hexadecagon",
			"from": [7.3, 6.36076, 4.3],
			"to": [7.5, 6.63924, 5.3],
			"faces": {
				"north": {"uv": [0, 0, 1, 1], "texture": "#2"},
				"east": {"uv": [0, 0, 1, 1], "texture": "#2"},
				"south": {"uv": [0, 0, 1, 1], "texture": "#2"},
				"west": {"uv": [0, 0, 1, 1], "texture": "#2"},
				"up": {"uv": [0, 0, 1, 1], "texture": "#2"},
				"down": {"uv": [0, 0, 1, 1], "texture": "#2"}
			}
		},
		{
			"name": "hexadecagon",
			"from": [7.3, 6.36076, 4.3],
			"to": [7.5, 6.63924, 5.3],
			"rotation": {"angle": 22.5, "axis": "z", "origin": [8, 6.5, 4.8]},
			"faces": {
				"north": {"uv": [0, 0, 1, 1], "texture": "#2"},
				"east": {"uv": [0, 0, 1, 1], "texture": "#2"},
				"south": {"uv": [0, 0, 1, 1], "texture": "#2"},
				"west": {"uv": [0, 0, 1, 1], "texture": "#2"},
				"up": {"uv": [0, 0, 1, 1], "texture": "#2"},
				"down": {"uv": [0, 0, 1, 1], "texture": "#2"}
			}
		},
		{
			"name": "hexadecagon",
			"from": [8.5, 6.36076, 4.3],
			"to": [8.7, 6.63924, 5.3],
			"rotation": {"angle": -22.5, "axis": "z", "origin": [8, 6.5, 4.8]},
			"faces": {
				"north": {"uv": [0, 0, 1, 1], "texture": "#2"},
				"east": {"uv": [0, 0, 1, 1], "texture": "#2"},
				"south": {"uv": [0, 0, 1, 1], "texture": "#2"},
				"west": {"uv": [0, 0, 1, 1], "texture": "#2"},
				"up": {"uv": [0, 0, 1, 1], "texture": "#2"},
				"down": {"uv": [0, 0, 1, 1], "texture": "#2"}
			}
		},
		{
			"name": "hexadecagon",
			"from": [8.5, 6.36076, 4.3],
			"to": [8.7, 6.63924, 5.3],
			"faces": {
				"north": {"uv": [0, 0, 1, 1], "texture": "#2"},
				"east": {"uv": [0, 0, 1, 1], "texture": "#2"},
				"south": {"uv": [0, 0, 1, 1], "texture": "#2"},
				"west": {"uv": [0, 0, 1, 1], "texture": "#2"},
				"up": {"uv": [0, 0, 1, 1], "texture": "#2"},
				"down": {"uv": [0, 0, 1, 1], "texture": "#2"}
			}
		},
		{
			"name": "hexadecagon",
			"from": [8.5, 6.36076, 4.3],
			"to": [8.7, 6.63924, 5.3],
			"rotation": {"angle": 22.5, "axis": "z", "origin": [8, 6.5, 4.8]},
			"faces": {
				"north": {"uv": [0, 0, 1, 1], "texture": "#2"},
				"east": {"uv": [0, 0, 1, 1], "texture": "#2"},
				"south": {"uv": [0, 0, 1, 1], "texture": "#2"},
				"west": {"uv": [0, 0, 1, 1], "texture": "#2"},
				"up": {"uv": [0, 0, 1, 1], "texture": "#2"},
				"down": {"uv": [0, 0, 1, 1], "texture": "#2"}
			}
		},
		{
			"name": "hexadecagon",
			"from": [7.86076, 5.8, 10.1],
			"to": [8.13924, 6, 11.1],
			"rotation": {"angle": -45, "axis": "z", "origin": [8, 6.5, 10.6]},
			"faces": {
				"north": {"uv": [0, 0, 1, 1], "texture": "#2"},
				"east": {"uv": [0, 0, 1, 1], "texture": "#2"},
				"south": {"uv": [0, 0, 1, 1], "texture": "#2"},
				"west": {"uv": [0, 0, 1, 1], "texture": "#2"},
				"up": {"uv": [0, 0, 1, 1], "texture": "#2"},
				"down": {"uv": [0, 0, 1, 1], "texture": "#2"}
			}
		},
		{
			"name": "hexadecagon",
			"from": [7.86076, 5.8, 10.1],
			"to": [8.13924, 6, 11.1],
			"rotation": {"angle": -22.5, "axis": "z", "origin": [8, 6.5, 10.6]},
			"faces": {
				"north": {"uv": [0, 0, 1, 1], "texture": "#2"},
				"east": {"uv": [0, 0, 1, 1], "texture": "#2"},
				"south": {"uv": [0, 0, 1, 1], "texture": "#2"},
				"west": {"uv": [0, 0, 1, 1], "texture": "#2"},
				"up": {"uv": [0, 0, 1, 1], "texture": "#2"},
				"down": {"uv": [0, 0, 1, 1], "texture": "#2"}
			}
		},
		{
			"name": "hexadecagon",
			"from": [7.86076, 5.8, 10.1],
			"to": [8.13924, 6, 11.1],
			"faces": {
				"north": {"uv": [0, 0, 1, 1], "texture": "#2"},
				"east": {"uv": [0, 0, 1, 1], "texture": "#2"},
				"south": {"uv": [0, 0, 1, 1], "texture": "#2"},
				"west": {"uv": [0, 0, 1, 1], "texture": "#2"},
				"up": {"uv": [0, 0, 1, 1], "texture": "#2"},
				"down": {"uv": [0, 0, 1, 1], "texture": "#2"}
			}
		},
		{
			"name": "hexadecagon",
			"from": [7.86076, 5.8, 10.1],
			"to": [8.13924, 6, 11.1],
			"rotation": {"angle": 22.5, "axis": "z", "origin": [8, 6.5, 10.6]},
			"faces": {
				"north": {"uv": [0, 0, 1, 1], "texture": "#2"},
				"east": {"uv": [0, 0, 1, 1], "texture": "#2"},
				"south": {"uv": [0, 0, 1, 1], "texture": "#2"},
				"west": {"uv": [0, 0, 1, 1], "texture": "#2"},
				"up": {"uv": [0, 0, 1, 1], "texture": "#2"},
				"down": {"uv": [0, 0, 1, 1], "texture": "#2"}
			}
		},
		{
			"name": "hexadecagon",
			"from": [7.86076, 5.8, 10.1],
			"to": [8.13924, 6, 11.1],
			"rotation": {"angle": 45, "axis": "z", "origin": [8, 6.5, 10.6]},
			"faces": {
				"north": {"uv": [0, 0, 1, 1], "texture": "#2"},
				"east": {"uv": [0, 0, 1, 1], "texture": "#2"},
				"south": {"uv": [0, 0, 1, 1], "texture": "#2"},
				"west": {"uv": [0, 0, 1, 1], "texture": "#2"},
				"up": {"uv": [0, 0, 1, 1], "texture": "#2"},
				"down": {"uv": [0, 0, 1, 1], "texture": "#2"}
			}
		},
		{
			"name": "hexadecagon",
			"from": [7.86076, 7, 10.1],
			"to": [8.13924, 7.2, 11.1],
			"rotation": {"angle": -45, "axis": "z", "origin": [8, 6.5, 10.6]},
			"faces": {
				"north": {"uv": [0, 0, 1, 1], "texture": "#2"},
				"east": {"uv": [0, 0, 1, 1], "texture": "#2"},
				"south": {"uv": [0, 0, 1, 1], "texture": "#2"},
				"west": {"uv": [0, 0, 1, 1], "texture": "#2"},
				"up": {"uv": [0, 0, 1, 1], "texture": "#2"},
				"down": {"uv": [0, 0, 1, 1], "texture": "#2"}
			}
		},
		{
			"name": "hexadecagon",
			"from": [7.86076, 7, 10.1],
			"to": [8.13924, 7.2, 11.1],
			"rotation": {"angle": -22.5, "axis": "z", "origin": [8, 6.5, 10.6]},
			"faces": {
				"north": {"uv": [0, 0, 1, 1], "texture": "#2"},
				"east": {"uv": [0, 0, 1, 1], "texture": "#2"},
				"south": {"uv": [0, 0, 1, 1], "texture": "#2"},
				"west": {"uv": [0, 0, 1, 1], "texture": "#2"},
				"up": {"uv": [0, 0, 1, 1], "texture": "#2"},
				"down": {"uv": [0, 0, 1, 1], "texture": "#2"}
			}
		},
		{
			"name": "hexadecagon",
			"from": [7.86076, 7, 10.1],
			"to": [8.13924, 7.2, 11.1],
			"faces": {
				"north": {"uv": [0, 0, 1, 1], "texture": "#2"},
				"east": {"uv": [0, 0, 1, 1], "texture": "#2"},
				"south": {"uv": [0, 0, 1, 1], "texture": "#2"},
				"west": {"uv": [0, 0, 1, 1], "texture": "#2"},
				"up": {"uv": [0, 0, 1, 1], "texture": "#2"},
				"down": {"uv": [0, 0, 1, 1], "texture": "#2"}
			}
		},
		{
			"name": "hexadecagon",
			"from": [7.86076, 7, 10.1],
			"to": [8.13924, 7.2, 11.1],
			"rotation": {"angle": 22.5, "axis": "z", "origin": [8, 6.5, 10.6]},
			"faces": {
				"north": {"uv": [0, 0, 1, 1], "texture": "#2"},
				"east": {"uv": [0, 0, 1, 1], "texture": "#2"},
				"south": {"uv": [0, 0, 1, 1], "texture": "#2"},
				"west": {"uv": [0, 0, 1, 1], "texture": "#2"},
				"up": {"uv": [0, 0, 1, 1], "texture": "#2"},
				"down": {"uv": [0, 0, 1, 1], "texture": "#2"}
			}
		},
		{
			"name": "hexadecagon",
			"from": [7.86076, 7, 10.1],
			"to": [8.13924, 7.2, 11.1],
			"rotation": {"angle": 45, "axis": "z", "origin": [8, 6.5, 10.6]},
			"faces": {
				"north": {"uv": [0, 0, 1, 1], "texture": "#2"},
				"east": {"uv": [0, 0, 1, 1], "texture": "#2"},
				"south": {"uv": [0, 0, 1, 1], "texture": "#2"},
				"west": {"uv": [0, 0, 1, 1], "texture": "#2"},
				"up": {"uv": [0, 0, 1, 1], "texture": "#2"},
				"down": {"uv": [0, 0, 1, 1], "texture": "#2"}
			}
		},
		{
			"name": "hexadecagon",
			"from": [7.3, 6.36076, 10.1],
			"to": [7.5, 6.63924, 11.1],
			"rotation": {"angle": -22.5, "axis": "z", "origin": [8, 6.5, 10.6]},
			"faces": {
				"north": {"uv": [0, 0, 1, 1], "texture": "#2"},
				"east": {"uv": [0, 0, 1, 1], "texture": "#2"},
				"south": {"uv": [0, 0, 1, 1], "texture": "#2"},
				"west": {"uv": [0, 0, 1, 1], "texture": "#2"},
				"up": {"uv": [0, 0, 1, 1], "texture": "#2"},
				"down": {"uv": [0, 0, 1, 1], "texture": "#2"}
			}
		},
		{
			"name": "hexadecagon",
			"from": [7.3, 6.36076, 10.1],
			"to": [7.5, 6.63924, 11.1],
			"faces": {
				"north": {"uv": [0, 0, 1, 1], "texture": "#2"},
				"east": {"uv": [0, 0, 1, 1], "texture": "#2"},
				"south": {"uv": [0, 0, 1, 1], "texture": "#2"},
				"west": {"uv": [0, 0, 1, 1], "texture": "#2"},
				"up": {"uv": [0, 0, 1, 1], "texture": "#2"},
				"down": {"uv": [0, 0, 1, 1], "texture": "#2"}
			}
		},
		{
			"name": "hexadecagon",
			"from": [7.3, 6.36076, 10.1],
			"to": [7.5, 6.63924, 11.1],
			"rotation": {"angle": 22.5, "axis": "z", "origin": [8, 6.5, 10.6]},
			"faces": {
				"north": {"uv": [0, 0, 1, 1], "texture": "#2"},
				"east": {"uv": [0, 0, 1, 1], "texture": "#2"},
				"south": {"uv": [0, 0, 1, 1], "texture": "#2"},
				"west": {"uv": [0, 0, 1, 1], "texture": "#2"},
				"up": {"uv": [0, 0, 1, 1], "texture": "#2"},
				"down": {"uv": [0, 0, 1, 1], "texture": "#2"}
			}
		},
		{
			"name": "hexadecagon",
			"from": [8.5, 6.36076, 10.1],
			"to": [8.7, 6.63924, 11.1],
			"rotation": {"angle": -22.5, "axis": "z", "origin": [8, 6.5, 10.6]},
			"faces": {
				"north": {"uv": [0, 0, 1, 1], "texture": "#2"},
				"east": {"uv": [0, 0, 1, 1], "texture": "#2"},
				"south": {"uv": [0, 0, 1, 1], "texture": "#2"},
				"west": {"uv": [0, 0, 1, 1], "texture": "#2"},
				"up": {"uv": [0, 0, 1, 1], "texture": "#2"},
				"down": {"uv": [0, 0, 1, 1], "texture": "#2"}
			}
		},
		{
			"name": "hexadecagon",
			"from": [8.5, 6.36076, 10.1],
			"to": [8.7, 6.63924, 11.1],
			"faces": {
				"north": {"uv": [0, 0, 1, 1], "texture": "#2"},
				"east": {"uv": [0, 0, 1, 1], "texture": "#2"},
				"south": {"uv": [0, 0, 1, 1], "texture": "#2"},
				"west": {"uv": [0, 0, 1, 1], "texture": "#2"},
				"up": {"uv": [0, 0, 1, 1], "texture": "#2"},
				"down": {"uv": [0, 0, 1, 1], "texture": "#2"}
			}
		},
		{
			"name": "hexadecagon",
			"from": [8.5, 6.36076, 10.1],
			"to": [8.7, 6.63924, 11.1],
			"rotation": {"angle": 22.5, "axis": "z", "origin": [8, 6.5, 10.6]},
			"faces": {
				"north": {"uv": [0, 0, 1, 1], "texture": "#2"},
				"east": {"uv": [0, 0, 1, 1], "texture": "#2"},
				"south": {"uv": [0, 0, 1, 1], "texture": "#2"},
				"west": {"uv": [0, 0, 1, 1], "texture": "#2"},
				"up": {"uv": [0, 0, 1, 1], "texture": "#2"},
				"down": {"uv": [0, 0, 1, 1], "texture": "#2"}
			}
		},
		{
			"name": "hexadecagon",
			"from": [7.84087, 5.7, 10.5],
			"to": [8.15913, 5.9, 11.5],
			"rotation": {"angle": -45, "axis": "z", "origin": [8, 6.5, 11]},
			"faces": {
				"north": {"uv": [0, 0, 1, 1], "texture": "#2"},
				"east": {"uv": [0, 0, 1, 1], "texture": "#2"},
				"south": {"uv": [0, 0, 1, 1], "texture": "#2"},
				"west": {"uv": [0, 0, 1, 1], "texture": "#2"},
				"up": {"uv": [0, 0, 1, 1], "texture": "#2"},
				"down": {"uv": [0, 0, 1, 1], "texture": "#2"}
			}
		},
		{
			"name": "hexadecagon",
			"from": [7.84087, 5.7, 10.5],
			"to": [8.15913, 5.9, 11.5],
			"rotation": {"angle": -22.5, "axis": "z", "origin": [8, 6.5, 11]},
			"faces": {
				"north": {"uv": [0, 0, 1, 1], "texture": "#2"},
				"east": {"uv": [0, 0, 1, 1], "texture": "#2"},
				"south": {"uv": [0, 0, 1, 1], "texture": "#2"},
				"west": {"uv": [0, 0, 1, 1], "texture": "#2"},
				"up": {"uv": [0, 0, 1, 1], "texture": "#2"},
				"down": {"uv": [0, 0, 1, 1], "texture": "#2"}
			}
		},
		{
			"name": "hexadecagon",
			"from": [7.84087, 5.7, 10.5],
			"to": [8.15913, 5.9, 11.5],
			"faces": {
				"north": {"uv": [0, 0, 1, 1], "texture": "#2"},
				"east": {"uv": [0, 0, 1, 1], "texture": "#2"},
				"south": {"uv": [0, 0, 1, 1], "texture": "#2"},
				"west": {"uv": [0, 0, 1, 1], "texture": "#2"},
				"up": {"uv": [0, 0, 1, 1], "texture": "#2"},
				"down": {"uv": [0, 0, 1, 1], "texture": "#2"}
			}
		},
		{
			"name": "hexadecagon",
			"from": [7.84087, 5.7, 10.5],
			"to": [8.15913, 5.9, 11.5],
			"rotation": {"angle": 22.5, "axis": "z", "origin": [8, 6.5, 11]},
			"faces": {
				"north": {"uv": [0, 0, 1, 1], "texture": "#2"},
				"east": {"uv": [0, 0, 1, 1], "texture": "#2"},
				"south": {"uv": [0, 0, 1, 1], "texture": "#2"},
				"west": {"uv": [0, 0, 1, 1], "texture": "#2"},
				"up": {"uv": [0, 0, 1, 1], "texture": "#2"},
				"down": {"uv": [0, 0, 1, 1], "texture": "#2"}
			}
		},
		{
			"name": "hexadecagon",
			"from": [7.84087, 5.7, 10.5],
			"to": [8.15913, 5.9, 11.5],
			"rotation": {"angle": 45, "axis": "z", "origin": [8, 6.5, 11]},
			"faces": {
				"north": {"uv": [0, 0, 1, 1], "texture": "#2"},
				"east": {"uv": [0, 0, 1, 1], "texture": "#2"},
				"south": {"uv": [0, 0, 1, 1], "texture": "#2"},
				"west": {"uv": [0, 0, 1, 1], "texture": "#2"},
				"up": {"uv": [0, 0, 1, 1], "texture": "#2"},
				"down": {"uv": [0, 0, 1, 1], "texture": "#2"}
			}
		},
		{
			"name": "hexadecagon",
			"from": [7.84087, 7.1, 10.5],
			"to": [8.15913, 7.3, 11.5],
			"rotation": {"angle": -45, "axis": "z", "origin": [8, 6.5, 11]},
			"faces": {
				"north": {"uv": [0, 0, 1, 1], "texture": "#2"},
				"east": {"uv": [0, 0, 1, 1], "texture": "#2"},
				"south": {"uv": [0, 0, 1, 1], "texture": "#2"},
				"west": {"uv": [0, 0, 1, 1], "texture": "#2"},
				"up": {"uv": [0, 0, 1, 1], "texture": "#2"},
				"down": {"uv": [0, 0, 1, 1], "texture": "#2"}
			}
		},
		{
			"name": "hexadecagon",
			"from": [7.84087, 7.1, 10.5],
			"to": [8.15913, 7.3, 11.5],
			"rotation": {"angle": -22.5, "axis": "z", "origin": [8, 6.5, 11]},
			"faces": {
				"north": {"uv": [0, 0, 1, 1], "texture": "#2"},
				"east": {"uv": [0, 0, 1, 1], "texture": "#2"},
				"south": {"uv": [0, 0, 1, 1], "texture": "#2"},
				"west": {"uv": [0, 0, 1, 1], "texture": "#2"},
				"up": {"uv": [0, 0, 1, 1], "texture": "#2"},
				"down": {"uv": [0, 0, 1, 1], "texture": "#2"}
			}
		},
		{
			"name": "hexadecagon",
			"from": [7.84087, 7.1, 10.5],
			"to": [8.15913, 7.3, 11.5],
			"faces": {
				"north": {"uv": [0, 0, 1, 1], "texture": "#2"},
				"east": {"uv": [0, 0, 1, 1], "texture": "#2"},
				"south": {"uv": [0, 0, 1, 1], "texture": "#2"},
				"west": {"uv": [0, 0, 1, 1], "texture": "#2"},
				"up": {"uv": [0, 0, 1, 1], "texture": "#2"},
				"down": {"uv": [0, 0, 1, 1], "texture": "#2"}
			}
		},
		{
			"name": "hexadecagon",
			"from": [7.84087, 7.1, 10.5],
			"to": [8.15913, 7.3, 11.5],
			"rotation": {"angle": 22.5, "axis": "z", "origin": [8, 6.5, 11]},
			"faces": {
				"north": {"uv": [0, 0, 1, 1], "texture": "#2"},
				"east": {"uv": [0, 0, 1, 1], "texture": "#2"},
				"south": {"uv": [0, 0, 1, 1], "texture": "#2"},
				"west": {"uv": [0, 0, 1, 1], "texture": "#2"},
				"up": {"uv": [0, 0, 1, 1], "texture": "#2"},
				"down": {"uv": [0, 0, 1, 1], "texture": "#2"}
			}
		},
		{
			"name": "hexadecagon",
			"from": [7.84087, 7.1, 10.5],
			"to": [8.15913, 7.3, 11.5],
			"rotation": {"angle": 45, "axis": "z", "origin": [8, 6.5, 11]},
			"faces": {
				"north": {"uv": [0, 0, 1, 1], "texture": "#2"},
				"east": {"uv": [0, 0, 1, 1], "texture": "#2"},
				"south": {"uv": [0, 0, 1, 1], "texture": "#2"},
				"west": {"uv": [0, 0, 1, 1], "texture": "#2"},
				"up": {"uv": [0, 0, 1, 1], "texture": "#2"},
				"down": {"uv": [0, 0, 1, 1], "texture": "#2"}
			}
		},
		{
			"name": "hexadecagon",
			"from": [7.2, 6.34087, 10.5],
			"to": [7.4, 6.65913, 11.5],
			"rotation": {"angle": -22.5, "axis": "z", "origin": [8, 6.5, 11]},
			"faces": {
				"north": {"uv": [0, 0, 1, 1], "texture": "#2"},
				"east": {"uv": [0, 0, 1, 1], "texture": "#2"},
				"south": {"uv": [0, 0, 1, 1], "texture": "#2"},
				"west": {"uv": [0, 0, 1, 1], "texture": "#2"},
				"up": {"uv": [0, 0, 1, 1], "texture": "#2"},
				"down": {"uv": [0, 0, 1, 1], "texture": "#2"}
			}
		},
		{
			"name": "hexadecagon",
			"from": [7.2, 6.34087, 10.5],
			"to": [7.4, 6.65913, 11.5],
			"faces": {
				"north": {"uv": [0, 0, 1, 1], "texture": "#2"},
				"east": {"uv": [0, 0, 1, 1], "texture": "#2"},
				"south": {"uv": [0, 0, 1, 1], "texture": "#2"},
				"west": {"uv": [0, 0, 1, 1], "texture": "#2"},
				"up": {"uv": [0, 0, 1, 1], "texture": "#2"},
				"down": {"uv": [0, 0, 1, 1], "texture": "#2"}
			}
		},
		{
			"name": "hexadecagon",
			"from": [7.2, 6.34087, 10.5],
			"to": [7.4, 6.65913, 11.5],
			"rotation": {"angle": 22.5, "axis": "z", "origin": [8, 6.5, 11]},
			"faces": {
				"north": {"uv": [0, 0, 1, 1], "texture": "#2"},
				"east": {"uv": [0, 0, 1, 1], "texture": "#2"},
				"south": {"uv": [0, 0, 1, 1], "texture": "#2"},
				"west": {"uv": [0, 0, 1, 1], "texture": "#2"},
				"up": {"uv": [0, 0, 1, 1], "texture": "#2"},
				"down": {"uv": [0, 0, 1, 1], "texture": "#2"}
			}
		},
		{
			"name": "hexadecagon",
			"from": [8.6, 6.34087, 10.5],
			"to": [8.8, 6.65913, 11.5],
			"rotation": {"angle": -22.5, "axis": "z", "origin": [8, 6.5, 11]},
			"faces": {
				"north": {"uv": [0, 0, 1, 1], "texture": "#2"},
				"east": {"uv": [0, 0, 1, 1], "texture": "#2"},
				"south": {"uv": [0, 0, 1, 1], "texture": "#2"},
				"west": {"uv": [0, 0, 1, 1], "texture": "#2"},
				"up": {"uv": [0, 0, 1, 1], "texture": "#2"},
				"down": {"uv": [0, 0, 1, 1], "texture": "#2"}
			}
		},
		{
			"name": "hexadecagon",
			"from": [8.6, 6.34087, 10.5],
			"to": [8.8, 6.65913, 11.5],
			"faces": {
				"north": {"uv": [0, 0, 1, 1], "texture": "#2"},
				"east": {"uv": [0, 0, 1, 1], "texture": "#2"},
				"south": {"uv": [0, 0, 1, 1], "texture": "#2"},
				"west": {"uv": [0, 0, 1, 1], "texture": "#2"},
				"up": {"uv": [0, 0, 1, 1], "texture": "#2"},
				"down": {"uv": [0, 0, 1, 1], "texture": "#2"}
			}
		},
		{
			"name": "hexadecagon",
			"from": [8.6, 6.34087, 10.5],
			"to": [8.8, 6.65913, 11.5],
			"rotation": {"angle": 22.5, "axis": "z", "origin": [8, 6.5, 11]},
			"faces": {
				"north": {"uv": [0, 0, 1, 1], "texture": "#2"},
				"east": {"uv": [0, 0, 1, 1], "texture": "#2"},
				"south": {"uv": [0, 0, 1, 1], "texture": "#2"},
				"west": {"uv": [0, 0, 1, 1], "texture": "#2"},
				"up": {"uv": [0, 0, 1, 1], "texture": "#2"},
				"down": {"uv": [0, 0, 1, 1], "texture": "#2"}
			}
		}
	],
	"display": {
		"thirdperson_righthand": {
			"translation": [0, 6.25, 1],
			"scale": [0.76, 0.74, 0.88]
		},
		"firstperson_righthand": {
			"translation": [0, 6.75, 0]
		},
		"gui": {
			"rotation": [26, 54, 0],
			"translation": [0.5, 5.25, 0],
			"scale": [0.84, 0.85, 0.8]
		},
		"fixed": {
			"rotation": [93, -54, 94],
			"translation": [-3.75, 4, -3]
		}
	},
	"groups": [0, 1, 2, 3, 4, 5, 6, 7, 8, 9, 10, 11, 12, 13, 14, 15, 16, 17, 18, 19, 20, 21, 22, 23, 24, 25, 26, 27, 28, 29, 30, 31, 32, 33, 34, 35, 36, 37, 38, 39, 40, 41, 42, 43, 44, 45, 46, 47, 48, 49, 50, 51, 52, 53, 54, 55, 56, 57, 58, 59,
		{
			"name": "hexadecagon",
			"children": [60, 61, 62, 63, 64, 65, 66, 67, 68, 69, 70, 71, 72, 73, 74, 75]
		}, 76, 77, 78, 79, 80,
		{
			"name": "hexadecagon",
			"children": [81, 82, 83, 84, 85, 86, 87, 88, 89, 90, 91, 92, 93, 94, 95, 96]
		},
		{
			"name": "hexadecagon",
			"children": [97, 98, 99, 100, 101, 102, 103, 104, 105, 106, 107, 108, 109, 110, 111, 112, 113, 114, 115, 116, 117, 118, 119, 120, 121, 122, 123, 124, 125, 126, 127, 128]
		},
		{
			"name": "hexadecagon",
			"children": [129, 130, 131, 132, 133, 134, 135, 136, 137, 138, 139, 140, 141, 142, 143, 144]
		}
	]
}