{
	"credit": "Made with Blockbench",
	"textures": {
		"1": "custom/nothingness1/gray5",
		"2": "custom/nothingness1/gray3",
		"particle": "custom/nothingness1/gray3"
	},
	"elements": [
		{
			"from": [7.5, -0.4, 5.98045],
			"to": [8.5, 0.4, 6.08045],
			"faces": {
				"north": {"uv": [7.9, 7.2, 16, 16], "texture": "#2"},
				"east": {"uv": [7.9, 7.2, 16, 16], "texture": "#2"},
				"south": {"uv": [7.9, 7.2, 16, 16], "texture": "#2"},
				"west": {"uv": [7.9, 7.2, 16, 16], "texture": "#2"},
				"up": {"uv": [7.9, 7.2, 16, 16], "texture": "#2"},
				"down": {"uv": [7.9, 7.2, 16, 16], "texture": "#2"}
			}
		},
		{
			"from": [7.5, -0.3, 10.7],
			"to": [8.5, 1.2, 13.8],
			"faces": {
				"north": {"uv": [7.9, 7.2, 16, 16], "texture": "#2"},
				"east": {"uv": [7.9, 7.2, 16, 16], "texture": "#2"},
				"south": {"uv": [7.9, 7.2, 16, 16], "texture": "#2"},
				"west": {"uv": [7.9, 7.2, 16, 16], "texture": "#2"},
				"up": {"uv": [7.9, 7.2, 16, 16], "texture": "#2"},
				"down": {"uv": [7.9, 7.2, 16, 16], "texture": "#2"}
			}
		},
		{
			"from": [7.5, 0.37028, 10.2818],
			"to": [8.5, 0.97028, 11.6818],
			"rotation": {"angle": 45, "axis": "x", "origin": [8, 1.22028, 10.3818]},
			"faces": {
				"north": {"uv": [7.9, 7.2, 16, 16], "texture": "#2"},
				"east": {"uv": [7.9, 7.2, 16, 16], "texture": "#2"},
				"south": {"uv": [7.9, 7.2, 16, 16], "texture": "#2"},
				"west": {"uv": [7.9, 7.2, 16, 16], "texture": "#2"},
				"up": {"uv": [7.9, 7.2, 16, 16], "texture": "#2"},
				"down": {"uv": [7.9, 7.2, 16, 16], "texture": "#2"}
			}
		},
		{
			"from": [7.6, -1.5, 9.5],
			"to": [8.4, -0.1, 11.6],
			"rotation": {"angle": -22.5, "axis": "x", "origin": [8, 0.7, 8.8]},
			"faces": {
				"north": {"uv": [7.9, 7.2, 16, 16], "texture": "#2"},
				"east": {"uv": [7.9, 7.2, 16, 16], "texture": "#2"},
				"south": {"uv": [7.9, 7.2, 16, 16], "texture": "#2"},
				"west": {"uv": [7.9, 7.2, 16, 16], "texture": "#2"},
				"up": {"uv": [7.9, 7.2, 16, 16], "texture": "#2"},
				"down": {"uv": [7.9, 7.2, 16, 16], "texture": "#2"}
			}
		},
		{
			"from": [7.7, -1.56466, 7.58862],
			"to": [8.3, 0.33534, 8.38862],
			"faces": {
				"north": {"uv": [7.9, 7.2, 16, 16], "texture": "#2"},
				"east": {"uv": [7.9, 7.2, 16, 16], "texture": "#2"},
				"south": {"uv": [7.9, 7.2, 16, 16], "texture": "#2"},
				"west": {"uv": [7.9, 7.2, 16, 16], "texture": "#2"},
				"up": {"uv": [7.9, 7.2, 16, 16], "texture": "#2"},
				"down": {"uv": [7.9, 7.2, 16, 16], "texture": "#2"}
			}
		},
		{
			"from": [7.6, 0.33534, 5.73862],
			"to": [8.4, 2.03534, 12.48862],
			"faces": {
				"north": {"uv": [7.9, 7.2, 16, 16], "texture": "#1"},
				"east": {"uv": [7.9, 7.2, 16, 16], "texture": "#1"},
				"south": {"uv": [7.9, 7.2, 16, 16], "texture": "#1"},
				"west": {"uv": [7.9, 7.2, 16, 16], "texture": "#1"},
				"up": {"uv": [7.9, 7.2, 16, 16], "texture": "#1"},
				"down": {"uv": [7.9, 7.2, 16, 16], "texture": "#1"}
			}
		},
		{
			"from": [7.5, 2.1815, 6.78284],
			"to": [8.5, 3.0815, 7.18284],
			"rotation": {"angle": 22.5, "axis": "x", "origin": [8, 2.6815, 1.38284]},
			"faces": {
				"north": {"uv": [7.9, 7.2, 16, 16], "texture": "#2"},
				"east": {"uv": [7.9, 7.2, 16, 16], "texture": "#2"},
				"south": {"uv": [7.9, 7.2, 16, 16], "texture": "#2"},
				"west": {"uv": [7.9, 7.2, 16, 16], "texture": "#2"},
				"up": {"uv": [7.9, 7.2, 16, 16], "texture": "#2"},
				"down": {"uv": [7.9, 7.2, 16, 16], "texture": "#2"}
			}
		},
		{
			"from": [7.5, 0.07654, 6.26522],
			"to": [8.5, 1.07654, 6.36522],
			"faces": {
				"north": {"uv": [7.9, 7.2, 16, 16], "texture": "#2"},
				"east": {"uv": [7.9, 7.2, 16, 16], "texture": "#2"},
				"south": {"uv": [7.9, 7.2, 16, 16], "texture": "#2"},
				"west": {"uv": [7.9, 7.2, 16, 16], "texture": "#2"},
				"up": {"uv": [7.9, 7.2, 16, 16], "texture": "#2"},
				"down": {"uv": [7.9, 7.2, 16, 16], "texture": "#2"}
			}
		},
		{
			"from": [7.5, -2.18109, 6.31538],
			"to": [8.5, -1.38109, 6.71538],
			"rotation": {"angle": -22.5, "axis": "x", "origin": [8, -1.68109, 0.71538]},
			"faces": {
				"north": {"uv": [7.9, 7.2, 16, 16], "texture": "#2"},
				"east": {"uv": [7.9, 7.2, 16, 16], "texture": "#2"},
				"south": {"uv": [7.9, 7.2, 16, 16], "texture": "#2"},
				"west": {"uv": [7.9, 7.2, 16, 16], "texture": "#2"},
				"up": {"uv": [7.9, 7.2, 16, 16], "texture": "#2"},
				"down": {"uv": [7.9, 7.2, 16, 16], "texture": "#2"}
			}
		},
		{
			"from": [7.5, 0, 6.55],
			"to": [8.5, 1.2, 13.3],
			"faces": {
				"north": {"uv": [7.9, 7.2, 16, 16], "texture": "#2"},
				"east": {"uv": [7.9, 7.2, 16, 16], "texture": "#2"},
				"south": {"uv": [7.9, 7.2, 16, 16], "texture": "#2"},
				"west": {"uv": [7.9, 7.2, 16, 16], "texture": "#2"},
				"up": {"uv": [7.9, 7.2, 16, 16], "texture": "#2"},
				"down": {"uv": [7.9, 7.2, 16, 16], "texture": "#2"}
			}
		},
		{
			"from": [7.5, 0.1, 4.95],
			"to": [8.5, 1.2, 13.3],
			"faces": {
				"north": {"uv": [7.9, 7.2, 16, 16], "texture": "#2"},
				"east": {"uv": [7.9, 7.2, 16, 16], "texture": "#2"},
				"south": {"uv": [7.9, 7.2, 16, 16], "texture": "#2"},
				"west": {"uv": [7.9, 7.2, 16, 16], "texture": "#2"},
				"up": {"uv": [7.9, 7.2, 16, 16], "texture": "#2"},
				"down": {"uv": [7.9, 7.2, 16, 16], "texture": "#2"}
			}
		},
		{
			"from": [7.6, -0.36466, 5.98862],
			"to": [8.4, 0.33534, 10.28862],
			"faces": {
				"north": {"uv": [7.9, 7.2, 16, 16], "texture": "#2"},
				"east": {"uv": [7.9, 7.2, 16, 16], "texture": "#2"},
				"south": {"uv": [7.9, 7.2, 16, 16], "texture": "#2"},
				"west": {"uv": [7.9, 7.2, 16, 16], "texture": "#2"},
				"up": {"uv": [7.9, 7.2, 16, 16], "texture": "#2"},
				"down": {"uv": [7.9, 7.2, 16, 16], "texture": "#2"}
			}
		},
		{
			"from": [7.5, -0.25073, 5.63003],
			"to": [8.5, -0.05073, 6.03003],
			"rotation": {"angle": 22.5, "axis": "x", "origin": [8, -0.20073, 5.63003]},
			"faces": {
				"north": {"uv": [7.9, 7.2, 16, 16], "rotation": 270, "texture": "#2"},
				"east": {"uv": [7.9, 7.2, 16, 16], "rotation": 270, "texture": "#2"},
				"south": {"uv": [7.9, 7.2, 16, 16], "rotation": 270, "texture": "#2"},
				"west": {"uv": [7.9, 7.2, 16, 16], "rotation": 270, "texture": "#2"},
				"up": {"uv": [7.9, 7.2, 16, 16], "rotation": 270, "texture": "#2"},
				"down": {"uv": [7.9, 7.2, 16, 16], "rotation": 270, "texture": "#2"}
			}
		},
		{
			"from": [7.5, 1.05, 0.55],
			"to": [8.5, 1.2, 4.7],
			"faces": {
				"north": {"uv": [7.9, 7.2, 16, 16], "texture": "#2"},
				"east": {"uv": [7.9, 7.2, 16, 16], "texture": "#2"},
				"south": {"uv": [7.9, 7.2, 16, 16], "texture": "#2"},
				"west": {"uv": [7.9, 7.2, 16, 16], "texture": "#2"},
				"up": {"uv": [7.9, 7.2, 16, 16], "texture": "#2"},
				"down": {"uv": [7.9, 7.2, 16, 16], "texture": "#2"}
			}
		},
		{
			"from": [7.5, -0.25073, 4.83003],
			"to": [8.5, 0.04927, 5.98003],
			"rotation": {"angle": 22.5, "axis": "x", "origin": [8, -0.20073, 5.63003]},
			"faces": {
				"north": {"uv": [7.9, 7.2, 16, 16], "rotation": 270, "texture": "#2"},
				"east": {"uv": [7.9, 7.2, 16, 16], "rotation": 270, "texture": "#2"},
				"south": {"uv": [7.9, 7.2, 16, 16], "rotation": 270, "texture": "#2"},
				"west": {"uv": [7.9, 7.2, 16, 16], "rotation": 270, "texture": "#2"},
				"up": {"uv": [7.9, 7.2, 16, 16], "rotation": 270, "texture": "#2"},
				"down": {"uv": [7.9, 7.2, 16, 16], "rotation": 270, "texture": "#2"}
			}
		},
		{
			"from": [7.5, -0.1, 5.68045],
			"to": [8.5, 0.4, 6.08045],
			"faces": {
				"north": {"uv": [7.9, 7.2, 16, 16], "texture": "#2"},
				"east": {"uv": [7.9, 7.2, 16, 16], "texture": "#2"},
				"south": {"uv": [7.9, 7.2, 16, 16], "texture": "#2"},
				"west": {"uv": [7.9, 7.2, 16, 16], "texture": "#2"},
				"up": {"uv": [7.9, 7.2, 16, 16], "texture": "#2"},
				"down": {"uv": [7.9, 7.2, 16, 16], "texture": "#2"}
			}
		},
		{
			"from": [7.5, 0.1, 4.65],
			"to": [8.5, 1.2, 6],
			"faces": {
				"north": {"uv": [7.9, 7.2, 16, 16], "texture": "#2"},
				"east": {"uv": [7.9, 7.2, 16, 16], "texture": "#2"},
				"south": {"uv": [7.9, 7.2, 16, 16], "texture": "#2"},
				"west": {"uv": [7.9, 7.2, 16, 16], "texture": "#2"},
				"up": {"uv": [7.9, 7.2, 16, 16], "texture": "#2"},
				"down": {"uv": [7.9, 7.2, 16, 16], "texture": "#2"}
			}
		},
		{
			"from": [8.35, 0, 4.55],
			"to": [8.5, 1.2, 6],
			"faces": {
				"north": {"uv": [7.9, 7.2, 16, 16], "texture": "#2"},
				"east": {"uv": [7.9, 7.2, 16, 16], "texture": "#2"},
				"south": {"uv": [7.9, 7.2, 16, 16], "texture": "#2"},
				"west": {"uv": [7.9, 7.2, 16, 16], "texture": "#2"},
				"up": {"uv": [7.9, 7.2, 16, 16], "texture": "#2"},
				"down": {"uv": [7.9, 7.2, 16, 16], "texture": "#2"}
			}
		},
		{
			"from": [7.5, 0, 4.55],
			"to": [7.65, 1.2, 6],
			"faces": {
				"north": {"uv": [7.9, 7.2, 16, 16], "texture": "#2"},
				"east": {"uv": [7.9, 7.2, 16, 16], "texture": "#2"},
				"south": {"uv": [7.9, 7.2, 16, 16], "texture": "#2"},
				"west": {"uv": [7.9, 7.2, 16, 16], "texture": "#2"},
				"up": {"uv": [7.9, 7.2, 16, 16], "texture": "#2"},
				"down": {"uv": [7.9, 7.2, 16, 16], "texture": "#2"}
			}
		},
		{
			"from": [7.84853, 0.30858, 0.55],
			"to": [7.99853, 0.55858, 6],
			"rotation": {"angle": 45, "axis": "z", "origin": [8.34853, -0.14142, 7.5]},
			"faces": {
				"north": {"uv": [7.9, 7.2, 16, 16], "texture": "#2"},
				"east": {"uv": [7.9, 7.2, 16, 16], "texture": "#2"},
				"south": {"uv": [7.9, 7.2, 16, 16], "texture": "#2"},
				"west": {"uv": [7.9, 7.2, 16, 16], "texture": "#2"},
				"up": {"uv": [7.9, 7.2, 16, 16], "texture": "#2"},
				"down": {"uv": [7.9, 7.2, 16, 16], "texture": "#2"}
			}
		},
		{
			"from": [7.76716, -0.25711, 0.55],
			"to": [7.91716, -0.00711, 6],
			"rotation": {"angle": -45, "axis": "z", "origin": [8.21716, -0.70711, 7.5]},
			"faces": {
				"north": {"uv": [7.9, 7.2, 16, 16], "texture": "#2"},
				"east": {"uv": [7.9, 7.2, 16, 16], "texture": "#2"},
				"south": {"uv": [7.9, 7.2, 16, 16], "texture": "#2"},
				"west": {"uv": [7.9, 7.2, 16, 16], "texture": "#2"},
				"up": {"uv": [7.9, 7.2, 16, 16], "texture": "#2"},
				"down": {"uv": [7.9, 7.2, 16, 16], "texture": "#2"}
			}
		},
		{
			"from": [7.67322, -0.17678, 0.55],
			"to": [8.32322, -0.02678, 5.6],
			"faces": {
				"north": {"uv": [7.9, 7.2, 16, 16], "texture": "#2"},
				"east": {"uv": [7.9, 7.2, 16, 16], "texture": "#2"},
				"south": {"uv": [7.9, 7.2, 16, 16], "texture": "#2"},
				"west": {"uv": [7.9, 7.2, 16, 16], "texture": "#2"},
				"up": {"uv": [7.9, 7.2, 16, 16], "texture": "#2"},
				"down": {"uv": [7.9, 7.2, 16, 16], "texture": "#2"}
			}
		},
		{
			"from": [7.6, 0.33534, 5.53862],
			"to": [8.4, 1.73534, 12.88862],
			"faces": {
				"north": {"uv": [7.9, 7.2, 16, 16], "texture": "#1"},
				"east": {"uv": [7.9, 7.2, 16, 16], "texture": "#1"},
				"south": {"uv": [7.9, 7.2, 16, 16], "texture": "#1"},
				"west": {"uv": [7.9, 7.2, 16, 16], "texture": "#1"},
				"up": {"uv": [7.9, 7.2, 16, 16], "texture": "#1"},
				"down": {"uv": [7.9, 7.2, 16, 16], "texture": "#1"}
			}
		},
		{
			"from": [8.35, 0.2, 2.65],
			"to": [8.5, 1.2, 3.1],
			"faces": {
				"north": {"uv": [7.9, 7.2, 16, 16], "texture": "#2"},
				"east": {"uv": [7.9, 7.2, 16, 16], "texture": "#2"},
				"south": {"uv": [7.9, 7.2, 16, 16], "texture": "#2"},
				"west": {"uv": [7.9, 7.2, 16, 16], "texture": "#2"},
				"up": {"uv": [7.9, 7.2, 16, 16], "texture": "#2"},
				"down": {"uv": [7.9, 7.2, 16, 16], "texture": "#2"}
			}
		},
		{
			"from": [7.5, 0.3, 2.65],
			"to": [7.65, 1.2, 3.1],
			"faces": {
				"north": {"uv": [7.9, 7.2, 16, 16], "texture": "#2"},
				"east": {"uv": [7.9, 7.2, 16, 16], "texture": "#2"},
				"south": {"uv": [7.9, 7.2, 16, 16], "texture": "#2"},
				"west": {"uv": [7.9, 7.2, 16, 16], "texture": "#2"},
				"up": {"uv": [7.9, 7.2, 16, 16], "texture": "#2"},
				"down": {"uv": [7.9, 7.2, 16, 16], "texture": "#2"}
			}
		},
		{
			"from": [8.35, 0, 0.55],
			"to": [8.5, 1.2, 1],
			"faces": {
				"north": {"uv": [7.9, 7.2, 16, 16], "texture": "#2"},
				"east": {"uv": [7.9, 7.2, 16, 16], "texture": "#2"},
				"south": {"uv": [7.9, 7.2, 16, 16], "texture": "#2"},
				"west": {"uv": [7.9, 7.2, 16, 16], "texture": "#2"},
				"up": {"uv": [7.9, 7.2, 16, 16], "texture": "#2"},
				"down": {"uv": [7.9, 7.2, 16, 16], "texture": "#2"}
			}
		},
		{
			"from": [7.5, 0, 0.55],
			"to": [7.65, 1.2, 1],
			"faces": {
				"north": {"uv": [7.9, 7.2, 16, 16], "texture": "#2"},
				"east": {"uv": [7.9, 7.2, 16, 16], "texture": "#2"},
				"south": {"uv": [7.9, 7.2, 16, 16], "texture": "#2"},
				"west": {"uv": [7.9, 7.2, 16, 16], "texture": "#2"},
				"up": {"uv": [7.9, 7.2, 16, 16], "texture": "#2"},
				"down": {"uv": [7.9, 7.2, 16, 16], "texture": "#2"}
			}
		},
		{
			"from": [8.35, 0, 0.75],
			"to": [8.5, 0.8, 6],
			"faces": {
				"north": {"uv": [7.9, 7.2, 16, 16], "texture": "#2"},
				"east": {"uv": [7.9, 7.2, 16, 16], "texture": "#2"},
				"south": {"uv": [7.9, 7.2, 16, 16], "texture": "#2"},
				"west": {"uv": [7.9, 7.2, 16, 16], "texture": "#2"},
				"up": {"uv": [7.9, 7.2, 16, 16], "texture": "#2"},
				"down": {"uv": [7.9, 7.2, 16, 16], "texture": "#2"}
			}
		},
		{
			"from": [7.5, 0, 0.75],
			"to": [7.65, 0.8, 6],
			"faces": {
				"north": {"uv": [7.9, 7.2, 16, 16], "texture": "#2"},
				"east": {"uv": [7.9, 7.2, 16, 16], "texture": "#2"},
				"south": {"uv": [7.9, 7.2, 16, 16], "texture": "#2"},
				"west": {"uv": [7.9, 7.2, 16, 16], "texture": "#2"},
				"up": {"uv": [7.9, 7.2, 16, 16], "texture": "#2"},
				"down": {"uv": [7.9, 7.2, 16, 16], "texture": "#2"}
			}
		},
		{
			"from": [7.6, 0.33534, 5.53862],
			"to": [8.4, 1.83534, 12.98862],
			"faces": {
				"north": {"uv": [7.9, 7.2, 16, 16], "texture": "#1"},
				"east": {"uv": [7.9, 7.2, 16, 16], "texture": "#1"},
				"south": {"uv": [7.9, 7.2, 16, 16], "texture": "#1"},
				"west": {"uv": [7.9, 7.2, 16, 16], "texture": "#1"},
				"up": {"uv": [7.9, 7.2, 16, 16], "texture": "#1"},
				"down": {"uv": [7.9, 7.2, 16, 16], "texture": "#1"}
			}
		},
		{
			"from": [7.55, 0.33534, 11.03862],
			"to": [7.75, 1.93534, 12.68862],
			"faces": {
				"north": {"uv": [7.9, 7.2, 16, 16], "texture": "#2"},
				"east": {"uv": [7.9, 7.2, 16, 16], "texture": "#2"},
				"south": {"uv": [7.9, 7.2, 16, 16], "texture": "#2"},
				"west": {"uv": [7.9, 7.2, 16, 16], "texture": "#2"},
				"up": {"uv": [7.9, 7.2, 16, 16], "texture": "#2"},
				"down": {"uv": [7.9, 7.2, 16, 16], "texture": "#2"}
			}
		},
		{
			"from": [7.55, 0.31923, 11.05474],
			"to": [7.75, 2.81923, 11.80474],
			"faces": {
				"north": {"uv": [7.9, 7.2, 16, 16], "texture": "#2"},
				"east": {"uv": [7.9, 7.2, 16, 16], "texture": "#2"},
				"south": {"uv": [7.9, 7.2, 16, 16], "texture": "#2"},
				"west": {"uv": [7.9, 7.2, 16, 16], "texture": "#2"},
				"up": {"uv": [7.9, 7.2, 16, 16], "texture": "#2"},
				"down": {"uv": [7.9, 7.2, 16, 16], "texture": "#2"}
			}
		},
		{
			"from": [7.55, 2.04371, 11.52493],
			"to": [7.75, 2.89371, 12.77493],
			"rotation": {"angle": 45, "axis": "x", "origin": [8, 2.51871, 11.57493]},
			"faces": {
				"north": {"uv": [7.9, 7.2, 16, 16], "rotation": 90, "texture": "#2"},
				"east": {"uv": [7.9, 7.2, 16, 16], "rotation": 90, "texture": "#2"},
				"south": {"uv": [7.9, 7.2, 16, 16], "rotation": 90, "texture": "#2"},
				"west": {"uv": [7.9, 7.2, 16, 16], "rotation": 90, "texture": "#2"},
				"up": {"uv": [7.9, 7.2, 16, 16], "rotation": 90, "texture": "#2"},
				"down": {"uv": [7.9, 7.2, 16, 16], "rotation": 90, "texture": "#2"}
			}
		},
		{
			"from": [8.25, 0.31923, 11.05474],
			"to": [8.45, 2.81923, 11.80474],
			"faces": {
				"north": {"uv": [7.9, 7.2, 16, 16], "texture": "#2"},
				"east": {"uv": [7.9, 7.2, 16, 16], "texture": "#2"},
				"south": {"uv": [7.9, 7.2, 16, 16], "texture": "#2"},
				"west": {"uv": [7.9, 7.2, 16, 16], "texture": "#2"},
				"up": {"uv": [7.9, 7.2, 16, 16], "texture": "#2"},
				"down": {"uv": [7.9, 7.2, 16, 16], "texture": "#2"}
			}
		},
		{
			"from": [8.25, 0.33534, 11.03862],
			"to": [8.45, 1.93534, 12.68862],
			"faces": {
				"north": {"uv": [7.9, 7.2, 16, 16], "texture": "#2"},
				"east": {"uv": [7.9, 7.2, 16, 16], "texture": "#2"},
				"south": {"uv": [7.9, 7.2, 16, 16], "texture": "#2"},
				"west": {"uv": [7.9, 7.2, 16, 16], "texture": "#2"},
				"up": {"uv": [7.9, 7.2, 16, 16], "texture": "#2"},
				"down": {"uv": [7.9, 7.2, 16, 16], "texture": "#2"}
			}
		},
		{
			"from": [8.25, 2.04371, 11.52493],
			"to": [8.45, 2.89371, 12.77493],
			"rotation": {"angle": 45, "axis": "x", "origin": [8.7, 2.51871, 11.57493]},
			"faces": {
				"north": {"uv": [7.9, 7.2, 16, 16], "rotation": 90, "texture": "#2"},
				"east": {"uv": [7.9, 7.2, 16, 16], "rotation": 90, "texture": "#2"},
				"south": {"uv": [7.9, 7.2, 16, 16], "rotation": 90, "texture": "#2"},
				"west": {"uv": [7.9, 7.2, 16, 16], "rotation": 90, "texture": "#2"},
				"up": {"uv": [7.9, 7.2, 16, 16], "rotation": 90, "texture": "#2"},
				"down": {"uv": [7.9, 7.2, 16, 16], "rotation": 90, "texture": "#2"}
			}
		},
		{
			"from": [7.55, -0.76466, 6.88862],
			"to": [8.45, 0.93534, 8.58862],
			"rotation": {"angle": 22.5, "axis": "x", "origin": [8, 1.43534, 6.18862]},
			"faces": {
				"north": {"uv": [7.9, 7.2, 16, 16], "rotation": 90, "texture": "#2"},
				"east": {"uv": [7.9, 7.2, 16, 16], "rotation": 90, "texture": "#2"},
				"south": {"uv": [7.9, 7.2, 16, 16], "rotation": 90, "texture": "#2"},
				"west": {"uv": [7.9, 7.2, 16, 16], "rotation": 90, "texture": "#2"},
				"up": {"uv": [7.9, 7.2, 16, 16], "rotation": 90, "texture": "#2"},
				"down": {"uv": [7.9, 7.2, 16, 16], "rotation": 90, "texture": "#2"}
			}
		},
		{
			"from": [7.65, -7.26466, 6.98862],
			"to": [8.35, -0.46466, 8.28862],
			"rotation": {"angle": 22.5, "axis": "x", "origin": [8, 1.43534, 6.18862]},
			"faces": {
				"north": {"uv": [0, 0, 0.1, 8.8], "rotation": 90, "texture": "#1"},
				"east": {"uv": [0, 0, 0.1, 8.8], "rotation": 90, "texture": "#1"},
				"south": {"uv": [0, 0, 0.1, 8.8], "rotation": 90, "texture": "#1"},
				"west": {"uv": [0, 0, 8.1, 8.8], "rotation": 90, "texture": "#1"},
				"up": {"uv": [0, 0, 0.1, 8.8], "rotation": 90, "texture": "#1"},
				"down": {"uv": [0, 0, 0.1, 8.8], "rotation": 90, "texture": "#1"}
			}
		},
		{
			"from": [7.7, -5.76466, 9.08862],
			"to": [8.3, -2.16466, 10.58862],
			"rotation": {"angle": -22.5, "axis": "x", "origin": [8, 1.53534, 6.18862]},
			"faces": {
				"north": {"uv": [7.9, 7.2, 16, 16], "rotation": 90, "texture": "#1"},
				"east": {"uv": [7.9, 7.2, 16, 16], "rotation": 90, "texture": "#1"},
				"south": {"uv": [7.9, 7.2, 16, 16], "rotation": 90, "texture": "#1"},
				"west": {"uv": [7.9, 7.2, 16, 16], "rotation": 90, "texture": "#1"},
				"up": {"uv": [7.9, 7.2, 16, 16], "rotation": 90, "texture": "#1"},
				"down": {"uv": [7.9, 7.2, 16, 16], "rotation": 90, "texture": "#1"}
			}
		},
		{
			"from": [7.7, 1.03534, 0.93862],
			"to": [8.3, 1.83534, 12.98862],
			"faces": {
				"north": {"uv": [7.9, 7.2, 16, 16], "texture": "#1"},
				"east": {"uv": [7.9, 7.2, 16, 16], "texture": "#1"},
				"south": {"uv": [7.9, 7.2, 16, 16], "texture": "#1"},
				"west": {"uv": [7.9, 7.2, 16, 16], "texture": "#1"},
				"up": {"uv": [7.9, 7.2, 16, 16], "texture": "#1"},
				"down": {"uv": [7.9, 7.2, 16, 16], "texture": "#1"}
			}
		},
		{
			"from": [7.6, 0.53534, 12.03862],
			"to": [8.4, 1.88534, 13.28862],
			"faces": {
				"north": {"uv": [7.9, 7.2, 16, 16], "texture": "#1"},
				"east": {"uv": [7.9, 7.2, 16, 16], "texture": "#1"},
				"south": {"uv": [7.9, 7.2, 16, 16], "texture": "#1"},
				"west": {"uv": [7.9, 7.2, 16, 16], "texture": "#1"},
				"up": {"uv": [7.9, 7.2, 16, 16], "texture": "#1"},
				"down": {"uv": [7.9, 7.2, 16, 16], "texture": "#1"}
			}
		},
		{
			"from": [7.6, 3.5083, 13.56172],
			"to": [8.4, 4.1583, 15.31172],
			"rotation": {"angle": 22.5, "axis": "x", "origin": [8, 3.7083, 7.71172]},
			"faces": {
				"north": {"uv": [7.9, 7.2, 16, 16], "texture": "#1"},
				"east": {"uv": [7.9, 7.2, 16, 16], "texture": "#1"},
				"south": {"uv": [7.9, 7.2, 16, 16], "texture": "#1"},
				"west": {"uv": [7.9, 7.2, 16, 16], "texture": "#1"},
				"up": {"uv": [7.9, 7.2, 16, 16], "texture": "#1"},
				"down": {"uv": [7.9, 7.2, 16, 16], "texture": "#1"}
			}
		},
		{
			"from": [7.6, 0.61513, 14.65666],
			"to": [8.4, 1.26513, 19.60666],
			"faces": {
				"north": {"uv": [7.9, 7.2, 16, 16], "texture": "#1"},
				"east": {"uv": [7.9, 7.2, 16, 16], "texture": "#1"},
				"south": {"uv": [7.9, 7.2, 16, 16], "texture": "#1"},
				"west": {"uv": [7.9, 7.2, 16, 16], "texture": "#1"},
				"up": {"uv": [7.9, 7.2, 16, 16], "texture": "#1"},
				"down": {"uv": [7.9, 7.2, 16, 16], "texture": "#1"}
			}
		},
		{
			"from": [7.6, -2.38487, 19.60666],
			"to": [8.4, 1.26513, 20.25666],
			"faces": {
				"north": {"uv": [7.9, 7.2, 16, 16], "texture": "#1"},
				"east": {"uv": [7.9, 7.2, 16, 16], "texture": "#1"},
				"south": {"uv": [7.9, 7.2, 16, 16], "texture": "#1"},
				"west": {"uv": [7.9, 7.2, 16, 16], "texture": "#1"},
				"up": {"uv": [7.9, 7.2, 16, 16], "texture": "#1"},
				"down": {"uv": [7.9, 7.2, 16, 16], "texture": "#1"}
			}
		},
		{
			"from": [7.6, 0.6231, 15.03455],
			"to": [8.4, 1.2731, 20.28455],
			"rotation": {"angle": 22.5, "axis": "x", "origin": [8, 0.8231, 12.38455]},
			"faces": {
				"north": {"uv": [7.9, 7.2, 16, 16], "texture": "#1"},
				"east": {"uv": [7.9, 7.2, 16, 16], "texture": "#1"},
				"south": {"uv": [7.9, 7.2, 16, 16], "texture": "#1"},
				"west": {"uv": [7.9, 7.2, 16, 16], "texture": "#1"},
				"up": {"uv": [7.9, 7.2, 16, 16], "texture": "#1"},
				"down": {"uv": [7.9, 7.2, 16, 16], "texture": "#1"}
			}
		},
		{
			"from": [7.7, 3.2083, 13.56172],
			"to": [8.3, 4.1583, 15.31172],
			"rotation": {"angle": 22.5, "axis": "x", "origin": [8, 3.7083, 7.71172]},
			"faces": {
				"north": {"uv": [7.9, 7.2, 16, 16], "texture": "#1"},
				"east": {"uv": [7.9, 7.2, 16, 16], "texture": "#1"},
				"south": {"uv": [7.9, 7.2, 16, 16], "texture": "#1"},
				"west": {"uv": [7.9, 7.2, 16, 16], "texture": "#1"},
				"up": {"uv": [7.9, 7.2, 16, 16], "texture": "#1"},
				"down": {"uv": [7.9, 7.2, 16, 16], "texture": "#1"}
			}
		},
		{
			"from": [7.7, -0.1917, 13.56172],
			"to": [8.3, 1.1583, 14.61172],
			"faces": {
				"north": {"uv": [7.9, 7.2, 16, 16], "texture": "#1"},
				"east": {"uv": [7.9, 7.2, 16, 16], "texture": "#1"},
				"south": {"uv": [7.9, 7.2, 16, 16], "texture": "#1"},
				"west": {"uv": [7.9, 7.2, 16, 16], "texture": "#1"},
				"up": {"uv": [7.9, 7.2, 16, 16], "texture": "#1"},
				"down": {"uv": [7.9, 7.2, 16, 16], "texture": "#1"}
			}
		},
		{
			"from": [7.7, -1.9917, 19.16172],
			"to": [8.3, 1.1583, 19.81172],
			"faces": {
				"north": {"uv": [7.9, 7.2, 16, 16], "texture": "#1"},
				"east": {"uv": [7.9, 7.2, 16, 16], "texture": "#1"},
				"south": {"uv": [7.9, 7.2, 16, 16], "texture": "#1"},
				"west": {"uv": [7.9, 7.2, 16, 16], "texture": "#1"},
				"up": {"uv": [7.9, 7.2, 16, 16], "texture": "#1"},
				"down": {"uv": [7.9, 7.2, 16, 16], "texture": "#1"}
			}
		},
		{
			"from": [7.7, 2.7083, 17.96172],
			"to": [8.3, 3.7583, 18.61172],
			"rotation": {"angle": 22.5, "axis": "x", "origin": [8, 3.7083, 7.71172]},
			"faces": {
				"north": {"uv": [7.9, 7.2, 16, 16], "texture": "#1"},
				"east": {"uv": [7.9, 7.2, 16, 16], "texture": "#1"},
				"south": {"uv": [7.9, 7.2, 16, 16], "texture": "#1"},
				"west": {"uv": [7.9, 7.2, 16, 16], "texture": "#1"},
				"up": {"uv": [7.9, 7.2, 16, 16], "texture": "#1"},
				"down": {"uv": [7.9, 7.2, 16, 16], "texture": "#1"}
			}
		},
		{
			"from": [7.7, -1.19481, 17.1367],
			"to": [8.3, -0.54481, 17.4867],
			"rotation": {"angle": -22.5, "axis": "x", "origin": [8, -0.86981, 17.2617]},
			"faces": {
				"north": {"uv": [7.9, 7.2, 16, 16], "rotation": 90, "texture": "#2"},
				"east": {"uv": [7.9, 7.2, 16, 16], "rotation": 90, "texture": "#2"},
				"south": {"uv": [7.9, 7.2, 16, 16], "rotation": 90, "texture": "#2"},
				"west": {"uv": [7.9, 7.2, 16, 16], "rotation": 90, "texture": "#2"},
				"up": {"uv": [7.9, 7.2, 16, 16], "rotation": 90, "texture": "#2"},
				"down": {"uv": [7.9, 7.2, 16, 16], "rotation": 90, "texture": "#2"}
			}
		},
		{
			"from": [7.7, -1.19481, 17.0367],
			"to": [8.3, -0.44481, 17.4867],
			"rotation": {"angle": -45, "axis": "x", "origin": [8, -0.86981, 17.2617]},
			"faces": {
				"north": {"uv": [7.9, 7.2, 16, 16], "rotation": 90, "texture": "#1"},
				"east": {"uv": [7.9, 7.2, 16, 16], "rotation": 90, "texture": "#1"},
				"south": {"uv": [7.9, 7.2, 16, 16], "rotation": 90, "texture": "#1"},
				"west": {"uv": [7.9, 7.2, 16, 16], "rotation": 90, "texture": "#1"},
				"up": {"uv": [7.9, 7.2, 16, 16], "rotation": 90, "texture": "#1"},
				"down": {"uv": [7.9, 7.2, 16, 16], "rotation": 90, "texture": "#1"}
			}
		},
		{
			"from": [7.7, -4.9917, 14.96172],
			"to": [8.3, -3.5417, 15.61172],
			"rotation": {"angle": -22.5, "axis": "x", "origin": [8, 3.7083, 7.71172]},
			"faces": {
				"north": {"uv": [7.9, 7.2, 16, 16], "texture": "#1"},
				"east": {"uv": [7.9, 7.2, 16, 16], "texture": "#1"},
				"south": {"uv": [7.9, 7.2, 16, 16], "texture": "#1"},
				"west": {"uv": [7.9, 7.2, 16, 16], "texture": "#1"},
				"up": {"uv": [7.9, 7.2, 16, 16], "texture": "#1"},
				"down": {"uv": [7.9, 7.2, 16, 16], "texture": "#1"}
			}
		},
		{
			"from": [7.7, -1.2917, 17.16172],
			"to": [8.3, 1.1583, 17.81172],
			"faces": {
				"north": {"uv": [7.9, 7.2, 16, 16], "texture": "#1"},
				"east": {"uv": [7.9, 7.2, 16, 16], "texture": "#1"},
				"south": {"uv": [7.9, 7.2, 16, 16], "texture": "#1"},
				"west": {"uv": [7.9, 7.2, 16, 16], "texture": "#1"},
				"up": {"uv": [7.9, 7.2, 16, 16], "texture": "#1"},
				"down": {"uv": [7.9, 7.2, 16, 16], "texture": "#1"}
			}
		},
		{
			"from": [7.7, -1.8917, 18.46172],
			"to": [8.3, -1.3417, 19.91172],
			"faces": {
				"north": {"uv": [7.9, 7.2, 16, 16], "texture": "#1"},
				"east": {"uv": [7.9, 7.2, 16, 16], "texture": "#1"},
				"south": {"uv": [7.9, 7.2, 16, 16], "texture": "#1"},
				"west": {"uv": [7.9, 7.2, 16, 16], "texture": "#1"},
				"up": {"uv": [7.9, 7.2, 16, 16], "texture": "#1"},
				"down": {"uv": [7.9, 7.2, 16, 16], "texture": "#1"}
			}
		},
		{
			"from": [7.5, -2.58487, 20.20666],
			"to": [8.5, 1.36513, 20.80666],
			"faces": {
				"north": {"uv": [7.9, 7.2, 16, 16], "texture": "#2"},
				"east": {"uv": [7.9, 7.2, 16, 16], "texture": "#2"},
				"south": {"uv": [7.9, 7.2, 16, 16], "texture": "#2"},
				"west": {"uv": [7.9, 7.2, 16, 16], "texture": "#2"},
				"up": {"uv": [7.9, 7.2, 16, 16], "texture": "#2"},
				"down": {"uv": [7.9, 7.2, 16, 16], "texture": "#2"}
			}
		},
		{
			"from": [7.7, -0.42526, 11.75504],
			"to": [8.3, 0.22474, 15.00504],
			"faces": {
				"north": {"uv": [7.9, 7.2, 16, 16], "texture": "#1"},
				"east": {"uv": [7.9, 7.2, 16, 16], "texture": "#1"},
				"south": {"uv": [7.9, 7.2, 16, 16], "texture": "#1"},
				"west": {"uv": [7.9, 7.2, 16, 16], "texture": "#1"},
				"up": {"uv": [7.9, 7.2, 16, 16], "texture": "#1"},
				"down": {"uv": [7.9, 7.2, 16, 16], "texture": "#1"}
			}
		},
		{
			"from": [7.6, -1.06466, 6.98862],
			"to": [8.4, 0.33534, 10.28862],
			"faces": {
				"north": {"uv": [7.9, 7.2, 16, 16], "texture": "#2"},
				"east": {"uv": [7.9, 7.2, 16, 16], "texture": "#2"},
				"south": {"uv": [7.9, 7.2, 16, 16], "texture": "#2"},
				"west": {"uv": [7.9, 7.2, 16, 16], "texture": "#2"},
				"up": {"uv": [7.9, 7.2, 16, 16], "texture": "#2"},
				"down": {"uv": [7.9, 7.2, 16, 16], "texture": "#2"}
			}
		},
		{
			"from": [7.9, -3.56466, 8.28862],
			"to": [8.1, -3.36466, 9.88862],
			"rotation": {"angle": -22.5, "axis": "x", "origin": [8, 1.43534, 6.18862]},
			"faces": {
				"north": {"uv": [7.9, 7.2, 16, 16], "rotation": 90, "texture": "#1"},
				"east": {"uv": [7.9, 7.2, 16, 16], "rotation": 90, "texture": "#1"},
				"south": {"uv": [7.9, 7.2, 16, 16], "rotation": 90, "texture": "#1"},
				"west": {"uv": [7.9, 7.2, 16, 16], "rotation": 90, "texture": "#1"},
				"up": {"uv": [7.9, 7.2, 16, 16], "rotation": 90, "texture": "#1"},
				"down": {"uv": [7.9, 7.2, 16, 16], "rotation": 90, "texture": "#1"}
			}
		},
		{
			"from": [7.9, -2.38042, 8.94218],
			"to": [8.1, -2.18042, 10.04218],
			"faces": {
				"north": {"uv": [7.9, 7.2, 16, 16], "rotation": 90, "texture": "#1"},
				"east": {"uv": [7.9, 7.2, 16, 16], "rotation": 90, "texture": "#1"},
				"south": {"uv": [7.9, 7.2, 16, 16], "rotation": 90, "texture": "#1"},
				"west": {"uv": [7.9, 7.2, 16, 16], "rotation": 90, "texture": "#1"},
				"up": {"uv": [7.9, 7.2, 16, 16], "rotation": 90, "texture": "#1"},
				"down": {"uv": [7.9, 7.2, 16, 16], "rotation": 90, "texture": "#1"}
			}
		},
		{
			"from": [7.9, -2.51473, 8.16645],
			"to": [8.1, -2.31473, 9.46645],
			"rotation": {"angle": 45, "axis": "x", "origin": [8, -1.81473, 9.36645]},
			"faces": {
				"north": {"uv": [7.9, 7.2, 16, 16], "rotation": 90, "texture": "#1"},
				"east": {"uv": [7.9, 7.2, 16, 16], "rotation": 90, "texture": "#1"},
				"south": {"uv": [7.9, 7.2, 16, 16], "rotation": 90, "texture": "#1"},
				"west": {"uv": [7.9, 7.2, 16, 16], "rotation": 90, "texture": "#1"},
				"up": {"uv": [7.9, 7.2, 16, 16], "rotation": 90, "texture": "#1"},
				"down": {"uv": [7.9, 7.2, 16, 16], "rotation": 90, "texture": "#1"}
			}
		},
		{
			"from": [7.87322, -0.37678, 0.55],
			"to": [8.12322, -0.02678, 5.2],
			"faces": {
				"north": {"uv": [7.9, 7.2, 16, 16], "texture": "#2"},
				"east": {"uv": [7.9, 7.2, 16, 16], "texture": "#2"},
				"south": {"uv": [7.9, 7.2, 16, 16], "texture": "#2"},
				"west": {"uv": [7.9, 7.2, 16, 16], "texture": "#2"},
				"up": {"uv": [7.9, 7.2, 16, 16], "texture": "#2"},
				"down": {"uv": [7.9, 7.2, 16, 16], "texture": "#2"}
			}
		},
		{
			"from": [7.77322, -0.47678, 1.35],
			"to": [8.22322, -0.27678, 1.55],
			"faces": {
				"north": {"uv": [7.9, 7.2, 16, 16], "texture": "#2"},
				"east": {"uv": [7.9, 7.2, 16, 16], "texture": "#2"},
				"south": {"uv": [7.9, 7.2, 16, 16], "texture": "#2"},
				"west": {"uv": [7.9, 7.2, 16, 16], "texture": "#2"},
				"up": {"uv": [7.9, 7.2, 16, 16], "texture": "#2"},
				"down": {"uv": [7.9, 7.2, 16, 16], "texture": "#2"}
			}
		},
		{
			"from": [7.77322, -0.47678, 0.45],
			"to": [8.22322, -0.27678, 1.05],
			"faces": {
				"north": {"uv": [7.9, 7.2, 16, 16], "texture": "#2"},
				"east": {"uv": [7.9, 7.2, 16, 16], "texture": "#2"},
				"south": {"uv": [7.9, 7.2, 16, 16], "texture": "#2"},
				"west": {"uv": [7.9, 7.2, 16, 16], "texture": "#2"},
				"up": {"uv": [7.9, 7.2, 16, 16], "texture": "#2"},
				"down": {"uv": [7.9, 7.2, 16, 16], "texture": "#2"}
			}
		},
		{
			"from": [7.77322, -0.47678, 1.75],
			"to": [8.22322, -0.27678, 1.95],
			"faces": {
				"north": {"uv": [7.9, 7.2, 16, 16], "texture": "#2"},
				"east": {"uv": [7.9, 7.2, 16, 16], "texture": "#2"},
				"south": {"uv": [7.9, 7.2, 16, 16], "texture": "#2"},
				"west": {"uv": [7.9, 7.2, 16, 16], "texture": "#2"},
				"up": {"uv": [7.9, 7.2, 16, 16], "texture": "#2"},
				"down": {"uv": [7.9, 7.2, 16, 16], "texture": "#2"}
			}
		},
		{
			"from": [7.77322, -0.47678, 2.15],
			"to": [8.22322, -0.27678, 2.35],
			"faces": {
				"north": {"uv": [7.9, 7.2, 16, 16], "texture": "#2"},
				"east": {"uv": [7.9, 7.2, 16, 16], "texture": "#2"},
				"south": {"uv": [7.9, 7.2, 16, 16], "texture": "#2"},
				"west": {"uv": [7.9, 7.2, 16, 16], "texture": "#2"},
				"up": {"uv": [7.9, 7.2, 16, 16], "texture": "#2"},
				"down": {"uv": [7.9, 7.2, 16, 16], "texture": "#2"}
			}
		},
		{
			"from": [7.77322, -0.47678, 2.55],
			"to": [8.22322, -0.27678, 2.75],
			"faces": {
				"north": {"uv": [7.9, 7.2, 16, 16], "texture": "#2"},
				"east": {"uv": [7.9, 7.2, 16, 16], "texture": "#2"},
				"south": {"uv": [7.9, 7.2, 16, 16], "texture": "#2"},
				"west": {"uv": [7.9, 7.2, 16, 16], "texture": "#2"},
				"up": {"uv": [7.9, 7.2, 16, 16], "texture": "#2"},
				"down": {"uv": [7.9, 7.2, 16, 16], "texture": "#2"}
			}
		},
		{
			"from": [7.77322, -0.47678, 2.95],
			"to": [8.22322, -0.27678, 3.15],
			"faces": {
				"north": {"uv": [7.9, 7.2, 16, 16], "texture": "#2"},
				"east": {"uv": [7.9, 7.2, 16, 16], "texture": "#2"},
				"south": {"uv": [7.9, 7.2, 16, 16], "texture": "#2"},
				"west": {"uv": [7.9, 7.2, 16, 16], "texture": "#2"},
				"up": {"uv": [7.9, 7.2, 16, 16], "texture": "#2"},
				"down": {"uv": [7.9, 7.2, 16, 16], "texture": "#2"}
			}
		},
		{
			"from": [7.77322, -0.47678, 3.35],
			"to": [8.22322, -0.27678, 3.55],
			"faces": {
				"north": {"uv": [7.9, 7.2, 16, 16], "texture": "#2"},
				"east": {"uv": [7.9, 7.2, 16, 16], "texture": "#2"},
				"south": {"uv": [7.9, 7.2, 16, 16], "texture": "#2"},
				"west": {"uv": [7.9, 7.2, 16, 16], "texture": "#2"},
				"up": {"uv": [7.9, 7.2, 16, 16], "texture": "#2"},
				"down": {"uv": [7.9, 7.2, 16, 16], "texture": "#2"}
			}
		},
		{
			"from": [7.77322, -0.47678, 3.75],
			"to": [8.22322, -0.27678, 3.95],
			"faces": {
				"north": {"uv": [7.9, 7.2, 16, 16], "texture": "#2"},
				"east": {"uv": [7.9, 7.2, 16, 16], "texture": "#2"},
				"south": {"uv": [7.9, 7.2, 16, 16], "texture": "#2"},
				"west": {"uv": [7.9, 7.2, 16, 16], "texture": "#2"},
				"up": {"uv": [7.9, 7.2, 16, 16], "texture": "#2"},
				"down": {"uv": [7.9, 7.2, 16, 16], "texture": "#2"}
			}
		},
		{
			"from": [7.77322, -0.47678, 4.15],
			"to": [8.22322, -0.27678, 4.35],
			"faces": {
				"north": {"uv": [7.9, 7.2, 16, 16], "texture": "#2"},
				"east": {"uv": [7.9, 7.2, 16, 16], "texture": "#2"},
				"south": {"uv": [7.9, 7.2, 16, 16], "texture": "#2"},
				"west": {"uv": [7.9, 7.2, 16, 16], "texture": "#2"},
				"up": {"uv": [7.9, 7.2, 16, 16], "texture": "#2"},
				"down": {"uv": [7.9, 7.2, 16, 16], "texture": "#2"}
			}
		},
		{
			"from": [7.77322, -0.47678, 4.75],
			"to": [8.22322, -0.27678, 5.25],
			"faces": {
				"north": {"uv": [7.9, 7.2, 16, 16], "texture": "#2"},
				"east": {"uv": [7.9, 7.2, 16, 16], "texture": "#2"},
				"south": {"uv": [7.9, 7.2, 16, 16], "texture": "#2"},
				"west": {"uv": [7.9, 7.2, 16, 16], "texture": "#2"},
				"up": {"uv": [7.9, 7.2, 16, 16], "texture": "#2"},
				"down": {"uv": [7.9, 7.2, 16, 16], "texture": "#2"}
			}
		},
		{
			"from": [7.77322, -0.47678, 4.55],
			"to": [8.22322, -0.27678, 4.75],
			"faces": {
				"north": {"uv": [7.9, 7.2, 16, 16], "texture": "#2"},
				"east": {"uv": [7.9, 7.2, 16, 16], "texture": "#2"},
				"south": {"uv": [7.9, 7.2, 16, 16], "texture": "#2"},
				"west": {"uv": [7.9, 7.2, 16, 16], "texture": "#2"},
				"up": {"uv": [7.9, 7.2, 16, 16], "texture": "#2"},
				"down": {"uv": [7.9, 7.2, 16, 16], "texture": "#2"}
			}
		},
		{
			"from": [7.7, -1.26466, 1.23862],
			"to": [8.3, 0.03534, 1.48862],
			"rotation": {"angle": 22.5, "axis": "x", "origin": [8, 1.43534, 6.96362]},
			"faces": {
				"north": {"uv": [7.9, 7.2, 16, 16], "texture": "#1"},
				"east": {"uv": [7.9, 7.2, 16, 16], "texture": "#1"},
				"south": {"uv": [7.9, 7.2, 16, 16], "texture": "#1"},
				"west": {"uv": [7.9, 7.2, 16, 16], "texture": "#1"},
				"up": {"uv": [7.9, 7.2, 16, 16], "texture": "#1"},
				"down": {"uv": [7.9, 7.2, 16, 16], "texture": "#1"}
			}
		},
		{
			"from": [7.7, 1.38277, 1.13865],
			"to": [8.3, 2.33277, 1.63865],
			"faces": {
				"north": {"uv": [7.9, 7.2, 16, 16], "rotation": 90, "texture": "#1"},
				"east": {"uv": [7.9, 7.2, 16, 16], "rotation": 90, "texture": "#1"},
				"south": {"uv": [7.9, 7.2, 16, 16], "rotation": 90, "texture": "#1"},
				"west": {"uv": [7.9, 7.2, 16, 16], "rotation": 90, "texture": "#1"},
				"up": {"uv": [7.9, 7.2, 16, 16], "rotation": 90, "texture": "#1"},
				"down": {"uv": [7.9, 7.2, 16, 16], "rotation": 90, "texture": "#1"}
			}
		},
		{
			"from": [7.7, 1.24964, 1.32345],
			"to": [8.3, 2.34964, 1.97345],
			"rotation": {"angle": -22.5, "axis": "x", "origin": [8, 1.49964, 1.84845]},
			"faces": {
				"north": {"uv": [7.9, 7.2, 16, 16], "texture": "#1"},
				"east": {"uv": [7.9, 7.2, 16, 16], "texture": "#1"},
				"south": {"uv": [7.9, 7.2, 16, 16], "texture": "#1"},
				"west": {"uv": [7.9, 7.2, 16, 16], "texture": "#1"},
				"up": {"uv": [7.9, 7.2, 16, 16], "texture": "#1"},
				"down": {"uv": [7.9, 7.2, 16, 16], "texture": "#1"}
			}
		},
		{
			"from": [7.7, 1.75233, 1.19173],
			"to": [8.3, 2.30233, 1.59173],
			"faces": {
				"north": {"uv": [7.9, 7.2, 16, 16], "rotation": 90, "texture": "#1"},
				"east": {"uv": [7.9, 7.2, 16, 16], "rotation": 90, "texture": "#1"},
				"south": {"uv": [7.9, 7.2, 16, 16], "rotation": 90, "texture": "#1"},
				"west": {"uv": [7.9, 7.2, 16, 16], "rotation": 90, "texture": "#1"},
				"up": {"uv": [7.9, 7.2, 16, 16], "rotation": 90, "texture": "#1"},
				"down": {"uv": [7.9, 7.2, 16, 16], "rotation": 90, "texture": "#1"}
			}
		},
		{
			"from": [7.7, 2.51919, 1.87652],
			"to": [8.3, 3.41919, 2.42652],
			"rotation": {"angle": -45, "axis": "x", "origin": [8, 1.86919, 3.50152]},
			"faces": {
				"north": {"uv": [7.9, 7.2, 16, 16], "texture": "#1"},
				"east": {"uv": [7.9, 7.2, 16, 16], "texture": "#1"},
				"south": {"uv": [7.9, 7.2, 16, 16], "texture": "#1"},
				"west": {"uv": [7.9, 7.2, 16, 16], "texture": "#1"},
				"up": {"uv": [7.9, 7.2, 16, 16], "texture": "#1"},
				"down": {"uv": [7.9, 7.2, 16, 16], "texture": "#1"}
			}
		},
		{
			"name": "hexadecagon",
			"from": [7.95027, 0.35, -0.6],
			"to": [8.04973, 0.4, 10.3],
			"rotation": {"angle": -45, "axis": "z", "origin": [8, 0.6, 0.4]},
			"faces": {
				"north": {"uv": [7.9, 7.2, 16, 16], "texture": "#1"},
				"east": {"uv": [7.9, 7.2, 16, 16], "texture": "#1"},
				"south": {"uv": [7.9, 7.2, 16, 16], "texture": "#1"},
				"west": {"uv": [7.9, 7.2, 16, 16], "texture": "#1"},
				"up": {"uv": [7.9, 7.2, 16, 16], "texture": "#1"},
				"down": {"uv": [7.9, 7.2, 16, 16], "texture": "#1"}
			}
		},
		{
			"name": "hexadecagon",
			"from": [7.95027, 0.35, -0.6],
			"to": [8.04973, 0.4, 10.3],
			"rotation": {"angle": -22.5, "axis": "z", "origin": [8, 0.6, 0.4]},
			"faces": {
				"north": {"uv": [7.9, 7.2, 16, 16], "texture": "#1"},
				"east": {"uv": [7.9, 7.2, 16, 16], "texture": "#1"},
				"south": {"uv": [7.9, 7.2, 16, 16], "texture": "#1"},
				"west": {"uv": [7.9, 7.2, 16, 16], "texture": "#1"},
				"up": {"uv": [7.9, 7.2, 16, 16], "texture": "#1"},
				"down": {"uv": [7.9, 7.2, 16, 16], "texture": "#1"}
			}
		},
		{
			"name": "hexadecagon",
			"from": [7.95027, 0.35, -0.6],
			"to": [8.04973, 0.4, 10.3],
			"faces": {
				"north": {"uv": [7.9, 7.2, 16, 16], "texture": "#1"},
				"east": {"uv": [7.9, 7.2, 16, 16], "texture": "#1"},
				"south": {"uv": [7.9, 7.2, 16, 16], "texture": "#1"},
				"west": {"uv": [7.9, 7.2, 16, 16], "texture": "#1"},
				"up": {"uv": [7.9, 7.2, 16, 16], "texture": "#1"},
				"down": {"uv": [7.9, 7.2, 16, 16], "texture": "#1"}
			}
		},
		{
			"name": "hexadecagon",
			"from": [7.95027, 0.35, -0.6],
			"to": [8.04973, 0.4, 10.3],
			"rotation": {"angle": 22.5, "axis": "z", "origin": [8, 0.6, 0.4]},
			"faces": {
				"north": {"uv": [7.9, 7.2, 16, 16], "texture": "#1"},
				"east": {"uv": [7.9, 7.2, 16, 16], "texture": "#1"},
				"south": {"uv": [7.9, 7.2, 16, 16], "texture": "#1"},
				"west": {"uv": [7.9, 7.2, 16, 16], "texture": "#1"},
				"up": {"uv": [7.9, 7.2, 16, 16], "texture": "#1"},
				"down": {"uv": [7.9, 7.2, 16, 16], "texture": "#1"}
			}
		},
		{
			"name": "hexadecagon",
			"from": [7.95027, 0.35, -0.6],
			"to": [8.04973, 0.4, 10.3],
			"rotation": {"angle": 45, "axis": "z", "origin": [8, 0.6, 0.4]},
			"faces": {
				"north": {"uv": [7.9, 7.2, 16, 16], "texture": "#1"},
				"east": {"uv": [7.9, 7.2, 16, 16], "texture": "#1"},
				"south": {"uv": [7.9, 7.2, 16, 16], "texture": "#1"},
				"west": {"uv": [7.9, 7.2, 16, 16], "texture": "#1"},
				"up": {"uv": [7.9, 7.2, 16, 16], "texture": "#1"},
				"down": {"uv": [7.9, 7.2, 16, 16], "texture": "#1"}
			}
		},
		{
			"name": "hexadecagon",
			"from": [7.95027, 0.8, -0.6],
			"to": [8.04973, 0.85, 10.3],
			"rotation": {"angle": -45, "axis": "z", "origin": [8, 0.6, 0.4]},
			"faces": {
				"north": {"uv": [7.9, 7.2, 16, 16], "texture": "#1"},
				"east": {"uv": [7.9, 7.2, 16, 16], "texture": "#1"},
				"south": {"uv": [7.9, 7.2, 16, 16], "texture": "#1"},
				"west": {"uv": [7.9, 7.2, 16, 16], "texture": "#1"},
				"up": {"uv": [7.9, 7.2, 16, 16], "texture": "#1"},
				"down": {"uv": [7.9, 7.2, 16, 16], "texture": "#1"}
			}
		},
		{
			"name": "hexadecagon",
			"from": [7.95027, 0.8, -0.6],
			"to": [8.04973, 0.85, 10.3],
			"rotation": {"angle": -22.5, "axis": "z", "origin": [8, 0.6, 0.4]},
			"faces": {
				"north": {"uv": [7.9, 7.2, 16, 16], "texture": "#1"},
				"east": {"uv": [7.9, 7.2, 16, 16], "texture": "#1"},
				"south": {"uv": [7.9, 7.2, 16, 16], "texture": "#1"},
				"west": {"uv": [7.9, 7.2, 16, 16], "texture": "#1"},
				"up": {"uv": [7.9, 7.2, 16, 16], "texture": "#1"},
				"down": {"uv": [7.9, 7.2, 16, 16], "texture": "#1"}
			}
		},
		{
			"name": "hexadecagon",
			"from": [7.95027, 0.8, -0.6],
			"to": [8.04973, 0.85, 10.3],
			"faces": {
				"north": {"uv": [7.9, 7.2, 16, 16], "texture": "#1"},
				"east": {"uv": [7.9, 7.2, 16, 16], "texture": "#1"},
				"south": {"uv": [7.9, 7.2, 16, 16], "texture": "#1"},
				"west": {"uv": [7.9, 7.2, 16, 16], "texture": "#1"},
				"up": {"uv": [7.9, 7.2, 16, 16], "texture": "#1"},
				"down": {"uv": [7.9, 7.2, 16, 16], "texture": "#1"}
			}
		},
		{
			"name": "hexadecagon",
			"from": [7.95027, 0.8, -0.6],
			"to": [8.04973, 0.85, 10.3],
			"rotation": {"angle": 22.5, "axis": "z", "origin": [8, 0.6, 0.4]},
			"faces": {
				"north": {"uv": [7.9, 7.2, 16, 16], "texture": "#1"},
				"east": {"uv": [7.9, 7.2, 16, 16], "texture": "#1"},
				"south": {"uv": [7.9, 7.2, 16, 16], "texture": "#1"},
				"west": {"uv": [7.9, 7.2, 16, 16], "texture": "#1"},
				"up": {"uv": [7.9, 7.2, 16, 16], "texture": "#1"},
				"down": {"uv": [7.9, 7.2, 16, 16], "texture": "#1"}
			}
		},
		{
			"name": "hexadecagon",
			"from": [7.95027, 0.8, -0.6],
			"to": [8.04973, 0.85, 10.3],
			"rotation": {"angle": 45, "axis": "z", "origin": [8, 0.6, 0.4]},
			"faces": {
				"north": {"uv": [7.9, 7.2, 16, 16], "texture": "#1"},
				"east": {"uv": [7.9, 7.2, 16, 16], "texture": "#1"},
				"south": {"uv": [7.9, 7.2, 16, 16], "texture": "#1"},
				"west": {"uv": [7.9, 7.2, 16, 16], "texture": "#1"},
				"up": {"uv": [7.9, 7.2, 16, 16], "texture": "#1"},
				"down": {"uv": [7.9, 7.2, 16, 16], "texture": "#1"}
			}
		},
		{
			"name": "hexadecagon",
			"from": [7.75, 0.55027, -0.6],
			"to": [7.8, 0.64973, 10.3],
			"rotation": {"angle": -22.5, "axis": "z", "origin": [8, 0.6, 0.4]},
			"faces": {
				"north": {"uv": [7.9, 7.2, 16, 16], "texture": "#1"},
				"east": {"uv": [7.9, 7.2, 16, 16], "texture": "#1"},
				"south": {"uv": [7.9, 7.2, 16, 16], "texture": "#1"},
				"west": {"uv": [7.9, 7.2, 16, 16], "texture": "#1"},
				"up": {"uv": [7.9, 7.2, 16, 16], "texture": "#1"},
				"down": {"uv": [7.9, 7.2, 16, 16], "texture": "#1"}
			}
		},
		{
			"name": "hexadecagon",
			"from": [7.75, 0.55027, -0.6],
			"to": [7.8, 0.64973, 10.3],
			"faces": {
				"north": {"uv": [7.9, 7.2, 16, 16], "texture": "#1"},
				"east": {"uv": [7.9, 7.2, 16, 16], "texture": "#1"},
				"south": {"uv": [7.9, 7.2, 16, 16], "texture": "#1"},
				"west": {"uv": [7.9, 7.2, 16, 16], "texture": "#1"},
				"up": {"uv": [7.9, 7.2, 16, 16], "texture": "#1"},
				"down": {"uv": [7.9, 7.2, 16, 16], "texture": "#1"}
			}
		},
		{
			"name": "hexadecagon",
			"from": [7.75, 0.55027, -0.6],
			"to": [7.8, 0.64973, 10.3],
			"rotation": {"angle": 22.5, "axis": "z", "origin": [8, 0.6, 0.4]},
			"faces": {
				"north": {"uv": [7.9, 7.2, 16, 16], "texture": "#1"},
				"east": {"uv": [7.9, 7.2, 16, 16], "texture": "#1"},
				"south": {"uv": [7.9, 7.2, 16, 16], "texture": "#1"},
				"west": {"uv": [7.9, 7.2, 16, 16], "texture": "#1"},
				"up": {"uv": [7.9, 7.2, 16, 16], "texture": "#1"},
				"down": {"uv": [7.9, 7.2, 16, 16], "texture": "#1"}
			}
		},
		{
			"name": "hexadecagon",
			"from": [8.2, 0.55027, -0.6],
			"to": [8.25, 0.64973, 10.3],
			"rotation": {"angle": -22.5, "axis": "z", "origin": [8, 0.6, 0.4]},
			"faces": {
				"north": {"uv": [7.9, 7.2, 16, 16], "texture": "#1"},
				"east": {"uv": [7.9, 7.2, 16, 16], "texture": "#1"},
				"south": {"uv": [7.9, 7.2, 16, 16], "texture": "#1"},
				"west": {"uv": [7.9, 7.2, 16, 16], "texture": "#1"},
				"up": {"uv": [7.9, 7.2, 16, 16], "texture": "#1"},
				"down": {"uv": [7.9, 7.2, 16, 16], "texture": "#1"}
			}
		},
		{
			"name": "hexadecagon",
			"from": [8.2, 0.55027, -0.6],
			"to": [8.25, 0.64973, 10.3],
			"faces": {
				"north": {"uv": [7.9, 7.2, 16, 16], "texture": "#1"},
				"east": {"uv": [7.9, 7.2, 16, 16], "texture": "#1"},
				"south": {"uv": [7.9, 7.2, 16, 16], "texture": "#1"},
				"west": {"uv": [7.9, 7.2, 16, 16], "texture": "#1"},
				"up": {"uv": [7.9, 7.2, 16, 16], "texture": "#1"},
				"down": {"uv": [7.9, 7.2, 16, 16], "texture": "#1"}
			}
		},
		{
			"name": "hexadecagon",
			"from": [8.2, 0.55027, -0.6],
			"to": [8.25, 0.64973, 10.3],
			"rotation": {"angle": 22.5, "axis": "z", "origin": [8, 0.6, 0.4]},
			"faces": {
				"north": {"uv": [7.9, 7.2, 16, 16], "texture": "#1"},
				"east": {"uv": [7.9, 7.2, 16, 16], "texture": "#1"},
				"south": {"uv": [7.9, 7.2, 16, 16], "texture": "#1"},
				"west": {"uv": [7.9, 7.2, 16, 16], "texture": "#1"},
				"up": {"uv": [7.9, 7.2, 16, 16], "texture": "#1"},
				"down": {"uv": [7.9, 7.2, 16, 16], "texture": "#1"}
			}
		},
		{
			"from": [7.75, -7.26466, 8.28862],
			"to": [8.25, -0.46466, 8.48862],
			"rotation": {"angle": 22.5, "axis": "x", "origin": [8, 1.43534, 6.18862]},
			"faces": {
				"north": {"uv": [0, 0, 0.1, 8.8], "rotation": 90, "texture": "#1"},
				"east": {"uv": [0, 0, 0.1, 8.8], "rotation": 90, "texture": "#1"},
				"south": {"uv": [0, 0, 0.1, 8.8], "rotation": 90, "texture": "#1"},
				"west": {"uv": [0, 0, 8.1, 8.8], "rotation": 90, "texture": "#1"},
				"up": {"uv": [0, 0, 0.1, 8.8], "rotation": 90, "texture": "#1"},
				"down": {"uv": [0, 0, 0.1, 8.8], "rotation": 90, "texture": "#1"}
			}
		},
		{
			"from": [7.7, 0.33534, 11.13862],
			"to": [8.3, 2.03534, 12.48862],
			"faces": {
				"north": {"uv": [7.9, 7.2, 16, 16], "texture": "#1"},
				"east": {"uv": [7.9, 7.2, 16, 16], "texture": "#1"},
				"south": {"uv": [7.9, 7.2, 16, 16], "texture": "#1"},
				"west": {"uv": [7.9, 7.2, 16, 16], "texture": "#1"},
				"up": {"uv": [7.9, 7.2, 16, 16], "texture": "#1"},
				"down": {"uv": [7.9, 7.2, 16, 16], "texture": "#1"}
			}
		}
	],
	"display": {
		"thirdperson_righthand": {
			"translation": [0, 7.25, 0],
			"scale": [0.83, 0.83, 0.83]
		},
		"firstperson_righthand": {
			"translation": [0, 9.75, -3.5],
			"scale": [1.33, 1.33, 1.33]
		},
		"ground": {
			"translation": [0, 6.75, 0]
		},
		"gui": {
			"rotation": [22, 51, 0],
			"translation": [-1.5, 6.25, 0],
			"scale": [0.86, 0.89, 0.88]
		},
		"fixed": {
			"rotation": [87, -52, 89],
			"translation": [-4.25, 9, -2.25],
			"scale": [1.21, 1.18, 1.18]
		}
	},
	"groups": [0, 1, 2, 3, 4, 5, 6, 7, 8, 9, 10, 11, 12, 13, 14, 15, 16, 17, 18, 19, 20, 21, 22, 23, 24, 25, 26, 27, 28, 29, 30, 31, 32, 33, 34, 35, 36, 37, 38, 39, 40, 41, 42, 43, 44, 45, 46, 47, 48, 49, 50, 51, 52, 53, 54, 55, 56, 57, 58, 59, 60, 61, 62, 63, 64, 65, 66, 67, 68, 69, 70, 71, 72, 73, 74, 75, 76,
		{
			"name": "hexadecagon",
			"children": [77, 78, 79, 80, 81, 82, 83, 84, 85, 86, 87, 88, 89, 90, 91, 92]
		}, 93, 94]
}