{
	"credit": "Made with Blockbench",
	"textures": {
		"0": "custom/nothingness1/gray3",
		"1": "custom/nothingness1/mg3",
		"2": "custom/nothingness1/gray2",
		"particle": "custom/nothingness1/gray3"
	},
	"elements": [
		{
			"from": [7.5, -0.5, 4.7],
			"to": [7.6, 0.4, 11.8],
			"faces": {
				"north": {"uv": [0, 0, 0.1, 0.9], "texture": "#0"},
				"east": {"uv": [0, 0, 7.1, 0.9], "texture": "#0"},
				"south": {"uv": [0, 0, 0.1, 0.9], "texture": "#0"},
				"west": {"uv": [0, 0, 7.1, 0.9], "texture": "#0"},
				"up": {"uv": [0, 0, 0.1, 7.1], "texture": "#0"},
				"down": {"uv": [0, 0, 0.1, 7.1], "texture": "#0"}
			}
		},
		{
			"from": [8.4, -0.5, 4.7],
			"to": [8.5, 0.3, 8],
			"faces": {
				"north": {"uv": [0, 0, 0.1, 0.8], "texture": "#0"},
				"east": {"uv": [0, 0, 3.3, 0.8], "texture": "#0"},
				"south": {"uv": [0, 0, 0.1, 0.8], "texture": "#0"},
				"west": {"uv": [0, 0, 3.3, 0.8], "texture": "#0"},
				"up": {"uv": [0, 0, 0.1, 3.3], "texture": "#0"},
				"down": {"uv": [0, 0, 0.1, 3.3], "texture": "#0"}
			}
		},
		{
			"from": [7.5, 0.3, 4.7],
			"to": [7.75, 0.4, 9.7],
			"faces": {
				"north": {"uv": [0, 0, 0.25, 0.1], "texture": "#0"},
				"east": {"uv": [0, 0, 3.3, 0.1], "texture": "#0"},
				"south": {"uv": [0, 0, 0.25, 0.1], "texture": "#0"},
				"west": {"uv": [0, 0, 3.3, 0.1], "texture": "#0"},
				"up": {"uv": [0, 0, 0.25, 3.3], "texture": "#0"},
				"down": {"uv": [0, 0, 0.25, 3.3], "texture": "#0"}
			}
		},
		{
			"from": [8.25, 0.3, 4.7],
			"to": [8.5, 0.4, 8],
			"faces": {
				"north": {"uv": [0, 0, 0.25, 0.1], "texture": "#0"},
				"east": {"uv": [0, 0, 3.3, 0.1], "texture": "#0"},
				"south": {"uv": [0, 0, 0.25, 0.1], "texture": "#0"},
				"west": {"uv": [0, 0, 3.3, 0.1], "texture": "#0"},
				"up": {"uv": [0, 0, 0.25, 3.3], "texture": "#0"},
				"down": {"uv": [0, 0, 0.25, 3.3], "texture": "#0"}
			}
		},
		{
			"from": [7.5, 0.15, 4.7],
			"to": [8.4, 0.4, 5.5],
			"faces": {
				"north": {"uv": [0, 0, 0.9, 0.25], "texture": "#0"},
				"east": {"uv": [0, 0, 0.8, 0.25], "texture": "#0"},
				"south": {"uv": [0, 0, 0.9, 0.25], "texture": "#0"},
				"west": {"uv": [0, 0, 0.8, 0.25], "texture": "#0"},
				"up": {"uv": [0, 0, 0.9, 0.8], "texture": "#0"},
				"down": {"uv": [0, 0, 0.9, 0.8], "texture": "#0"}
			}
		},
		{
			"from": [7.5, 0.3, 7.1],
			"to": [8.3, 0.4, 8],
			"faces": {
				"north": {"uv": [0, 0, 0.8, 0.1], "texture": "#0"},
				"east": {"uv": [0, 0, 0.9, 0.1], "texture": "#0"},
				"south": {"uv": [0, 0, 0.8, 0.1], "texture": "#0"},
				"west": {"uv": [0, 0, 0.9, 0.1], "texture": "#0"},
				"up": {"uv": [0, 0, 0.8, 0.9], "texture": "#0"},
				"down": {"uv": [0, 0, 0.8, 0.9], "texture": "#0"}
			}
		},
		{
			"from": [7.6, -0.45, 7.5],
			"to": [8.4, 0.35, 9.6],
			"faces": {
				"north": {"uv": [0, 0, 0.9, 0.8], "texture": "#2"},
				"east": {"uv": [0, 0, 2.1, 0.8], "texture": "#2"},
				"south": {"uv": [0, 0, 0.9, 0.8], "texture": "#2"},
				"west": {"uv": [0, 0, 2.1, 0.8], "texture": "#2"},
				"up": {"uv": [0, 0, 0.9, 2.1], "texture": "#2"},
				"down": {"uv": [0, 0, 0.9, 2.1], "texture": "#2"}
			}
		},
		{
			"from": [8.4, -0.5, 4.7],
			"to": [8.5, -0.2, 10],
			"faces": {
				"north": {"uv": [0, 0, 0.1, 0.4], "texture": "#0"},
				"east": {"uv": [0, 0, 5.3, 0.4], "texture": "#0"},
				"south": {"uv": [0, 0, 0.1, 0.4], "texture": "#0"},
				"west": {"uv": [0, 0, 5.3, 0.4], "texture": "#0"},
				"up": {"uv": [0, 0, 0.1, 5.3], "texture": "#0"},
				"down": {"uv": [0, 0, 0.1, 5.3], "texture": "#0"}
			}
		},
		{
			"from": [7.5, -0.5, 9.3],
			"to": [8.5, 0.4, 12.9],
			"faces": {
				"north": {"uv": [0, 0, 1, 0.9], "texture": "#0"},
				"east": {"uv": [0, 0, 4, 0.9], "texture": "#0"},
				"south": {"uv": [0, 0, 1, 0.9], "texture": "#0"},
				"west": {"uv": [0, 0, 4, 0.9], "texture": "#0"},
				"up": {"uv": [0, 0, 1, 4], "texture": "#0"},
				"down": {"uv": [0, 0, 1, 4], "texture": "#0"}
			}
		},
		{
			"from": [7.45, -0.5, 10.4],
			"to": [8.55, 0.4, 10.5],
			"faces": {
				"north": {"uv": [0, 0, 1.1, 0.9], "texture": "#0"},
				"east": {"uv": [0, 0, 0.1, 0.9], "texture": "#0"},
				"south": {"uv": [0, 0, 1.1, 0.9], "texture": "#0"},
				"west": {"uv": [0, 0, 0.1, 0.9], "texture": "#0"},
				"up": {"uv": [0, 0, 1.1, 0.1], "texture": "#0"},
				"down": {"uv": [0, 0, 1.1, 0.1], "texture": "#0"}
			}
		},
		{
			"from": [7.45, -0.5, 10.2],
			"to": [8.55, 0.4, 10.3],
			"faces": {
				"north": {"uv": [0, 0, 1.1, 0.9], "texture": "#0"},
				"east": {"uv": [0, 0, 0.1, 0.9], "texture": "#0"},
				"south": {"uv": [0, 0, 1.1, 0.9], "texture": "#0"},
				"west": {"uv": [0, 0, 0.1, 0.9], "texture": "#0"},
				"up": {"uv": [0, 0, 1.1, 0.1], "texture": "#0"},
				"down": {"uv": [0, 0, 1.1, 0.1], "texture": "#0"}
			}
		},
		{
			"from": [7.45, -0.5, 10.6],
			"to": [8.55, 0.4, 10.7],
			"faces": {
				"north": {"uv": [0, 0, 1.1, 0.9], "texture": "#0"},
				"east": {"uv": [0, 0, 0.1, 0.9], "texture": "#0"},
				"south": {"uv": [0, 0, 1.1, 0.9], "texture": "#0"},
				"west": {"uv": [0, 0, 0.1, 0.9], "texture": "#0"},
				"up": {"uv": [0, 0, 1.1, 0.1], "texture": "#0"},
				"down": {"uv": [0, 0, 1.1, 0.1], "texture": "#0"}
			}
		},
		{
			"from": [7.45, -0.5, 11.6],
			"to": [8.55, 0.4, 11.7],
			"faces": {
				"north": {"uv": [0, 0, 1.1, 0.9], "texture": "#0"},
				"east": {"uv": [0, 0, 0.1, 0.9], "texture": "#0"},
				"south": {"uv": [0, 0, 1.1, 0.9], "texture": "#0"},
				"west": {"uv": [0, 0, 0.1, 0.9], "texture": "#0"},
				"up": {"uv": [0, 0, 1.1, 0.1], "texture": "#0"},
				"down": {"uv": [0, 0, 1.1, 0.1], "texture": "#0"}
			}
		},
		{
			"from": [7.45, -0.5, 11.4],
			"to": [8.55, 0.4, 11.5],
			"faces": {
				"north": {"uv": [0, 0, 1.1, 0.9], "texture": "#0"},
				"east": {"uv": [0, 0, 0.1, 0.9], "texture": "#0"},
				"south": {"uv": [0, 0, 1.1, 0.9], "texture": "#0"},
				"west": {"uv": [0, 0, 0.1, 0.9], "texture": "#0"},
				"up": {"uv": [0, 0, 1.1, 0.1], "texture": "#0"},
				"down": {"uv": [0, 0, 1.1, 0.1], "texture": "#0"}
			}
		},
		{
			"from": [7.45, -0.5, 11.2],
			"to": [8.55, 0.4, 11.3],
			"faces": {
				"north": {"uv": [0, 0, 1.1, 0.9], "texture": "#0"},
				"east": {"uv": [0, 0, 0.1, 0.9], "texture": "#0"},
				"south": {"uv": [0, 0, 1.1, 0.9], "texture": "#0"},
				"west": {"uv": [0, 0, 0.1, 0.9], "texture": "#0"},
				"up": {"uv": [0, 0, 1.1, 0.1], "texture": "#0"},
				"down": {"uv": [0, 0, 1.1, 0.1], "texture": "#0"}
			}
		},
		{
			"from": [7.45, -0.5, 11.8],
			"to": [8.55, 0.4, 11.9],
			"faces": {
				"north": {"uv": [0, 0, 1.1, 0.9], "texture": "#0"},
				"east": {"uv": [0, 0, 0.1, 0.9], "texture": "#0"},
				"south": {"uv": [0, 0, 1.1, 0.9], "texture": "#0"},
				"west": {"uv": [0, 0, 0.1, 0.9], "texture": "#0"},
				"up": {"uv": [0, 0, 1.1, 0.1], "texture": "#0"},
				"down": {"uv": [0, 0, 1.1, 0.1], "texture": "#0"}
			}
		},
		{
			"from": [7.5, -0.6, 4.7],
			"to": [8.5, -0.35, 12.9],
			"faces": {
				"north": {"uv": [0, 0, 1, 0.25], "texture": "#0"},
				"east": {"uv": [0, 0, 8.2, 0.25], "texture": "#0"},
				"south": {"uv": [0, 0, 1, 0.25], "texture": "#0"},
				"west": {"uv": [0, 0, 8.2, 0.25], "texture": "#0"},
				"up": {"uv": [0, 0, 1, 8.2], "texture": "#0"},
				"down": {"uv": [0, 0, 1, 8.2], "texture": "#0"}
			}
		},
		{
			"from": [7.75, -1.2, 4.7],
			"to": [8.25, -0.6, 8],
			"faces": {
				"north": {"uv": [0, 0, 0.5, 0.6], "texture": "#1"},
				"east": {"uv": [0, 0, 3.3, 0.6], "texture": "#1"},
				"south": {"uv": [0, 0, 0.5, 0.6], "texture": "#1"},
				"west": {"uv": [0, 0, 3.3, 0.6], "texture": "#1"},
				"up": {"uv": [0, 0, 0.5, 3.3], "texture": "#1"},
				"down": {"uv": [0, 0, 0.5, 3.3], "texture": "#1"}
			}
		},
		{
			"from": [3.99982, -2.69627, 4.7],
			"to": [4.29982, -2.54627, 8],
			"rotation": {"angle": 45, "axis": "z", "origin": [4.24982, 2.65373, 8]},
			"faces": {
				"north": {"uv": [0, 0, 0.3, 0.15], "texture": "#1"},
				"east": {"uv": [0, 0, 3.3, 0.15], "texture": "#1"},
				"south": {"uv": [0, 0, 0.3, 0.15], "texture": "#1"},
				"west": {"uv": [0, 0, 3.3, 0.15], "texture": "#1"},
				"up": {"uv": [0, 0, 0.3, 3.3], "texture": "#1"},
				"down": {"uv": [0, 0, 0.3, 3.3], "texture": "#1"}
			}
		},
		{
			"from": [7.9409, -1.22197, 4.7],
			"to": [8.2409, -1.07197, 8],
			"rotation": {"angle": -45, "axis": "z", "origin": [8.0909, -1.14697, 6.35]},
			"faces": {
				"north": {"uv": [0, 0, 0.3, 0.15], "texture": "#1"},
				"east": {"uv": [0, 0, 3.3, 0.15], "texture": "#1"},
				"south": {"uv": [0, 0, 0.3, 0.15], "texture": "#1"},
				"west": {"uv": [0, 0, 3.3, 0.15], "texture": "#1"},
				"up": {"uv": [0, 0, 0.3, 3.3], "texture": "#1"},
				"down": {"uv": [0, 0, 0.3, 3.3], "texture": "#1"}
			}
		},
		{
			"from": [7.85607, -1.30607, 4.7],
			"to": [8.14607, -1.00607, 8],
			"faces": {
				"north": {"uv": [0, 0, 0.3, 0.29], "rotation": 90, "texture": "#1"},
				"east": {"uv": [0, 0, 0.3, 3.3], "rotation": 270, "texture": "#1"},
				"south": {"uv": [0, 0, 0.3, 0.29], "rotation": 270, "texture": "#1"},
				"west": {"uv": [0, 0, 0.3, 3.3], "rotation": 90, "texture": "#1"},
				"up": {"uv": [0, 0, 3.3, 0.29], "rotation": 270, "texture": "#1"},
				"down": {"uv": [0, 0, 3.3, 0.29], "rotation": 270, "texture": "#1"}
			}
		},
		{
			"from": [7.6, -1.25, 4.75],
			"to": [8.4, -1, 8],
			"faces": {
				"north": {"uv": [0, 0, 0.8, 0.25], "texture": "#1"},
				"east": {"uv": [0, 0, 3.25, 0.25], "texture": "#1"},
				"south": {"uv": [0, 0, 0.8, 0.25], "texture": "#1"},
				"west": {"uv": [0, 0, 3.25, 0.25], "texture": "#1"},
				"up": {"uv": [0, 0, 0.8, 3.25], "texture": "#1"},
				"down": {"uv": [0, 0, 0.8, 3.25], "texture": "#1"}
			}
		},
		{
			"from": [7.6, -0.8, 4.75],
			"to": [8.4, -0.6, 8],
			"faces": {
				"north": {"uv": [0, 0, 0.8, 0.2], "texture": "#1"},
				"east": {"uv": [0, 0, 3.25, 0.2], "texture": "#1"},
				"south": {"uv": [0, 0, 0.8, 0.2], "texture": "#1"},
				"west": {"uv": [0, 0, 3.25, 0.2], "texture": "#1"},
				"up": {"uv": [0, 0, 0.8, 3.25], "texture": "#1"},
				"down": {"uv": [0, 0, 0.8, 3.25], "texture": "#1"}
			}
		},
		{
			"from": [7.65, -1.2, 4.75],
			"to": [8.35, -0.8, 8],
			"faces": {
				"north": {"uv": [0, 0, 0.7, 0.4], "texture": "#1"},
				"east": {"uv": [0, 0, 3.25, 0.4], "texture": "#1"},
				"south": {"uv": [0, 0, 0.7, 0.4], "texture": "#1"},
				"west": {"uv": [0, 0, 3.25, 0.4], "texture": "#1"},
				"up": {"uv": [0, 0, 0.7, 3.25], "texture": "#1"},
				"down": {"uv": [0, 0, 0.7, 3.25], "texture": "#1"}
			}
		},
		{
			"from": [7.95834, -1.26215, 4.75],
			"to": [8.25834, -1.16215, 8],
			"rotation": {"angle": -22.5, "axis": "z", "origin": [8.10834, -1.56215, 6.375]},
			"faces": {
				"north": {"uv": [0, 0, 0.1, 0.3], "rotation": 90, "texture": "#1"},
				"east": {"uv": [0, 0, 0.1, 3.25], "rotation": 270, "texture": "#1"},
				"south": {"uv": [0, 0, 0.1, 0.3], "rotation": 270, "texture": "#1"},
				"west": {"uv": [0, 0, 0.1, 3.25], "rotation": 90, "texture": "#1"},
				"up": {"uv": [0, 0, 3.25, 0.3], "rotation": 270, "texture": "#1"},
				"down": {"uv": [0, 0, 3.25, 0.3], "rotation": 270, "texture": "#1"}
			}
		},
		{
			"from": [7.82282, -1.21916, 4.75],
			"to": [8.12282, -1.11916, 8],
			"rotation": {"angle": -45, "axis": "z", "origin": [7.97282, -1.51916, 6.375]},
			"faces": {
				"north": {"uv": [0, 0, 0.1, 0.3], "rotation": 90, "texture": "#1"},
				"east": {"uv": [0, 0, 0.1, 3.25], "rotation": 270, "texture": "#1"},
				"south": {"uv": [0, 0, 0.1, 0.3], "rotation": 270, "texture": "#1"},
				"west": {"uv": [0, 0, 0.1, 3.25], "rotation": 90, "texture": "#1"},
				"up": {"uv": [0, 0, 3.25, 0.3], "rotation": 270, "texture": "#1"},
				"down": {"uv": [0, 0, 3.25, 0.3], "rotation": 270, "texture": "#1"}
			}
		},
		{
			"from": [8.16407, -1.57759, 4.75],
			"to": [8.26407, -1.27759, 8],
			"rotation": {"angle": 22.5, "axis": "z", "origin": [7.86407, -1.42759, 6.375]},
			"faces": {
				"north": {"uv": [0, 0, 0.1, 0.3], "texture": "#1"},
				"east": {"uv": [0, 0, 3.25, 0.3], "rotation": 180, "texture": "#1"},
				"south": {"uv": [0, 0, 0.1, 0.3], "texture": "#1"},
				"west": {"uv": [0, 0, 3.25, 0.3], "rotation": 180, "texture": "#1"},
				"up": {"uv": [0, 0, 0.1, 3.25], "rotation": 180, "texture": "#1"},
				"down": {"uv": [0, 0, 0.1, 3.25], "rotation": 180, "texture": "#1"}
			}
		},
		{
			"from": [8.09863, -1.45137, 4.75],
			"to": [8.19863, -1.15137, 8],
			"faces": {
				"north": {"uv": [0, 0, 0.1, 0.3], "texture": "#1"},
				"east": {"uv": [0, 0, 3.25, 0.3], "rotation": 180, "texture": "#1"},
				"south": {"uv": [0, 0, 0.1, 0.3], "texture": "#1"},
				"west": {"uv": [0, 0, 3.25, 0.3], "rotation": 180, "texture": "#1"},
				"up": {"uv": [0, 0, 0.1, 3.25], "rotation": 180, "texture": "#1"},
				"down": {"uv": [0, 0, 0.1, 3.25], "rotation": 180, "texture": "#1"}
			}
		},
		{
			"from": [7.74166, -1.26215, 4.75],
			"to": [8.04166, -1.16215, 8],
			"rotation": {"angle": 22.5, "axis": "z", "origin": [7.89166, -1.56215, 6.375]},
			"faces": {
				"north": {"uv": [0, 0.3, 0.1, 0], "rotation": 90, "texture": "#1"},
				"east": {"uv": [0, 3.25, 0.1, 0], "rotation": 90, "texture": "#1"},
				"south": {"uv": [0, 0.3, 0.1, 0], "rotation": 270, "texture": "#1"},
				"west": {"uv": [0, 3.25, 0.1, 0], "rotation": 270, "texture": "#1"},
				"up": {"uv": [0, 0.3, 3.25, 0], "rotation": 270, "texture": "#1"},
				"down": {"uv": [0, 0.3, 3.25, 0], "rotation": 270, "texture": "#1"}
			}
		},
		{
			"from": [7.87718, -1.21916, 4.75],
			"to": [8.17718, -1.11916, 8],
			"rotation": {"angle": 45, "axis": "z", "origin": [8.02718, -1.51916, 6.375]},
			"faces": {
				"north": {"uv": [0, 0.3, 0.1, 0], "rotation": 90, "texture": "#1"},
				"east": {"uv": [0, 3.25, 0.1, 0], "rotation": 90, "texture": "#1"},
				"south": {"uv": [0, 0.3, 0.1, 0], "rotation": 270, "texture": "#1"},
				"west": {"uv": [0, 3.25, 0.1, 0], "rotation": 270, "texture": "#1"},
				"up": {"uv": [0, 0.3, 3.25, 0], "rotation": 270, "texture": "#1"},
				"down": {"uv": [0, 0.3, 3.25, 0], "rotation": 270, "texture": "#1"}
			}
		},
		{
			"from": [7.73593, -1.57759, 4.75],
			"to": [7.83593, -1.27759, 8],
			"rotation": {"angle": -22.5, "axis": "z", "origin": [8.13593, -1.42759, 6.375]},
			"faces": {
				"north": {"uv": [0.1, 0, 0, 0.3], "texture": "#1"},
				"east": {"uv": [3.25, 0, 0, 0.3], "rotation": 180, "texture": "#1"},
				"south": {"uv": [0.1, 0, 0, 0.3], "texture": "#1"},
				"west": {"uv": [3.25, 0, 0, 0.3], "rotation": 180, "texture": "#1"},
				"up": {"uv": [0.1, 0, 0, 3.25], "rotation": 180, "texture": "#1"},
				"down": {"uv": [0.1, 0, 0, 3.25], "rotation": 180, "texture": "#1"}
			}
		},
		{
			"from": [7.80137, -1.45137, 4.75],
			"to": [8.15137, -1.15137, 8],
			"faces": {
				"north": {"uv": [0.1, 0, 0.45, 0.3], "texture": "#1"},
				"east": {"uv": [3.25, 0, 6.5, 0.3], "rotation": 180, "texture": "#1"},
				"south": {"uv": [0.1, 0, 0.45, 0.3], "texture": "#1"},
				"west": {"uv": [3.25, 0, 6.5, 0.3], "rotation": 180, "texture": "#1"},
				"up": {"uv": [0.1, 0, 0.45, 3.25], "rotation": 180, "texture": "#1"},
				"down": {"uv": [0.1, 0, 0.45, 3.25], "rotation": 180, "texture": "#1"}
			}
		},
		{
			"from": [7.55, -1.45, 7.1],
			"to": [8.45, -0.6, 12.9],
			"faces": {
				"north": {"uv": [0, 0, 0.9, 0.85], "texture": "#1"},
				"east": {"uv": [0, 0, 5.8, 0.85], "texture": "#1"},
				"south": {"uv": [0, 0, 0.9, 0.85], "texture": "#1"},
				"west": {"uv": [0, 0, 5.8, 0.85], "texture": "#1"},
				"up": {"uv": [0, 0, 0.9, 5.8], "texture": "#1"},
				"down": {"uv": [0, 0, 0.9, 5.8], "texture": "#1"}
			}
		},
		{
			"from": [7.6, -1.25, 4.75],
			"to": [8.4, -1, 8],
			"faces": {
				"north": {"uv": [0, 0, 0.8, 0.25], "texture": "#1"},
				"east": {"uv": [0, 0, 3.25, 0.25], "texture": "#1"},
				"south": {"uv": [0, 0, 0.8, 0.25], "texture": "#1"},
				"west": {"uv": [0, 0, 3.25, 0.25], "texture": "#1"},
				"up": {"uv": [0, 0, 0.8, 3.25], "texture": "#1"},
				"down": {"uv": [0, 0, 0.8, 3.25], "texture": "#1"}
			}
		},
		{
			"from": [7.55, -5.5, 7.25],
			"to": [8.45, -1, 9.4],
			"rotation": {"angle": -22.5, "axis": "x", "origin": [8, 4.6, 8.7]},
			"faces": {
				"north": {"uv": [0, 0, 0.9, 4.5], "rotation": 180, "texture": "#1"},
				"east": {"uv": [0, 0, 4.5, 2.15], "rotation": 270, "texture": "#1"},
				"south": {"uv": [0, 0, 0.9, 4.5], "texture": "#1"},
				"west": {"uv": [0, 0, 4.5, 2.15], "rotation": 90, "texture": "#1"},
				"up": {"uv": [0, 0, 0.9, 2.15], "rotation": 180, "texture": "#1"},
				"down": {"uv": [0, 0, 0.9, 2.15], "texture": "#1"}
			}
		},
		{
			"from": [7.55, -2.4, 10.55],
			"to": [8.45, -1, 12.25],
			"faces": {
				"north": {"uv": [0, 0, 0.9, 1.4], "rotation": 180, "texture": "#1"},
				"east": {"uv": [0, 0, 1.4, 1.7], "rotation": 270, "texture": "#1"},
				"south": {"uv": [0, 0, 0.9, 1.4], "texture": "#1"},
				"west": {"uv": [0, 0, 1.4, 1.7], "rotation": 90, "texture": "#1"},
				"up": {"uv": [0, 0, 0.9, 1.7], "rotation": 180, "texture": "#1"},
				"down": {"uv": [0, 0, 0.9, 1.7], "texture": "#1"}
			}
		},
		{
			"from": [7.55, -0.6, 12.75],
			"to": [8.45, 0.8, 14.45],
			"rotation": {"angle": 22.5, "axis": "x", "origin": [8, 4.6, 8.8]},
			"faces": {
				"north": {"uv": [0, 0, 0.9, 1.4], "rotation": 180, "texture": "#1"},
				"east": {"uv": [0, 0, 1.4, 1.7], "rotation": 270, "texture": "#1"},
				"south": {"uv": [0, 0, 0.9, 1.4], "texture": "#1"},
				"west": {"uv": [0, 0, 1.4, 1.7], "rotation": 90, "texture": "#1"},
				"up": {"uv": [0, 0, 0.9, 1.7], "rotation": 180, "texture": "#1"},
				"down": {"uv": [0, 0, 0.9, 1.7], "texture": "#1"}
			}
		},
		{
			"from": [7.55, 1.7, 13.95],
			"to": [8.45, 3.1, 14.9],
			"rotation": {"angle": 45, "axis": "x", "origin": [8, 4.6, 8]},
			"faces": {
				"north": {"uv": [0, 0, 0.9, 1.4], "rotation": 180, "texture": "#1"},
				"east": {"uv": [0, 0, 1.4, 0.95], "rotation": 270, "texture": "#1"},
				"south": {"uv": [0, 0, 0.9, 1.4], "texture": "#1"},
				"west": {"uv": [0, 0, 1.4, 0.95], "rotation": 90, "texture": "#1"},
				"up": {"uv": [0, 0, 0.9, 0.95], "rotation": 180, "texture": "#1"},
				"down": {"uv": [0, 0, 0.9, 0.95], "texture": "#1"}
			}
		},
		{
			"from": [7.55, -2.55, 8.8],
			"to": [8.45, -1.6, 10.2],
			"rotation": {"angle": -22.5, "axis": "x", "origin": [8, 4.6, 8.7]},
			"faces": {
				"north": {"uv": [0, 0, 0.9, 0.95], "rotation": 180, "texture": "#1"},
				"east": {"uv": [0, 0, 1.4, 0.95], "rotation": 180, "texture": "#1"},
				"south": {"uv": [0, 0, 0.9, 0.95], "rotation": 180, "texture": "#1"},
				"west": {"uv": [0, 0, 1.4, 0.95], "rotation": 180, "texture": "#1"},
				"up": {"uv": [0, 0, 0.9, 1.4], "texture": "#1"},
				"down": {"uv": [0, 0, 0.9, 1.4], "texture": "#1"}
			}
		},
		{
			"from": [7.55, -2.2, 9.85],
			"to": [8.45, -1, 11.8],
			"faces": {
				"north": {"uv": [0, 0, 0.9, 1.2], "rotation": 180, "texture": "#1"},
				"east": {"uv": [0, 0, 1.2, 1.95], "rotation": 270, "texture": "#1"},
				"south": {"uv": [0, 0, 0.9, 1.2], "texture": "#1"},
				"west": {"uv": [0, 0, 1.2, 1.95], "rotation": 90, "texture": "#1"},
				"up": {"uv": [0, 0, 0.9, 1.95], "rotation": 180, "texture": "#1"},
				"down": {"uv": [0, 0, 0.9, 1.95], "texture": "#1"}
			}
		},
		{
			"from": [7.55, -1.5, 12.25],
			"to": [8.45, -1, 12.5],
			"rotation": {"angle": 22.5, "axis": "x", "origin": [8, 4.4, 8.8]},
			"faces": {
				"north": {"uv": [0, 0, 0.9, 0.5], "rotation": 180, "texture": "#1"},
				"east": {"uv": [0, 0, 0.5, 0.25], "rotation": 270, "texture": "#1"},
				"south": {"uv": [0, 0, 0.9, 0.5], "texture": "#1"},
				"west": {"uv": [0, 0, 0.5, 0.25], "rotation": 90, "texture": "#1"},
				"up": {"uv": [0, 0, 0.9, 0.25], "rotation": 180, "texture": "#1"},
				"down": {"uv": [0, 0, 0.9, 0.25], "texture": "#1"}
			}
		},
		{
			"from": [7.55, -2.47115, 9.72955],
			"to": [8.45, -2.37115, 11.77955],
			"faces": {
				"north": {"uv": [0, 0, 0.9, 0.1], "rotation": 180, "texture": "#1"},
				"east": {"uv": [0, 0, 0.1, 2.05], "rotation": 270, "texture": "#1"},
				"south": {"uv": [0, 0, 0.9, 0.1], "texture": "#1"},
				"west": {"uv": [0, 0, 0.1, 2.05], "rotation": 90, "texture": "#1"},
				"up": {"uv": [0, 0, 0.9, 2.05], "rotation": 180, "texture": "#1"},
				"down": {"uv": [0, 0, 0.9, 2.05], "texture": "#1"}
			}
		},
		{
			"from": [7.75, -3.39419, 7.1454],
			"to": [8.25, -3.29419, 7.3954],
			"rotation": {"angle": -22.5, "axis": "x", "origin": [8, 3.20581, 6.1954]},
			"faces": {
				"north": {"uv": [0, 0, 0.5, 0.1], "rotation": 180, "texture": "#1"},
				"east": {"uv": [0, 0, 0.1, 0.25], "rotation": 270, "texture": "#1"},
				"south": {"uv": [0, 0, 0.5, 0.1], "texture": "#1"},
				"west": {"uv": [0, 0, 0.1, 0.25], "rotation": 90, "texture": "#1"},
				"up": {"uv": [0, 0, 0.5, 0.25], "rotation": 180, "texture": "#1"},
				"down": {"uv": [0, 0, 0.5, 0.25], "texture": "#1"}
			}
		},
		{
			"from": [7.75, -2.52825, 8.2488],
			"to": [8.25, -2.42825, 9.5988],
			"faces": {
				"north": {"uv": [0, 0, 0.5, 0.1], "rotation": 180, "texture": "#1"},
				"east": {"uv": [0, 0, 0.1, 1.35], "rotation": 270, "texture": "#1"},
				"south": {"uv": [0, 0, 0.5, 0.1], "texture": "#1"},
				"west": {"uv": [0, 0, 0.1, 1.35], "rotation": 90, "texture": "#1"},
				"up": {"uv": [0, 0, 0.5, 1.35], "rotation": 180, "texture": "#1"},
				"down": {"uv": [0, 0, 0.5, 1.35], "texture": "#1"}
			}
		},
		{
			"from": [7.75, -2.52825, 8.1488],
			"to": [8.25, -1.22825, 8.2988],
			"faces": {
				"north": {"uv": [0, 0, 0.5, 1.3], "rotation": 180, "texture": "#1"},
				"east": {"uv": [0, 0, 1.3, 0.15], "rotation": 270, "texture": "#1"},
				"south": {"uv": [0, 0, 0.5, 1.3], "texture": "#1"},
				"west": {"uv": [0, 0, 1.3, 0.15], "rotation": 90, "texture": "#1"},
				"up": {"uv": [0, 0, 0.5, 0.15], "rotation": 180, "texture": "#1"},
				"down": {"uv": [0, 0, 0.5, 0.15], "texture": "#1"}
			}
		},
		{
			"from": [7.75, -2.95411, 10.53973],
			"to": [8.25, -2.55411, 10.68973],
			"rotation": {"angle": 22.5, "axis": "x", "origin": [8, 3.64589, 10.48973]},
			"faces": {
				"north": {"uv": [0, 0, 0.5, 0.4], "rotation": 180, "texture": "#1"},
				"east": {"uv": [0, 0, 0.4, 0.15], "rotation": 270, "texture": "#1"},
				"south": {"uv": [0, 0, 0.5, 0.4], "texture": "#1"},
				"west": {"uv": [0, 0, 0.4, 0.15], "rotation": 90, "texture": "#1"},
				"up": {"uv": [0, 0, 0.5, 0.15], "rotation": 180, "texture": "#1"},
				"down": {"uv": [0, 0, 0.5, 0.15], "texture": "#1"}
			}
		},
		{
			"from": [7.75, -1.45411, 12.03973],
			"to": [8.25, -1.05411, 12.38973],
			"rotation": {"angle": 45, "axis": "x", "origin": [8, 3.84589, 10.28973]},
			"faces": {
				"north": {"uv": [0, 0, 0.5, 0.4], "rotation": 180, "texture": "#1"},
				"east": {"uv": [0, 0, 0.4, 0.35], "rotation": 270, "texture": "#1"},
				"south": {"uv": [0, 0, 0.5, 0.4], "texture": "#1"},
				"west": {"uv": [0, 0, 0.4, 0.35], "rotation": 90, "texture": "#1"},
				"up": {"uv": [0, 0, 0.5, 0.35], "rotation": 180, "texture": "#1"},
				"down": {"uv": [0, 0, 0.5, 0.35], "texture": "#1"}
			}
		},
		{
			"from": [7.75, -1.72825, 7.5988],
			"to": [8.25, -1.12825, 8.0488],
			"rotation": {"angle": 45, "axis": "x", "origin": [8, -1.87825, 8.2238]},
			"faces": {
				"north": {"uv": [0, 0, 0.5, 0.6], "rotation": 180, "texture": "#1"},
				"east": {"uv": [0, 0, 0.6, 0.45], "rotation": 270, "texture": "#1"},
				"south": {"uv": [0, 0, 0.5, 0.6], "texture": "#1"},
				"west": {"uv": [0, 0, 0.6, 0.45], "rotation": 90, "texture": "#1"},
				"up": {"uv": [0, 0, 0.5, 0.45], "rotation": 180, "texture": "#1"},
				"down": {"uv": [0, 0, 0.5, 0.45], "texture": "#1"}
			}
		},
		{
			"from": [7.55, -5.36334, 11.26185],
			"to": [8.45, -4.46334, 13.21185],
			"faces": {
				"north": {"uv": [0, 0, 0.9, 0.9], "rotation": 180, "texture": "#1"},
				"east": {"uv": [0, 0, 0.9, 1.95], "rotation": 270, "texture": "#1"},
				"south": {"uv": [0, 0, 0.9, 0.9], "texture": "#1"},
				"west": {"uv": [0, 0, 0.9, 1.95], "rotation": 90, "texture": "#1"},
				"up": {"uv": [0, 0, 0.9, 1.95], "rotation": 180, "texture": "#1"},
				"down": {"uv": [0, 0, 0.9, 1.95], "texture": "#1"}
			}
		},
		{
			"name": "hexadecagon",
			"from": [7.94271, -0.37, 4.612],
			"to": [8.05729, -0.3124, 8.732],
			"rotation": {"angle": -45, "axis": "z", "origin": [8, -0.082, 4.972]},
			"faces": {
				"north": {"uv": [0, 0, 1, 1], "texture": "#2"},
				"east": {"uv": [0, 0, 1, 1], "texture": "#2"},
				"south": {"uv": [0, 0, 1, 1], "texture": "#2"},
				"west": {"uv": [0, 0, 1, 1], "texture": "#2"},
				"up": {"uv": [0, 0, 1, 1], "texture": "#2"},
				"down": {"uv": [0, 0, 1, 1], "texture": "#2"}
			}
		},
		{
			"name": "hexadecagon",
			"from": [7.94271, -0.37, 4.612],
			"to": [8.05729, -0.3124, 8.732],
			"rotation": {"angle": -22.5, "axis": "z", "origin": [8, -0.082, 4.972]},
			"faces": {
				"north": {"uv": [0, 0, 1, 1], "texture": "#2"},
				"east": {"uv": [0, 0, 1, 1], "texture": "#2"},
				"south": {"uv": [0, 0, 1, 1], "texture": "#2"},
				"west": {"uv": [0, 0, 1, 1], "texture": "#2"},
				"up": {"uv": [0, 0, 1, 1], "texture": "#2"},
				"down": {"uv": [0, 0, 1, 1], "texture": "#2"}
			}
		},
		{
			"name": "hexadecagon",
			"from": [7.94271, -0.37, 4.612],
			"to": [8.05729, -0.3124, 8.732],
			"faces": {
				"north": {"uv": [0, 0, 1, 1], "texture": "#2"},
				"east": {"uv": [0, 0, 1, 1], "texture": "#2"},
				"south": {"uv": [0, 0, 1, 1], "texture": "#2"},
				"west": {"uv": [0, 0, 1, 1], "texture": "#2"},
				"up": {"uv": [0, 0, 1, 1], "texture": "#2"},
				"down": {"uv": [0, 0, 1, 1], "texture": "#2"}
			}
		},
		{
			"name": "hexadecagon",
			"from": [7.94271, -0.37, 4.612],
			"to": [8.05729, -0.3124, 8.732],
			"rotation": {"angle": 22.5, "axis": "z", "origin": [8, -0.082, 4.972]},
			"faces": {
				"north": {"uv": [0, 0, 1, 1], "texture": "#2"},
				"east": {"uv": [0, 0, 1, 1], "texture": "#2"},
				"south": {"uv": [0, 0, 1, 1], "texture": "#2"},
				"west": {"uv": [0, 0, 1, 1], "texture": "#2"},
				"up": {"uv": [0, 0, 1, 1], "texture": "#2"},
				"down": {"uv": [0, 0, 1, 1], "texture": "#2"}
			}
		},
		{
			"name": "hexadecagon",
			"from": [7.94271, -0.37, 4.612],
			"to": [8.05729, -0.3124, 8.732],
			"rotation": {"angle": 45, "axis": "z", "origin": [8, -0.082, 4.972]},
			"faces": {
				"north": {"uv": [0, 0, 1, 1], "texture": "#2"},
				"east": {"uv": [0, 0, 1, 1], "texture": "#2"},
				"south": {"uv": [0, 0, 1, 1], "texture": "#2"},
				"west": {"uv": [0, 0, 1, 1], "texture": "#2"},
				"up": {"uv": [0, 0, 1, 1], "texture": "#2"},
				"down": {"uv": [0, 0, 1, 1], "texture": "#2"}
			}
		},
		{
			"name": "hexadecagon",
			"from": [7.94271, 0.1484, 4.612],
			"to": [8.05729, 0.206, 8.732],
			"rotation": {"angle": -45, "axis": "z", "origin": [8, -0.082, 4.972]},
			"faces": {
				"north": {"uv": [0, 0, 1, 1], "texture": "#2"},
				"east": {"uv": [0, 0, 1, 1], "texture": "#2"},
				"south": {"uv": [0, 0, 1, 1], "texture": "#2"},
				"west": {"uv": [0, 0, 1, 1], "texture": "#2"},
				"up": {"uv": [0, 0, 1, 1], "texture": "#2"},
				"down": {"uv": [0, 0, 1, 1], "texture": "#2"}
			}
		},
		{
			"name": "hexadecagon",
			"from": [7.94271, 0.1484, 4.612],
			"to": [8.05729, 0.206, 8.732],
			"rotation": {"angle": -22.5, "axis": "z", "origin": [8, -0.082, 4.972]},
			"faces": {
				"north": {"uv": [0, 0, 1, 1], "texture": "#2"},
				"east": {"uv": [0, 0, 1, 1], "texture": "#2"},
				"south": {"uv": [0, 0, 1, 1], "texture": "#2"},
				"west": {"uv": [0, 0, 1, 1], "texture": "#2"},
				"up": {"uv": [0, 0, 1, 1], "texture": "#2"},
				"down": {"uv": [0, 0, 1, 1], "texture": "#2"}
			}
		},
		{
			"name": "hexadecagon",
			"from": [7.94271, 0.1484, 4.612],
			"to": [8.05729, 0.206, 8.732],
			"faces": {
				"north": {"uv": [0, 0, 1, 1], "texture": "#2"},
				"east": {"uv": [0, 0, 1, 1], "texture": "#2"},
				"south": {"uv": [0, 0, 1, 1], "texture": "#2"},
				"west": {"uv": [0, 0, 1, 1], "texture": "#2"},
				"up": {"uv": [0, 0, 1, 1], "texture": "#2"},
				"down": {"uv": [0, 0, 1, 1], "texture": "#2"}
			}
		},
		{
			"name": "hexadecagon",
			"from": [7.94271, 0.1484, 4.612],
			"to": [8.05729, 0.206, 8.732],
			"rotation": {"angle": 22.5, "axis": "z", "origin": [8, -0.082, 4.972]},
			"faces": {
				"north": {"uv": [0, 0, 1, 1], "texture": "#2"},
				"east": {"uv": [0, 0, 1, 1], "texture": "#2"},
				"south": {"uv": [0, 0, 1, 1], "texture": "#2"},
				"west": {"uv": [0, 0, 1, 1], "texture": "#2"},
				"up": {"uv": [0, 0, 1, 1], "texture": "#2"},
				"down": {"uv": [0, 0, 1, 1], "texture": "#2"}
			}
		},
		{
			"name": "hexadecagon",
			"from": [7.94271, 0.1484, 4.612],
			"to": [8.05729, 0.206, 8.732],
			"rotation": {"angle": 45, "axis": "z", "origin": [8, -0.082, 4.972]},
			"faces": {
				"north": {"uv": [0, 0, 1, 1], "texture": "#2"},
				"east": {"uv": [0, 0, 1, 1], "texture": "#2"},
				"south": {"uv": [0, 0, 1, 1], "texture": "#2"},
				"west": {"uv": [0, 0, 1, 1], "texture": "#2"},
				"up": {"uv": [0, 0, 1, 1], "texture": "#2"},
				"down": {"uv": [0, 0, 1, 1], "texture": "#2"}
			}
		},
		{
			"name": "hexadecagon",
			"from": [7.712, -0.13929, 4.612],
			"to": [7.7696, -0.02471, 8.732],
			"rotation": {"angle": -22.5, "axis": "z", "origin": [8, -0.082, 4.972]},
			"faces": {
				"north": {"uv": [0, 0, 1, 1], "texture": "#2"},
				"east": {"uv": [0, 0, 1, 1], "texture": "#2"},
				"south": {"uv": [0, 0, 1, 1], "texture": "#2"},
				"west": {"uv": [0, 0, 1, 1], "texture": "#2"},
				"up": {"uv": [0, 0, 1, 1], "texture": "#2"},
				"down": {"uv": [0, 0, 1, 1], "texture": "#2"}
			}
		},
		{
			"name": "hexadecagon",
			"from": [7.712, -0.13929, 4.612],
			"to": [7.7696, -0.02471, 8.732],
			"faces": {
				"north": {"uv": [0, 0, 1, 1], "texture": "#2"},
				"east": {"uv": [0, 0, 1, 1], "texture": "#2"},
				"south": {"uv": [0, 0, 1, 1], "texture": "#2"},
				"west": {"uv": [0, 0, 1, 1], "texture": "#2"},
				"up": {"uv": [0, 0, 1, 1], "texture": "#2"},
				"down": {"uv": [0, 0, 1, 1], "texture": "#2"}
			}
		},
		{
			"name": "hexadecagon",
			"from": [7.712, -0.13929, 4.612],
			"to": [7.7696, -0.02471, 8.732],
			"rotation": {"angle": 22.5, "axis": "z", "origin": [8, -0.082, 4.972]},
			"faces": {
				"north": {"uv": [0, 0, 1, 1], "texture": "#2"},
				"east": {"uv": [0, 0, 1, 1], "texture": "#2"},
				"south": {"uv": [0, 0, 1, 1], "texture": "#2"},
				"west": {"uv": [0, 0, 1, 1], "texture": "#2"},
				"up": {"uv": [0, 0, 1, 1], "texture": "#2"},
				"down": {"uv": [0, 0, 1, 1], "texture": "#2"}
			}
		},
		{
			"name": "hexadecagon",
			"from": [8.2304, -0.13929, 4.612],
			"to": [8.288, -0.02471, 8.732],
			"rotation": {"angle": -22.5, "axis": "z", "origin": [8, -0.082, 4.972]},
			"faces": {
				"north": {"uv": [0, 0, 1, 1], "texture": "#2"},
				"east": {"uv": [0, 0, 1, 1], "texture": "#2"},
				"south": {"uv": [0, 0, 1, 1], "texture": "#2"},
				"west": {"uv": [0, 0, 1, 1], "texture": "#2"},
				"up": {"uv": [0, 0, 1, 1], "texture": "#2"},
				"down": {"uv": [0, 0, 1, 1], "texture": "#2"}
			}
		},
		{
			"name": "hexadecagon",
			"from": [8.2304, -0.13929, 4.612],
			"to": [8.288, -0.02471, 8.732],
			"faces": {
				"north": {"uv": [0, 0, 1, 1], "texture": "#2"},
				"east": {"uv": [0, 0, 1, 1], "texture": "#2"},
				"south": {"uv": [0, 0, 1, 1], "texture": "#2"},
				"west": {"uv": [0, 0, 1, 1], "texture": "#2"},
				"up": {"uv": [0, 0, 1, 1], "texture": "#2"},
				"down": {"uv": [0, 0, 1, 1], "texture": "#2"}
			}
		},
		{
			"name": "hexadecagon",
			"from": [8.2304, -0.13929, 4.612],
			"to": [8.288, -0.02471, 8.732],
			"rotation": {"angle": 22.5, "axis": "z", "origin": [8, -0.082, 4.972]},
			"faces": {
				"north": {"uv": [0, 0, 1, 1], "texture": "#2"},
				"east": {"uv": [0, 0, 1, 1], "texture": "#2"},
				"south": {"uv": [0, 0, 1, 1], "texture": "#2"},
				"west": {"uv": [0, 0, 1, 1], "texture": "#2"},
				"up": {"uv": [0, 0, 1, 1], "texture": "#2"},
				"down": {"uv": [0, 0, 1, 1], "texture": "#2"}
			}
		},
		{
			"from": [8.25, -0.5, 4.7],
			"to": [8.45, 0.4, 5.5],
			"faces": {
				"north": {"uv": [0, 0, 0.2, 0.9], "texture": "#0"},
				"east": {"uv": [0, 0, 0.8, 0.9], "texture": "#0"},
				"south": {"uv": [0, 0, 0.2, 0.9], "texture": "#0"},
				"west": {"uv": [0, 0, 0.8, 0.9], "texture": "#0"},
				"up": {"uv": [0, 0, 0.2, 0.8], "texture": "#0"},
				"down": {"uv": [0, 0, 0.2, 0.8], "texture": "#0"}
			}
		},
		{
			"from": [7.5, -0.5, 4.7],
			"to": [7.75, 0.4, 5.5],
			"faces": {
				"north": {"uv": [0, 0, 0.25, 0.9], "texture": "#0"},
				"east": {"uv": [0, 0, 0.8, 0.9], "texture": "#0"},
				"south": {"uv": [0, 0, 0.25, 0.9], "texture": "#0"},
				"west": {"uv": [0, 0, 0.8, 0.9], "texture": "#0"},
				"up": {"uv": [0, 0, 0.25, 0.8], "texture": "#0"},
				"down": {"uv": [0, 0, 0.25, 0.8], "texture": "#0"}
			}
		},
		{
			"from": [4.95, 1.1, 4.7],
			"to": [5.2, 1.4, 5.5],
			"rotation": {"angle": 45, "axis": "z", "origin": [8, 4.6, 8]},
			"faces": {
				"north": {"uv": [0, 0, 0.25, 0.3], "texture": "#0"},
				"east": {"uv": [0, 0, 0.8, 0.3], "texture": "#0"},
				"south": {"uv": [0, 0, 0.25, 0.3], "texture": "#0"},
				"west": {"uv": [0, 0, 0.8, 0.3], "texture": "#0"},
				"up": {"uv": [0, 0, 0.25, 0.8], "texture": "#0"},
				"down": {"uv": [0, 0, 0.25, 0.8], "texture": "#0"}
			}
		},
		{
			"from": [4.25, 1.1, 4.7],
			"to": [4.45, 1.4, 5.5],
			"rotation": {"angle": 45, "axis": "z", "origin": [8, 4.6, 8]},
			"faces": {
				"north": {"uv": [0, 0, 0.2, 0.3], "texture": "#0"},
				"east": {"uv": [0, 0, 0.8, 0.3], "texture": "#0"},
				"south": {"uv": [0, 0, 0.2, 0.3], "texture": "#0"},
				"west": {"uv": [0, 0, 0.8, 0.3], "texture": "#0"},
				"up": {"uv": [0, 0, 0.2, 0.8], "texture": "#0"},
				"down": {"uv": [0, 0, 0.2, 0.8], "texture": "#0"}
			}
		},
		{
			"from": [7.94145, -0.74504, 4.69172],
			"to": [8.24145, -0.54504, 5.49172],
			"rotation": {"angle": 45, "axis": "z", "origin": [7.79145, -0.34504, 5.09172]},
			"faces": {
				"north": {"uv": [0, 0, 0.2, 0.3], "rotation": 90, "texture": "#0"},
				"east": {"uv": [0, 0, 0.2, 0.8], "rotation": 270, "texture": "#0"},
				"south": {"uv": [0, 0, 0.2, 0.3], "rotation": 270, "texture": "#0"},
				"west": {"uv": [0, 0, 0.2, 0.8], "rotation": 90, "texture": "#0"},
				"up": {"uv": [0, 0, 0.8, 0.3], "rotation": 270, "texture": "#0"},
				"down": {"uv": [0, 0, 0.8, 0.3], "rotation": 270, "texture": "#0"}
			}
		},
		{
			"from": [7.94145, -0.04504, 4.69172],
			"to": [8.24145, 0.15496, 5.49172],
			"rotation": {"angle": 45, "axis": "z", "origin": [7.79145, -0.34504, 5.09172]},
			"faces": {
				"north": {"uv": [0, 0, 0.2, 0.3], "rotation": 90, "texture": "#0"},
				"east": {"uv": [0, 0, 0.2, 0.8], "rotation": 270, "texture": "#0"},
				"south": {"uv": [0, 0, 0.2, 0.3], "rotation": 270, "texture": "#0"},
				"west": {"uv": [0, 0, 0.2, 0.8], "rotation": 90, "texture": "#0"},
				"up": {"uv": [0, 0, 0.8, 0.3], "rotation": 270, "texture": "#0"},
				"down": {"uv": [0, 0, 0.8, 0.3], "rotation": 270, "texture": "#0"}
			}
		},
		{
			"from": [7.55, -3.1, 10.15],
			"to": [8.45, -1.6, 10.6],
			"faces": {
				"north": {"uv": [0, 0, 0.9, 1.5], "rotation": 180, "texture": "#1"},
				"east": {"uv": [0, 0, 1.5, 0.45], "rotation": 270, "texture": "#1"},
				"south": {"uv": [0, 0, 0.9, 1.5], "texture": "#1"},
				"west": {"uv": [0, 0, 1.5, 0.45], "rotation": 90, "texture": "#1"},
				"up": {"uv": [0, 0, 0.9, 0.45], "rotation": 180, "texture": "#1"},
				"down": {"uv": [0, 0, 0.9, 0.45], "texture": "#1"}
			}
		},
		{
			"from": [7.55, -3.8, 10.45],
			"to": [8.45, -2.3, 10.9],
			"faces": {
				"north": {"uv": [0, 0, 0.9, 1.5], "rotation": 180, "texture": "#1"},
				"east": {"uv": [0, 0, 1.5, 0.45], "rotation": 270, "texture": "#1"},
				"south": {"uv": [0, 0, 0.9, 1.5], "texture": "#1"},
				"west": {"uv": [0, 0, 1.5, 0.45], "rotation": 90, "texture": "#1"},
				"up": {"uv": [0, 0, 0.9, 0.45], "rotation": 180, "texture": "#1"},
				"down": {"uv": [0, 0, 0.9, 0.45], "texture": "#1"}
			}
		},
		{
			"from": [7.55, -4.6, 10.75],
			"to": [8.45, -3.1, 11.2],
			"faces": {
				"north": {"uv": [0, 0, 0.9, 1.5], "rotation": 180, "texture": "#1"},
				"east": {"uv": [0, 0, 1.5, 0.45], "rotation": 270, "texture": "#1"},
				"south": {"uv": [0, 0, 0.9, 1.5], "texture": "#1"},
				"west": {"uv": [0, 0, 1.5, 0.45], "rotation": 90, "texture": "#1"},
				"up": {"uv": [0, 0, 0.9, 0.45], "rotation": 180, "texture": "#1"},
				"down": {"uv": [0, 0, 0.9, 0.45], "texture": "#1"}
			}
		},
		{
			"from": [7.65, -5.56334, 11.16185],
			"to": [8.35, -5.36334, 13.01185],
			"faces": {
				"north": {"uv": [0, 0, 0.9, 0.9], "rotation": 180, "texture": "#2"},
				"east": {"uv": [0, 0, 0.9, 1.95], "rotation": 270, "texture": "#2"},
				"south": {"uv": [0, 0, 0.9, 0.9], "texture": "#2"},
				"west": {"uv": [0, 0, 0.9, 1.95], "rotation": 90, "texture": "#2"},
				"up": {"uv": [0, 0, 0.9, 1.95], "rotation": 180, "texture": "#2"},
				"down": {"uv": [0, 0, 0.9, 1.95], "texture": "#2"}
			}
		}
	],
	"display": {
		"thirdperson_righthand": {
			"translation": [0, 7.75, -0.75],
			"scale": [0.83, 0.82, 0.82]
		},
		"firstperson_righthand": {
			"translation": [-3.75, 12.25, 0]
		},
		"gui": {
			"rotation": [21, 54, 0],
			"translation": [-0.75, 15, 0],
			"scale": [1.58, 1.58, 1.58]
		},
		"fixed": {
			"rotation": [97, -52, 96],
			"translation": [-7.5, 15.25, -2],
			"scale": [1.58, 1.67, 1.62]
		}
	},
	"groups": [0, 1, 2, 3, 4, 5, 6, 7, 8, 9, 10, 11, 12, 13, 14, 15, 16, 17, 18, 19, 20, 21, 22, 23, 24, 25, 26, 27, 28, 29, 30, 31, 32, 33, 34, 35, 36, 37, 38, 39, 40, 41, 42, 43, 44, 45, 46, 47, 48,
		{
			"name": "hexadecagon",
			"children": [49, 50, 51, 52, 53, 54, 55, 56, 57, 58, 59, 60, 61, 62, 63, 64]
		}, 65, 66, 67, 68, 69, 70, 71, 72, 73, 74]
}