{
	"credit": "Made with Blockbench",
	"textures": {
		"1": "custom/nothingness1/gray5",
		"2": "custom/nothingness1/ak"
	},
	"elements": [
		{
			"from": [7.6, 0, 7],
			"to": [8.4, 1.2, 7.3],
			"faces": {
				"north": {"uv": [0, 0, 0.8, 1.2], "texture": "#1"},
				"east": {"uv": [0, 0, 0.3, 1.2], "texture": "#1"},
				"south": {"uv": [0, 0, 0.8, 1.2], "texture": "#1"},
				"west": {"uv": [0, 0, 0.3, 1.2], "texture": "#1"},
				"up": {"uv": [0, 0, 0.8, 0.3], "texture": "#1"},
				"down": {"uv": [0, 0, 0.8, 0.3], "texture": "#1"}
			}
		},
		{
			"from": [7.6, 0.32218, 10.42929],
			"to": [8.4, 1.02218, 11.52929],
			"rotation": {"angle": 45, "axis": "x", "origin": [8, 0.42218, 10.92929]},
			"faces": {
				"north": {"uv": [0, 0, 0.8, 0.7], "texture": "#2"},
				"east": {"uv": [0, 0, 1.1, 0.7], "texture": "#2"},
				"south": {"uv": [0, 0, 0.8, 0.7], "texture": "#2"},
				"west": {"uv": [0, 0, 1.1, 0.7], "texture": "#2"},
				"up": {"uv": [0, 0, 0.8, 1.1], "texture": "#2"},
				"down": {"uv": [0, 0, 0.8, 1.1], "texture": "#2"}
			}
		},
		{
			"from": [7.6, -0.19895, 10.50021],
			"to": [8.4, 0.60105, 15.10021],
			"rotation": {"angle": 22.5, "axis": "x", "origin": [8, -0.09895, 11.50021]},
			"faces": {
				"north": {"uv": [0, 0, 0.8, 0.8], "texture": "#2"},
				"east": {"uv": [0, 0, 4.6, 0.8], "texture": "#2"},
				"south": {"uv": [0, 0, 0.8, 0.8], "texture": "#2"},
				"west": {"uv": [0, 0, 4.6, 0.8], "texture": "#2"},
				"up": {"uv": [0, 0, 0.8, 4.6], "texture": "#2"},
				"down": {"uv": [0, 0, 0.8, 4.6], "texture": "#2"}
			}
		},
		{
			"from": [7.6, 0.85105, 11.50021],
			"to": [8.4, 1.40105, 13.00021],
			"rotation": {"angle": 45, "axis": "x", "origin": [8, 0.40105, 10.50021]},
			"faces": {
				"north": {"uv": [0, 0, 0.8, 0.55], "texture": "#2"},
				"east": {"uv": [0, 0, 1.5, 0.55], "texture": "#2"},
				"south": {"uv": [0, 0, 0.8, 0.55], "texture": "#2"},
				"west": {"uv": [0, 0, 1.5, 0.55], "texture": "#2"},
				"up": {"uv": [0, 0, 0.8, 1.5], "texture": "#2"},
				"down": {"uv": [0, 0, 0.8, 1.5], "texture": "#2"}
			}
		},
		{
			"from": [7.6, -1.59895, 11.70021],
			"to": [8.4, -1.09895, 11.90021],
			"rotation": {"angle": -22.5, "axis": "x", "origin": [8, 0.40105, 10.50021]},
			"faces": {
				"north": {"uv": [0, 0, 0.8, 0.5], "rotation": 180, "texture": "#2"},
				"east": {"uv": [0, 0, 0.5, 0.2], "rotation": 270, "texture": "#2"},
				"south": {"uv": [0, 0, 0.8, 0.5], "texture": "#2"},
				"west": {"uv": [0, 0, 0.5, 0.2], "rotation": 90, "texture": "#2"},
				"up": {"uv": [0, 0, 0.8, 0.2], "rotation": 180, "texture": "#2"},
				"down": {"uv": [0, 0, 0.8, 0.2], "texture": "#2"}
			}
		},
		{
			"from": [7.6, -1.569, 14.78791],
			"to": [8.4, -0.769, 16.38791],
			"faces": {
				"north": {"uv": [0, 0, 0.8, 0.8], "texture": "#2"},
				"east": {"uv": [0, 0, 1.6, 0.8], "texture": "#2"},
				"south": {"uv": [0, 0, 0.8, 0.8], "texture": "#2"},
				"west": {"uv": [0, 0, 1.6, 0.8], "texture": "#2"},
				"up": {"uv": [0, 0, 0.8, 1.6], "texture": "#2"},
				"down": {"uv": [0, 0, 0.8, 1.6], "texture": "#2"}
			}
		},
		{
			"from": [7.6, -0.19895, 11.50021],
			"to": [8.4, 0.40105, 12.80021],
			"faces": {
				"north": {"uv": [0, 0, 0.8, 0.6], "texture": "#2"},
				"east": {"uv": [0, 0, 1.3, 0.6], "texture": "#2"},
				"south": {"uv": [0, 0, 0.8, 0.6], "texture": "#2"},
				"west": {"uv": [0, 0, 1.3, 0.6], "texture": "#2"},
				"up": {"uv": [0, 0, 0.8, 1.3], "texture": "#2"},
				"down": {"uv": [0, 0, 0.8, 1.3], "texture": "#2"}
			}
		},
		{
			"from": [7.6, -0.61195, 12.05558],
			"to": [8.4, -0.01195, 13.35558],
			"rotation": {"angle": -22.5, "axis": "x", "origin": [8, -0.11195, 11.65558]},
			"faces": {
				"north": {"uv": [0, 0, 0.8, 0.6], "texture": "#2"},
				"east": {"uv": [0, 0, 1.3, 0.6], "texture": "#2"},
				"south": {"uv": [0, 0, 0.8, 0.6], "texture": "#2"},
				"west": {"uv": [0, 0, 1.3, 0.6], "texture": "#2"},
				"up": {"uv": [0, 0, 0.8, 1.3], "texture": "#2"},
				"down": {"uv": [0, 0, 0.8, 1.3], "texture": "#2"}
			}
		},
		{
			"from": [7.6, -2.37536, 11.66504],
			"to": [8.4, -2.27536, 12.06504],
			"rotation": {"angle": -45, "axis": "x", "origin": [8, -0.77536, 10.46504]},
			"faces": {
				"north": {"uv": [0, 0, 0.8, 0.1], "rotation": 180, "texture": "#2"},
				"east": {"uv": [0, 0, 0.1, 0.4], "rotation": 270, "texture": "#2"},
				"south": {"uv": [0, 0, 0.8, 0.1], "texture": "#2"},
				"west": {"uv": [0, 0, 0.1, 0.4], "rotation": 90, "texture": "#2"},
				"up": {"uv": [0, 0, 0.8, 0.4], "rotation": 180, "texture": "#2"},
				"down": {"uv": [0, 0, 0.8, 0.4], "texture": "#2"}
			}
		},
		{
			"from": [7.6, -0.39283, 12.0999],
			"to": [8.4, 0.20717, 12.1999],
			"rotation": {"angle": 22.5, "axis": "x", "origin": [8, -1.59283, 10.5999]},
			"faces": {
				"north": {"uv": [0, 0, 0.8, 0.6], "texture": "#2"},
				"east": {"uv": [0, 0, 0.1, 0.6], "texture": "#2"},
				"south": {"uv": [0, 0, 0.8, 0.6], "texture": "#2"},
				"west": {"uv": [0, 0, 0.1, 0.6], "texture": "#2"},
				"up": {"uv": [0, 0, 0.8, 0.1], "texture": "#2"},
				"down": {"uv": [0, 0, 0.8, 0.1], "texture": "#2"}
			}
		},
		{
			"from": [7.6, -1.09647, 12.53733],
			"to": [8.4, -0.89647, 12.63733],
			"faces": {
				"north": {"uv": [0, 0, 0.8, 0.2], "texture": "#2"},
				"east": {"uv": [0, 0, 0.1, 0.2], "texture": "#2"},
				"south": {"uv": [0, 0, 0.8, 0.2], "texture": "#2"},
				"west": {"uv": [0, 0, 0.1, 0.2], "texture": "#2"},
				"up": {"uv": [0, 0, 0.8, 0.1], "texture": "#2"},
				"down": {"uv": [0, 0, 0.8, 0.1], "texture": "#2"}
			}
		},
		{
			"from": [7.6, -1.57915, 13.21073],
			"to": [8.4, -1.27915, 14.11073],
			"rotation": {"angle": -22.5, "axis": "x", "origin": [8, -2.77915, 11.71073]},
			"faces": {
				"north": {"uv": [0, 0, 0.8, 0.3], "texture": "#2"},
				"east": {"uv": [0, 0, 0.9, 0.3], "texture": "#2"},
				"south": {"uv": [0, 0, 0.8, 0.3], "texture": "#2"},
				"west": {"uv": [0, 0, 0.9, 0.3], "texture": "#2"},
				"up": {"uv": [0, 0, 0.8, 0.9], "texture": "#2"},
				"down": {"uv": [0, 0, 0.8, 0.9], "texture": "#2"}
			}
		},
		{
			"from": [7.6, -1.569, 14.78791],
			"to": [8.4, 0.631, 16.38791],
			"faces": {
				"north": {"uv": [0, 0, 0.8, 2.2], "texture": "#2"},
				"east": {"uv": [0, 0, 1.6, 2.2], "texture": "#2"},
				"south": {"uv": [0, 0, 0.8, 2.2], "texture": "#2"},
				"west": {"uv": [0, 0, 1.6, 2.2], "texture": "#2"},
				"up": {"uv": [0, 0, 0.8, 1.6], "texture": "#2"},
				"down": {"uv": [0, 0, 0.8, 1.6], "texture": "#2"}
			}
		},
		{
			"from": [7.6, -0.769, 13.18791],
			"to": [8.4, 0.631, 15.48791],
			"faces": {
				"north": {"uv": [0, 0, 0.8, 1.4], "texture": "#2"},
				"east": {"uv": [0, 0, 2.3, 1.4], "texture": "#2"},
				"south": {"uv": [0, 0, 0.8, 1.4], "texture": "#2"},
				"west": {"uv": [0, 0, 2.3, 1.4], "texture": "#2"},
				"up": {"uv": [0, 0, 0.8, 2.3], "texture": "#2"},
				"down": {"uv": [0, 0, 0.8, 2.3], "texture": "#2"}
			}
		},
		{
			"from": [7.6, 0, 7.3],
			"to": [8.4, 1.2, 11],
			"faces": {
				"north": {"uv": [0, 0, 0.8, 1.2], "texture": "#2"},
				"east": {"uv": [0, 0, 3.7, 1.2], "texture": "#2"},
				"south": {"uv": [0, 0, 0.8, 1.2], "texture": "#2"},
				"west": {"uv": [0, 0, 3.7, 1.2], "texture": "#2"},
				"up": {"uv": [0, 0, 0.8, 3.7], "texture": "#2"},
				"down": {"uv": [0, 0, 0.8, 3.7], "texture": "#2"}
			}
		},
		{
			"from": [7.65, 0, 4.8],
			"to": [8.35, 1.15, 7.2],
			"faces": {
				"north": {"uv": [0, 0, 0.7, 1.15], "texture": "#1"},
				"east": {"uv": [0, 0, 2.4, 1.15], "texture": "#1"},
				"south": {"uv": [0, 0, 0.7, 1.15], "texture": "#1"},
				"west": {"uv": [0, 0, 2.4, 1.15], "texture": "#1"},
				"up": {"uv": [0, 0, 0.7, 2.4], "texture": "#1"},
				"down": {"uv": [0, 0, 0.7, 2.4], "texture": "#1"}
			}
		},
		{
			"name": "hexadecagon",
			"from": [7.65, 0.71839, 4.06839],
			"to": [8.35, 0.86161, 4.78839],
			"rotation": {"angle": -45, "axis": "x", "origin": [8, 0.79, 4.42839]},
			"faces": {
				"north": {"uv": [0, 0, 1, 1], "texture": "#1"},
				"east": {"uv": [0, 0, 1, 1], "texture": "#1"},
				"south": {"uv": [0, 0, 1, 1], "texture": "#1"},
				"west": {"uv": [0, 0, 1, 1], "texture": "#1"},
				"up": {"uv": [0, 0, 1, 1], "texture": "#1"},
				"down": {"uv": [0, 0, 1, 1], "texture": "#1"}
			}
		},
		{
			"name": "hexadecagon",
			"from": [7.65, 0.71839, 4.06839],
			"to": [8.35, 0.86161, 4.78839],
			"rotation": {"angle": -22.5, "axis": "x", "origin": [8, 0.79, 4.42839]},
			"faces": {
				"north": {"uv": [0, 0, 1, 1], "texture": "#1"},
				"east": {"uv": [0, 0, 1, 1], "texture": "#1"},
				"south": {"uv": [0, 0, 1, 1], "texture": "#1"},
				"west": {"uv": [0, 0, 1, 1], "texture": "#1"},
				"up": {"uv": [0, 0, 1, 1], "texture": "#1"},
				"down": {"uv": [0, 0, 1, 1], "texture": "#1"}
			}
		},
		{
			"name": "hexadecagon",
			"from": [7.65, 0.71839, 4.06839],
			"to": [8.35, 0.86161, 4.78839],
			"faces": {
				"north": {"uv": [0, 0, 1, 1], "texture": "#1"},
				"east": {"uv": [0, 0, 1, 1], "texture": "#1"},
				"south": {"uv": [0, 0, 1, 1], "texture": "#1"},
				"west": {"uv": [0, 0, 1, 1], "texture": "#1"},
				"up": {"uv": [0, 0, 1, 1], "texture": "#1"},
				"down": {"uv": [0, 0, 1, 1], "texture": "#1"}
			}
		},
		{
			"name": "hexadecagon",
			"from": [7.65, 0.71839, 4.06839],
			"to": [8.35, 0.86161, 4.78839],
			"rotation": {"angle": 22.5, "axis": "x", "origin": [8, 0.79, 4.42839]},
			"faces": {
				"north": {"uv": [0, 0, 1, 1], "texture": "#1"},
				"east": {"uv": [0, 0, 1, 1], "texture": "#1"},
				"south": {"uv": [0, 0, 1, 1], "texture": "#1"},
				"west": {"uv": [0, 0, 1, 1], "texture": "#1"},
				"up": {"uv": [0, 0, 1, 1], "texture": "#1"},
				"down": {"uv": [0, 0, 1, 1], "texture": "#1"}
			}
		},
		{
			"name": "hexadecagon",
			"from": [7.65, 0.71839, 4.06839],
			"to": [8.35, 0.86161, 4.78839],
			"rotation": {"angle": 45, "axis": "x", "origin": [8, 0.79, 4.42839]},
			"faces": {
				"north": {"uv": [0, 0, 1, 1], "texture": "#1"},
				"east": {"uv": [0, 0, 1, 1], "texture": "#1"},
				"south": {"uv": [0, 0, 1, 1], "texture": "#1"},
				"west": {"uv": [0, 0, 1, 1], "texture": "#1"},
				"up": {"uv": [0, 0, 1, 1], "texture": "#1"},
				"down": {"uv": [0, 0, 1, 1], "texture": "#1"}
			}
		},
		{
			"name": "hexadecagon",
			"from": [7.65, 0.43, 4.35678],
			"to": [8.35, 1.15, 4.5],
			"rotation": {"angle": -22.5, "axis": "x", "origin": [8, 0.79, 4.42839]},
			"faces": {
				"north": {"uv": [0, 0, 1, 1], "texture": "#1"},
				"east": {"uv": [0, 0, 1, 1], "texture": "#1"},
				"south": {"uv": [0, 0, 1, 1], "texture": "#1"},
				"west": {"uv": [0, 0, 1, 1], "texture": "#1"},
				"up": {"uv": [0, 0, 1, 1], "texture": "#1"},
				"down": {"uv": [0, 0, 1, 1], "texture": "#1"}
			}
		},
		{
			"name": "hexadecagon",
			"from": [7.65, 0.43, 4.35678],
			"to": [8.35, 1.15, 5.7],
			"faces": {
				"north": {"uv": [0, 0, 1, 1], "texture": "#1"},
				"east": {"uv": [0, 0, 1, 1], "texture": "#1"},
				"south": {"uv": [0, 0, 1, 1], "texture": "#1"},
				"west": {"uv": [0, 0, 1, 1], "texture": "#1"},
				"up": {"uv": [0, 0, 1, 1], "texture": "#1"},
				"down": {"uv": [0, 0, 1, 1], "texture": "#1"}
			}
		},
		{
			"name": "hexadecagon",
			"from": [7.65, 0.43, 4.35678],
			"to": [8.35, 1.15, 4.5],
			"rotation": {"angle": 22.5, "axis": "x", "origin": [8, 0.79, 4.42839]},
			"faces": {
				"north": {"uv": [0, 0, 1, 1], "texture": "#1"},
				"east": {"uv": [0, 0, 1, 1], "texture": "#1"},
				"south": {"uv": [0, 0, 1, 1], "texture": "#1"},
				"west": {"uv": [0, 0, 1, 1], "texture": "#1"},
				"up": {"uv": [0, 0, 1, 1], "texture": "#1"},
				"down": {"uv": [0, 0, 1, 1], "texture": "#1"}
			}
		},
		{
			"from": [7.65, 0.05, 4.3],
			"to": [8.35, 0.3, 5.4],
			"rotation": {"angle": 22.5, "axis": "x", "origin": [8, 0.675, 5.6]},
			"faces": {
				"north": {"uv": [0, 0, 0.7, 0.25], "texture": "#1"},
				"east": {"uv": [0, 0, 1.1, 0.25], "texture": "#1"},
				"south": {"uv": [0, 0, 0.7, 0.25], "texture": "#1"},
				"west": {"uv": [0, 0, 1.1, 0.25], "texture": "#1"},
				"up": {"uv": [0, 0, 0.7, 1.1], "texture": "#1"},
				"down": {"uv": [0, 0, 0.7, 1.1], "texture": "#1"}
			}
		},
		{
			"from": [7.65, 0.7, 9.4],
			"to": [8.35, 1.4, 10.6],
			"faces": {
				"north": {"uv": [0, 0, 0.7, 0.7], "texture": "#1"},
				"east": {"uv": [0, 0, 1.2, 0.7], "texture": "#1"},
				"south": {"uv": [0, 0, 0.7, 0.7], "texture": "#1"},
				"west": {"uv": [0, 0, 1.2, 0.7], "texture": "#1"},
				"up": {"uv": [0, 0, 0.7, 1.2], "texture": "#1"},
				"down": {"uv": [0, 0, 0.7, 1.2], "texture": "#1"}
			}
		},
		{
			"from": [7.96184, 1.24322, 9.4],
			"to": [8.26184, 1.54322, 10.6],
			"rotation": {"angle": 22.5, "axis": "z", "origin": [7.91184, 1.54322, 10.1]},
			"faces": {
				"north": {"uv": [0, 0, 0.3, 0.3], "texture": "#1"},
				"east": {"uv": [0, 0, 1.2, 0.3], "rotation": 180, "texture": "#1"},
				"south": {"uv": [0, 0, 0.3, 0.3], "texture": "#1"},
				"west": {"uv": [0, 0, 1.2, 0.3], "rotation": 180, "texture": "#1"},
				"up": {"uv": [0, 0, 0.3, 1.2], "rotation": 180, "texture": "#1"},
				"down": {"uv": [0, 0, 0.3, 1.2], "rotation": 180, "texture": "#1"}
			}
		},
		{
			"from": [7.76861, 1.3963, 9.4],
			"to": [8.06861, 1.6963, 10.6],
			"rotation": {"angle": -22.5, "axis": "z", "origin": [7.71861, 1.6963, 10.1]},
			"faces": {
				"north": {"uv": [0, 0, 0.3, 0.3], "texture": "#1"},
				"east": {"uv": [0, 0, 1.2, 0.3], "rotation": 180, "texture": "#1"},
				"south": {"uv": [0, 0, 0.3, 0.3], "texture": "#1"},
				"west": {"uv": [0, 0, 1.2, 0.3], "rotation": 180, "texture": "#1"},
				"up": {"uv": [0, 0, 0.3, 1.2], "rotation": 180, "texture": "#1"},
				"down": {"uv": [0, 0, 0.3, 1.2], "rotation": 180, "texture": "#1"}
			}
		},
		{
			"from": [7.76481, 1.07716, 9.4],
			"to": [8.23481, 1.67716, 10.6],
			"faces": {
				"north": {"uv": [0, 0, 0.47, 0.6], "texture": "#1"},
				"east": {"uv": [0, 0, 1.2, 0.6], "rotation": 180, "texture": "#1"},
				"south": {"uv": [0, 0, 0.47, 0.6], "texture": "#1"},
				"west": {"uv": [0, 0, 1.2, 0.6], "rotation": 180, "texture": "#1"},
				"up": {"uv": [0, 0, 0.47, 1.2], "rotation": 180, "texture": "#1"},
				"down": {"uv": [0, 0, 0.47, 1.2], "rotation": 180, "texture": "#1"}
			}
		},
		{
			"from": [7.7102, 0.8076, 4.3592],
			"to": [8.2898, 1.3872, 10.1528],
			"faces": {
				"north": {"uv": [0, 0, 0.7, 0.7], "texture": "#1"},
				"east": {"uv": [0, 0, 1.2, 0.7], "texture": "#1"},
				"south": {"uv": [0, 0, 0.7, 0.7], "texture": "#1"},
				"west": {"uv": [0, 0, 1.2, 0.7], "texture": "#1"},
				"up": {"uv": [0, 0, 0.7, 1.2], "texture": "#1"},
				"down": {"uv": [0, 0, 0.7, 1.2], "texture": "#1"}
			}
		},
		{
			"from": [7.9684, 1.25739, 4.3592],
			"to": [8.2168, 1.50579, 10.1528],
			"rotation": {"angle": 22.5, "axis": "z", "origin": [7.927, 1.50579, 9.7388]},
			"faces": {
				"north": {"uv": [0, 0, 0.3, 0.3], "texture": "#1"},
				"east": {"uv": [0, 0, 1.2, 0.3], "rotation": 180, "texture": "#1"},
				"south": {"uv": [0, 0, 0.3, 0.3], "texture": "#1"},
				"west": {"uv": [0, 0, 1.2, 0.3], "rotation": 180, "texture": "#1"},
				"up": {"uv": [0, 0, 0.3, 1.2], "rotation": 180, "texture": "#1"},
				"down": {"uv": [0, 0, 0.3, 1.2], "rotation": 180, "texture": "#1"}
			}
		},
		{
			"from": [7.80526, 1.11989, 4.3592],
			"to": [8.19442, 1.61669, 10.1528],
			"faces": {
				"north": {"uv": [0, 0, 0.47, 0.6], "texture": "#1"},
				"east": {"uv": [0, 0, 1.2, 0.6], "rotation": 180, "texture": "#1"},
				"south": {"uv": [0, 0, 0.47, 0.6], "texture": "#1"},
				"west": {"uv": [0, 0, 1.2, 0.6], "rotation": 180, "texture": "#1"},
				"up": {"uv": [0, 0, 0.47, 1.2], "rotation": 180, "texture": "#1"},
				"down": {"uv": [0, 0, 0.47, 1.2], "rotation": 180, "texture": "#1"}
			}
		},
		{
			"from": [7.80841, 1.38413, 4.3592],
			"to": [8.05681, 1.63253, 10.1528],
			"rotation": {"angle": -22.5, "axis": "z", "origin": [7.76701, 1.63253, 9.7388]},
			"faces": {
				"north": {"uv": [0, 0, 0.3, 0.3], "texture": "#1"},
				"east": {"uv": [0, 0, 1.2, 0.3], "rotation": 180, "texture": "#1"},
				"south": {"uv": [0, 0, 0.3, 0.3], "texture": "#1"},
				"west": {"uv": [0, 0, 1.2, 0.3], "rotation": 180, "texture": "#1"},
				"up": {"uv": [0, 0, 0.3, 1.2], "rotation": 180, "texture": "#1"},
				"down": {"uv": [0, 0, 0.3, 1.2], "rotation": 180, "texture": "#1"}
			}
		},
		{
			"from": [8.1184, 1.25739, -1.4408],
			"to": [8.2168, 1.50579, 4.3528],
			"rotation": {"angle": 22.5, "axis": "z", "origin": [7.927, 1.50579, 3.9388]},
			"faces": {
				"north": {"uv": [0, 0, 0.3, 0.3], "texture": "#1"},
				"east": {"uv": [0, 0, 1.2, 0.3], "rotation": 180, "texture": "#1"},
				"south": {"uv": [0, 0, 0.3, 0.3], "texture": "#1"},
				"west": {"uv": [0, 0, 1.2, 0.3], "rotation": 180, "texture": "#1"},
				"up": {"uv": [0, 0, 0.3, 1.2], "rotation": 180, "texture": "#1"},
				"down": {"uv": [0, 0, 0.3, 1.2], "rotation": 180, "texture": "#1"}
			}
		},
		{
			"from": [7.80526, 1.51989, -1.4408],
			"to": [8.19442, 1.61669, 4.3528],
			"faces": {
				"north": {"uv": [0, 0, 0.47, 0.6], "texture": "#1"},
				"east": {"uv": [0, 0, 1.2, 0.6], "rotation": 180, "texture": "#1"},
				"south": {"uv": [0, 0, 0.47, 0.6], "texture": "#1"},
				"west": {"uv": [0, 0, 1.2, 0.6], "rotation": 180, "texture": "#1"},
				"up": {"uv": [0, 0, 0.47, 1.2], "rotation": 180, "texture": "#1"},
				"down": {"uv": [0, 0, 0.47, 1.2], "rotation": 180, "texture": "#1"}
			}
		},
		{
			"from": [8.1898, 0.8076, -1.4408],
			"to": [8.2898, 0.9872, 4.3528],
			"faces": {
				"north": {"uv": [0, 0, 0.7, 0.7], "texture": "#1"},
				"east": {"uv": [0, 0, 1.2, 0.7], "texture": "#1"},
				"south": {"uv": [0, 0, 0.7, 0.7], "texture": "#1"},
				"west": {"uv": [0, 0, 1.2, 0.7], "texture": "#1"},
				"up": {"uv": [0, 0, 0.7, 1.2], "texture": "#1"},
				"down": {"uv": [0, 0, 0.7, 1.2], "texture": "#1"}
			}
		},
		{
			"from": [7.80841, 1.38413, -1.4408],
			"to": [7.90681, 1.63253, 4.3528],
			"rotation": {"angle": -22.5, "axis": "z", "origin": [7.76701, 1.63253, 3.9388]},
			"faces": {
				"north": {"uv": [0, 0, 0.3, 0.3], "texture": "#1"},
				"east": {"uv": [0, 0, 1.2, 0.3], "rotation": 180, "texture": "#1"},
				"south": {"uv": [0, 0, 0.3, 0.3], "texture": "#1"},
				"west": {"uv": [0, 0, 1.2, 0.3], "rotation": 180, "texture": "#1"},
				"up": {"uv": [0, 0, 0.3, 1.2], "rotation": 180, "texture": "#1"},
				"down": {"uv": [0, 0, 0.3, 1.2], "rotation": 180, "texture": "#1"}
			}
		},
		{
			"from": [7.7102, 0.8076, -1.4408],
			"to": [7.8102, 0.9872, 4.3528],
			"faces": {
				"north": {"uv": [0, 0, 0.7, 0.7], "texture": "#1"},
				"east": {"uv": [0, 0, 1.2, 0.7], "texture": "#1"},
				"south": {"uv": [0, 0, 0.7, 0.7], "texture": "#1"},
				"west": {"uv": [0, 0, 1.2, 0.7], "texture": "#1"},
				"up": {"uv": [0, 0, 0.7, 1.2], "texture": "#1"},
				"down": {"uv": [0, 0, 0.7, 1.2], "texture": "#1"}
			}
		},
		{
			"from": [8.1184, 0.68901, -1.4408],
			"to": [8.2168, 0.93741, 4.3528],
			"rotation": {"angle": -22.5, "axis": "z", "origin": [7.927, 0.68901, 3.9388]},
			"faces": {
				"north": {"uv": [0, 0.3, 0.3, 0], "texture": "#1"},
				"east": {"uv": [0, 0.3, 1.2, 0], "rotation": 180, "texture": "#1"},
				"south": {"uv": [0, 0.3, 0.3, 0], "texture": "#1"},
				"west": {"uv": [0, 0.3, 1.2, 0], "rotation": 180, "texture": "#1"},
				"up": {"uv": [0, 1.2, 0.3, 0], "rotation": 180, "texture": "#1"},
				"down": {"uv": [0, 1.2, 0.3, 0], "rotation": 180, "texture": "#1"}
			}
		},
		{
			"from": [7.80526, 0.57811, -1.4408],
			"to": [8.19442, 0.67491, 4.3528],
			"faces": {
				"north": {"uv": [0, 0.6, 0.47, 0], "texture": "#1"},
				"east": {"uv": [0, 0.6, 1.2, 0], "rotation": 180, "texture": "#1"},
				"south": {"uv": [0, 0.6, 0.47, 0], "texture": "#1"},
				"west": {"uv": [0, 0.6, 1.2, 0], "rotation": 180, "texture": "#1"},
				"up": {"uv": [0, 1.2, 0.47, 0], "rotation": 180, "texture": "#1"},
				"down": {"uv": [0, 1.2, 0.47, 0], "rotation": 180, "texture": "#1"}
			}
		},
		{
			"from": [7.80841, 0.56227, -1.4408],
			"to": [7.90681, 0.81067, 4.3528],
			"rotation": {"angle": 22.5, "axis": "z", "origin": [7.76701, 0.56227, 3.9388]},
			"faces": {
				"north": {"uv": [0, 0.3, 0.3, 0], "texture": "#1"},
				"east": {"uv": [0, 0.3, 1.2, 0], "rotation": 180, "texture": "#1"},
				"south": {"uv": [0, 0.3, 0.3, 0], "texture": "#1"},
				"west": {"uv": [0, 0.3, 1.2, 0], "rotation": 180, "texture": "#1"},
				"up": {"uv": [0, 1.2, 0.3, 0], "rotation": 180, "texture": "#1"},
				"down": {"uv": [0, 1.2, 0.3, 0], "rotation": 180, "texture": "#1"}
			}
		},
		{
			"from": [8.1898, 1.2076, -1.4408],
			"to": [8.2898, 1.3872, 4.3528],
			"faces": {
				"north": {"uv": [0, 0, 0.7, 0.7], "texture": "#1"},
				"east": {"uv": [0, 0, 1.2, 0.7], "texture": "#1"},
				"south": {"uv": [0, 0, 0.7, 0.7], "texture": "#1"},
				"west": {"uv": [0, 0, 1.2, 0.7], "texture": "#1"},
				"up": {"uv": [0, 0, 0.7, 1.2], "texture": "#1"},
				"down": {"uv": [0, 0, 0.7, 1.2], "texture": "#1"}
			}
		},
		{
			"from": [7.7102, 1.2076, -1.4408],
			"to": [7.8102, 1.3872, 4.3528],
			"faces": {
				"north": {"uv": [0, 0, 0.7, 0.7], "texture": "#1"},
				"east": {"uv": [0, 0, 1.2, 0.7], "texture": "#1"},
				"south": {"uv": [0, 0, 0.7, 0.7], "texture": "#1"},
				"west": {"uv": [0, 0, 1.2, 0.7], "texture": "#1"},
				"up": {"uv": [0, 0, 0.7, 1.2], "texture": "#1"},
				"down": {"uv": [0, 0, 0.7, 1.2], "texture": "#1"}
			}
		},
		{
			"from": [8.1898, 0.8076, 3.8592],
			"to": [8.2898, 1.3872, 4.3528],
			"faces": {
				"north": {"uv": [0, 0, 0.7, 0.7], "texture": "#1"},
				"east": {"uv": [0, 0, 1.2, 0.7], "texture": "#1"},
				"south": {"uv": [0, 0, 0.7, 0.7], "texture": "#1"},
				"west": {"uv": [0, 0, 1.2, 0.7], "texture": "#1"},
				"up": {"uv": [0, 0, 0.7, 1.2], "texture": "#1"},
				"down": {"uv": [0, 0, 0.7, 1.2], "texture": "#1"}
			}
		},
		{
			"from": [7.7102, 0.8076, 3.8592],
			"to": [7.8102, 1.3872, 4.3528],
			"faces": {
				"north": {"uv": [0, 0, 0.7, 0.7], "texture": "#1"},
				"east": {"uv": [0, 0, 1.2, 0.7], "texture": "#1"},
				"south": {"uv": [0, 0, 0.7, 0.7], "texture": "#1"},
				"west": {"uv": [0, 0, 1.2, 0.7], "texture": "#1"},
				"up": {"uv": [0, 0, 0.7, 1.2], "texture": "#1"},
				"down": {"uv": [0, 0, 0.7, 1.2], "texture": "#1"}
			}
		},
		{
			"from": [8.1898, 0.8076, 2.5592],
			"to": [8.2898, 1.3872, 2.8528],
			"faces": {
				"north": {"uv": [0, 0, 0.7, 0.7], "texture": "#1"},
				"east": {"uv": [0, 0, 1.2, 0.7], "texture": "#1"},
				"south": {"uv": [0, 0, 0.7, 0.7], "texture": "#1"},
				"west": {"uv": [0, 0, 1.2, 0.7], "texture": "#1"},
				"up": {"uv": [0, 0, 0.7, 1.2], "texture": "#1"},
				"down": {"uv": [0, 0, 0.7, 1.2], "texture": "#1"}
			}
		},
		{
			"from": [7.7102, 0.8076, 2.5592],
			"to": [7.8102, 1.3872, 2.8528],
			"faces": {
				"north": {"uv": [0, 0, 0.7, 0.7], "texture": "#1"},
				"east": {"uv": [0, 0, 1.2, 0.7], "texture": "#1"},
				"south": {"uv": [0, 0, 0.7, 0.7], "texture": "#1"},
				"west": {"uv": [0, 0, 1.2, 0.7], "texture": "#1"},
				"up": {"uv": [0, 0, 0.7, 1.2], "texture": "#1"},
				"down": {"uv": [0, 0, 0.7, 1.2], "texture": "#1"}
			}
		},
		{
			"from": [8.1898, 0.8076, 1.3592],
			"to": [8.2898, 1.3872, 1.6528],
			"faces": {
				"north": {"uv": [0, 0, 0.7, 0.7], "texture": "#1"},
				"east": {"uv": [0, 0, 1.2, 0.7], "texture": "#1"},
				"south": {"uv": [0, 0, 0.7, 0.7], "texture": "#1"},
				"west": {"uv": [0, 0, 1.2, 0.7], "texture": "#1"},
				"up": {"uv": [0, 0, 0.7, 1.2], "texture": "#1"},
				"down": {"uv": [0, 0, 0.7, 1.2], "texture": "#1"}
			}
		},
		{
			"from": [7.7102, 0.8076, 1.3592],
			"to": [7.8102, 1.3872, 1.6528],
			"faces": {
				"north": {"uv": [0, 0, 0.7, 0.7], "texture": "#1"},
				"east": {"uv": [0, 0, 1.2, 0.7], "texture": "#1"},
				"south": {"uv": [0, 0, 0.7, 0.7], "texture": "#1"},
				"west": {"uv": [0, 0, 1.2, 0.7], "texture": "#1"},
				"up": {"uv": [0, 0, 0.7, 1.2], "texture": "#1"},
				"down": {"uv": [0, 0, 0.7, 1.2], "texture": "#1"}
			}
		},
		{
			"from": [8.1898, 0.8076, 0.1592],
			"to": [8.2898, 1.3872, 0.4528],
			"faces": {
				"north": {"uv": [0, 0, 0.7, 0.7], "texture": "#1"},
				"east": {"uv": [0, 0, 1.2, 0.7], "texture": "#1"},
				"south": {"uv": [0, 0, 0.7, 0.7], "texture": "#1"},
				"west": {"uv": [0, 0, 1.2, 0.7], "texture": "#1"},
				"up": {"uv": [0, 0, 0.7, 1.2], "texture": "#1"},
				"down": {"uv": [0, 0, 0.7, 1.2], "texture": "#1"}
			}
		},
		{
			"from": [7.7102, 0.8076, 0.1592],
			"to": [7.8102, 1.3872, 0.4528],
			"faces": {
				"north": {"uv": [0, 0, 0.7, 0.7], "texture": "#1"},
				"east": {"uv": [0, 0, 1.2, 0.7], "texture": "#1"},
				"south": {"uv": [0, 0, 0.7, 0.7], "texture": "#1"},
				"west": {"uv": [0, 0, 1.2, 0.7], "texture": "#1"},
				"up": {"uv": [0, 0, 0.7, 1.2], "texture": "#1"},
				"down": {"uv": [0, 0, 0.7, 1.2], "texture": "#1"}
			}
		},
		{
			"from": [8.1898, 0.8076, -1.4408],
			"to": [8.2898, 1.3872, -0.7472],
			"faces": {
				"north": {"uv": [0, 0, 0.7, 0.7], "texture": "#1"},
				"east": {"uv": [0, 0, 1.2, 0.7], "texture": "#1"},
				"south": {"uv": [0, 0, 0.7, 0.7], "texture": "#1"},
				"west": {"uv": [0, 0, 1.2, 0.7], "texture": "#1"},
				"up": {"uv": [0, 0, 0.7, 1.2], "texture": "#1"},
				"down": {"uv": [0, 0, 0.7, 1.2], "texture": "#1"}
			}
		},
		{
			"from": [7.7102, 0.8076, -1.4408],
			"to": [7.8102, 1.3872, -0.7472],
			"faces": {
				"north": {"uv": [0, 0, 0.7, 0.7], "texture": "#1"},
				"east": {"uv": [0, 0, 1.2, 0.7], "texture": "#1"},
				"south": {"uv": [0, 0, 0.7, 0.7], "texture": "#1"},
				"west": {"uv": [0, 0, 1.2, 0.7], "texture": "#1"},
				"up": {"uv": [0, 0, 0.7, 1.2], "texture": "#1"},
				"down": {"uv": [0, 0, 0.7, 1.2], "texture": "#1"}
			}
		},
		{
			"from": [7.7102, 0.4076, 3.3592],
			"to": [8.3102, 0.8872, 4.6528],
			"faces": {
				"north": {"uv": [0, 0, 0.7, 0.7], "texture": "#1"},
				"east": {"uv": [0, 0, 1.2, 0.7], "texture": "#1"},
				"south": {"uv": [0, 0, 0.7, 0.7], "texture": "#1"},
				"west": {"uv": [0, 0, 1.2, 0.7], "texture": "#1"},
				"up": {"uv": [0, 0, 0.7, 1.2], "texture": "#1"},
				"down": {"uv": [0, 0, 0.7, 1.2], "texture": "#1"}
			}
		},
		{
			"from": [7.7102, 0.98244, 4.99368],
			"to": [8.3102, 1.06204, 6.03728],
			"rotation": {"angle": 22.5, "axis": "x", "origin": [8, 7.42684, 3.25328]},
			"faces": {
				"north": {"uv": [0, 0, 0.7, 0.7], "texture": "#1"},
				"east": {"uv": [0, 0, 1.2, 0.7], "texture": "#1"},
				"south": {"uv": [0, 0, 0.7, 0.7], "texture": "#1"},
				"west": {"uv": [0, 0, 1.2, 0.7], "texture": "#1"},
				"up": {"uv": [0, 0, 0.7, 1.2], "texture": "#1"},
				"down": {"uv": [0, 0, 0.7, 1.2], "texture": "#1"}
			}
		},
		{
			"from": [7.7102, 0.98244, 5.09368],
			"to": [8.3102, 1.16204, 6.03728],
			"rotation": {"angle": 22.5, "axis": "x", "origin": [8, 7.42684, 3.25328]},
			"faces": {
				"north": {"uv": [0, 0, 0.7, 0.7], "texture": "#1"},
				"east": {"uv": [0, 0, 1.2, 0.7], "texture": "#1"},
				"south": {"uv": [0, 0, 0.7, 0.7], "texture": "#1"},
				"west": {"uv": [0, 0, 1.2, 0.7], "texture": "#1"},
				"up": {"uv": [0, 0, 0.7, 1.2], "texture": "#1"},
				"down": {"uv": [0, 0, 0.7, 1.2], "texture": "#1"}
			}
		},
		{
			"from": [7.7102, 0.98244, 5.19368],
			"to": [8.3102, 1.36204, 6.03728],
			"rotation": {"angle": 22.5, "axis": "x", "origin": [8, 7.42684, 3.25328]},
			"faces": {
				"north": {"uv": [0, 0, 0.7, 0.7], "texture": "#1"},
				"east": {"uv": [0, 0, 1.2, 0.7], "texture": "#1"},
				"south": {"uv": [0, 0, 0.7, 0.7], "texture": "#1"},
				"west": {"uv": [0, 0, 1.2, 0.7], "texture": "#1"},
				"up": {"uv": [0, 0, 0.7, 1.2], "texture": "#1"},
				"down": {"uv": [0, 0, 0.7, 1.2], "texture": "#1"}
			}
		},
		{
			"name": "hexadecagon",
			"from": [7.63217, -2.81568, 5.5],
			"to": [8.36783, 0.88272, 6],
			"rotation": {"angle": -45, "axis": "z", "origin": [8, -0.96648, 6]},
			"faces": {
				"north": {"uv": [0, 0, 1, 1], "texture": "#1"},
				"east": {"uv": [0, 0, 1, 1], "texture": "#1"},
				"south": {"uv": [0, 0, 1, 1], "texture": "#1"},
				"west": {"uv": [0, 0, 1, 1], "texture": "#1"},
				"up": {"uv": [0, 0, 1, 1], "texture": "#1"},
				"down": {"uv": [0, 0, 1, 1], "texture": "#1"}
			}
		},
		{
			"name": "hexadecagon",
			"from": [7.63217, -2.81568, 5.5],
			"to": [8.36783, 0.88272, 6],
			"rotation": {"angle": -22.5, "axis": "z", "origin": [8, -0.96648, 6]},
			"faces": {
				"north": {"uv": [0, 0, 1, 1], "texture": "#1"},
				"east": {"uv": [0, 0, 1, 1], "texture": "#1"},
				"south": {"uv": [0, 0, 1, 1], "texture": "#1"},
				"west": {"uv": [0, 0, 1, 1], "texture": "#1"},
				"up": {"uv": [0, 0, 1, 1], "texture": "#1"},
				"down": {"uv": [0, 0, 1, 1], "texture": "#1"}
			}
		},
		{
			"name": "hexadecagon",
			"from": [7.63217, -2.81568, 5.5],
			"to": [8.36783, 0.88272, 6],
			"faces": {
				"north": {"uv": [0, 0, 1, 1], "texture": "#1"},
				"east": {"uv": [0, 0, 1, 1], "texture": "#1"},
				"south": {"uv": [0, 0, 1, 1], "texture": "#1"},
				"west": {"uv": [0, 0, 1, 1], "texture": "#1"},
				"up": {"uv": [0, 0, 1, 1], "texture": "#1"},
				"down": {"uv": [0, 0, 1, 1], "texture": "#1"}
			}
		},
		{
			"name": "hexadecagon",
			"from": [7.63217, -2.81568, 5.5],
			"to": [8.36783, 0.88272, 6],
			"rotation": {"angle": 22.5, "axis": "z", "origin": [8, -0.96648, 6]},
			"faces": {
				"north": {"uv": [0, 0, 1, 1], "texture": "#1"},
				"east": {"uv": [0, 0, 1, 1], "texture": "#1"},
				"south": {"uv": [0, 0, 1, 1], "texture": "#1"},
				"west": {"uv": [0, 0, 1, 1], "texture": "#1"},
				"up": {"uv": [0, 0, 1, 1], "texture": "#1"},
				"down": {"uv": [0, 0, 1, 1], "texture": "#1"}
			}
		},
		{
			"name": "hexadecagon",
			"from": [7.63217, -2.81568, 5.5],
			"to": [8.36783, 0.88272, 6],
			"rotation": {"angle": 45, "axis": "z", "origin": [8, -0.96648, 6]},
			"faces": {
				"north": {"uv": [0, 0, 1, 1], "texture": "#1"},
				"east": {"uv": [0, 0, 1, 1], "texture": "#1"},
				"south": {"uv": [0, 0, 1, 1], "texture": "#1"},
				"west": {"uv": [0, 0, 1, 1], "texture": "#1"},
				"up": {"uv": [0, 0, 1, 1], "texture": "#1"},
				"down": {"uv": [0, 0, 1, 1], "texture": "#1"}
			}
		},
		{
			"name": "hexadecagon",
			"from": [6.1508, -1.33431, 5.5],
			"to": [9.8492, -0.59865, 6],
			"rotation": {"angle": -22.5, "axis": "z", "origin": [8, -0.96648, 6]},
			"faces": {
				"north": {"uv": [0, 0, 1, 1], "texture": "#1"},
				"east": {"uv": [0, 0, 1, 1], "texture": "#1"},
				"south": {"uv": [0, 0, 1, 1], "texture": "#1"},
				"west": {"uv": [0, 0, 1, 1], "texture": "#1"},
				"up": {"uv": [0, 0, 1, 1], "texture": "#1"},
				"down": {"uv": [0, 0, 1, 1], "texture": "#1"}
			}
		},
		{
			"name": "hexadecagon",
			"from": [6.1508, -1.33431, 5.5],
			"to": [9.8492, -0.59865, 6],
			"faces": {
				"north": {"uv": [0, 0, 1, 1], "texture": "#1"},
				"east": {"uv": [0, 0, 1, 1], "texture": "#1"},
				"south": {"uv": [0, 0, 1, 1], "texture": "#1"},
				"west": {"uv": [0, 0, 1, 1], "texture": "#1"},
				"up": {"uv": [0, 0, 1, 1], "texture": "#1"},
				"down": {"uv": [0, 0, 1, 1], "texture": "#1"}
			}
		},
		{
			"name": "hexadecagon",
			"from": [6.1508, -1.33431, 5.5],
			"to": [9.8492, -0.59865, 6],
			"rotation": {"angle": 22.5, "axis": "z", "origin": [8, -0.96648, 6]},
			"faces": {
				"north": {"uv": [0, 0, 1, 1], "texture": "#1"},
				"east": {"uv": [0, 0, 1, 1], "texture": "#1"},
				"south": {"uv": [0, 0, 1, 1], "texture": "#1"},
				"west": {"uv": [0, 0, 1, 1], "texture": "#1"},
				"up": {"uv": [0, 0, 1, 1], "texture": "#1"},
				"down": {"uv": [0, 0, 1, 1], "texture": "#1"}
			}
		},
		{
			"name": "hexadecagon",
			"from": [6.1508, -1.33431, 6.2],
			"to": [9.8492, -0.59865, 6.8],
			"rotation": {"angle": 22.5, "axis": "z", "origin": [8, -0.96648, 6]},
			"faces": {
				"north": {"uv": [0, 0, 1, 1], "texture": "#1"},
				"east": {"uv": [0, 0, 1, 1], "texture": "#1"},
				"south": {"uv": [0, 0, 1, 1], "texture": "#1"},
				"west": {"uv": [0, 0, 1, 1], "texture": "#1"},
				"up": {"uv": [0, 0, 1, 1], "texture": "#1"},
				"down": {"uv": [0, 0, 1, 1], "texture": "#1"}
			}
		},
		{
			"name": "hexadecagon",
			"from": [6.1508, -1.33431, 6.2],
			"to": [9.8492, -0.59865, 6.8],
			"faces": {
				"north": {"uv": [0, 0, 1, 1], "texture": "#1"},
				"east": {"uv": [0, 0, 1, 1], "texture": "#1"},
				"south": {"uv": [0, 0, 1, 1], "texture": "#1"},
				"west": {"uv": [0, 0, 1, 1], "texture": "#1"},
				"up": {"uv": [0, 0, 1, 1], "texture": "#1"},
				"down": {"uv": [0, 0, 1, 1], "texture": "#1"}
			}
		},
		{
			"name": "hexadecagon",
			"from": [6.1508, -1.33431, 6.2],
			"to": [9.8492, -0.59865, 6.8],
			"rotation": {"angle": -22.5, "axis": "z", "origin": [8, -0.96648, 6]},
			"faces": {
				"north": {"uv": [0, 0, 1, 1], "texture": "#1"},
				"east": {"uv": [0, 0, 1, 1], "texture": "#1"},
				"south": {"uv": [0, 0, 1, 1], "texture": "#1"},
				"west": {"uv": [0, 0, 1, 1], "texture": "#1"},
				"up": {"uv": [0, 0, 1, 1], "texture": "#1"},
				"down": {"uv": [0, 0, 1, 1], "texture": "#1"}
			}
		},
		{
			"name": "hexadecagon",
			"from": [7.63217, -2.81568, 6.2],
			"to": [8.36783, 0.88272, 6.8],
			"rotation": {"angle": 45, "axis": "z", "origin": [8, -0.96648, 6]},
			"faces": {
				"north": {"uv": [0, 0, 1, 1], "texture": "#1"},
				"east": {"uv": [0, 0, 1, 1], "texture": "#1"},
				"south": {"uv": [0, 0, 1, 1], "texture": "#1"},
				"west": {"uv": [0, 0, 1, 1], "texture": "#1"},
				"up": {"uv": [0, 0, 1, 1], "texture": "#1"},
				"down": {"uv": [0, 0, 1, 1], "texture": "#1"}
			}
		},
		{
			"name": "hexadecagon",
			"from": [7.63217, -2.81568, 6.2],
			"to": [8.36783, 0.88272, 6.8],
			"rotation": {"angle": 22.5, "axis": "z", "origin": [8, -0.96648, 6]},
			"faces": {
				"north": {"uv": [0, 0, 1, 1], "texture": "#1"},
				"east": {"uv": [0, 0, 1, 1], "texture": "#1"},
				"south": {"uv": [0, 0, 1, 1], "texture": "#1"},
				"west": {"uv": [0, 0, 1, 1], "texture": "#1"},
				"up": {"uv": [0, 0, 1, 1], "texture": "#1"},
				"down": {"uv": [0, 0, 1, 1], "texture": "#1"}
			}
		},
		{
			"name": "hexadecagon",
			"from": [7.63217, -2.81568, 6.2],
			"to": [8.36783, 0.88272, 6.8],
			"faces": {
				"north": {"uv": [0, 0, 1, 1], "texture": "#1"},
				"east": {"uv": [0, 0, 1, 1], "texture": "#1"},
				"south": {"uv": [0, 0, 1, 1], "texture": "#1"},
				"west": {"uv": [0, 0, 1, 1], "texture": "#1"},
				"up": {"uv": [0, 0, 1, 1], "texture": "#1"},
				"down": {"uv": [0, 0, 1, 1], "texture": "#1"}
			}
		},
		{
			"name": "hexadecagon",
			"from": [7.63217, -2.81568, 6.2],
			"to": [8.36783, 0.88272, 6.8],
			"rotation": {"angle": -22.5, "axis": "z", "origin": [8, -0.96648, 6]},
			"faces": {
				"north": {"uv": [0, 0, 1, 1], "texture": "#1"},
				"east": {"uv": [0, 0, 1, 1], "texture": "#1"},
				"south": {"uv": [0, 0, 1, 1], "texture": "#1"},
				"west": {"uv": [0, 0, 1, 1], "texture": "#1"},
				"up": {"uv": [0, 0, 1, 1], "texture": "#1"},
				"down": {"uv": [0, 0, 1, 1], "texture": "#1"}
			}
		},
		{
			"name": "hexadecagon",
			"from": [7.63217, -2.81568, 6.2],
			"to": [8.36783, 0.88272, 6.8],
			"rotation": {"angle": -45, "axis": "z", "origin": [8, -0.96648, 6]},
			"faces": {
				"north": {"uv": [0, 0, 1, 1], "texture": "#1"},
				"east": {"uv": [0, 0, 1, 1], "texture": "#1"},
				"south": {"uv": [0, 0, 1, 1], "texture": "#1"},
				"west": {"uv": [0, 0, 1, 1], "texture": "#1"},
				"up": {"uv": [0, 0, 1, 1], "texture": "#1"},
				"down": {"uv": [0, 0, 1, 1], "texture": "#1"}
			}
		},
		{
			"name": "hexadecagon",
			"from": [6.18039, -1.32496, 5.9],
			"to": [9.81961, -0.60107, 6.5],
			"rotation": {"angle": 22.5, "axis": "z", "origin": [8, -0.96302, 5.7]},
			"faces": {
				"north": {"uv": [0, 0, 1, 1], "texture": "#1"},
				"east": {"uv": [0, 0, 1, 1], "texture": "#1"},
				"south": {"uv": [0, 0, 1, 1], "texture": "#1"},
				"west": {"uv": [0, 0, 1, 1], "texture": "#1"},
				"up": {"uv": [0, 0, 1, 1], "texture": "#1"},
				"down": {"uv": [0, 0, 1, 1], "texture": "#1"}
			}
		},
		{
			"name": "hexadecagon",
			"from": [6.18039, -1.32496, 5.9],
			"to": [9.81961, -0.60107, 6.5],
			"faces": {
				"north": {"uv": [0, 0, 1, 1], "texture": "#1"},
				"east": {"uv": [0, 0, 1, 1], "texture": "#1"},
				"south": {"uv": [0, 0, 1, 1], "texture": "#1"},
				"west": {"uv": [0, 0, 1, 1], "texture": "#1"},
				"up": {"uv": [0, 0, 1, 1], "texture": "#1"},
				"down": {"uv": [0, 0, 1, 1], "texture": "#1"}
			}
		},
		{
			"name": "hexadecagon",
			"from": [6.18039, -1.32496, 5.9],
			"to": [9.81961, -0.60107, 6.5],
			"rotation": {"angle": -22.5, "axis": "z", "origin": [8, -0.96302, 5.7]},
			"faces": {
				"north": {"uv": [0, 0, 1, 1], "texture": "#1"},
				"east": {"uv": [0, 0, 1, 1], "texture": "#1"},
				"south": {"uv": [0, 0, 1, 1], "texture": "#1"},
				"west": {"uv": [0, 0, 1, 1], "texture": "#1"},
				"up": {"uv": [0, 0, 1, 1], "texture": "#1"},
				"down": {"uv": [0, 0, 1, 1], "texture": "#1"}
			}
		},
		{
			"name": "hexadecagon",
			"from": [7.63806, -2.78263, 5.9],
			"to": [8.36194, 0.8566, 6.5],
			"rotation": {"angle": 45, "axis": "z", "origin": [8, -0.96302, 5.7]},
			"faces": {
				"north": {"uv": [0, 0, 1, 1], "texture": "#1"},
				"east": {"uv": [0, 0, 1, 1], "texture": "#1"},
				"south": {"uv": [0, 0, 1, 1], "texture": "#1"},
				"west": {"uv": [0, 0, 1, 1], "texture": "#1"},
				"up": {"uv": [0, 0, 1, 1], "texture": "#1"},
				"down": {"uv": [0, 0, 1, 1], "texture": "#1"}
			}
		},
		{
			"name": "hexadecagon",
			"from": [7.63806, -2.78263, 5.9],
			"to": [8.36194, 0.8566, 6.5],
			"rotation": {"angle": 22.5, "axis": "z", "origin": [8, -0.96302, 5.7]},
			"faces": {
				"north": {"uv": [0, 0, 1, 1], "texture": "#1"},
				"east": {"uv": [0, 0, 1, 1], "texture": "#1"},
				"south": {"uv": [0, 0, 1, 1], "texture": "#1"},
				"west": {"uv": [0, 0, 1, 1], "texture": "#1"},
				"up": {"uv": [0, 0, 1, 1], "texture": "#1"},
				"down": {"uv": [0, 0, 1, 1], "texture": "#1"}
			}
		},
		{
			"name": "hexadecagon",
			"from": [7.63806, -2.78263, 5.9],
			"to": [8.36194, 0.8566, 6.5],
			"faces": {
				"north": {"uv": [0, 0, 1, 1], "texture": "#1"},
				"east": {"uv": [0, 0, 1, 1], "texture": "#1"},
				"south": {"uv": [0, 0, 1, 1], "texture": "#1"},
				"west": {"uv": [0, 0, 1, 1], "texture": "#1"},
				"up": {"uv": [0, 0, 1, 1], "texture": "#1"},
				"down": {"uv": [0, 0, 1, 1], "texture": "#1"}
			}
		},
		{
			"name": "hexadecagon",
			"from": [7.63806, -2.78263, 5.9],
			"to": [8.36194, 0.8566, 6.5],
			"rotation": {"angle": -22.5, "axis": "z", "origin": [8, -0.96302, 5.7]},
			"faces": {
				"north": {"uv": [0, 0, 1, 1], "texture": "#1"},
				"east": {"uv": [0, 0, 1, 1], "texture": "#1"},
				"south": {"uv": [0, 0, 1, 1], "texture": "#1"},
				"west": {"uv": [0, 0, 1, 1], "texture": "#1"},
				"up": {"uv": [0, 0, 1, 1], "texture": "#1"},
				"down": {"uv": [0, 0, 1, 1], "texture": "#1"}
			}
		},
		{
			"name": "hexadecagon",
			"from": [7.63806, -2.78263, 5.9],
			"to": [8.36194, 0.8566, 6.5],
			"rotation": {"angle": -45, "axis": "z", "origin": [8, -0.96302, 5.7]},
			"faces": {
				"north": {"uv": [0, 0, 1, 1], "texture": "#1"},
				"east": {"uv": [0, 0, 1, 1], "texture": "#1"},
				"south": {"uv": [0, 0, 1, 1], "texture": "#1"},
				"west": {"uv": [0, 0, 1, 1], "texture": "#1"},
				"up": {"uv": [0, 0, 1, 1], "texture": "#1"},
				"down": {"uv": [0, 0, 1, 1], "texture": "#1"}
			}
		},
		{
			"from": [7.85526, 2.21989, -0.0408],
			"to": [8.14442, 2.41669, 0.5528],
			"rotation": {"angle": -22.5, "axis": "x", "origin": [7.99984, 1.56829, 1.906]},
			"faces": {
				"north": {"uv": [0, 0, 0.47, 0.6], "texture": "#1"},
				"east": {"uv": [0, 0, 1.2, 0.6], "rotation": 180, "texture": "#1"},
				"south": {"uv": [0, 0, 0.47, 0.6], "texture": "#1"},
				"west": {"uv": [0, 0, 1.2, 0.6], "rotation": 180, "texture": "#1"},
				"up": {"uv": [0, 0, 0.47, 1.2], "rotation": 180, "texture": "#1"},
				"down": {"uv": [0, 0, 0.47, 1.2], "rotation": 180, "texture": "#1"}
			}
		},
		{
			"from": [7.85526, 1.53746, 0.33114],
			"to": [8.14442, 1.83426, 1.12474],
			"faces": {
				"north": {"uv": [0, 0, 0.47, 0.6], "texture": "#1"},
				"east": {"uv": [0, 0, 1.2, 0.6], "rotation": 180, "texture": "#1"},
				"south": {"uv": [0, 0, 0.47, 0.6], "texture": "#1"},
				"west": {"uv": [0, 0, 1.2, 0.6], "rotation": 180, "texture": "#1"},
				"up": {"uv": [0, 0, 0.47, 1.2], "rotation": 180, "texture": "#1"},
				"down": {"uv": [0, 0, 0.47, 1.2], "rotation": 180, "texture": "#1"}
			}
		},
		{
			"from": [7.85526, 1.4357, 1.04546],
			"to": [8.14442, 1.6325, 1.63906],
			"rotation": {"angle": 22.5, "axis": "x", "origin": [7.99984, 1.5341, 1.59226]},
			"faces": {
				"north": {"uv": [0, 0, 0.47, 0.6], "texture": "#1"},
				"east": {"uv": [0, 0, 1.2, 0.6], "rotation": 180, "texture": "#1"},
				"south": {"uv": [0, 0, 0.47, 0.6], "texture": "#1"},
				"west": {"uv": [0, 0, 1.2, 0.6], "rotation": 180, "texture": "#1"},
				"up": {"uv": [0, 0, 0.47, 1.2], "rotation": 180, "texture": "#1"},
				"down": {"uv": [0, 0, 0.47, 1.2], "rotation": 180, "texture": "#1"}
			}
		},
		{
			"from": [7.8, -0.7, 10.1],
			"to": [8.2, 1.2, 10.3],
			"faces": {
				"north": {"uv": [0, 0, 0.4, 1.9], "texture": "#1"},
				"east": {"uv": [0, 0, 0.2, 1.9], "texture": "#1"},
				"south": {"uv": [0, 0, 0.4, 1.9], "texture": "#1"},
				"west": {"uv": [0, 0, 0.2, 1.9], "texture": "#1"},
				"up": {"uv": [0, 0, 0.4, 0.2], "texture": "#1"},
				"down": {"uv": [0, 0, 0.4, 0.2], "texture": "#1"}
			}
		},
		{
			"from": [7.8, -0.8, 8.5],
			"to": [8.2, -0.6, 10.2],
			"faces": {
				"north": {"uv": [0, 0, 0.4, 0.2], "texture": "#1"},
				"east": {"uv": [0, 0, 1.7, 0.2], "texture": "#1"},
				"south": {"uv": [0, 0, 0.4, 0.2], "texture": "#1"},
				"west": {"uv": [0, 0, 1.7, 0.2], "texture": "#1"},
				"up": {"uv": [0, 0, 0.4, 1.7], "texture": "#1"},
				"down": {"uv": [0, 0, 0.4, 1.7], "texture": "#1"}
			}
		},
		{
			"from": [7.8, -0.7, 8.4],
			"to": [8.2, 1.2, 8.6],
			"faces": {
				"north": {"uv": [0, 0, 0.4, 1.9], "texture": "#1"},
				"east": {"uv": [0, 0, 0.2, 1.9], "texture": "#1"},
				"south": {"uv": [0, 0, 0.4, 1.9], "texture": "#1"},
				"west": {"uv": [0, 0, 0.2, 1.9], "texture": "#1"},
				"up": {"uv": [0, 0, 0.4, 0.2], "texture": "#1"},
				"down": {"uv": [0, 0, 0.4, 0.2], "texture": "#1"}
			}
		}
	],
	"display": {
		"thirdperson_righthand": {
			"translation": [0, 8.25, -0.75]
		},
		"firstperson_righthand": {
			"translation": [-1.5, 9.5, 0],
			"scale": [1.34, 1.37, 1.47]
		},
		"ground": {
			"translation": [0, 7.75, 0]
		},
		"fixed": {
			"rotation": [90, -50, 92],
			"translation": [-7.75, 9, -1.75],
			"scale": [1.56, 1.56, 1.53]
		}
	},
	"groups": [0, 1, 2, 3, 4, 5, 6, 7, 8, 9, 10, 11, 12, 13, 14, 15,
		{
			"name": "hexadecagon",
			"children": [16, 17, 18, 19, 20, 21, 22, 23]
		}, 24, 25, 26, 27, 28, 29, 30, 31, 32, 33, 34, 35, 36, 37, 38, 39, 40, 41, 42, 43, 44, 45, 46, 47, 48, 49, 50, 51, 52, 53, 54, 55, 56,
		{
			"name": "hexadecagon",
			"children": [57, 58, 59, 60, 61, 62, 63, 64, 65, 66, 67, 68, 69, 70, 71, 72, 73, 74, 75, 76, 77, 78, 79, 80]
		}, 81, 82, 83, 84, 85, 86]
}