{
	"credit": "Made with Blockbench",
	"textures": {
		"1": "custom/nothingness1/an"
	},
	"elements": [
		{
			"from": [7.6, 1.80263, 5.06352],
			"to": [8.4, 2.68263, 6.58352],
			"rotation": {"angle": 22.5, "axis": "x", "origin": [8, 2.44263, 6.18352]},
			"faces": {
				"north": {"uv": [0, 0, 1, 1.1], "texture": "#1"},
				"east": {"uv": [0, 0, 1.9, 1.1], "texture": "#1"},
				"south": {"uv": [0, 0, 1, 1.1], "texture": "#1"},
				"west": {"uv": [0, 0, 1.9, 1.1], "texture": "#1"},
				"up": {"uv": [0, 0, 1, 1.9], "texture": "#1"},
				"down": {"uv": [0, 0, 1, 1.9], "texture": "#1"}
			}
		},
		{
			"from": [7.50073, 1.4992, 5.24159],
			"to": [8.50073, 2.6192, 6.80159],
			"faces": {
				"north": {"uv": [0, 0, 1, 1.4], "rotation": 180, "texture": "#1"},
				"east": {"uv": [0, 0, 1.4, 1.95], "rotation": 270, "texture": "#1"},
				"south": {"uv": [0, 0, 1, 1.4], "texture": "#1"},
				"west": {"uv": [0, 0, 1.4, 1.95], "rotation": 90, "texture": "#1"},
				"up": {"uv": [0, 0, 1, 1.95], "rotation": 180, "texture": "#1"},
				"down": {"uv": [0, 0, 1, 1.95], "texture": "#1"}
			}
		},
		{
			"from": [7.50171, 1.49821, 6.30159],
			"to": [8.50171, 2.50821, 7.42159],
			"faces": {
				"north": {"uv": [0, 0, 1, 1.95], "texture": "#1"},
				"east": {"uv": [0, 0, 0.9, 1.95], "texture": "#1"},
				"south": {"uv": [0, 0, 1, 1.95], "texture": "#1"},
				"west": {"uv": [0, 0, 0.9, 1.95], "texture": "#1"},
				"up": {"uv": [0, 0, 1, 0.9], "texture": "#1"},
				"down": {"uv": [0, 0, 1, 0.9], "texture": "#1"}
			}
		},
		{
			"from": [7.5, 2.88883, 4.27637],
			"to": [8.5, 3.12883, 6.95637],
			"faces": {
				"north": {"uv": [0, 0, 1, 0.3], "rotation": 180, "texture": "#1"},
				"east": {"uv": [0, 0, 0.3, 3.35], "rotation": 270, "texture": "#1"},
				"south": {"uv": [0, 0, 1, 0.3], "texture": "#1"},
				"west": {"uv": [0, 0, 0.3, 3.35], "rotation": 90, "texture": "#1"},
				"up": {"uv": [0, 0, 1, 3.35], "rotation": 180, "texture": "#1"},
				"down": {"uv": [0, 0, 1, 3.35], "texture": "#1"}
			}
		},
		{
			"from": [7.49976, 2.5072, 3.91883],
			"to": [8.49976, 2.7472, 4.15883],
			"rotation": {"angle": 45, "axis": "x", "origin": [7.99976, 2.5072, 4.55883]},
			"faces": {
				"north": {"uv": [0, 0, 1, 0.3], "rotation": 180, "texture": "#1"},
				"east": {"uv": [0, 0, 0.3, 0.3], "rotation": 270, "texture": "#1"},
				"south": {"uv": [0, 0, 1, 0.3], "texture": "#1"},
				"west": {"uv": [0, 0, 0.3, 0.3], "rotation": 90, "texture": "#1"},
				"up": {"uv": [0, 0, 1, 0.3], "rotation": 180, "texture": "#1"},
				"down": {"uv": [0, 0, 1, 0.3], "texture": "#1"}
			}
		},
		{
			"from": [7.49977, 2.47965, 4.10637],
			"to": [8.49977, 2.95965, 5.38637],
			"faces": {
				"north": {"uv": [0, 0, 1, 0.6], "rotation": 180, "texture": "#1"},
				"east": {"uv": [0, 0, 0.6, 1.6], "rotation": 90, "texture": "#1"},
				"south": {"uv": [0, 0, 1, 0.6], "texture": "#1"},
				"west": {"uv": [0, 0, 0.6, 1.6], "rotation": 270, "texture": "#1"},
				"up": {"uv": [0, 0, 1, 1.6], "texture": "#1"},
				"down": {"uv": [0, 0, 1, 1.6], "rotation": 180, "texture": "#1"}
			}
		},
		{
			"from": [7.49977, 2.0271, 3.91892],
			"to": [8.49977, 2.2671, 4.39892],
			"rotation": {"angle": 45, "axis": "x", "origin": [7.99977, 2.0271, 4.55892]},
			"faces": {
				"north": {"uv": [0, 0, 1, 0.3], "rotation": 180, "texture": "#1"},
				"east": {"uv": [0, 0, 0.3, 0.6], "rotation": 270, "texture": "#1"},
				"south": {"uv": [0, 0, 1, 0.3], "texture": "#1"},
				"west": {"uv": [0, 0, 0.3, 0.6], "rotation": 90, "texture": "#1"},
				"up": {"uv": [0, 0, 1, 0.6], "rotation": 180, "texture": "#1"},
				"down": {"uv": [0, 0, 1, 0.6], "texture": "#1"}
			}
		},
		{
			"from": [7.50072, 1.78692, 4.63761],
			"to": [8.50072, 2.50692, 5.75761],
			"rotation": {"angle": -22.5, "axis": "x", "origin": [8.00072, 1.62692, 4.63761]},
			"faces": {
				"north": {"uv": [0, 0, 1, 0.9], "rotation": 180, "texture": "#1"},
				"east": {"uv": [0, 0, 1.4, 0.9], "rotation": 180, "texture": "#1"},
				"south": {"uv": [0, 0, 1, 0.9], "rotation": 180, "texture": "#1"},
				"west": {"uv": [0, 0, 1.4, 0.9], "rotation": 180, "texture": "#1"},
				"up": {"uv": [0, 0, 1, 1.4], "texture": "#1"},
				"down": {"uv": [0, 0, 1, 1.4], "texture": "#1"}
			}
		},
		{
			"from": [7.50073, 1.16261, 4.61376],
			"to": [8.50073, 2.36261, 5.33376],
			"rotation": {"angle": 22.5, "axis": "x", "origin": [8.00073, 1.56261, 6.13376]},
			"faces": {
				"north": {"uv": [0, 0, 1, 1.5], "texture": "#1"},
				"east": {"uv": [0, 0, 0.9, 1.5], "texture": "#1"},
				"south": {"uv": [0, 0, 1, 1.5], "texture": "#1"},
				"west": {"uv": [0, 0, 0.9, 1.5], "texture": "#1"},
				"up": {"uv": [0, 0, 1, 0.9], "texture": "#1"},
				"down": {"uv": [0, 0, 1, 0.9], "texture": "#1"}
			}
		},
		{
			"from": [7.5, 2.44883, 4.51637],
			"to": [8.5, 2.96883, 6.95637],
			"faces": {
				"north": {"uv": [0, 0, 1, 0.4], "rotation": 180, "texture": "#1"},
				"east": {"uv": [0, 0, 0.4, 3.05], "rotation": 270, "texture": "#1"},
				"south": {"uv": [0, 0, 1, 0.4], "texture": "#1"},
				"west": {"uv": [0, 0, 0.4, 3.05], "rotation": 90, "texture": "#1"},
				"up": {"uv": [0, 0, 1, 3.05], "rotation": 180, "texture": "#1"},
				"down": {"uv": [0, 0, 1, 3.05], "texture": "#1"}
			}
		},
		{
			"from": [7.50206, 2.44052, 7.08095],
			"to": [8.50206, 2.66052, 7.39095],
			"rotation": {"angle": -22.5, "axis": "x", "origin": [8.00206, 2.55052, 7.23595]},
			"faces": {
				"north": {"uv": [0, 0, 1, 0.9], "rotation": 180, "texture": "#1"},
				"east": {"uv": [0, 0, 0.9, 1.95], "rotation": 270, "texture": "#1"},
				"south": {"uv": [0, 0, 1, 0.9], "texture": "#1"},
				"west": {"uv": [0, 0, 0.9, 1.95], "rotation": 90, "texture": "#1"},
				"up": {"uv": [0, 0, 1, 1.95], "rotation": 180, "texture": "#1"},
				"down": {"uv": [0, 0, 1, 1.95], "texture": "#1"}
			}
		},
		{
			"from": [7.50176, 2.5246, 7.04001],
			"to": [8.50176, 2.8346, 7.26001],
			"rotation": {"angle": 45, "axis": "x", "origin": [8.00176, 2.6796, 7.15001]},
			"faces": {
				"north": {"uv": [0, 0, 1, 1.95], "texture": "#1"},
				"east": {"uv": [0, 0, 0.9, 1.95], "texture": "#1"},
				"south": {"uv": [0, 0, 1, 1.95], "texture": "#1"},
				"west": {"uv": [0, 0, 0.9, 1.95], "texture": "#1"},
				"up": {"uv": [0, 0, 1, 0.9], "texture": "#1"},
				"down": {"uv": [0, 0, 1, 0.9], "texture": "#1"}
			}
		},
		{
			"from": [7.50141, 2.3472, 6.17197],
			"to": [8.50141, 2.8672, 7.18197],
			"faces": {
				"north": {"uv": [0, 0, 1, 0.9], "rotation": 180, "texture": "#1"},
				"east": {"uv": [0, 0, 0.9, 1.95], "rotation": 270, "texture": "#1"},
				"south": {"uv": [0, 0, 1, 0.9], "texture": "#1"},
				"west": {"uv": [0, 0, 0.9, 1.95], "rotation": 90, "texture": "#1"},
				"up": {"uv": [0, 0, 1, 1.95], "rotation": 180, "texture": "#1"},
				"down": {"uv": [0, 0, 1, 1.95], "texture": "#1"}
			}
		},
		{
			"from": [7.55073, 1.3992, 5.24159],
			"to": [8.45073, 2.6192, 7.10159],
			"faces": {
				"north": {"uv": [0, 0, 1, 1.4], "rotation": 180, "texture": "#1"},
				"east": {"uv": [0, 0, 1.4, 1.95], "rotation": 270, "texture": "#1"},
				"south": {"uv": [0, 0, 1, 1.4], "texture": "#1"},
				"west": {"uv": [0, 0, 1.4, 1.95], "rotation": 90, "texture": "#1"},
				"up": {"uv": [0, 0, 1, 1.95], "rotation": 180, "texture": "#1"},
				"down": {"uv": [0, 0, 1, 1.95], "texture": "#1"}
			}
		},
		{
			"from": [7.60073, -0.0508, 5.64159],
			"to": [8.40073, 2.6192, 6.80159],
			"faces": {
				"north": {"uv": [0, 0, 1, 1.4], "rotation": 180, "texture": "#1"},
				"east": {"uv": [0, 0, 1.4, 1.95], "rotation": 270, "texture": "#1"},
				"south": {"uv": [0, 0, 1, 1.4], "texture": "#1"},
				"west": {"uv": [0, 0, 1.4, 1.95], "rotation": 90, "texture": "#1"},
				"up": {"uv": [0, 0, 1, 1.95], "rotation": 180, "texture": "#1"},
				"down": {"uv": [0, 0, 1, 1.95], "texture": "#1"}
			}
		},
		{
			"from": [7.60074, -2.19774, 5.3319],
			"to": [8.40074, 0.47226, 6.4919],
			"rotation": {"angle": 22.5, "axis": "x", "origin": [8.00074, -0.56774, 5.3319]},
			"faces": {
				"north": {"uv": [0, 0, 1, 1.4], "rotation": 180, "texture": "#1"},
				"east": {"uv": [0, 0, 1.4, 1.95], "rotation": 270, "texture": "#1"},
				"south": {"uv": [0, 0, 1, 1.4], "texture": "#1"},
				"west": {"uv": [0, 0, 1.4, 1.95], "rotation": 90, "texture": "#1"},
				"up": {"uv": [0, 0, 1, 1.95], "rotation": 180, "texture": "#1"},
				"down": {"uv": [0, 0, 1, 1.95], "texture": "#1"}
			}
		},
		{
			"from": [7.70074, -2.19774, 4.4319],
			"to": [8.30074, 0.47226, 6.4919],
			"rotation": {"angle": 22.5, "axis": "x", "origin": [8.00074, -0.56774, 5.3319]},
			"faces": {
				"north": {"uv": [0, 0, 1, 1.4], "rotation": 180, "texture": "#1"},
				"east": {"uv": [0, 0, 1.4, 1.95], "rotation": 270, "texture": "#1"},
				"south": {"uv": [0, 0, 1, 1.4], "texture": "#1"},
				"west": {"uv": [0, 0, 1.4, 1.95], "rotation": 90, "texture": "#1"},
				"up": {"uv": [0, 0, 1, 1.95], "rotation": 180, "texture": "#1"},
				"down": {"uv": [0, 0, 1, 1.95], "texture": "#1"}
			}
		},
		{
			"from": [7.70073, -0.0508, 4.74159],
			"to": [8.30073, 2.6192, 6.80159],
			"faces": {
				"north": {"uv": [0, 0, 1, 1.4], "rotation": 180, "texture": "#1"},
				"east": {"uv": [0, 0, 1.4, 1.95], "rotation": 270, "texture": "#1"},
				"south": {"uv": [0, 0, 1, 1.4], "texture": "#1"},
				"west": {"uv": [0, 0, 1.4, 1.95], "rotation": 90, "texture": "#1"},
				"up": {"uv": [0, 0, 1, 1.95], "rotation": 180, "texture": "#1"},
				"down": {"uv": [0, 0, 1, 1.95], "texture": "#1"}
			}
		},
		{
			"from": [7.60106, -2.20998, 4.30973],
			"to": [8.40106, 0.26002, 4.86973],
			"rotation": {"angle": 22.5, "axis": "x", "origin": [8.00106, -0.77998, 5.30973]},
			"faces": {
				"north": {"uv": [0, 0, 1, 1.4], "rotation": 180, "texture": "#1"},
				"east": {"uv": [0, 0, 1.4, 1.95], "rotation": 270, "texture": "#1"},
				"south": {"uv": [0, 0, 1, 1.4], "texture": "#1"},
				"west": {"uv": [0, 0, 1.4, 1.95], "rotation": 90, "texture": "#1"},
				"up": {"uv": [0, 0, 1, 1.95], "rotation": 180, "texture": "#1"},
				"down": {"uv": [0, 0, 1, 1.95], "texture": "#1"}
			}
		},
		{
			"from": [7.60073, 0.3492, 4.74159],
			"to": [8.40073, 2.6192, 5.30159],
			"faces": {
				"north": {"uv": [0, 0, 1, 1.4], "rotation": 180, "texture": "#1"},
				"east": {"uv": [0, 0, 1.4, 1.95], "rotation": 270, "texture": "#1"},
				"south": {"uv": [0, 0, 1, 1.4], "texture": "#1"},
				"west": {"uv": [0, 0, 1.4, 1.95], "rotation": 90, "texture": "#1"},
				"up": {"uv": [0, 0, 1, 1.95], "rotation": 180, "texture": "#1"},
				"down": {"uv": [0, 0, 1, 1.95], "texture": "#1"}
			}
		},
		{
			"from": [7.35, 3.58883, 3.77637],
			"to": [8.65, 5.22883, 12.15637],
			"faces": {
				"north": {"uv": [0, 0, 1, 0.3], "rotation": 180, "texture": "#1"},
				"east": {"uv": [0, 0, 0.3, 3.35], "rotation": 270, "texture": "#1"},
				"south": {"uv": [0, 0, 1, 0.3], "texture": "#1"},
				"west": {"uv": [0, 0, 0.3, 3.35], "rotation": 90, "texture": "#1"},
				"up": {"uv": [0, 0, 1, 3.35], "rotation": 180, "texture": "#1"},
				"down": {"uv": [0, 0, 1, 3.35], "texture": "#1"}
			}
		},
		{
			"from": [7.34976, 8.19198, 4.59697],
			"to": [8.64976, 8.33198, 4.59697],
			"rotation": {"angle": 45, "axis": "x", "origin": [7.99976, 8.46198, 0.00697]},
			"faces": {
				"north": {"uv": [0, 0, 1, 0.3], "rotation": 180, "texture": "#1"},
				"east": {"uv": [0, 0, 0.3, 3.35], "rotation": 270, "texture": "#1"},
				"south": {"uv": [0, 0, 1, 0.3], "texture": "#1"},
				"west": {"uv": [0, 0, 0.3, 3.35], "rotation": 90, "texture": "#1"},
				"up": {"uv": [0, 0, 1, 3.35], "rotation": 180, "texture": "#1"},
				"down": {"uv": [0, 0, 1, 3.35], "texture": "#1"}
			}
		},
		{
			"from": [7.35113, 2.9401, 2.00083],
			"to": [8.65113, 4.4201, 3.54083],
			"rotation": {"angle": -22.5, "axis": "x", "origin": [8.00113, 7.5301, 2.27083]},
			"faces": {
				"north": {"uv": [0, 0, 1, 3.35], "rotation": 180, "texture": "#1"},
				"east": {"uv": [0, 0, 0.3, 3.35], "rotation": 180, "texture": "#1"},
				"south": {"uv": [0, 0, 1, 3.35], "rotation": 180, "texture": "#1"},
				"west": {"uv": [0, 0, 0.3, 3.35], "rotation": 180, "texture": "#1"},
				"up": {"uv": [0, 0, 1, 0.3], "texture": "#1"},
				"down": {"uv": [0, 0, 1, 0.3], "texture": "#1"}
			}
		},
		{
			"from": [7.34972, 5.11739, 2.75763],
			"to": [8.64972, 5.25739, 12.23763],
			"faces": {
				"north": {"uv": [0, 0, 1, 0.3], "rotation": 180, "texture": "#1"},
				"east": {"uv": [0, 0, 0.3, 3.35], "rotation": 270, "texture": "#1"},
				"south": {"uv": [0, 0, 1, 0.3], "texture": "#1"},
				"west": {"uv": [0, 0, 0.3, 3.35], "rotation": 90, "texture": "#1"},
				"up": {"uv": [0, 0, 1, 3.35], "rotation": 180, "texture": "#1"},
				"down": {"uv": [0, 0, 1, 3.35], "texture": "#1"}
			}
		},
		{
			"from": [7.34976, 8.04198, 4.31697],
			"to": [8.64976, 8.23198, 5.29697],
			"rotation": {"angle": 45, "axis": "x", "origin": [7.99976, 8.46198, 0.00697]},
			"faces": {
				"north": {"uv": [0, 0, 1, 0.3], "rotation": 180, "texture": "#1"},
				"east": {"uv": [0, 0, 0.3, 3.35], "rotation": 270, "texture": "#1"},
				"south": {"uv": [0, 0, 1, 0.3], "texture": "#1"},
				"west": {"uv": [0, 0, 0.3, 3.35], "rotation": 90, "texture": "#1"},
				"up": {"uv": [0, 0, 1, 3.35], "rotation": 180, "texture": "#1"},
				"down": {"uv": [0, 0, 1, 3.35], "texture": "#1"}
			}
		},
		{
			"from": [7.35113, 2.9401, 2.00083],
			"to": [8.65113, 4.7201, 2.84083],
			"rotation": {"angle": -22.5, "axis": "x", "origin": [8.00113, 7.5301, 2.27083]},
			"faces": {
				"north": {"uv": [0, 0, 1, 3.35], "rotation": 180, "texture": "#1"},
				"east": {"uv": [0, 0, 0.3, 3.35], "rotation": 180, "texture": "#1"},
				"south": {"uv": [0, 0, 1, 3.35], "rotation": 180, "texture": "#1"},
				"west": {"uv": [0, 0, 0.3, 3.35], "rotation": 180, "texture": "#1"},
				"up": {"uv": [0, 0, 1, 0.3], "texture": "#1"},
				"down": {"uv": [0, 0, 1, 0.3], "texture": "#1"}
			}
		},
		{
			"from": [7.6, 2.64883, 4.11637],
			"to": [8.4, 4.06883, 6.95637],
			"faces": {
				"north": {"uv": [0, 0, 1, 0.4], "rotation": 180, "texture": "#1"},
				"east": {"uv": [0, 0, 0.4, 3.05], "rotation": 270, "texture": "#1"},
				"south": {"uv": [0, 0, 1, 0.4], "texture": "#1"},
				"west": {"uv": [0, 0, 0.4, 3.05], "rotation": 90, "texture": "#1"},
				"up": {"uv": [0, 0, 1, 3.05], "rotation": 180, "texture": "#1"},
				"down": {"uv": [0, 0, 1, 3.05], "texture": "#1"}
			}
		},
		{
			"from": [7.35199, 5.01047, 2.97382],
			"to": [8.65199, 5.25047, 10.65382],
			"faces": {
				"north": {"uv": [0, 0, 1, 0.3], "rotation": 180, "texture": "#1"},
				"east": {"uv": [0, 0, 0.3, 3.35], "rotation": 270, "texture": "#1"},
				"south": {"uv": [0, 0, 1, 0.3], "texture": "#1"},
				"west": {"uv": [0, 0, 0.3, 3.35], "rotation": 90, "texture": "#1"},
				"up": {"uv": [0, 0, 1, 3.35], "rotation": 180, "texture": "#1"},
				"down": {"uv": [0, 0, 1, 3.35], "texture": "#1"}
			}
		},
		{
			"from": [7.34976, 8.04198, 4.66697],
			"to": [8.64976, 8.58198, 5.29697],
			"rotation": {"angle": 45, "axis": "x", "origin": [7.99976, 8.46198, 0.00697]},
			"faces": {
				"north": {"uv": [0, 0, 1, 0.3], "rotation": 180, "texture": "#1"},
				"east": {"uv": [0, 0, 0.3, 3.35], "rotation": 270, "texture": "#1"},
				"south": {"uv": [0, 0, 1, 0.3], "texture": "#1"},
				"west": {"uv": [0, 0, 0.3, 3.35], "rotation": 90, "texture": "#1"},
				"up": {"uv": [0, 0, 1, 3.35], "rotation": 180, "texture": "#1"},
				"down": {"uv": [0, 0, 1, 3.35], "texture": "#1"}
			}
		},
		{
			"from": [7.35, 1.98883, 7.47637],
			"to": [8.65, 5.22883, 9.15637],
			"faces": {
				"north": {"uv": [0, 0, 1, 0.3], "rotation": 180, "texture": "#1"},
				"east": {"uv": [0, 0, 0.3, 3.35], "rotation": 270, "texture": "#1"},
				"south": {"uv": [0, 0, 1, 0.3], "texture": "#1"},
				"west": {"uv": [0, 0, 0.3, 3.35], "rotation": 90, "texture": "#1"},
				"up": {"uv": [0, 0, 1, 3.35], "rotation": 180, "texture": "#1"},
				"down": {"uv": [0, 0, 1, 3.35], "texture": "#1"}
			}
		},
		{
			"from": [7.35, 3.08883, 11.85637],
			"to": [8.65, 5.27883, 12.45637],
			"faces": {
				"north": {"uv": [0, 0, 1, 0.3], "rotation": 180, "texture": "#1"},
				"east": {"uv": [0, 0, 0.3, 3.35], "rotation": 270, "texture": "#1"},
				"south": {"uv": [0, 0, 1, 0.3], "texture": "#1"},
				"west": {"uv": [0, 0, 0.3, 3.35], "rotation": 90, "texture": "#1"},
				"up": {"uv": [0, 0, 1, 3.35], "rotation": 180, "texture": "#1"},
				"down": {"uv": [0, 0, 1, 3.35], "texture": "#1"}
			}
		},
		{
			"from": [7.34913, 2.37546, 16.24089],
			"to": [8.64913, 2.77546, 18.38089],
			"rotation": {"angle": 45, "axis": "x", "origin": [7.99913, 10.41546, 16.20089]},
			"faces": {
				"north": {"uv": [0, 0, 1, 3.35], "rotation": 180, "texture": "#1"},
				"east": {"uv": [0, 0, 0.3, 3.35], "rotation": 180, "texture": "#1"},
				"south": {"uv": [0, 0, 1, 3.35], "rotation": 180, "texture": "#1"},
				"west": {"uv": [0, 0, 0.3, 3.35], "rotation": 180, "texture": "#1"},
				"up": {"uv": [0, 0, 1, 0.3], "texture": "#1"},
				"down": {"uv": [0, 0, 1, 0.3], "texture": "#1"}
			}
		},
		{
			"from": [7.34995, 1.87546, 15.94007],
			"to": [8.64995, 2.77546, 17.98007],
			"rotation": {"angle": 45, "axis": "x", "origin": [7.99995, 9.91546, 16.20007]},
			"faces": {
				"north": {"uv": [0, 0, 1, 3.35], "rotation": 180, "texture": "#1"},
				"east": {"uv": [0, 0, 0.3, 3.35], "rotation": 180, "texture": "#1"},
				"south": {"uv": [0, 0, 1, 3.35], "rotation": 180, "texture": "#1"},
				"west": {"uv": [0, 0, 0.3, 3.35], "rotation": 180, "texture": "#1"},
				"up": {"uv": [0, 0, 1, 0.3], "texture": "#1"},
				"down": {"uv": [0, 0, 1, 0.3], "texture": "#1"}
			}
		},
		{
			"from": [7.45706, 2.68163, 8.87651],
			"to": [8.55706, 5.02163, 10.05651],
			"rotation": {"angle": 22.5, "axis": "x", "origin": [8.00706, 3.75163, 8.21651]},
			"faces": {
				"north": {"uv": [0, 0, 1, 0.3], "rotation": 180, "texture": "#1"},
				"east": {"uv": [0, 0, 0.3, 3.35], "rotation": 270, "texture": "#1"},
				"south": {"uv": [0, 0, 1, 0.3], "texture": "#1"},
				"west": {"uv": [0, 0, 0.3, 3.35], "rotation": 90, "texture": "#1"},
				"up": {"uv": [0, 0, 1, 3.35], "rotation": 180, "texture": "#1"},
				"down": {"uv": [0, 0, 1, 3.35], "texture": "#1"}
			}
		},
		{
			"from": [7.45671, 2.05928, 9.50698],
			"to": [8.55671, 4.39928, 10.68698],
			"faces": {
				"north": {"uv": [0, 0, 1, 0.3], "rotation": 180, "texture": "#1"},
				"east": {"uv": [0, 0, 0.3, 3.35], "rotation": 270, "texture": "#1"},
				"south": {"uv": [0, 0, 1, 0.3], "texture": "#1"},
				"west": {"uv": [0, 0, 0.3, 3.35], "rotation": 90, "texture": "#1"},
				"up": {"uv": [0, 0, 1, 3.35], "rotation": 180, "texture": "#1"},
				"down": {"uv": [0, 0, 1, 3.35], "texture": "#1"}
			}
		},
		{
			"from": [7.45653, 2.19617, 10.19434],
			"to": [8.55653, 4.53617, 10.87434],
			"rotation": {"angle": -22.5, "axis": "x", "origin": [8.00653, 3.36617, 10.78434]},
			"faces": {
				"north": {"uv": [0, 0, 1, 0.3], "rotation": 180, "texture": "#1"},
				"east": {"uv": [0, 0, 0.3, 3.35], "rotation": 270, "texture": "#1"},
				"south": {"uv": [0, 0, 1, 0.3], "texture": "#1"},
				"west": {"uv": [0, 0, 0.3, 3.35], "rotation": 90, "texture": "#1"},
				"up": {"uv": [0, 0, 1, 3.35], "rotation": 180, "texture": "#1"},
				"down": {"uv": [0, 0, 1, 3.35], "texture": "#1"}
			}
		},
		{
			"from": [7.45616, 2.39467, 10.31499],
			"to": [8.55616, 4.73467, 11.69499],
			"rotation": {"angle": -45, "axis": "x", "origin": [8.00616, 3.56467, 10.90499]},
			"faces": {
				"north": {"uv": [0, 0, 1, 0.3], "rotation": 180, "texture": "#1"},
				"east": {"uv": [0, 0, 0.3, 3.35], "rotation": 270, "texture": "#1"},
				"south": {"uv": [0, 0, 1, 0.3], "texture": "#1"},
				"west": {"uv": [0, 0, 0.3, 3.35], "rotation": 90, "texture": "#1"},
				"up": {"uv": [0, 0, 1, 3.35], "rotation": 180, "texture": "#1"},
				"down": {"uv": [0, 0, 1, 3.35], "texture": "#1"}
			}
		},
		{
			"from": [7.25115, 3.63624, -6.79161],
			"to": [7.35115, 4.87624, 1.18839],
			"faces": {
				"north": {"uv": [0, 0, 1, 0.3], "rotation": 180, "texture": "#1"},
				"east": {"uv": [0, 0, 0.3, 3.35], "rotation": 270, "texture": "#1"},
				"south": {"uv": [0, 0, 1, 0.3], "texture": "#1"},
				"west": {"uv": [0, 0, 0.3, 3.35], "rotation": 90, "texture": "#1"},
				"up": {"uv": [0, 0, 1, 3.35], "rotation": 180, "texture": "#1"},
				"down": {"uv": [0, 0, 1, 3.35], "texture": "#1"}
			}
		},
		{
			"from": [7.34995, 1.87546, 16.24007],
			"to": [8.64995, 3.17546, 17.58007],
			"rotation": {"angle": 45, "axis": "x", "origin": [7.99995, 9.91546, 16.20007]},
			"faces": {
				"north": {"uv": [0, 0, 1, 3.35], "rotation": 180, "texture": "#1"},
				"east": {"uv": [0, 0, 0.3, 3.35], "rotation": 180, "texture": "#1"},
				"south": {"uv": [0, 0, 1, 3.35], "rotation": 180, "texture": "#1"},
				"west": {"uv": [0, 0, 0.3, 3.35], "rotation": 180, "texture": "#1"},
				"up": {"uv": [0, 0, 1, 0.3], "texture": "#1"},
				"down": {"uv": [0, 0, 1, 0.3], "texture": "#1"}
			}
		},
		{
			"from": [7.65706, 1.98163, 6.97651],
			"to": [8.35706, 3.72163, 8.55651],
			"rotation": {"angle": 22.5, "axis": "x", "origin": [8.00706, 3.75163, 8.41651]},
			"faces": {
				"north": {"uv": [0, 0, 1, 0.3], "rotation": 180, "texture": "#1"},
				"east": {"uv": [0, 0, 0.3, 3.35], "rotation": 270, "texture": "#1"},
				"south": {"uv": [0, 0, 1, 0.3], "texture": "#1"},
				"west": {"uv": [0, 0, 0.3, 3.35], "rotation": 90, "texture": "#1"},
				"up": {"uv": [0, 0, 1, 3.35], "rotation": 180, "texture": "#1"},
				"down": {"uv": [0, 0, 1, 3.35], "texture": "#1"}
			}
		},
		{
			"from": [7.65671, -1.44072, 8.90698],
			"to": [8.35671, 4.59928, 10.48698],
			"rotation": {"angle": -22.5, "axis": "x", "origin": [8.00671, 3.32928, 8.74698]},
			"faces": {
				"north": {"uv": [0, 0, 1, 0.3], "rotation": 180, "texture": "#1"},
				"east": {"uv": [0, 0, 0.3, 3.35], "rotation": 270, "texture": "#1"},
				"south": {"uv": [0, 0, 1, 0.3], "texture": "#1"},
				"west": {"uv": [0, 0, 0.3, 3.35], "rotation": 90, "texture": "#1"},
				"up": {"uv": [0, 0, 1, 3.35], "rotation": 180, "texture": "#1"},
				"down": {"uv": [0, 0, 1, 3.35], "texture": "#1"}
			}
		},
		{
			"from": [7.65671, 1.65928, 9.10698],
			"to": [8.35671, 4.29928, 10.88698],
			"faces": {
				"north": {"uv": [0, 0, 1, 0.3], "rotation": 180, "texture": "#1"},
				"east": {"uv": [0, 0, 0.3, 3.35], "rotation": 270, "texture": "#1"},
				"south": {"uv": [0, 0, 1, 0.3], "texture": "#1"},
				"west": {"uv": [0, 0, 0.3, 3.35], "rotation": 90, "texture": "#1"},
				"up": {"uv": [0, 0, 1, 3.35], "rotation": 180, "texture": "#1"},
				"down": {"uv": [0, 0, 1, 3.35], "texture": "#1"}
			}
		},
		{
			"from": [7.65716, -1.93928, 8.61215],
			"to": [8.35716, 4.40072, 9.19215],
			"rotation": {"angle": -45, "axis": "x", "origin": [8.00716, 3.13072, 8.55215]},
			"faces": {
				"north": {"uv": [0, 0, 1, 0.3], "rotation": 180, "texture": "#1"},
				"east": {"uv": [0, 0, 0.3, 3.35], "rotation": 270, "texture": "#1"},
				"south": {"uv": [0, 0, 1, 0.3], "texture": "#1"},
				"west": {"uv": [0, 0, 0.3, 3.35], "rotation": 90, "texture": "#1"},
				"up": {"uv": [0, 0, 1, 3.35], "rotation": 180, "texture": "#1"},
				"down": {"uv": [0, 0, 1, 3.35], "texture": "#1"}
			}
		},
		{
			"from": [7.55716, -1.93928, 8.61215],
			"to": [8.45716, -1.63928, 9.19215],
			"rotation": {"angle": -45, "axis": "x", "origin": [8.00716, 3.13072, 8.55215]},
			"faces": {
				"north": {"uv": [0, 0, 1, 0.3], "rotation": 180, "texture": "#1"},
				"east": {"uv": [0, 0, 0.3, 3.35], "rotation": 270, "texture": "#1"},
				"south": {"uv": [0, 0, 1, 0.3], "texture": "#1"},
				"west": {"uv": [0, 0, 0.3, 3.35], "rotation": 90, "texture": "#1"},
				"up": {"uv": [0, 0, 1, 3.35], "rotation": 180, "texture": "#1"},
				"down": {"uv": [0, 0, 1, 3.35], "texture": "#1"}
			}
		},
		{
			"from": [7.55671, -1.44072, 8.70698],
			"to": [8.45671, -1.14072, 10.48698],
			"rotation": {"angle": -22.5, "axis": "x", "origin": [8.00671, 3.32928, 8.74698]},
			"faces": {
				"north": {"uv": [0, 0, 1, 0.3], "rotation": 180, "texture": "#1"},
				"east": {"uv": [0, 0, 0.3, 3.35], "rotation": 270, "texture": "#1"},
				"south": {"uv": [0, 0, 1, 0.3], "texture": "#1"},
				"west": {"uv": [0, 0, 0.3, 3.35], "rotation": 90, "texture": "#1"},
				"up": {"uv": [0, 0, 1, 3.35], "rotation": 180, "texture": "#1"},
				"down": {"uv": [0, 0, 1, 3.35], "texture": "#1"}
			}
		},
		{
			"from": [7.65671, 0.58928, 8.67698],
			"to": [8.35671, 2.66928, 11.21698],
			"rotation": {"angle": -45, "axis": "x", "origin": [8.00671, 3.32928, 8.74698]},
			"faces": {
				"north": {"uv": [0, 0, 1, 3.35], "rotation": 180, "texture": "#1"},
				"east": {"uv": [0, 0, 0.3, 3.35], "rotation": 180, "texture": "#1"},
				"south": {"uv": [0, 0, 1, 3.35], "rotation": 180, "texture": "#1"},
				"west": {"uv": [0, 0, 0.3, 3.35], "rotation": 180, "texture": "#1"},
				"up": {"uv": [0, 0, 1, 0.3], "texture": "#1"},
				"down": {"uv": [0, 0, 1, 0.3], "texture": "#1"}
			}
		},
		{
			"from": [7.25, 2.88883, 12.25637],
			"to": [8.75, 6.37883, 13.05637],
			"faces": {
				"north": {"uv": [0, 0, 1, 0.3], "rotation": 180, "texture": "#1"},
				"east": {"uv": [0, 0, 0.3, 3.35], "rotation": 270, "texture": "#1"},
				"south": {"uv": [0, 0, 1, 0.3], "texture": "#1"},
				"west": {"uv": [0, 0, 0.3, 3.35], "rotation": 90, "texture": "#1"},
				"up": {"uv": [0, 0, 1, 3.35], "rotation": 180, "texture": "#1"},
				"down": {"uv": [0, 0, 1, 3.35], "texture": "#1"}
			}
		},
		{
			"from": [7.54972, 5.11739, 2.55763],
			"to": [8.44972, 5.55739, 12.23763],
			"faces": {
				"north": {"uv": [0, 0, 1, 0.3], "rotation": 180, "texture": "#1"},
				"east": {"uv": [0, 0, 0.3, 3.35], "rotation": 270, "texture": "#1"},
				"south": {"uv": [0, 0, 1, 0.3], "texture": "#1"},
				"west": {"uv": [0, 0, 0.3, 3.35], "rotation": 90, "texture": "#1"},
				"up": {"uv": [0, 0, 1, 3.35], "rotation": 180, "texture": "#1"},
				"down": {"uv": [0, 0, 1, 3.35], "texture": "#1"}
			}
		},
		{
			"from": [7.54972, 5.11739, 6.15763],
			"to": [8.44972, 5.85739, 12.23763],
			"faces": {
				"north": {"uv": [0, 0, 1, 0.3], "rotation": 180, "texture": "#1"},
				"east": {"uv": [0, 0, 0.3, 3.35], "rotation": 270, "texture": "#1"},
				"south": {"uv": [0, 0, 1, 0.3], "texture": "#1"},
				"west": {"uv": [0, 0, 0.3, 3.35], "rotation": 90, "texture": "#1"},
				"up": {"uv": [0, 0, 1, 3.35], "rotation": 180, "texture": "#1"},
				"down": {"uv": [0, 0, 1, 3.35], "texture": "#1"}
			}
		},
		{
			"from": [7.54972, 5.11739, 8.55763],
			"to": [8.44972, 6.35739, 12.23763],
			"faces": {
				"north": {"uv": [0, 0, 1, 0.3], "rotation": 180, "texture": "#1"},
				"east": {"uv": [0, 0, 0.3, 3.35], "rotation": 270, "texture": "#1"},
				"south": {"uv": [0, 0, 1, 0.3], "texture": "#1"},
				"west": {"uv": [0, 0, 0.3, 3.35], "rotation": 90, "texture": "#1"},
				"up": {"uv": [0, 0, 1, 3.35], "rotation": 180, "texture": "#1"},
				"down": {"uv": [0, 0, 1, 3.35], "texture": "#1"}
			}
		},
		{
			"from": [7.54439, -0.4652, 12.92948],
			"to": [8.44439, 0.5248, 13.72948],
			"rotation": {"angle": -45, "axis": "x", "origin": [7.99439, 2.4948, 6.38948]},
			"faces": {
				"north": {"uv": [0, 0, 1, 0.3], "rotation": 180, "texture": "#1"},
				"east": {"uv": [0, 0, 0.3, 3.35], "rotation": 270, "texture": "#1"},
				"south": {"uv": [0, 0, 1, 0.3], "texture": "#1"},
				"west": {"uv": [0, 0, 0.3, 3.35], "rotation": 90, "texture": "#1"},
				"up": {"uv": [0, 0, 1, 3.35], "rotation": 180, "texture": "#1"},
				"down": {"uv": [0, 0, 1, 3.35], "texture": "#1"}
			}
		},
		{
			"from": [7.54482, 0.97842, 20.16957],
			"to": [8.44482, 5.17842, 20.75957],
			"faces": {
				"north": {"uv": [0, 0, 1, 3.35], "texture": "#1"},
				"east": {"uv": [0, 0, 0.3, 3.35], "texture": "#1"},
				"south": {"uv": [0, 0, 1, 3.35], "texture": "#1"},
				"west": {"uv": [0, 0, 0.3, 3.35], "texture": "#1"},
				"up": {"uv": [0, 0, 1, 0.3], "texture": "#1"},
				"down": {"uv": [0, 0, 1, 0.3], "texture": "#1"}
			}
		},
		{
			"from": [7.543, 3.00879, 12.73387],
			"to": [8.443, 3.30879, 16.92387],
			"faces": {
				"north": {"uv": [0, 0, 1, 3.35], "texture": "#1"},
				"east": {"uv": [0, 0, 0.3, 3.35], "texture": "#1"},
				"south": {"uv": [0, 0, 1, 3.35], "texture": "#1"},
				"west": {"uv": [0, 0, 0.3, 3.35], "texture": "#1"},
				"up": {"uv": [0, 0, 1, 0.3], "texture": "#1"},
				"down": {"uv": [0, 0, 1, 0.3], "texture": "#1"}
			}
		},
		{
			"from": [7.54482, 0.48407, 18.38611],
			"to": [8.44482, 2.08407, 18.77611],
			"rotation": {"angle": -45, "axis": "x", "origin": [7.99482, 2.88407, 18.68111]},
			"faces": {
				"north": {"uv": [0, 0, 1, 3.35], "texture": "#1"},
				"east": {"uv": [0, 0, 0.3, 3.35], "texture": "#1"},
				"south": {"uv": [0, 0, 1, 3.35], "texture": "#1"},
				"west": {"uv": [0, 0, 0.3, 3.35], "texture": "#1"},
				"up": {"uv": [0, 0, 1, 0.3], "texture": "#1"},
				"down": {"uv": [0, 0, 1, 0.3], "texture": "#1"}
			}
		},
		{
			"from": [7.54524, 2.93215, 16.25288],
			"to": [8.44524, 3.37215, 19.35288],
			"rotation": {"angle": 22.5, "axis": "x", "origin": [7.99524, 2.97715, 16.85288]},
			"faces": {
				"north": {"uv": [0, 0, 1, 0.3], "rotation": 180, "texture": "#1"},
				"east": {"uv": [0, 0, 0.3, 3.35], "rotation": 90, "texture": "#1"},
				"south": {"uv": [0, 0, 1, 0.3], "texture": "#1"},
				"west": {"uv": [0, 0, 0.3, 3.35], "rotation": 270, "texture": "#1"},
				"up": {"uv": [0, 0, 1, 3.35], "texture": "#1"},
				"down": {"uv": [0, 0, 1, 3.35], "rotation": 180, "texture": "#1"}
			}
		},
		{
			"from": [7.54436, 3.00741, 15.93388],
			"to": [8.44436, 5.30741, 16.62388],
			"faces": {
				"north": {"uv": [0, 0, 1, 3.35], "texture": "#1"},
				"east": {"uv": [0, 0, 0.3, 3.35], "texture": "#1"},
				"south": {"uv": [0, 0, 1, 3.35], "texture": "#1"},
				"west": {"uv": [0, 0, 0.3, 3.35], "texture": "#1"},
				"up": {"uv": [0, 0, 1, 0.3], "texture": "#1"},
				"down": {"uv": [0, 0, 1, 0.3], "texture": "#1"}
			}
		},
		{
			"from": [7.54439, 6.23983, 14.55106],
			"to": [8.44439, 7.53983, 15.64106],
			"rotation": {"angle": -45, "axis": "x", "origin": [7.99439, 4.03983, 16.64606]},
			"faces": {
				"north": {"uv": [0, 0, 1, 3.35], "rotation": 180, "texture": "#1"},
				"east": {"uv": [0, 0, 0.3, 3.35], "rotation": 180, "texture": "#1"},
				"south": {"uv": [0, 0, 1, 3.35], "rotation": 180, "texture": "#1"},
				"west": {"uv": [0, 0, 0.3, 3.35], "rotation": 180, "texture": "#1"},
				"up": {"uv": [0, 0, 1, 0.3], "texture": "#1"},
				"down": {"uv": [0, 0, 1, 0.3], "texture": "#1"}
			}
		},
		{
			"from": [7.54436, 3.85741, 14.83388],
			"to": [8.44436, 4.15741, 15.92388],
			"rotation": {"angle": 45, "axis": "x", "origin": [7.99436, 3.60741, 16.32888]},
			"faces": {
				"north": {"uv": [0, 0, 1, 3.35], "rotation": 180, "texture": "#1"},
				"east": {"uv": [0, 0, 0.3, 3.35], "rotation": 180, "texture": "#1"},
				"south": {"uv": [0, 0, 1, 3.35], "rotation": 180, "texture": "#1"},
				"west": {"uv": [0, 0, 0.3, 3.35], "rotation": 180, "texture": "#1"},
				"up": {"uv": [0, 0, 1, 0.3], "texture": "#1"},
				"down": {"uv": [0, 0, 1, 0.3], "texture": "#1"}
			}
		},
		{
			"from": [7.743, 3.00879, 12.73387],
			"to": [8.243, 3.70879, 16.52387],
			"faces": {
				"north": {"uv": [0, 0, 1, 3.35], "texture": "#1"},
				"east": {"uv": [0, 0, 0.3, 3.35], "texture": "#1"},
				"south": {"uv": [0, 0, 1, 3.35], "texture": "#1"},
				"west": {"uv": [0, 0, 0.3, 3.35], "texture": "#1"},
				"up": {"uv": [0, 0, 1, 0.3], "texture": "#1"},
				"down": {"uv": [0, 0, 1, 0.3], "texture": "#1"}
			}
		},
		{
			"from": [7.54482, 4.67842, 13.06957],
			"to": [8.44482, 5.27842, 20.75957],
			"faces": {
				"north": {"uv": [0, 0, 1, 3.35], "texture": "#1"},
				"east": {"uv": [0, 0, 0.3, 3.35], "texture": "#1"},
				"south": {"uv": [0, 0, 1, 3.35], "texture": "#1"},
				"west": {"uv": [0, 0, 0.3, 3.35], "texture": "#1"},
				"up": {"uv": [0, 0, 1, 0.3], "texture": "#1"},
				"down": {"uv": [0, 0, 1, 0.3], "texture": "#1"}
			}
		},
		{
			"from": [7.543, 3.00879, 12.73387],
			"to": [8.443, 5.30879, 13.82387],
			"faces": {
				"north": {"uv": [0, 0, 1, 3.35], "texture": "#1"},
				"east": {"uv": [0, 0, 0.3, 3.35], "texture": "#1"},
				"south": {"uv": [0, 0, 1, 3.35], "texture": "#1"},
				"west": {"uv": [0, 0, 0.3, 3.35], "texture": "#1"},
				"up": {"uv": [0, 0, 1, 0.3], "texture": "#1"},
				"down": {"uv": [0, 0, 1, 0.3], "texture": "#1"}
			}
		},
		{
			"from": [7.44482, 0.87842, 20.75957],
			"to": [8.54482, 1.87842, 21.35957],
			"faces": {
				"north": {"uv": [0, 0, 1, 3.35], "texture": "#1"},
				"east": {"uv": [0, 0, 0.3, 3.35], "texture": "#1"},
				"south": {"uv": [0, 0, 1, 3.35], "texture": "#1"},
				"west": {"uv": [0, 0, 0.3, 3.35], "texture": "#1"},
				"up": {"uv": [0, 0, 1, 0.3], "texture": "#1"},
				"down": {"uv": [0, 0, 1, 0.3], "texture": "#1"}
			}
		},
		{
			"from": [7.44482, 4.87842, 20.75957],
			"to": [8.54482, 5.67842, 21.35957],
			"faces": {
				"north": {"uv": [0, 0, 1, 3.35], "texture": "#1"},
				"east": {"uv": [0, 0, 0.3, 3.35], "texture": "#1"},
				"south": {"uv": [0, 0, 1, 3.35], "texture": "#1"},
				"west": {"uv": [0, 0, 0.3, 3.35], "texture": "#1"},
				"up": {"uv": [0, 0, 1, 0.3], "texture": "#1"},
				"down": {"uv": [0, 0, 1, 0.3], "texture": "#1"}
			}
		},
		{
			"from": [7.44482, 1.37842, 20.75957],
			"to": [8.54482, 5.57842, 21.10957],
			"faces": {
				"north": {"uv": [0, 0, 1, 3.35], "texture": "#1"},
				"east": {"uv": [0, 0, 0.3, 3.35], "texture": "#1"},
				"south": {"uv": [0, 0, 1, 3.35], "texture": "#1"},
				"west": {"uv": [0, 0, 0.3, 3.35], "texture": "#1"},
				"up": {"uv": [0, 0, 1, 0.3], "texture": "#1"},
				"down": {"uv": [0, 0, 1, 0.3], "texture": "#1"}
			}
		},
		{
			"from": [7.44523, 4.44516, 20.41714],
			"to": [8.54523, 5.04516, 20.71714],
			"rotation": {"angle": 22.5, "axis": "x", "origin": [7.99523, 3.34516, 20.61714]},
			"faces": {
				"north": {"uv": [0, 0, 1, 3.35], "texture": "#1"},
				"east": {"uv": [0, 0, 0.3, 3.35], "texture": "#1"},
				"south": {"uv": [0, 0, 1, 3.35], "texture": "#1"},
				"west": {"uv": [0, 0, 0.3, 3.35], "texture": "#1"},
				"up": {"uv": [0, 0, 1, 0.3], "texture": "#1"},
				"down": {"uv": [0, 0, 1, 0.3], "texture": "#1"}
			}
		},
		{
			"from": [7.44561, 1.80189, 20.97463],
			"to": [8.54561, 2.60189, 21.27463],
			"rotation": {"angle": -22.5, "axis": "x", "origin": [7.99561, 2.05189, 21.12463]},
			"faces": {
				"north": {"uv": [0, 0, 1, 3.35], "rotation": 180, "texture": "#1"},
				"east": {"uv": [0, 0, 0.3, 3.35], "rotation": 180, "texture": "#1"},
				"south": {"uv": [0, 0, 1, 3.35], "rotation": 180, "texture": "#1"},
				"west": {"uv": [0, 0, 0.3, 3.35], "rotation": 180, "texture": "#1"},
				"up": {"uv": [0, 0, 1, 0.3], "texture": "#1"},
				"down": {"uv": [0, 0, 1, 0.3], "texture": "#1"}
			}
		},
		{
			"from": [7.64972, 5.11739, 9.45763],
			"to": [8.34972, 7.05739, 12.23763],
			"faces": {
				"north": {"uv": [0, 0, 1, 0.3], "rotation": 180, "texture": "#1"},
				"east": {"uv": [0, 0, 0.3, 3.35], "rotation": 270, "texture": "#1"},
				"south": {"uv": [0, 0, 1, 0.3], "texture": "#1"},
				"west": {"uv": [0, 0, 0.3, 3.35], "rotation": 90, "texture": "#1"},
				"up": {"uv": [0, 0, 1, 3.35], "rotation": 180, "texture": "#1"},
				"down": {"uv": [0, 0, 1, 3.35], "texture": "#1"}
			}
		},
		{
			"from": [7.64972, 5.11739, 9.45763],
			"to": [7.74972, 7.15739, 12.23763],
			"faces": {
				"north": {"uv": [0, 0, 1, 0.3], "rotation": 180, "texture": "#1"},
				"east": {"uv": [0, 0, 0.3, 3.35], "rotation": 270, "texture": "#1"},
				"south": {"uv": [0, 0, 1, 0.3], "texture": "#1"},
				"west": {"uv": [0, 0, 0.3, 3.35], "rotation": 90, "texture": "#1"},
				"up": {"uv": [0, 0, 1, 3.35], "rotation": 180, "texture": "#1"},
				"down": {"uv": [0, 0, 1, 3.35], "texture": "#1"}
			}
		},
		{
			"from": [8.24972, 5.11739, 9.45763],
			"to": [8.34972, 7.15739, 12.23763],
			"faces": {
				"north": {"uv": [0, 0, 1, 0.3], "rotation": 180, "texture": "#1"},
				"east": {"uv": [0, 0, 0.3, 3.35], "rotation": 270, "texture": "#1"},
				"south": {"uv": [0, 0, 1, 0.3], "texture": "#1"},
				"west": {"uv": [0, 0, 0.3, 3.35], "rotation": 90, "texture": "#1"},
				"up": {"uv": [0, 0, 1, 3.35], "rotation": 180, "texture": "#1"},
				"down": {"uv": [0, 0, 1, 3.35], "texture": "#1"}
			}
		},
		{
			"from": [7.35, 3.18883, 3.77637],
			"to": [8.65, 5.22883, 9.25637],
			"faces": {
				"north": {"uv": [0, 0, 1, 0.3], "rotation": 180, "texture": "#1"},
				"east": {"uv": [0, 0, 0.3, 3.35], "rotation": 270, "texture": "#1"},
				"south": {"uv": [0, 0, 1, 0.3], "texture": "#1"},
				"west": {"uv": [0, 0, 0.3, 3.35], "rotation": 90, "texture": "#1"},
				"up": {"uv": [0, 0, 1, 3.35], "rotation": 180, "texture": "#1"},
				"down": {"uv": [0, 0, 1, 3.35], "texture": "#1"}
			}
		},
		{
			"from": [8.65115, 3.63624, -6.79161],
			"to": [8.75115, 4.87624, 1.18839],
			"faces": {
				"north": {"uv": [0, 0, 1, 0.3], "rotation": 180, "texture": "#1"},
				"east": {"uv": [0, 0, 0.3, 3.35], "rotation": 270, "texture": "#1"},
				"south": {"uv": [0, 0, 1, 0.3], "texture": "#1"},
				"west": {"uv": [0, 0, 0.3, 3.35], "rotation": 90, "texture": "#1"},
				"up": {"uv": [0, 0, 1, 3.35], "rotation": 180, "texture": "#1"},
				"down": {"uv": [0, 0, 1, 3.35], "texture": "#1"}
			}
		},
		{
			"from": [7.54439, 5.1402, 12.96989],
			"to": [8.44439, 5.6402, 14.95989],
			"rotation": {"angle": 22.5, "axis": "x", "origin": [7.99439, 5.4402, 13.76489]},
			"faces": {
				"north": {"uv": [0, 0, 1, 3.35], "texture": "#1"},
				"east": {"uv": [0, 0, 0.3, 3.35], "texture": "#1"},
				"south": {"uv": [0, 0, 1, 3.35], "texture": "#1"},
				"west": {"uv": [0, 0, 0.3, 3.35], "texture": "#1"},
				"up": {"uv": [0, 0, 1, 0.3], "texture": "#1"},
				"down": {"uv": [0, 0, 1, 0.3], "texture": "#1"}
			}
		},
		{
			"from": [8.82135, 5.29159, -6.19146],
			"to": [8.92135, 5.43159, 1.18854],
			"rotation": {"angle": 22.5, "axis": "z", "origin": [9.37135, 4.75159, 0.74854]},
			"faces": {
				"north": {"uv": [0, 0, 1, 0.3], "rotation": 180, "texture": "#1"},
				"east": {"uv": [0, 0, 0.3, 3.35], "rotation": 270, "texture": "#1"},
				"south": {"uv": [0, 0, 1, 0.3], "texture": "#1"},
				"west": {"uv": [0, 0, 0.3, 3.35], "rotation": 90, "texture": "#1"},
				"up": {"uv": [0, 0, 1, 3.35], "rotation": 180, "texture": "#1"},
				"down": {"uv": [0, 0, 1, 3.35], "texture": "#1"}
			}
		},
		{
			"from": [7.44634, 5.01647, -6.19056],
			"to": [7.54634, 5.15647, 1.18944],
			"rotation": {"angle": -22.5, "axis": "z", "origin": [7.49634, 5.53647, -0.10056]},
			"faces": {
				"north": {"uv": [0, 0, 1, 0.3], "rotation": 180, "texture": "#1"},
				"east": {"uv": [0, 0, 0.3, 3.35], "rotation": 270, "texture": "#1"},
				"south": {"uv": [0, 0, 1, 0.3], "texture": "#1"},
				"west": {"uv": [0, 0, 0.3, 3.35], "rotation": 90, "texture": "#1"},
				"up": {"uv": [0, 0, 1, 3.35], "rotation": 180, "texture": "#1"},
				"down": {"uv": [0, 0, 1, 3.35], "texture": "#1"}
			}
		},
		{
			"from": [8.69234, 6.05389, -4.89181],
			"to": [8.79234, 6.19389, 1.18819],
			"rotation": {"angle": 45, "axis": "z", "origin": [9.24234, 5.51389, 0.74819]},
			"faces": {
				"north": {"uv": [0, 0, 1, 0.3], "rotation": 180, "texture": "#1"},
				"east": {"uv": [0, 0, 0.3, 3.35], "rotation": 270, "texture": "#1"},
				"south": {"uv": [0, 0, 1, 0.3], "texture": "#1"},
				"west": {"uv": [0, 0, 0.3, 3.35], "rotation": 90, "texture": "#1"},
				"up": {"uv": [0, 0, 1, 3.35], "rotation": 180, "texture": "#1"},
				"down": {"uv": [0, 0, 1, 3.35], "texture": "#1"}
			}
		},
		{
			"from": [7.47265, 5.53787, -4.89021],
			"to": [7.61265, 5.63787, 1.18979],
			"rotation": {"angle": 45, "axis": "z", "origin": [7.54265, 5.58787, -0.10021]},
			"faces": {
				"north": {"uv": [0, 0, 1, 0.3], "rotation": 270, "texture": "#1"},
				"east": {"uv": [0, 0, 1, 3.35], "rotation": 270, "texture": "#1"},
				"south": {"uv": [0, 0, 1, 0.3], "rotation": 270, "texture": "#1"},
				"west": {"uv": [0, 0, 1, 3.35], "rotation": 270, "texture": "#1"},
				"up": {"uv": [0, 0, 0.3, 3.35], "rotation": 180, "texture": "#1"},
				"down": {"uv": [0, 0, 0.3, 3.35], "texture": "#1"}
			}
		},
		{
			"from": [7.5568, 5.57236, -4.88986],
			"to": [8.4368, 5.67236, 1.19014],
			"faces": {
				"north": {"uv": [0, 0, 1, 0.3], "rotation": 270, "texture": "#1"},
				"east": {"uv": [0, 0, 1, 3.35], "rotation": 270, "texture": "#1"},
				"south": {"uv": [0, 0, 1, 0.3], "rotation": 270, "texture": "#1"},
				"west": {"uv": [0, 0, 1, 3.35], "rotation": 270, "texture": "#1"},
				"up": {"uv": [0, 0, 0.3, 3.35], "rotation": 180, "texture": "#1"},
				"down": {"uv": [0, 0, 0.3, 3.35], "texture": "#1"}
			}
		},
		{
			"from": [7.25115, 3.63624, 0.90839],
			"to": [7.35115, 5.17624, 2.98839],
			"faces": {
				"north": {"uv": [0, 0, 1, 0.3], "rotation": 180, "texture": "#1"},
				"east": {"uv": [0, 0, 0.3, 3.35], "rotation": 270, "texture": "#1"},
				"south": {"uv": [0, 0, 1, 0.3], "texture": "#1"},
				"west": {"uv": [0, 0, 0.3, 3.35], "rotation": 90, "texture": "#1"},
				"up": {"uv": [0, 0, 1, 3.35], "rotation": 180, "texture": "#1"},
				"down": {"uv": [0, 0, 1, 3.35], "texture": "#1"}
			}
		},
		{
			"from": [8.65115, 3.63624, -0.49161],
			"to": [8.75115, 5.17624, 2.98839],
			"faces": {
				"north": {"uv": [0, 0, 1, 0.3], "rotation": 180, "texture": "#1"},
				"east": {"uv": [0, 0, 0.3, 3.35], "rotation": 270, "texture": "#1"},
				"south": {"uv": [0, 0, 1, 0.3], "texture": "#1"},
				"west": {"uv": [0, 0, 0.3, 3.35], "rotation": 90, "texture": "#1"},
				"up": {"uv": [0, 0, 1, 3.35], "rotation": 180, "texture": "#1"},
				"down": {"uv": [0, 0, 1, 3.35], "texture": "#1"}
			}
		},
		{
			"from": [7.25115, 3.83624, 0.30839],
			"to": [8.65115, 6.27624, 1.58839],
			"faces": {
				"north": {"uv": [0, 0, 1, 0.3], "rotation": 180, "texture": "#1"},
				"east": {"uv": [0, 0, 0.3, 3.35], "rotation": 270, "texture": "#1"},
				"south": {"uv": [0, 0, 1, 0.3], "texture": "#1"},
				"west": {"uv": [0, 0, 0.3, 3.35], "rotation": 90, "texture": "#1"},
				"up": {"uv": [0, 0, 1, 3.35], "rotation": 180, "texture": "#1"},
				"down": {"uv": [0, 0, 1, 3.35], "texture": "#1"}
			}
		},
		{
			"from": [7.24916, 3.39154, 1.31193],
			"to": [8.74916, 4.87154, 1.85193],
			"rotation": {"angle": -22.5, "axis": "x", "origin": [8.09916, 7.98154, 1.58193]},
			"faces": {
				"north": {"uv": [0, 0, 1, 3.35], "rotation": 180, "texture": "#1"},
				"east": {"uv": [0, 0, 0.3, 3.35], "rotation": 180, "texture": "#1"},
				"south": {"uv": [0, 0, 1, 3.35], "rotation": 180, "texture": "#1"},
				"west": {"uv": [0, 0, 0.3, 3.35], "rotation": 180, "texture": "#1"},
				"up": {"uv": [0, 0, 1, 0.3], "texture": "#1"},
				"down": {"uv": [0, 0, 1, 0.3], "texture": "#1"}
			}
		},
		{
			"from": [8.65115, 3.63624, -1.09161],
			"to": [8.75115, 3.87624, 3.58839],
			"faces": {
				"north": {"uv": [0, 0, 1, 0.3], "rotation": 180, "texture": "#1"},
				"east": {"uv": [0, 0, 0.3, 3.35], "rotation": 270, "texture": "#1"},
				"south": {"uv": [0, 0, 1, 0.3], "texture": "#1"},
				"west": {"uv": [0, 0, 0.3, 3.35], "rotation": 90, "texture": "#1"},
				"up": {"uv": [0, 0, 1, 3.35], "rotation": 180, "texture": "#1"},
				"down": {"uv": [0, 0, 1, 3.35], "texture": "#1"}
			}
		},
		{
			"from": [7.25115, 3.63624, -1.09161],
			"to": [7.35115, 3.87624, 3.58839],
			"faces": {
				"north": {"uv": [0, 0, 1, 0.3], "rotation": 180, "texture": "#1"},
				"east": {"uv": [0, 0, 0.3, 3.35], "rotation": 270, "texture": "#1"},
				"south": {"uv": [0, 0, 1, 0.3], "texture": "#1"},
				"west": {"uv": [0, 0, 0.3, 3.35], "rotation": 90, "texture": "#1"},
				"up": {"uv": [0, 0, 1, 3.35], "rotation": 180, "texture": "#1"},
				"down": {"uv": [0, 0, 1, 3.35], "texture": "#1"}
			}
		},
		{
			"from": [7.35115, 3.63624, 0.90839],
			"to": [8.65115, 5.37624, 2.98839],
			"faces": {
				"north": {"uv": [0, 0, 1, 0.3], "rotation": 180, "texture": "#1"},
				"east": {"uv": [0, 0, 0.3, 3.35], "rotation": 270, "texture": "#1"},
				"south": {"uv": [0, 0, 1, 0.3], "texture": "#1"},
				"west": {"uv": [0, 0, 0.3, 3.35], "rotation": 90, "texture": "#1"},
				"up": {"uv": [0, 0, 1, 3.35], "rotation": 180, "texture": "#1"},
				"down": {"uv": [0, 0, 1, 3.35], "texture": "#1"}
			}
		},
		{
			"from": [8.82135, 5.69159, -4.89146],
			"to": [8.92135, 5.83159, 1.18854],
			"rotation": {"angle": 22.5, "axis": "z", "origin": [9.37135, 4.75159, 0.74854]},
			"faces": {
				"north": {"uv": [0, 0, 1, 0.3], "rotation": 180, "texture": "#1"},
				"east": {"uv": [0, 0, 0.3, 3.35], "rotation": 270, "texture": "#1"},
				"south": {"uv": [0, 0, 1, 0.3], "texture": "#1"},
				"west": {"uv": [0, 0, 0.3, 3.35], "rotation": 90, "texture": "#1"},
				"up": {"uv": [0, 0, 1, 3.35], "rotation": 180, "texture": "#1"},
				"down": {"uv": [0, 0, 1, 3.35], "texture": "#1"}
			}
		},
		{
			"from": [7.44634, 5.41647, -4.89056],
			"to": [7.54634, 5.55647, 1.18944],
			"rotation": {"angle": -22.5, "axis": "z", "origin": [7.49634, 5.53647, -0.10056]},
			"faces": {
				"north": {"uv": [0, 0, 1, 0.3], "rotation": 180, "texture": "#1"},
				"east": {"uv": [0, 0, 0.3, 3.35], "rotation": 270, "texture": "#1"},
				"south": {"uv": [0, 0, 1, 0.3], "texture": "#1"},
				"west": {"uv": [0, 0, 0.3, 3.35], "rotation": 90, "texture": "#1"},
				"up": {"uv": [0, 0, 1, 3.35], "rotation": 180, "texture": "#1"},
				"down": {"uv": [0, 0, 1, 3.35], "texture": "#1"}
			}
		},
		{
			"from": [8.82135, 5.39159, -1.49146],
			"to": [8.92135, 5.83159, -0.51146],
			"rotation": {"angle": 22.5, "axis": "z", "origin": [9.37135, 4.75159, -0.95146]},
			"faces": {
				"north": {"uv": [0, 0, 1, 0.3], "rotation": 180, "texture": "#1"},
				"east": {"uv": [0, 0, 0.3, 3.35], "rotation": 270, "texture": "#1"},
				"south": {"uv": [0, 0, 1, 0.3], "texture": "#1"},
				"west": {"uv": [0, 0, 0.3, 3.35], "rotation": 90, "texture": "#1"},
				"up": {"uv": [0, 0, 1, 3.35], "rotation": 180, "texture": "#1"},
				"down": {"uv": [0, 0, 1, 3.35], "texture": "#1"}
			}
		},
		{
			"from": [7.44634, 5.11647, 0.20944],
			"to": [7.54634, 5.55647, 1.18944],
			"rotation": {"angle": -22.5, "axis": "z", "origin": [7.49634, 5.53647, -0.10056]},
			"faces": {
				"north": {"uv": [0, 0, 1, 0.3], "rotation": 180, "texture": "#1"},
				"east": {"uv": [0, 0, 0.3, 3.35], "rotation": 270, "texture": "#1"},
				"south": {"uv": [0, 0, 1, 0.3], "texture": "#1"},
				"west": {"uv": [0, 0, 0.3, 3.35], "rotation": 90, "texture": "#1"},
				"up": {"uv": [0, 0, 1, 3.35], "rotation": 180, "texture": "#1"},
				"down": {"uv": [0, 0, 1, 3.35], "texture": "#1"}
			}
		},
		{
			"from": [8.82135, 5.39159, -1.19146],
			"to": [8.92135, 5.83159, -0.79146],
			"rotation": {"angle": 22.5, "axis": "z", "origin": [9.37135, 4.75159, -0.25146]},
			"faces": {
				"north": {"uv": [0, 0, 1, 0.3], "rotation": 180, "texture": "#1"},
				"east": {"uv": [0, 0, 0.3, 3.35], "rotation": 270, "texture": "#1"},
				"south": {"uv": [0, 0, 1, 0.3], "texture": "#1"},
				"west": {"uv": [0, 0, 0.3, 3.35], "rotation": 90, "texture": "#1"},
				"up": {"uv": [0, 0, 1, 3.35], "rotation": 180, "texture": "#1"},
				"down": {"uv": [0, 0, 1, 3.35], "texture": "#1"}
			}
		},
		{
			"from": [7.44634, 5.11647, -1.19056],
			"to": [7.54634, 5.55647, -0.79056],
			"rotation": {"angle": -22.5, "axis": "z", "origin": [7.49634, 5.53647, -1.10056]},
			"faces": {
				"north": {"uv": [0, 0, 1, 0.3], "rotation": 180, "texture": "#1"},
				"east": {"uv": [0, 0, 0.3, 3.35], "rotation": 270, "texture": "#1"},
				"south": {"uv": [0, 0, 1, 0.3], "texture": "#1"},
				"west": {"uv": [0, 0, 0.3, 3.35], "rotation": 90, "texture": "#1"},
				"up": {"uv": [0, 0, 1, 3.35], "rotation": 180, "texture": "#1"},
				"down": {"uv": [0, 0, 1, 3.35], "texture": "#1"}
			}
		},
		{
			"from": [8.82135, 5.39159, -2.44146],
			"to": [8.92135, 5.83159, -2.04146],
			"rotation": {"angle": 22.5, "axis": "z", "origin": [9.37135, 4.75159, -1.50146]},
			"faces": {
				"north": {"uv": [0, 0, 1, 0.3], "rotation": 180, "texture": "#1"},
				"east": {"uv": [0, 0, 0.3, 3.35], "rotation": 270, "texture": "#1"},
				"south": {"uv": [0, 0, 1, 0.3], "texture": "#1"},
				"west": {"uv": [0, 0, 0.3, 3.35], "rotation": 90, "texture": "#1"},
				"up": {"uv": [0, 0, 1, 3.35], "rotation": 180, "texture": "#1"},
				"down": {"uv": [0, 0, 1, 3.35], "texture": "#1"}
			}
		},
		{
			"from": [7.44634, 5.11647, -2.44056],
			"to": [7.54634, 5.55647, -2.04056],
			"rotation": {"angle": -22.5, "axis": "z", "origin": [7.49634, 5.53647, -2.35056]},
			"faces": {
				"north": {"uv": [0, 0, 1, 0.3], "rotation": 180, "texture": "#1"},
				"east": {"uv": [0, 0, 0.3, 3.35], "rotation": 270, "texture": "#1"},
				"south": {"uv": [0, 0, 1, 0.3], "texture": "#1"},
				"west": {"uv": [0, 0, 0.3, 3.35], "rotation": 90, "texture": "#1"},
				"up": {"uv": [0, 0, 1, 3.35], "rotation": 180, "texture": "#1"},
				"down": {"uv": [0, 0, 1, 3.35], "texture": "#1"}
			}
		},
		{
			"from": [8.82135, 5.39159, -3.69146],
			"to": [8.92135, 5.83159, -3.29146],
			"rotation": {"angle": 22.5, "axis": "z", "origin": [9.37135, 4.75159, -2.75146]},
			"faces": {
				"north": {"uv": [0, 0, 1, 0.3], "rotation": 180, "texture": "#1"},
				"east": {"uv": [0, 0, 0.3, 3.35], "rotation": 270, "texture": "#1"},
				"south": {"uv": [0, 0, 1, 0.3], "texture": "#1"},
				"west": {"uv": [0, 0, 0.3, 3.35], "rotation": 90, "texture": "#1"},
				"up": {"uv": [0, 0, 1, 3.35], "rotation": 180, "texture": "#1"},
				"down": {"uv": [0, 0, 1, 3.35], "texture": "#1"}
			}
		},
		{
			"from": [7.44634, 5.11647, -3.69056],
			"to": [7.54634, 5.55647, -3.29056],
			"rotation": {"angle": -22.5, "axis": "z", "origin": [7.49634, 5.53647, -3.60056]},
			"faces": {
				"north": {"uv": [0, 0, 1, 0.3], "rotation": 180, "texture": "#1"},
				"east": {"uv": [0, 0, 0.3, 3.35], "rotation": 270, "texture": "#1"},
				"south": {"uv": [0, 0, 1, 0.3], "texture": "#1"},
				"west": {"uv": [0, 0, 0.3, 3.35], "rotation": 90, "texture": "#1"},
				"up": {"uv": [0, 0, 1, 3.35], "rotation": 180, "texture": "#1"},
				"down": {"uv": [0, 0, 1, 3.35], "texture": "#1"}
			}
		},
		{
			"from": [8.82135, 5.39159, -5.54146],
			"to": [8.92135, 5.73159, -4.54146],
			"rotation": {"angle": 22.5, "axis": "z", "origin": [9.37135, 4.75159, -4.00146]},
			"faces": {
				"north": {"uv": [0, 0, 1, 0.3], "rotation": 180, "texture": "#1"},
				"east": {"uv": [0, 0, 0.3, 3.35], "rotation": 270, "texture": "#1"},
				"south": {"uv": [0, 0, 1, 0.3], "texture": "#1"},
				"west": {"uv": [0, 0, 0.3, 3.35], "rotation": 90, "texture": "#1"},
				"up": {"uv": [0, 0, 1, 3.35], "rotation": 180, "texture": "#1"},
				"down": {"uv": [0, 0, 1, 3.35], "texture": "#1"}
			}
		},
		{
			"from": [7.44634, 5.11647, -5.54056],
			"to": [7.54634, 5.45647, -4.54056],
			"rotation": {"angle": -22.5, "axis": "z", "origin": [7.49634, 5.53647, -4.85056]},
			"faces": {
				"north": {"uv": [0, 0, 1, 0.3], "rotation": 180, "texture": "#1"},
				"east": {"uv": [0, 0, 0.3, 3.35], "rotation": 270, "texture": "#1"},
				"south": {"uv": [0, 0, 1, 0.3], "texture": "#1"},
				"west": {"uv": [0, 0, 0.3, 3.35], "rotation": 90, "texture": "#1"},
				"up": {"uv": [0, 0, 1, 3.35], "rotation": 180, "texture": "#1"},
				"down": {"uv": [0, 0, 1, 3.35], "texture": "#1"}
			}
		},
		{
			"from": [7.5568, 3.32764, -6.78986],
			"to": [8.4368, 3.42764, 3.89014],
			"faces": {
				"north": {"uv": [1, 0, 0, 0.3], "rotation": 270, "texture": "#1"},
				"east": {"uv": [1, 0, 0, 3.35], "rotation": 270, "texture": "#1"},
				"south": {"uv": [1, 0, 0, 0.3], "rotation": 270, "texture": "#1"},
				"west": {"uv": [1, 0, 0, 3.35], "rotation": 270, "texture": "#1"},
				"up": {"uv": [0, 3.35, 0.3, 0], "texture": "#1"},
				"down": {"uv": [0, 3.35, 0.3, 0], "rotation": 180, "texture": "#1"}
			}
		},
		{
			"from": [7.17265, 3.36213, -6.79021],
			"to": [7.61265, 3.46213, 3.58979],
			"rotation": {"angle": -45, "axis": "z", "origin": [7.54265, 3.41213, -0.10021]},
			"faces": {
				"north": {"uv": [1, 0, 0, 0.3], "rotation": 270, "texture": "#1"},
				"east": {"uv": [1, 0, 0, 3.35], "rotation": 270, "texture": "#1"},
				"south": {"uv": [1, 0, 0, 0.3], "rotation": 270, "texture": "#1"},
				"west": {"uv": [1, 0, 0, 3.35], "rotation": 270, "texture": "#1"},
				"up": {"uv": [0, 3.35, 0.3, 0], "texture": "#1"},
				"down": {"uv": [0, 3.35, 0.3, 0], "rotation": 180, "texture": "#1"}
			}
		},
		{
			"from": [8.69234, 2.80611, -6.79181],
			"to": [8.79234, 3.24611, 4.18819],
			"rotation": {"angle": -45, "axis": "z", "origin": [9.24234, 3.48611, 0.74819]},
			"faces": {
				"north": {"uv": [0, 0.3, 1, 0], "rotation": 180, "texture": "#1"},
				"east": {"uv": [0.3, 0, 0, 3.35], "rotation": 270, "texture": "#1"},
				"south": {"uv": [0, 0.3, 1, 0], "texture": "#1"},
				"west": {"uv": [0.3, 0, 0, 3.35], "rotation": 90, "texture": "#1"},
				"up": {"uv": [0, 3.35, 1, 0], "texture": "#1"},
				"down": {"uv": [0, 3.35, 1, 0], "rotation": 180, "texture": "#1"}
			}
		},
		{
			"from": [8.69234, 3.24611, -6.19181],
			"to": [8.79234, 3.24611, 4.18819],
			"rotation": {"angle": -45, "axis": "z", "origin": [9.24234, 3.48611, 0.74819]},
			"faces": {
				"north": {"uv": [0, 0.3, 1, 0], "rotation": 180, "texture": "#1"},
				"east": {"uv": [0.3, 0, 0, 3.35], "rotation": 270, "texture": "#1"},
				"south": {"uv": [0, 0.3, 1, 0], "texture": "#1"},
				"west": {"uv": [0.3, 0, 0, 3.35], "rotation": 90, "texture": "#1"},
				"up": {"uv": [0, 3.35, 1, 0], "texture": "#1"},
				"down": {"uv": [0, 3.35, 1, 0], "rotation": 180, "texture": "#1"}
			}
		},
		{
			"from": [8.65115, 4.83624, -6.19161],
			"to": [8.75115, 5.07624, 1.18839],
			"faces": {
				"north": {"uv": [0, 0, 1, 0.3], "rotation": 180, "texture": "#1"},
				"east": {"uv": [0, 0, 0.3, 3.35], "rotation": 270, "texture": "#1"},
				"south": {"uv": [0, 0, 1, 0.3], "texture": "#1"},
				"west": {"uv": [0, 0, 0.3, 3.35], "rotation": 90, "texture": "#1"},
				"up": {"uv": [0, 0, 1, 3.35], "rotation": 180, "texture": "#1"},
				"down": {"uv": [0, 0, 1, 3.35], "texture": "#1"}
			}
		},
		{
			"from": [7.25115, 4.83624, -6.19161],
			"to": [7.35115, 5.07624, 1.18839],
			"faces": {
				"north": {"uv": [0, 0, 1, 0.3], "rotation": 180, "texture": "#1"},
				"east": {"uv": [0, 0, 0.3, 3.35], "rotation": 270, "texture": "#1"},
				"south": {"uv": [0, 0, 1, 0.3], "texture": "#1"},
				"west": {"uv": [0, 0, 0.3, 3.35], "rotation": 90, "texture": "#1"},
				"up": {"uv": [0, 0, 1, 3.35], "rotation": 180, "texture": "#1"},
				"down": {"uv": [0, 0, 1, 3.35], "texture": "#1"}
			}
		},
		{
			"name": "hexadecagon",
			"from": [7.90054, 6.5, 9.55],
			"to": [8.09946, 6.7, 12.25],
			"rotation": {"angle": -45, "axis": "z", "origin": [8, 7.1, 12.1]},
			"faces": {
				"north": {"uv": [12, 4, 13, 5], "texture": "#1"},
				"east": {"uv": [12, 4, 13, 5], "texture": "#1"},
				"south": {"uv": [12, 4, 13, 5], "texture": "#1"},
				"west": {"uv": [12, 4, 13, 5], "texture": "#1"},
				"up": {"uv": [12, 4, 13, 5], "texture": "#1"},
				"down": {"uv": [12, 4, 13, 5], "texture": "#1"}
			}
		},
		{
			"name": "hexadecagon",
			"from": [7.90054, 6.6, 9.55],
			"to": [8.09946, 6.7, 12.25],
			"rotation": {"angle": -22.5, "axis": "z", "origin": [8, 7.1, 12.1]},
			"faces": {
				"north": {"uv": [12, 4, 13, 5], "texture": "#1"},
				"east": {"uv": [12, 4, 13, 5], "texture": "#1"},
				"south": {"uv": [12, 4, 13, 5], "texture": "#1"},
				"west": {"uv": [12, 4, 13, 5], "texture": "#1"},
				"up": {"uv": [12, 4, 13, 5], "texture": "#1"},
				"down": {"uv": [12, 4, 13, 5], "texture": "#1"}
			}
		},
		{
			"name": "hexadecagon",
			"from": [7.60054, 6.6, 9.55],
			"to": [8.49946, 6.7, 12.25],
			"faces": {
				"north": {"uv": [12, 4, 13, 5], "texture": "#1"},
				"east": {"uv": [12, 4, 13, 5], "texture": "#1"},
				"south": {"uv": [12, 4, 13, 5], "texture": "#1"},
				"west": {"uv": [12, 4, 13, 5], "texture": "#1"},
				"up": {"uv": [12, 4, 13, 5], "texture": "#1"},
				"down": {"uv": [12, 4, 13, 5], "texture": "#1"}
			}
		},
		{
			"name": "hexadecagon",
			"from": [7.90054, 6.6, 9.55],
			"to": [8.09946, 6.7, 12.25],
			"rotation": {"angle": 22.5, "axis": "z", "origin": [8, 7.1, 12.1]},
			"faces": {
				"north": {"uv": [12, 4, 13, 5], "texture": "#1"},
				"east": {"uv": [12, 4, 13, 5], "texture": "#1"},
				"south": {"uv": [12, 4, 13, 5], "texture": "#1"},
				"west": {"uv": [12, 4, 13, 5], "texture": "#1"},
				"up": {"uv": [12, 4, 13, 5], "texture": "#1"},
				"down": {"uv": [12, 4, 13, 5], "texture": "#1"}
			}
		},
		{
			"name": "hexadecagon",
			"from": [7.90054, 6.5, 9.55],
			"to": [8.09946, 6.7, 12.25],
			"rotation": {"angle": 45, "axis": "z", "origin": [8, 7.1, 12.1]},
			"faces": {
				"north": {"uv": [12, 4, 13, 5], "texture": "#1"},
				"east": {"uv": [12, 4, 13, 5], "texture": "#1"},
				"south": {"uv": [12, 4, 13, 5], "texture": "#1"},
				"west": {"uv": [12, 4, 13, 5], "texture": "#1"},
				"up": {"uv": [12, 4, 13, 5], "texture": "#1"},
				"down": {"uv": [12, 4, 13, 5], "texture": "#1"}
			}
		},
		{
			"name": "hexadecagon",
			"from": [7.90054, 7.5, 9.55],
			"to": [8.09946, 7.7, 12.25],
			"rotation": {"angle": -45, "axis": "z", "origin": [8, 7.1, 12.1]},
			"faces": {
				"north": {"uv": [12, 4, 13, 5], "texture": "#1"},
				"east": {"uv": [12, 4, 13, 5], "texture": "#1"},
				"south": {"uv": [12, 4, 13, 5], "texture": "#1"},
				"west": {"uv": [12, 4, 13, 5], "texture": "#1"},
				"up": {"uv": [12, 4, 13, 5], "texture": "#1"},
				"down": {"uv": [12, 4, 13, 5], "texture": "#1"}
			}
		},
		{
			"name": "hexadecagon",
			"from": [7.90054, 7.5, 9.55],
			"to": [8.09946, 7.6, 12.25],
			"rotation": {"angle": -22.5, "axis": "z", "origin": [8, 7.1, 12.1]},
			"faces": {
				"north": {"uv": [12, 4, 13, 5], "texture": "#1"},
				"east": {"uv": [12, 4, 13, 5], "texture": "#1"},
				"south": {"uv": [12, 4, 13, 5], "texture": "#1"},
				"west": {"uv": [12, 4, 13, 5], "texture": "#1"},
				"up": {"uv": [12, 4, 13, 5], "texture": "#1"},
				"down": {"uv": [12, 4, 13, 5], "texture": "#1"}
			}
		},
		{
			"name": "hexadecagon",
			"from": [7.50054, 7.5, 9.55],
			"to": [8.49946, 7.6, 12.25],
			"faces": {
				"north": {"uv": [12, 4, 13, 5], "texture": "#1"},
				"east": {"uv": [12, 4, 13, 5], "texture": "#1"},
				"south": {"uv": [12, 4, 13, 5], "texture": "#1"},
				"west": {"uv": [12, 4, 13, 5], "texture": "#1"},
				"up": {"uv": [12, 4, 13, 5], "texture": "#1"},
				"down": {"uv": [12, 4, 13, 5], "texture": "#1"}
			}
		},
		{
			"name": "hexadecagon",
			"from": [7.90054, 7.5, 9.55],
			"to": [8.09946, 7.6, 12.25],
			"rotation": {"angle": 22.5, "axis": "z", "origin": [8, 7.1, 12.1]},
			"faces": {
				"north": {"uv": [12, 4, 13, 5], "texture": "#1"},
				"east": {"uv": [12, 4, 13, 5], "texture": "#1"},
				"south": {"uv": [12, 4, 13, 5], "texture": "#1"},
				"west": {"uv": [12, 4, 13, 5], "texture": "#1"},
				"up": {"uv": [12, 4, 13, 5], "texture": "#1"},
				"down": {"uv": [12, 4, 13, 5], "texture": "#1"}
			}
		},
		{
			"name": "hexadecagon",
			"from": [7.90054, 7.5, 9.55],
			"to": [8.09946, 7.7, 12.25],
			"rotation": {"angle": 45, "axis": "z", "origin": [8, 7.1, 12.1]},
			"faces": {
				"north": {"uv": [12, 4, 13, 5], "texture": "#1"},
				"east": {"uv": [12, 4, 13, 5], "texture": "#1"},
				"south": {"uv": [12, 4, 13, 5], "texture": "#1"},
				"west": {"uv": [12, 4, 13, 5], "texture": "#1"},
				"up": {"uv": [12, 4, 13, 5], "texture": "#1"},
				"down": {"uv": [12, 4, 13, 5], "texture": "#1"}
			}
		},
		{
			"name": "hexadecagon",
			"from": [7.5, 7.00054, 9.55],
			"to": [7.6, 7.19946, 12.25],
			"rotation": {"angle": -22.5, "axis": "z", "origin": [8, 7.1, 12.1]},
			"faces": {
				"north": {"uv": [12, 4, 13, 5], "texture": "#1"},
				"east": {"uv": [12, 4, 13, 5], "texture": "#1"},
				"south": {"uv": [12, 4, 13, 5], "texture": "#1"},
				"west": {"uv": [12, 4, 13, 5], "texture": "#1"},
				"up": {"uv": [12, 4, 13, 5], "texture": "#1"},
				"down": {"uv": [12, 4, 13, 5], "texture": "#1"}
			}
		},
		{
			"name": "hexadecagon",
			"from": [7.5, 6.60054, 9.55],
			"to": [7.6, 7.59946, 12.25],
			"faces": {
				"north": {"uv": [12, 4, 13, 5], "texture": "#1"},
				"east": {"uv": [12, 4, 13, 5], "texture": "#1"},
				"south": {"uv": [12, 4, 13, 5], "texture": "#1"},
				"west": {"uv": [12, 4, 13, 5], "texture": "#1"},
				"up": {"uv": [12, 4, 13, 5], "texture": "#1"},
				"down": {"uv": [12, 4, 13, 5], "texture": "#1"}
			}
		},
		{
			"name": "hexadecagon",
			"from": [7.5, 7.00054, 9.55],
			"to": [7.6, 7.19946, 12.25],
			"rotation": {"angle": 22.5, "axis": "z", "origin": [8, 7.1, 12.1]},
			"faces": {
				"north": {"uv": [12, 4, 13, 5], "texture": "#1"},
				"east": {"uv": [12, 4, 13, 5], "texture": "#1"},
				"south": {"uv": [12, 4, 13, 5], "texture": "#1"},
				"west": {"uv": [12, 4, 13, 5], "texture": "#1"},
				"up": {"uv": [12, 4, 13, 5], "texture": "#1"},
				"down": {"uv": [12, 4, 13, 5], "texture": "#1"}
			}
		},
		{
			"name": "hexadecagon",
			"from": [8.4, 7.00054, 9.55],
			"to": [8.5, 7.19946, 12.25],
			"rotation": {"angle": -22.5, "axis": "z", "origin": [8, 7.1, 12.1]},
			"faces": {
				"north": {"uv": [12, 4, 13, 5], "texture": "#1"},
				"east": {"uv": [12, 4, 13, 5], "texture": "#1"},
				"south": {"uv": [12, 4, 13, 5], "texture": "#1"},
				"west": {"uv": [12, 4, 13, 5], "texture": "#1"},
				"up": {"uv": [12, 4, 13, 5], "texture": "#1"},
				"down": {"uv": [12, 4, 13, 5], "texture": "#1"}
			}
		},
		{
			"name": "hexadecagon",
			"from": [8.4, 6.60054, 9.55],
			"to": [8.5, 7.59946, 12.25],
			"faces": {
				"north": {"uv": [12, 4, 13, 5], "texture": "#1"},
				"east": {"uv": [12, 4, 13, 5], "texture": "#1"},
				"south": {"uv": [12, 4, 13, 5], "texture": "#1"},
				"west": {"uv": [12, 4, 13, 5], "texture": "#1"},
				"up": {"uv": [12, 4, 13, 5], "texture": "#1"},
				"down": {"uv": [12, 4, 13, 5], "texture": "#1"}
			}
		},
		{
			"name": "hexadecagon",
			"from": [8.4, 7.00054, 9.55],
			"to": [8.5, 7.19946, 12.25],
			"rotation": {"angle": 22.5, "axis": "z", "origin": [8, 7.1, 12.1]},
			"faces": {
				"north": {"uv": [12, 4, 13, 5], "texture": "#1"},
				"east": {"uv": [12, 4, 13, 5], "texture": "#1"},
				"south": {"uv": [12, 4, 13, 5], "texture": "#1"},
				"west": {"uv": [12, 4, 13, 5], "texture": "#1"},
				"up": {"uv": [12, 4, 13, 5], "texture": "#1"},
				"down": {"uv": [12, 4, 13, 5], "texture": "#1"}
			}
		},
		{
			"name": "hexadecagon",
			"from": [7.45, 6.70054, 9.55],
			"to": [7.6, 7.49946, 12.25],
			"faces": {
				"north": {"uv": [12, 4, 13, 5], "texture": "#1"},
				"east": {"uv": [12, 4, 13, 5], "texture": "#1"},
				"south": {"uv": [12, 4, 13, 5], "texture": "#1"},
				"west": {"uv": [12, 4, 13, 5], "texture": "#1"},
				"up": {"uv": [12, 4, 13, 5], "texture": "#1"},
				"down": {"uv": [12, 4, 13, 5], "texture": "#1"}
			}
		},
		{
			"name": "hexadecagon",
			"from": [8.4, 6.70054, 9.55],
			"to": [8.55, 7.49946, 12.25],
			"faces": {
				"north": {"uv": [12, 4, 13, 5], "texture": "#1"},
				"east": {"uv": [12, 4, 13, 5], "texture": "#1"},
				"south": {"uv": [12, 4, 13, 5], "texture": "#1"},
				"west": {"uv": [12, 4, 13, 5], "texture": "#1"},
				"up": {"uv": [12, 4, 13, 5], "texture": "#1"},
				"down": {"uv": [12, 4, 13, 5], "texture": "#1"}
			}
		},
		{
			"name": "hexadecagon",
			"from": [7.60054, 5.9, 9.55],
			"to": [8.39946, 6.65, 12.25],
			"faces": {
				"north": {"uv": [12, 4, 13, 5], "texture": "#1"},
				"east": {"uv": [12, 4, 13, 5], "texture": "#1"},
				"south": {"uv": [12, 4, 13, 5], "texture": "#1"},
				"west": {"uv": [12, 4, 13, 5], "texture": "#1"},
				"up": {"uv": [12, 4, 13, 5], "texture": "#1"},
				"down": {"uv": [12, 4, 13, 5], "texture": "#1"}
			}
		},
		{
			"name": "hexadecagon",
			"from": [7.60054, 7.5, 9.55],
			"to": [8.39946, 7.65, 12.25],
			"faces": {
				"north": {"uv": [12, 4, 13, 5], "texture": "#1"},
				"east": {"uv": [12, 4, 13, 5], "texture": "#1"},
				"south": {"uv": [12, 4, 13, 5], "texture": "#1"},
				"west": {"uv": [12, 4, 13, 5], "texture": "#1"},
				"up": {"uv": [12, 4, 13, 5], "texture": "#1"},
				"down": {"uv": [12, 4, 13, 5], "texture": "#1"}
			}
		},
		{
			"name": "hexadecagon",
			"from": [7.44252, 8.50729, 8.95076],
			"to": [7.59143, 8.90729, 9.65076],
			"rotation": {"angle": 45, "axis": "x", "origin": [8.01697, 7.55729, 7.95076]},
			"faces": {
				"north": {"uv": [12, 4, 13, 5], "texture": "#1"},
				"east": {"uv": [12, 4, 13, 5], "texture": "#1"},
				"south": {"uv": [12, 4, 13, 5], "texture": "#1"},
				"west": {"uv": [12, 4, 13, 5], "texture": "#1"},
				"up": {"uv": [12, 4, 13, 5], "texture": "#1"},
				"down": {"uv": [12, 4, 13, 5], "texture": "#1"}
			}
		},
		{
			"name": "hexadecagon",
			"from": [8.39252, 8.50729, 8.95076],
			"to": [8.54143, 8.90729, 9.65076],
			"rotation": {"angle": 45, "axis": "x", "origin": [8.01697, 7.55729, 7.95076]},
			"faces": {
				"north": {"uv": [12, 4, 13, 5], "texture": "#1"},
				"east": {"uv": [12, 4, 13, 5], "texture": "#1"},
				"south": {"uv": [12, 4, 13, 5], "texture": "#1"},
				"west": {"uv": [12, 4, 13, 5], "texture": "#1"},
				"up": {"uv": [12, 4, 13, 5], "texture": "#1"},
				"down": {"uv": [12, 4, 13, 5], "texture": "#1"}
			}
		},
		{
			"name": "hexadecagon",
			"from": [7.44252, 7.40477, 2.31246],
			"to": [7.59143, 7.80477, 9.61246],
			"faces": {
				"north": {"uv": [12, 4, 13, 5], "texture": "#1"},
				"east": {"uv": [12, 4, 13, 5], "texture": "#1"},
				"south": {"uv": [12, 4, 13, 5], "texture": "#1"},
				"west": {"uv": [12, 4, 13, 5], "texture": "#1"},
				"up": {"uv": [12, 4, 13, 5], "texture": "#1"},
				"down": {"uv": [12, 4, 13, 5], "texture": "#1"}
			}
		},
		{
			"name": "hexadecagon",
			"from": [8.39252, 7.40477, 2.31246],
			"to": [8.54143, 7.80477, 9.61246],
			"faces": {
				"north": {"uv": [12, 4, 13, 5], "texture": "#1"},
				"east": {"uv": [12, 4, 13, 5], "texture": "#1"},
				"south": {"uv": [12, 4, 13, 5], "texture": "#1"},
				"west": {"uv": [12, 4, 13, 5], "texture": "#1"},
				"up": {"uv": [12, 4, 13, 5], "texture": "#1"},
				"down": {"uv": [12, 4, 13, 5], "texture": "#1"}
			}
		},
		{
			"name": "hexadecagon",
			"from": [7.44252, 8.50729, 8.75076],
			"to": [7.59143, 8.70729, 9.65076],
			"rotation": {"angle": 45, "axis": "x", "origin": [8.01697, 7.55729, 7.95076]},
			"faces": {
				"north": {"uv": [12, 4, 13, 5], "texture": "#1"},
				"east": {"uv": [12, 4, 13, 5], "texture": "#1"},
				"south": {"uv": [12, 4, 13, 5], "texture": "#1"},
				"west": {"uv": [12, 4, 13, 5], "texture": "#1"},
				"up": {"uv": [12, 4, 13, 5], "texture": "#1"},
				"down": {"uv": [12, 4, 13, 5], "texture": "#1"}
			}
		},
		{
			"name": "hexadecagon",
			"from": [8.39252, 8.50729, 8.75076],
			"to": [8.54143, 8.70729, 9.65076],
			"rotation": {"angle": 45, "axis": "x", "origin": [8.01697, 7.55729, 7.95076]},
			"faces": {
				"north": {"uv": [12, 4, 13, 5], "texture": "#1"},
				"east": {"uv": [12, 4, 13, 5], "texture": "#1"},
				"south": {"uv": [12, 4, 13, 5], "texture": "#1"},
				"west": {"uv": [12, 4, 13, 5], "texture": "#1"},
				"up": {"uv": [12, 4, 13, 5], "texture": "#1"},
				"down": {"uv": [12, 4, 13, 5], "texture": "#1"}
			}
		},
		{
			"name": "hexadecagon",
			"from": [7.44252, 7.40477, 2.71246],
			"to": [8.49143, 7.65477, 7.91246],
			"faces": {
				"north": {"uv": [12, 4, 13, 5], "texture": "#1"},
				"east": {"uv": [12, 4, 13, 5], "texture": "#1"},
				"south": {"uv": [12, 4, 13, 5], "texture": "#1"},
				"west": {"uv": [12, 4, 13, 5], "texture": "#1"},
				"up": {"uv": [12, 4, 13, 5], "texture": "#1"},
				"down": {"uv": [12, 4, 13, 5], "texture": "#1"}
			}
		},
		{
			"name": "hexadecagon",
			"from": [7.44321, 5.24579, 0.56858],
			"to": [8.49212, 5.49579, 2.36858],
			"rotation": {"angle": -45, "axis": "x", "origin": [7.98433, 5.42079, 0.58525]},
			"faces": {
				"north": {"uv": [12, 4, 13, 5], "texture": "#1"},
				"east": {"uv": [12, 4, 13, 5], "texture": "#1"},
				"south": {"uv": [12, 4, 13, 5], "texture": "#1"},
				"west": {"uv": [12, 4, 13, 5], "texture": "#1"},
				"up": {"uv": [12, 4, 13, 5], "texture": "#1"},
				"down": {"uv": [12, 4, 13, 5], "texture": "#1"}
			}
		},
		{
			"name": "hexadecagon",
			"from": [7.44226, 3.68834, 1.07283],
			"to": [7.59117, 4.48834, 3.87283],
			"rotation": {"angle": -45, "axis": "x", "origin": [7.98338, 4.26334, -0.91051]},
			"faces": {
				"north": {"uv": [12, 4, 13, 5], "texture": "#1"},
				"east": {"uv": [12, 4, 13, 5], "texture": "#1"},
				"south": {"uv": [12, 4, 13, 5], "texture": "#1"},
				"west": {"uv": [12, 4, 13, 5], "texture": "#1"},
				"up": {"uv": [12, 4, 13, 5], "texture": "#1"},
				"down": {"uv": [12, 4, 13, 5], "texture": "#1"}
			}
		},
		{
			"name": "hexadecagon",
			"from": [8.39255, 3.68834, 1.07253],
			"to": [8.54146, 4.48834, 3.87253],
			"rotation": {"angle": -45, "axis": "x", "origin": [7.98367, 4.26334, -0.9108]},
			"faces": {
				"north": {"uv": [12, 4, 13, 5], "texture": "#1"},
				"east": {"uv": [12, 4, 13, 5], "texture": "#1"},
				"south": {"uv": [12, 4, 13, 5], "texture": "#1"},
				"west": {"uv": [12, 4, 13, 5], "texture": "#1"},
				"up": {"uv": [12, 4, 13, 5], "texture": "#1"},
				"down": {"uv": [12, 4, 13, 5], "texture": "#1"}
			}
		},
		{
			"name": "hexadecagon",
			"from": [8.39255, 3.68834, 0.97253],
			"to": [8.54146, 3.98834, 4.17253],
			"rotation": {"angle": -45, "axis": "x", "origin": [7.98367, 4.26334, -0.9108]},
			"faces": {
				"north": {"uv": [12, 4, 13, 5], "texture": "#1"},
				"east": {"uv": [12, 4, 13, 5], "texture": "#1"},
				"south": {"uv": [12, 4, 13, 5], "texture": "#1"},
				"west": {"uv": [12, 4, 13, 5], "texture": "#1"},
				"up": {"uv": [12, 4, 13, 5], "texture": "#1"},
				"down": {"uv": [12, 4, 13, 5], "texture": "#1"}
			}
		},
		{
			"name": "hexadecagon",
			"from": [7.44226, 3.68834, 0.97283],
			"to": [7.59117, 3.98834, 4.17283],
			"rotation": {"angle": -45, "axis": "x", "origin": [7.98338, 4.26334, -0.91051]},
			"faces": {
				"north": {"uv": [12, 4, 13, 5], "texture": "#1"},
				"east": {"uv": [12, 4, 13, 5], "texture": "#1"},
				"south": {"uv": [12, 4, 13, 5], "texture": "#1"},
				"west": {"uv": [12, 4, 13, 5], "texture": "#1"},
				"up": {"uv": [12, 4, 13, 5], "texture": "#1"},
				"down": {"uv": [12, 4, 13, 5], "texture": "#1"}
			}
		},
		{
			"name": "hexadecagon",
			"from": [7.44321, 5.24579, 3.46858],
			"to": [8.49212, 5.49579, 3.66858],
			"rotation": {"angle": -45, "axis": "x", "origin": [7.98433, 5.42079, 0.58525]},
			"faces": {
				"north": {"uv": [12, 4, 13, 5], "texture": "#1"},
				"east": {"uv": [12, 4, 13, 5], "texture": "#1"},
				"south": {"uv": [12, 4, 13, 5], "texture": "#1"},
				"west": {"uv": [12, 4, 13, 5], "texture": "#1"},
				"up": {"uv": [12, 4, 13, 5], "texture": "#1"},
				"down": {"uv": [12, 4, 13, 5], "texture": "#1"}
			}
		},
		{
			"name": "hexadecagon",
			"from": [7.93834, 3.938, -10.04],
			"to": [8.06166, 4, 4.5],
			"rotation": {"angle": -45, "axis": "z", "origin": [8, 4.248, -8.12]},
			"faces": {
				"north": {"uv": [15, 6, 16, 7], "texture": "#1"},
				"east": {"uv": [15, 6, 16, 7], "texture": "#1"},
				"south": {"uv": [15, 6, 16, 7], "texture": "#1"},
				"west": {"uv": [15, 6, 16, 7], "texture": "#1"},
				"up": {"uv": [15, 6, 16, 7], "texture": "#1"},
				"down": {"uv": [15, 6, 16, 7], "texture": "#1"}
			}
		},
		{
			"name": "hexadecagon",
			"from": [7.93834, 3.938, -10.04],
			"to": [8.06166, 4, 4.5],
			"rotation": {"angle": -22.5, "axis": "z", "origin": [8, 4.248, -8.12]},
			"faces": {
				"north": {"uv": [15, 6, 16, 7], "texture": "#1"},
				"east": {"uv": [15, 6, 16, 7], "texture": "#1"},
				"south": {"uv": [15, 6, 16, 7], "texture": "#1"},
				"west": {"uv": [15, 6, 16, 7], "texture": "#1"},
				"up": {"uv": [15, 6, 16, 7], "texture": "#1"},
				"down": {"uv": [15, 6, 16, 7], "texture": "#1"}
			}
		},
		{
			"name": "hexadecagon",
			"from": [7.93834, 3.938, -10.04],
			"to": [8.06166, 4, 4.5],
			"faces": {
				"north": {"uv": [15, 6, 16, 7], "texture": "#1"},
				"east": {"uv": [15, 6, 16, 7], "texture": "#1"},
				"south": {"uv": [15, 6, 16, 7], "texture": "#1"},
				"west": {"uv": [15, 6, 16, 7], "texture": "#1"},
				"up": {"uv": [15, 6, 16, 7], "texture": "#1"},
				"down": {"uv": [15, 6, 16, 7], "texture": "#1"}
			}
		},
		{
			"name": "hexadecagon",
			"from": [7.93834, 3.938, -10.04],
			"to": [8.06166, 4, 4.5],
			"rotation": {"angle": 22.5, "axis": "z", "origin": [8, 4.248, -8.12]},
			"faces": {
				"north": {"uv": [15, 6, 16, 7], "texture": "#1"},
				"east": {"uv": [15, 6, 16, 7], "texture": "#1"},
				"south": {"uv": [15, 6, 16, 7], "texture": "#1"},
				"west": {"uv": [15, 6, 16, 7], "texture": "#1"},
				"up": {"uv": [15, 6, 16, 7], "texture": "#1"},
				"down": {"uv": [15, 6, 16, 7], "texture": "#1"}
			}
		},
		{
			"name": "hexadecagon",
			"from": [7.93834, 3.938, -10.04],
			"to": [8.06166, 4, 4.5],
			"rotation": {"angle": 45, "axis": "z", "origin": [8, 4.248, -8.12]},
			"faces": {
				"north": {"uv": [15, 6, 16, 7], "texture": "#1"},
				"east": {"uv": [15, 6, 16, 7], "texture": "#1"},
				"south": {"uv": [15, 6, 16, 7], "texture": "#1"},
				"west": {"uv": [15, 6, 16, 7], "texture": "#1"},
				"up": {"uv": [15, 6, 16, 7], "texture": "#1"},
				"down": {"uv": [15, 6, 16, 7], "texture": "#1"}
			}
		},
		{
			"name": "hexadecagon",
			"from": [7.93834, 4.496, -10.04],
			"to": [8.06166, 4.558, 4.5],
			"rotation": {"angle": -45, "axis": "z", "origin": [8, 4.248, -8.12]},
			"faces": {
				"north": {"uv": [15, 6, 16, 7], "texture": "#1"},
				"east": {"uv": [15, 6, 16, 7], "texture": "#1"},
				"south": {"uv": [15, 6, 16, 7], "texture": "#1"},
				"west": {"uv": [15, 6, 16, 7], "texture": "#1"},
				"up": {"uv": [15, 6, 16, 7], "texture": "#1"},
				"down": {"uv": [15, 6, 16, 7], "texture": "#1"}
			}
		},
		{
			"name": "hexadecagon",
			"from": [7.93834, 4.496, -10.04],
			"to": [8.06166, 4.558, 4.5],
			"rotation": {"angle": -22.5, "axis": "z", "origin": [8, 4.248, -8.12]},
			"faces": {
				"north": {"uv": [15, 6, 16, 7], "texture": "#1"},
				"east": {"uv": [15, 6, 16, 7], "texture": "#1"},
				"south": {"uv": [15, 6, 16, 7], "texture": "#1"},
				"west": {"uv": [15, 6, 16, 7], "texture": "#1"},
				"up": {"uv": [15, 6, 16, 7], "texture": "#1"},
				"down": {"uv": [15, 6, 16, 7], "texture": "#1"}
			}
		},
		{
			"name": "hexadecagon",
			"from": [7.93834, 4.496, -10.04],
			"to": [8.06166, 4.558, 4.5],
			"faces": {
				"north": {"uv": [15, 6, 16, 7], "texture": "#1"},
				"east": {"uv": [15, 6, 16, 7], "texture": "#1"},
				"south": {"uv": [15, 6, 16, 7], "texture": "#1"},
				"west": {"uv": [15, 6, 16, 7], "texture": "#1"},
				"up": {"uv": [15, 6, 16, 7], "texture": "#1"},
				"down": {"uv": [15, 6, 16, 7], "texture": "#1"}
			}
		},
		{
			"name": "hexadecagon",
			"from": [7.93834, 4.496, -10.04],
			"to": [8.06166, 4.558, 4.5],
			"rotation": {"angle": 22.5, "axis": "z", "origin": [8, 4.248, -8.12]},
			"faces": {
				"north": {"uv": [15, 6, 16, 7], "texture": "#1"},
				"east": {"uv": [15, 6, 16, 7], "texture": "#1"},
				"south": {"uv": [15, 6, 16, 7], "texture": "#1"},
				"west": {"uv": [15, 6, 16, 7], "texture": "#1"},
				"up": {"uv": [15, 6, 16, 7], "texture": "#1"},
				"down": {"uv": [15, 6, 16, 7], "texture": "#1"}
			}
		},
		{
			"name": "hexadecagon",
			"from": [7.93834, 4.496, -10.04],
			"to": [8.06166, 4.558, 4.5],
			"rotation": {"angle": 45, "axis": "z", "origin": [8, 4.248, -8.12]},
			"faces": {
				"north": {"uv": [15, 6, 16, 7], "texture": "#1"},
				"east": {"uv": [15, 6, 16, 7], "texture": "#1"},
				"south": {"uv": [15, 6, 16, 7], "texture": "#1"},
				"west": {"uv": [15, 6, 16, 7], "texture": "#1"},
				"up": {"uv": [15, 6, 16, 7], "texture": "#1"},
				"down": {"uv": [15, 6, 16, 7], "texture": "#1"}
			}
		},
		{
			"name": "hexadecagon",
			"from": [7.69, 4.18634, -10.04],
			"to": [7.752, 4.30966, 4.5],
			"rotation": {"angle": -22.5, "axis": "z", "origin": [8, 4.248, -8.12]},
			"faces": {
				"north": {"uv": [15, 6, 16, 7], "texture": "#1"},
				"east": {"uv": [15, 6, 16, 7], "texture": "#1"},
				"south": {"uv": [15, 6, 16, 7], "texture": "#1"},
				"west": {"uv": [15, 6, 16, 7], "texture": "#1"},
				"up": {"uv": [15, 6, 16, 7], "texture": "#1"},
				"down": {"uv": [15, 6, 16, 7], "texture": "#1"}
			}
		},
		{
			"name": "hexadecagon",
			"from": [7.69, 4.18634, -10.04],
			"to": [7.752, 4.30966, 4.5],
			"faces": {
				"north": {"uv": [15, 6, 16, 7], "texture": "#1"},
				"east": {"uv": [15, 6, 16, 7], "texture": "#1"},
				"south": {"uv": [15, 6, 16, 7], "texture": "#1"},
				"west": {"uv": [15, 6, 16, 7], "texture": "#1"},
				"up": {"uv": [15, 6, 16, 7], "texture": "#1"},
				"down": {"uv": [15, 6, 16, 7], "texture": "#1"}
			}
		},
		{
			"name": "hexadecagon",
			"from": [7.69, 4.18634, -10.04],
			"to": [7.752, 4.30966, 4.5],
			"rotation": {"angle": 22.5, "axis": "z", "origin": [8, 4.248, -8.12]},
			"faces": {
				"north": {"uv": [15, 6, 16, 7], "texture": "#1"},
				"east": {"uv": [15, 6, 16, 7], "texture": "#1"},
				"south": {"uv": [15, 6, 16, 7], "texture": "#1"},
				"west": {"uv": [15, 6, 16, 7], "texture": "#1"},
				"up": {"uv": [15, 6, 16, 7], "texture": "#1"},
				"down": {"uv": [15, 6, 16, 7], "texture": "#1"}
			}
		},
		{
			"name": "hexadecagon",
			"from": [8.248, 4.18634, -10.04],
			"to": [8.31, 4.30966, 4.5],
			"rotation": {"angle": -22.5, "axis": "z", "origin": [8, 4.248, -8.12]},
			"faces": {
				"north": {"uv": [15, 6, 16, 7], "texture": "#1"},
				"east": {"uv": [15, 6, 16, 7], "texture": "#1"},
				"south": {"uv": [15, 6, 16, 7], "texture": "#1"},
				"west": {"uv": [15, 6, 16, 7], "texture": "#1"},
				"up": {"uv": [15, 6, 16, 7], "texture": "#1"},
				"down": {"uv": [15, 6, 16, 7], "texture": "#1"}
			}
		},
		{
			"name": "hexadecagon",
			"from": [8.248, 4.18634, -10.04],
			"to": [8.31, 4.30966, 4.5],
			"faces": {
				"north": {"uv": [15, 6, 16, 7], "texture": "#1"},
				"east": {"uv": [15, 6, 16, 7], "texture": "#1"},
				"south": {"uv": [15, 6, 16, 7], "texture": "#1"},
				"west": {"uv": [15, 6, 16, 7], "texture": "#1"},
				"up": {"uv": [15, 6, 16, 7], "texture": "#1"},
				"down": {"uv": [15, 6, 16, 7], "texture": "#1"}
			}
		},
		{
			"name": "hexadecagon",
			"from": [8.248, 4.18634, -10.04],
			"to": [8.31, 4.30966, 4.5],
			"rotation": {"angle": 22.5, "axis": "z", "origin": [8, 4.248, -8.12]},
			"faces": {
				"north": {"uv": [15, 6, 16, 7], "texture": "#1"},
				"east": {"uv": [15, 6, 16, 7], "texture": "#1"},
				"south": {"uv": [15, 6, 16, 7], "texture": "#1"},
				"west": {"uv": [15, 6, 16, 7], "texture": "#1"},
				"up": {"uv": [15, 6, 16, 7], "texture": "#1"},
				"down": {"uv": [15, 6, 16, 7], "texture": "#1"}
			}
		},
		{
			"name": "hexadecagon",
			"from": [7.93038, 3.9, -12.2],
			"to": [8.06962, 3.97, -9.2],
			"rotation": {"angle": -45, "axis": "z", "origin": [8, 4.25, -10.2]},
			"faces": {
				"north": {"uv": [15, 6, 16, 7], "texture": "#1"},
				"east": {"uv": [15, 6, 16, 7], "texture": "#1"},
				"south": {"uv": [15, 6, 16, 7], "texture": "#1"},
				"west": {"uv": [15, 6, 16, 7], "texture": "#1"},
				"up": {"uv": [15, 6, 16, 7], "texture": "#1"},
				"down": {"uv": [15, 6, 16, 7], "texture": "#1"}
			}
		},
		{
			"name": "hexadecagon",
			"from": [7.93038, 3.9, -12.2],
			"to": [8.06962, 3.97, -9.2],
			"rotation": {"angle": -22.5, "axis": "z", "origin": [8, 4.25, -10.2]},
			"faces": {
				"north": {"uv": [15, 6, 16, 7], "texture": "#1"},
				"east": {"uv": [15, 6, 16, 7], "texture": "#1"},
				"south": {"uv": [15, 6, 16, 7], "texture": "#1"},
				"west": {"uv": [15, 6, 16, 7], "texture": "#1"},
				"up": {"uv": [15, 6, 16, 7], "texture": "#1"},
				"down": {"uv": [15, 6, 16, 7], "texture": "#1"}
			}
		},
		{
			"name": "hexadecagon",
			"from": [7.93038, 3.9, -12.2],
			"to": [8.06962, 3.97, -9.2],
			"faces": {
				"north": {"uv": [15, 6, 16, 7], "texture": "#1"},
				"east": {"uv": [15, 6, 16, 7], "texture": "#1"},
				"south": {"uv": [15, 6, 16, 7], "texture": "#1"},
				"west": {"uv": [15, 6, 16, 7], "texture": "#1"},
				"up": {"uv": [15, 6, 16, 7], "texture": "#1"},
				"down": {"uv": [15, 6, 16, 7], "texture": "#1"}
			}
		},
		{
			"name": "hexadecagon",
			"from": [7.93038, 3.9, -12.2],
			"to": [8.06962, 3.97, -9.2],
			"rotation": {"angle": 22.5, "axis": "z", "origin": [8, 4.25, -10.2]},
			"faces": {
				"north": {"uv": [15, 6, 16, 7], "texture": "#1"},
				"east": {"uv": [15, 6, 16, 7], "texture": "#1"},
				"south": {"uv": [15, 6, 16, 7], "texture": "#1"},
				"west": {"uv": [15, 6, 16, 7], "texture": "#1"},
				"up": {"uv": [15, 6, 16, 7], "texture": "#1"},
				"down": {"uv": [15, 6, 16, 7], "texture": "#1"}
			}
		},
		{
			"name": "hexadecagon",
			"from": [7.93038, 3.9, -12.2],
			"to": [8.06962, 3.97, -9.2],
			"rotation": {"angle": 45, "axis": "z", "origin": [8, 4.25, -10.2]},
			"faces": {
				"north": {"uv": [15, 6, 16, 7], "texture": "#1"},
				"east": {"uv": [15, 6, 16, 7], "texture": "#1"},
				"south": {"uv": [15, 6, 16, 7], "texture": "#1"},
				"west": {"uv": [15, 6, 16, 7], "texture": "#1"},
				"up": {"uv": [15, 6, 16, 7], "texture": "#1"},
				"down": {"uv": [15, 6, 16, 7], "texture": "#1"}
			}
		},
		{
			"name": "hexadecagon",
			"from": [7.93038, 4.53, -12.2],
			"to": [8.06962, 4.6, -9.2],
			"rotation": {"angle": -45, "axis": "z", "origin": [8, 4.25, -10.2]},
			"faces": {
				"north": {"uv": [15, 6, 16, 7], "texture": "#1"},
				"east": {"uv": [15, 6, 16, 7], "texture": "#1"},
				"south": {"uv": [15, 6, 16, 7], "texture": "#1"},
				"west": {"uv": [15, 6, 16, 7], "texture": "#1"},
				"up": {"uv": [15, 6, 16, 7], "texture": "#1"},
				"down": {"uv": [15, 6, 16, 7], "texture": "#1"}
			}
		},
		{
			"name": "hexadecagon",
			"from": [7.93038, 4.53, -12.2],
			"to": [8.06962, 4.6, -9.2],
			"rotation": {"angle": -22.5, "axis": "z", "origin": [8, 4.25, -10.2]},
			"faces": {
				"north": {"uv": [15, 6, 16, 7], "texture": "#1"},
				"east": {"uv": [15, 6, 16, 7], "texture": "#1"},
				"south": {"uv": [15, 6, 16, 7], "texture": "#1"},
				"west": {"uv": [15, 6, 16, 7], "texture": "#1"},
				"up": {"uv": [15, 6, 16, 7], "texture": "#1"},
				"down": {"uv": [15, 6, 16, 7], "texture": "#1"}
			}
		},
		{
			"name": "hexadecagon",
			"from": [7.93038, 4.53, -12.2],
			"to": [8.06962, 4.6, -9.2],
			"faces": {
				"north": {"uv": [15, 6, 16, 7], "texture": "#1"},
				"east": {"uv": [15, 6, 16, 7], "texture": "#1"},
				"south": {"uv": [15, 6, 16, 7], "texture": "#1"},
				"west": {"uv": [15, 6, 16, 7], "texture": "#1"},
				"up": {"uv": [15, 6, 16, 7], "texture": "#1"},
				"down": {"uv": [15, 6, 16, 7], "texture": "#1"}
			}
		},
		{
			"name": "hexadecagon",
			"from": [7.93038, 4.53, -12.2],
			"to": [8.06962, 4.6, -9.2],
			"rotation": {"angle": 22.5, "axis": "z", "origin": [8, 4.25, -10.2]},
			"faces": {
				"north": {"uv": [15, 6, 16, 7], "texture": "#1"},
				"east": {"uv": [15, 6, 16, 7], "texture": "#1"},
				"south": {"uv": [15, 6, 16, 7], "texture": "#1"},
				"west": {"uv": [15, 6, 16, 7], "texture": "#1"},
				"up": {"uv": [15, 6, 16, 7], "texture": "#1"},
				"down": {"uv": [15, 6, 16, 7], "texture": "#1"}
			}
		},
		{
			"name": "hexadecagon",
			"from": [7.93038, 4.53, -12.2],
			"to": [8.06962, 4.6, -9.2],
			"rotation": {"angle": 45, "axis": "z", "origin": [8, 4.25, -10.2]},
			"faces": {
				"north": {"uv": [15, 6, 16, 7], "texture": "#1"},
				"east": {"uv": [15, 6, 16, 7], "texture": "#1"},
				"south": {"uv": [15, 6, 16, 7], "texture": "#1"},
				"west": {"uv": [15, 6, 16, 7], "texture": "#1"},
				"up": {"uv": [15, 6, 16, 7], "texture": "#1"},
				"down": {"uv": [15, 6, 16, 7], "texture": "#1"}
			}
		},
		{
			"name": "hexadecagon",
			"from": [7.65, 4.18038, -12.2],
			"to": [7.72, 4.31962, -9.2],
			"rotation": {"angle": -22.5, "axis": "z", "origin": [8, 4.25, -10.2]},
			"faces": {
				"north": {"uv": [15, 6, 16, 7], "texture": "#1"},
				"east": {"uv": [15, 6, 16, 7], "texture": "#1"},
				"south": {"uv": [15, 6, 16, 7], "texture": "#1"},
				"west": {"uv": [15, 6, 16, 7], "texture": "#1"},
				"up": {"uv": [15, 6, 16, 7], "texture": "#1"},
				"down": {"uv": [15, 6, 16, 7], "texture": "#1"}
			}
		},
		{
			"name": "hexadecagon",
			"from": [7.65, 4.18038, -12.2],
			"to": [7.72, 4.31962, -9.2],
			"faces": {
				"north": {"uv": [15, 6, 16, 7], "texture": "#1"},
				"east": {"uv": [15, 6, 16, 7], "texture": "#1"},
				"south": {"uv": [15, 6, 16, 7], "texture": "#1"},
				"west": {"uv": [15, 6, 16, 7], "texture": "#1"},
				"up": {"uv": [15, 6, 16, 7], "texture": "#1"},
				"down": {"uv": [15, 6, 16, 7], "texture": "#1"}
			}
		},
		{
			"name": "hexadecagon",
			"from": [7.65, 4.18038, -12.2],
			"to": [7.72, 4.31962, -9.2],
			"rotation": {"angle": 22.5, "axis": "z", "origin": [8, 4.25, -10.2]},
			"faces": {
				"north": {"uv": [15, 6, 16, 7], "texture": "#1"},
				"east": {"uv": [15, 6, 16, 7], "texture": "#1"},
				"south": {"uv": [15, 6, 16, 7], "texture": "#1"},
				"west": {"uv": [15, 6, 16, 7], "texture": "#1"},
				"up": {"uv": [15, 6, 16, 7], "texture": "#1"},
				"down": {"uv": [15, 6, 16, 7], "texture": "#1"}
			}
		},
		{
			"name": "hexadecagon",
			"from": [8.28, 4.18038, -12.2],
			"to": [8.35, 4.31962, -9.2],
			"rotation": {"angle": -22.5, "axis": "z", "origin": [8, 4.25, -10.2]},
			"faces": {
				"north": {"uv": [15, 6, 16, 7], "texture": "#1"},
				"east": {"uv": [15, 6, 16, 7], "texture": "#1"},
				"south": {"uv": [15, 6, 16, 7], "texture": "#1"},
				"west": {"uv": [15, 6, 16, 7], "texture": "#1"},
				"up": {"uv": [15, 6, 16, 7], "texture": "#1"},
				"down": {"uv": [15, 6, 16, 7], "texture": "#1"}
			}
		},
		{
			"name": "hexadecagon",
			"from": [8.28, 4.18038, -12.2],
			"to": [8.35, 4.31962, -9.2],
			"faces": {
				"north": {"uv": [15, 6, 16, 7], "texture": "#1"},
				"east": {"uv": [15, 6, 16, 7], "texture": "#1"},
				"south": {"uv": [15, 6, 16, 7], "texture": "#1"},
				"west": {"uv": [15, 6, 16, 7], "texture": "#1"},
				"up": {"uv": [15, 6, 16, 7], "texture": "#1"},
				"down": {"uv": [15, 6, 16, 7], "texture": "#1"}
			}
		},
		{
			"name": "hexadecagon",
			"from": [8.28, 4.18038, -12.2],
			"to": [8.35, 4.31962, -9.2],
			"rotation": {"angle": 22.5, "axis": "z", "origin": [8, 4.25, -10.2]},
			"faces": {
				"north": {"uv": [15, 6, 16, 7], "texture": "#1"},
				"east": {"uv": [15, 6, 16, 7], "texture": "#1"},
				"south": {"uv": [15, 6, 16, 7], "texture": "#1"},
				"west": {"uv": [15, 6, 16, 7], "texture": "#1"},
				"up": {"uv": [15, 6, 16, 7], "texture": "#1"},
				"down": {"uv": [15, 6, 16, 7], "texture": "#1"}
			}
		},
		{
			"name": "hexadecagon",
			"from": [8.28, 4.18038, -6.7],
			"to": [8.35, 4.31962, -6.2],
			"rotation": {"angle": 22.5, "axis": "z", "origin": [8, 4.25, -10.2]},
			"faces": {
				"north": {"uv": [15, 6, 16, 7], "texture": "#1"},
				"east": {"uv": [15, 6, 16, 7], "texture": "#1"},
				"south": {"uv": [15, 6, 16, 7], "texture": "#1"},
				"west": {"uv": [15, 6, 16, 7], "texture": "#1"},
				"up": {"uv": [15, 6, 16, 7], "texture": "#1"},
				"down": {"uv": [15, 6, 16, 7], "texture": "#1"}
			}
		},
		{
			"name": "hexadecagon",
			"from": [8.28, 4.18038, -6.7],
			"to": [8.35, 4.31962, -6.2],
			"faces": {
				"north": {"uv": [15, 6, 16, 7], "texture": "#1"},
				"east": {"uv": [15, 6, 16, 7], "texture": "#1"},
				"south": {"uv": [15, 6, 16, 7], "texture": "#1"},
				"west": {"uv": [15, 6, 16, 7], "texture": "#1"},
				"up": {"uv": [15, 6, 16, 7], "texture": "#1"},
				"down": {"uv": [15, 6, 16, 7], "texture": "#1"}
			}
		},
		{
			"name": "hexadecagon",
			"from": [8.28, 4.18038, -6.7],
			"to": [8.35, 4.31962, -6.2],
			"rotation": {"angle": -22.5, "axis": "z", "origin": [8, 4.25, -10.2]},
			"faces": {
				"north": {"uv": [15, 6, 16, 7], "texture": "#1"},
				"east": {"uv": [15, 6, 16, 7], "texture": "#1"},
				"south": {"uv": [15, 6, 16, 7], "texture": "#1"},
				"west": {"uv": [15, 6, 16, 7], "texture": "#1"},
				"up": {"uv": [15, 6, 16, 7], "texture": "#1"},
				"down": {"uv": [15, 6, 16, 7], "texture": "#1"}
			}
		},
		{
			"name": "hexadecagon",
			"from": [7.65, 4.18038, -6.7],
			"to": [7.72, 4.31962, -6.2],
			"rotation": {"angle": 22.5, "axis": "z", "origin": [8, 4.25, -10.2]},
			"faces": {
				"north": {"uv": [15, 6, 16, 7], "texture": "#1"},
				"east": {"uv": [15, 6, 16, 7], "texture": "#1"},
				"south": {"uv": [15, 6, 16, 7], "texture": "#1"},
				"west": {"uv": [15, 6, 16, 7], "texture": "#1"},
				"up": {"uv": [15, 6, 16, 7], "texture": "#1"},
				"down": {"uv": [15, 6, 16, 7], "texture": "#1"}
			}
		},
		{
			"name": "hexadecagon",
			"from": [7.65, 4.18038, -6.7],
			"to": [7.72, 4.31962, -6.2],
			"faces": {
				"north": {"uv": [15, 6, 16, 7], "texture": "#1"},
				"east": {"uv": [15, 6, 16, 7], "texture": "#1"},
				"south": {"uv": [15, 6, 16, 7], "texture": "#1"},
				"west": {"uv": [15, 6, 16, 7], "texture": "#1"},
				"up": {"uv": [15, 6, 16, 7], "texture": "#1"},
				"down": {"uv": [15, 6, 16, 7], "texture": "#1"}
			}
		},
		{
			"name": "hexadecagon",
			"from": [7.65, 4.18038, -6.7],
			"to": [7.72, 4.31962, -6.2],
			"rotation": {"angle": -22.5, "axis": "z", "origin": [8, 4.25, -10.2]},
			"faces": {
				"north": {"uv": [15, 6, 16, 7], "texture": "#1"},
				"east": {"uv": [15, 6, 16, 7], "texture": "#1"},
				"south": {"uv": [15, 6, 16, 7], "texture": "#1"},
				"west": {"uv": [15, 6, 16, 7], "texture": "#1"},
				"up": {"uv": [15, 6, 16, 7], "texture": "#1"},
				"down": {"uv": [15, 6, 16, 7], "texture": "#1"}
			}
		},
		{
			"name": "hexadecagon",
			"from": [7.93038, 4.53, -6.7],
			"to": [8.06962, 4.6, -6.2],
			"rotation": {"angle": 45, "axis": "z", "origin": [8, 4.25, -10.2]},
			"faces": {
				"north": {"uv": [15, 6, 16, 7], "texture": "#1"},
				"east": {"uv": [15, 6, 16, 7], "texture": "#1"},
				"south": {"uv": [15, 6, 16, 7], "texture": "#1"},
				"west": {"uv": [15, 6, 16, 7], "texture": "#1"},
				"up": {"uv": [15, 6, 16, 7], "texture": "#1"},
				"down": {"uv": [15, 6, 16, 7], "texture": "#1"}
			}
		},
		{
			"name": "hexadecagon",
			"from": [7.93038, 4.53, -6.7],
			"to": [8.06962, 4.6, -6.2],
			"rotation": {"angle": 22.5, "axis": "z", "origin": [8, 4.25, -10.2]},
			"faces": {
				"north": {"uv": [15, 6, 16, 7], "texture": "#1"},
				"east": {"uv": [15, 6, 16, 7], "texture": "#1"},
				"south": {"uv": [15, 6, 16, 7], "texture": "#1"},
				"west": {"uv": [15, 6, 16, 7], "texture": "#1"},
				"up": {"uv": [15, 6, 16, 7], "texture": "#1"},
				"down": {"uv": [15, 6, 16, 7], "texture": "#1"}
			}
		},
		{
			"name": "hexadecagon",
			"from": [7.93038, 4.53, -6.7],
			"to": [8.06962, 4.6, -6.2],
			"faces": {
				"north": {"uv": [15, 6, 16, 7], "texture": "#1"},
				"east": {"uv": [15, 6, 16, 7], "texture": "#1"},
				"south": {"uv": [15, 6, 16, 7], "texture": "#1"},
				"west": {"uv": [15, 6, 16, 7], "texture": "#1"},
				"up": {"uv": [15, 6, 16, 7], "texture": "#1"},
				"down": {"uv": [15, 6, 16, 7], "texture": "#1"}
			}
		},
		{
			"name": "hexadecagon",
			"from": [7.93038, 4.53, -6.7],
			"to": [8.06962, 4.6, -6.2],
			"rotation": {"angle": -22.5, "axis": "z", "origin": [8, 4.25, -10.2]},
			"faces": {
				"north": {"uv": [15, 6, 16, 7], "texture": "#1"},
				"east": {"uv": [15, 6, 16, 7], "texture": "#1"},
				"south": {"uv": [15, 6, 16, 7], "texture": "#1"},
				"west": {"uv": [15, 6, 16, 7], "texture": "#1"},
				"up": {"uv": [15, 6, 16, 7], "texture": "#1"},
				"down": {"uv": [15, 6, 16, 7], "texture": "#1"}
			}
		},
		{
			"name": "hexadecagon",
			"from": [7.93038, 4.53, -6.7],
			"to": [8.06962, 4.6, -6.2],
			"rotation": {"angle": -45, "axis": "z", "origin": [8, 4.25, -10.2]},
			"faces": {
				"north": {"uv": [15, 6, 16, 7], "texture": "#1"},
				"east": {"uv": [15, 6, 16, 7], "texture": "#1"},
				"south": {"uv": [15, 6, 16, 7], "texture": "#1"},
				"west": {"uv": [15, 6, 16, 7], "texture": "#1"},
				"up": {"uv": [15, 6, 16, 7], "texture": "#1"},
				"down": {"uv": [15, 6, 16, 7], "texture": "#1"}
			}
		},
		{
			"name": "hexadecagon",
			"from": [7.93038, 3.9, -6.7],
			"to": [8.06962, 3.97, -6.2],
			"rotation": {"angle": 45, "axis": "z", "origin": [8, 4.25, -10.2]},
			"faces": {
				"north": {"uv": [15, 6, 16, 7], "texture": "#1"},
				"east": {"uv": [15, 6, 16, 7], "texture": "#1"},
				"south": {"uv": [15, 6, 16, 7], "texture": "#1"},
				"west": {"uv": [15, 6, 16, 7], "texture": "#1"},
				"up": {"uv": [15, 6, 16, 7], "texture": "#1"},
				"down": {"uv": [15, 6, 16, 7], "texture": "#1"}
			}
		},
		{
			"name": "hexadecagon",
			"from": [7.93038, 3.9, -6.7],
			"to": [8.06962, 3.97, -6.2],
			"rotation": {"angle": 22.5, "axis": "z", "origin": [8, 4.25, -10.2]},
			"faces": {
				"north": {"uv": [15, 6, 16, 7], "texture": "#1"},
				"east": {"uv": [15, 6, 16, 7], "texture": "#1"},
				"south": {"uv": [15, 6, 16, 7], "texture": "#1"},
				"west": {"uv": [15, 6, 16, 7], "texture": "#1"},
				"up": {"uv": [15, 6, 16, 7], "texture": "#1"},
				"down": {"uv": [15, 6, 16, 7], "texture": "#1"}
			}
		},
		{
			"name": "hexadecagon",
			"from": [7.93038, 3.9, -6.7],
			"to": [8.06962, 3.97, -6.2],
			"faces": {
				"north": {"uv": [15, 6, 16, 7], "texture": "#1"},
				"east": {"uv": [15, 6, 16, 7], "texture": "#1"},
				"south": {"uv": [15, 6, 16, 7], "texture": "#1"},
				"west": {"uv": [15, 6, 16, 7], "texture": "#1"},
				"up": {"uv": [15, 6, 16, 7], "texture": "#1"},
				"down": {"uv": [15, 6, 16, 7], "texture": "#1"}
			}
		},
		{
			"name": "hexadecagon",
			"from": [7.93038, 3.9, -6.7],
			"to": [8.06962, 3.97, -6.2],
			"rotation": {"angle": -22.5, "axis": "z", "origin": [8, 4.25, -10.2]},
			"faces": {
				"north": {"uv": [15, 6, 16, 7], "texture": "#1"},
				"east": {"uv": [15, 6, 16, 7], "texture": "#1"},
				"south": {"uv": [15, 6, 16, 7], "texture": "#1"},
				"west": {"uv": [15, 6, 16, 7], "texture": "#1"},
				"up": {"uv": [15, 6, 16, 7], "texture": "#1"},
				"down": {"uv": [15, 6, 16, 7], "texture": "#1"}
			}
		},
		{
			"name": "hexadecagon",
			"from": [7.93038, 3.9, -6.7],
			"to": [8.06962, 3.97, -6.2],
			"rotation": {"angle": -45, "axis": "z", "origin": [8, 4.25, -10.2]},
			"faces": {
				"north": {"uv": [15, 6, 16, 7], "texture": "#1"},
				"east": {"uv": [15, 6, 16, 7], "texture": "#1"},
				"south": {"uv": [15, 6, 16, 7], "texture": "#1"},
				"west": {"uv": [15, 6, 16, 7], "texture": "#1"},
				"up": {"uv": [15, 6, 16, 7], "texture": "#1"},
				"down": {"uv": [15, 6, 16, 7], "texture": "#1"}
			}
		}
	],
	"display": {
		"thirdperson_righthand": {
			"translation": [0, 3, 2.75],
			"scale": [0.69, 0.7, 0.69]
		},
		"thirdperson_lefthand": {
			"scale": [1.06, 1, 1]
		},
		"firstperson_righthand": {
			"translation": [-4.25, 6, 1.25],
			"scale": [1.21, 1.29, 1.01]
		},
		"firstperson_lefthand": {
			"translation": [0, 7.75, 0],
			"scale": [1, 1, 0.82]
		},
		"ground": {
			"translation": [0, 6.25, 0]
		},
		"gui": {
			"rotation": [22, 62, 0],
			"translation": [1.5, 3, 0],
			"scale": [0.63, 0.59, 0.58]
		},
		"fixed": {
			"rotation": [89, -54, 85],
			"translation": [-3, 2.75, -1.75],
			"scale": [0.88, 0.87, 0.85]
		}
	},
	"groups": [
		{
			"name": "group",
			"children": [0, 1, 2, 3, 4, 5, 6, 7, 8, 9, 10, 11, 12, 13, 14, 15, 16, 17, 18, 19, 20, 21, 22, 23, 24, 25, 26, 27, 28, 29, 30, 31, 32, 33, 34, 35, 36, 37, 38, 39, 40, 41, 42, 43, 44, 45, 46, 47, 48, 49, 50, 51, 52, 53, 54, 55, 56, 57, 58, 59, 60, 61, 62, 63, 64, 65, 66, 67, 68, 69, 70, 71, 72, 73, 74, 75, 76, 77, 78, 79, 80, 81, 82, 83, 84, 85, 86, 87, 88, 89, 90, 91, 92, 93, 94, 95, 96, 97, 98, 99, 100, 101]
		},
		{
			"name": "hexadecagon",
			"children": [102, 103, 104, 105, 106, 107, 108, 109, 110, 111, 112, 113, 114, 115, 116, 117, 118, 119, 120, 121, 122, 123, 124, 125, 126, 127, 128, 129, 130, 131, 132, 133, 134]
		},
		{
			"name": "hexadecagon",
			"children": [135, 136, 137, 138, 139, 140, 141, 142, 143, 144, 145, 146, 147, 148, 149, 150]
		},
		{
			"name": "hexadecagon",
			"children": [151, 152, 153, 154, 155, 156, 157, 158, 159, 160, 161, 162, 163, 164, 165, 166, 167, 168, 169, 170, 171, 172, 173, 174, 175, 176, 177, 178, 179, 180, 181, 182]
		}
	]
}