{
	"credit": "Made with Blockbench",
	"textures": {
		"0": "custom/nothingness1/p90_black",
		"1": "custom/nothingness1/gray1",
		"particle": "custom/nothingness1/p90_black"
	},
	"elements": [
		{
			"from": [7.5, 4, 6],
			"to": [8.5, 7.1, 9],
			"faces": {
				"north": {"uv": [0, 0, 1, 3.1], "texture": "#0"},
				"east": {"uv": [0, 0, 3, 3.1], "texture": "#0"},
				"south": {"uv": [0, 0, 1, 3.1], "texture": "#0"},
				"west": {"uv": [0, 0, 3, 3.1], "texture": "#0"},
				"up": {"uv": [0, 0, 1, 3], "texture": "#0"},
				"down": {"uv": [0, 0, 1, 3], "texture": "#0"}
			}
		},
		{
			"from": [7.70323, 0.38902, 5.93612],
			"to": [8.50323, 4.68902, 8.53612],
			"rotation": {"angle": 22.5, "axis": "x", "origin": [8.00323, 3.18902, 7.03612]},
			"faces": {
				"north": {"uv": [0, 0, 0.8, 4.3], "texture": "#0"},
				"east": {"uv": [0, 0, 2.6, 4.3], "texture": "#0"},
				"south": {"uv": [0, 0, 0.8, 4.3], "texture": "#0"},
				"west": {"uv": [0, 0, 2.6, 4.3], "texture": "#0"},
				"up": {"uv": [0, 0, 0.8, 2.6], "texture": "#0"},
				"down": {"uv": [0, 0, 0.8, 2.6], "texture": "#0"}
			}
		},
		{
			"from": [7.4, 4, 8],
			"to": [8.6, 7, 9],
			"faces": {
				"north": {"uv": [0, 0, 1.2, 3], "texture": "#0"},
				"east": {"uv": [0, 0, 1, 3], "texture": "#0"},
				"south": {"uv": [0, 0, 1.2, 3], "texture": "#0"},
				"west": {"uv": [0, 0, 1, 3], "texture": "#0"},
				"up": {"uv": [0, 0, 1.2, 1], "texture": "#0"},
				"down": {"uv": [0, 0, 1.2, 1], "texture": "#0"}
			}
		},
		{
			"from": [7.40323, 0.38902, 7.53612],
			"to": [8.60323, 4.68902, 8.53612],
			"rotation": {"angle": 22.5, "axis": "x", "origin": [8.00323, 3.18902, 7.03612]},
			"faces": {
				"north": {"uv": [0, 0, 1.2, 4.3], "texture": "#0"},
				"east": {"uv": [0, 0, 1, 4.3], "texture": "#0"},
				"south": {"uv": [0, 0, 1.2, 4.3], "texture": "#0"},
				"west": {"uv": [0, 0, 1, 4.3], "texture": "#0"},
				"up": {"uv": [0, 0, 1.2, 1], "texture": "#0"},
				"down": {"uv": [0, 0, 1.2, 1], "texture": "#0"}
			}
		},
		{
			"from": [7.4036, 4.13154, 7.04224],
			"to": [8.6036, 7.03154, 7.64224],
			"faces": {
				"north": {"uv": [0, 0, 1.2, 2.9], "texture": "#0"},
				"east": {"uv": [0, 0, 0.6, 2.9], "texture": "#0"},
				"south": {"uv": [0, 0, 1.2, 2.9], "texture": "#0"},
				"west": {"uv": [0, 0, 0.6, 2.9], "texture": "#0"},
				"up": {"uv": [0, 0, 1.2, 0.6], "texture": "#0"},
				"down": {"uv": [0, 0, 1.2, 0.6], "texture": "#0"}
			}
		},
		{
			"from": [7.40323, 0.88902, 6.73612],
			"to": [8.60323, 4.78902, 7.33612],
			"rotation": {"angle": 22.5, "axis": "x", "origin": [8.00323, 3.68902, 5.83612]},
			"faces": {
				"north": {"uv": [0, 0, 1.2, 3.9], "texture": "#0"},
				"east": {"uv": [0, 0, 0.6, 3.9], "texture": "#0"},
				"south": {"uv": [0, 0, 1.2, 3.9], "texture": "#0"},
				"west": {"uv": [0, 0, 0.6, 3.9], "texture": "#0"},
				"up": {"uv": [0, 0, 1.2, 0.6], "texture": "#0"},
				"down": {"uv": [0, 0, 1.2, 0.6], "texture": "#0"}
			}
		},
		{
			"from": [7.4035, 4.12043, 5.75142],
			"to": [8.6035, 7.02043, 6.65142],
			"faces": {
				"north": {"uv": [0, 0, 1.2, 2.9], "texture": "#0"},
				"east": {"uv": [0, 0, 0.9, 2.9], "texture": "#0"},
				"south": {"uv": [0, 0, 1.2, 2.9], "texture": "#0"},
				"west": {"uv": [0, 0, 0.9, 2.9], "texture": "#0"},
				"up": {"uv": [0, 0, 1.2, 0.9], "texture": "#0"},
				"down": {"uv": [0, 0, 1.2, 0.9], "texture": "#0"}
			}
		},
		{
			"from": [7.40323, 1.43902, 5.63612],
			"to": [8.60323, 4.93902, 6.53612],
			"rotation": {"angle": 22.5, "axis": "x", "origin": [8.00323, 4.23902, 4.53612]},
			"faces": {
				"north": {"uv": [0, 0, 1.2, 3.5], "texture": "#0"},
				"east": {"uv": [0, 0, 0.9, 3.5], "texture": "#0"},
				"south": {"uv": [0, 0, 1.2, 3.5], "texture": "#0"},
				"west": {"uv": [0, 0, 0.9, 3.5], "texture": "#0"},
				"up": {"uv": [0, 0, 1.2, 0.9], "texture": "#0"},
				"down": {"uv": [0, 0, 1.2, 0.9], "texture": "#0"}
			}
		},
		{
			"from": [7.40484, -2.52374, 5.16432],
			"to": [8.60484, 1.77626, 6.16432],
			"rotation": {"angle": 45, "axis": "x", "origin": [8.03213, -0.52147, 4.64893]},
			"faces": {
				"north": {"uv": [0, 0, 1.2, 4.3], "texture": "#0"},
				"east": {"uv": [0, 0, 1, 4.3], "texture": "#0"},
				"south": {"uv": [0, 0, 1.2, 4.3], "texture": "#0"},
				"west": {"uv": [0, 0, 1, 4.3], "texture": "#0"},
				"up": {"uv": [0, 0, 1.2, 1], "texture": "#0"},
				"down": {"uv": [0, 0, 1.2, 1], "texture": "#0"}
			}
		},
		{
			"from": [7.70484, -2.52374, 3.56432],
			"to": [8.50484, 1.77626, 6.16432],
			"rotation": {"angle": 45, "axis": "x", "origin": [8.03213, -0.52147, 4.64893]},
			"faces": {
				"north": {"uv": [0, 0, 0.8, 4.3], "texture": "#0"},
				"east": {"uv": [0, 0, 2.6, 4.3], "texture": "#0"},
				"south": {"uv": [0, 0, 0.8, 4.3], "texture": "#0"},
				"west": {"uv": [0, 0, 2.6, 4.3], "texture": "#0"},
				"up": {"uv": [0, 0, 0.8, 2.6], "texture": "#0"},
				"down": {"uv": [0, 0, 0.8, 2.6], "texture": "#0"}
			}
		},
		{
			"from": [7.40349, -2.66363, 4.27105],
			"to": [8.60349, 1.23637, 4.87105],
			"rotation": {"angle": 45, "axis": "x", "origin": [8.02781, -0.66181, 4.65567]},
			"faces": {
				"north": {"uv": [0, 0, 1.2, 3.9], "texture": "#0"},
				"east": {"uv": [0, 0, 0.6, 3.9], "texture": "#0"},
				"south": {"uv": [0, 0, 1.2, 3.9], "texture": "#0"},
				"west": {"uv": [0, 0, 0.6, 3.9], "texture": "#0"},
				"up": {"uv": [0, 0, 1.2, 0.6], "texture": "#0"},
				"down": {"uv": [0, 0, 1.2, 0.6], "texture": "#0"}
			}
		},
		{
			"from": [7.40365, -2.66443, 3.14306],
			"to": [8.60365, 0.83557, 4.04306],
			"rotation": {"angle": 45, "axis": "x", "origin": [8.02475, -0.67079, 4.73921]},
			"faces": {
				"north": {"uv": [0, 0, 1.2, 3.5], "texture": "#0"},
				"east": {"uv": [0, 0, 0.9, 3.5], "texture": "#0"},
				"south": {"uv": [0, 0, 1.2, 3.5], "texture": "#0"},
				"west": {"uv": [0, 0, 0.9, 3.5], "texture": "#0"},
				"up": {"uv": [0, 0, 1.2, 0.9], "texture": "#0"},
				"down": {"uv": [0, 0, 1.2, 0.9], "texture": "#0"}
			}
		},
		{
			"from": [7.7535, 4.12043, 3.65142],
			"to": [8.2535, 7.02043, 4.15142],
			"faces": {
				"north": {"uv": [0, 0, 0.5, 2.9], "texture": "#1"},
				"east": {"uv": [0, 0, 0.5, 2.9], "texture": "#1"},
				"south": {"uv": [0, 0, 0.5, 2.9], "texture": "#1"},
				"west": {"uv": [0, 0, 0.5, 2.9], "texture": "#1"},
				"up": {"uv": [0, 0, 0.5, 0.5], "texture": "#1"},
				"down": {"uv": [0, 0, 0.5, 0.5], "texture": "#1"}
			}
		},
		{
			"from": [7.75577, 5.32262, 2.44696],
			"to": [8.25577, 5.82262, 5.34696],
			"faces": {
				"north": {"uv": [0, 0, 0.5, 0.5], "rotation": 180, "texture": "#1"},
				"east": {"uv": [0, 0, 0.5, 2.9], "rotation": 270, "texture": "#1"},
				"south": {"uv": [0, 0, 0.5, 0.5], "texture": "#1"},
				"west": {"uv": [0, 0, 0.5, 2.9], "rotation": 90, "texture": "#1"},
				"up": {"uv": [0, 0, 0.5, 2.9], "rotation": 180, "texture": "#1"},
				"down": {"uv": [0, 0, 0.5, 2.9], "texture": "#1"}
			}
		}
	],
	"display": {
		"thirdperson_righthand": {
			"translation": [0, 3.25, 2]
		},
		"firstperson_righthand": {
			"rotation": [0, 23, 0],
			"translation": [0, 7.75, 2.5],
			"scale": [0.83, 0.84, 0.86]
		},
		"gui": {
			"rotation": [39, 67, 0],
			"translation": [2.5, 5, 0],
			"scale": [1.62, 1.59, 1.59]
		},
		"fixed": {
			"rotation": [-1, -87, 0],
			"translation": [-2.5, 7.5, -0.75],
			"scale": [1.65, 1.65, 1.5]
		}
	}
}