{
	"credit": "Made with Blockbench",
	"textures": {
		"0": "custom/nothingness1/gray3",
		"particle": "custom/nothingness1/gray3"
	},
	"elements": [
		{
			"name": "model",
			"from": [7.59881, 5.49, 2.41712],
			"to": [7.99881, 7.1775, 2.62962],
			"faces": {
				"north": {"uv": [0, 0, 2.08327, 15.91404], "rotation": 90, "texture": "#0"},
				"east": {"uv": [0, 0, 2.08327, 15.91404], "rotation": 180, "texture": "#0"},
				"south": {"uv": [0, 0, 2.08327, 15.91404], "rotation": 270, "texture": "#0"},
				"west": {"uv": [0, 0, 2.08327, 15.91404], "texture": "#0"},
				"up": {"uv": [0, 0, 2.08327, 15.91404], "rotation": 270, "texture": "#0"},
				"down": {"uv": [0, 0, 2.08327, 15.91404], "rotation": 270, "texture": "#0"}
			}
		},
		{
			"name": "model",
			"from": [8, 7.2125, 2.625],
			"to": [8.1, 7.775, 9.8875],
			"faces": {
				"north": {"uv": [0, 0, 15.91496, 15.91496], "rotation": 90, "texture": "#0"},
				"east": {"uv": [0, 0, 15.91496, 15.91496], "rotation": 180, "texture": "#0"},
				"south": {"uv": [0, 0, 15.91496, 15.91496], "rotation": 270, "texture": "#0"},
				"west": {"uv": [0, 0, 15.91496, 15.91496], "texture": "#0"},
				"up": {"uv": [0, 0, 15.91496, 15.91496], "rotation": 270, "texture": "#0"},
				"down": {"uv": [0, 0, 15.91496, 15.91496], "rotation": 270, "texture": "#0"}
			}
		},
		{
			"name": "model",
			"from": [7.99998, 5.34379, 9.63123],
			"to": [8.09998, 7.15629, 10.50623],
			"faces": {
				"north": {"uv": [13.19742, 0.09022, 16.00334, 16.00426], "rotation": 90, "texture": "#0"},
				"east": {"uv": [13.19742, 0.09022, 16.00334, 16.00426], "rotation": 180, "texture": "#0"},
				"south": {"uv": [13.19742, 0.09022, 16.00334, 16.00426], "rotation": 270, "texture": "#0"},
				"west": {"uv": [13.19742, 0.09022, 16.00334, 16.00426], "texture": "#0"},
				"up": {"uv": [13.19742, 0.09022, 16.00334, 16.00426], "rotation": 270, "texture": "#0"},
				"down": {"uv": [13.19742, 0.09022, 16.00334, 16.00426], "rotation": 270, "texture": "#0"}
			}
		},
		{
			"name": "model",
			"from": [8, 7.025, 9.8875],
			"to": [8.1, 7.775, 10.7625],
			"rotation": {"angle": 45, "axis": "x", "origin": [8.1, 7.775, 9.8875]},
			"faces": {
				"north": {"uv": [13.19742, 0.09022, 16.00334, 16.00426], "rotation": 90, "texture": "#0"},
				"east": {"uv": [13.19742, 0.09022, 16.00334, 16.00426], "rotation": 180, "texture": "#0"},
				"south": {"uv": [13.19742, 0.09022, 16.00334, 16.00426], "rotation": 270, "texture": "#0"},
				"west": {"uv": [13.19742, 0.09022, 16.00334, 16.00426], "texture": "#0"},
				"up": {"uv": [13.19742, 0.09022, 16.00334, 16.00426], "rotation": 270, "texture": "#0"},
				"down": {"uv": [13.19742, 0.09022, 16.00334, 16.00426], "rotation": 270, "texture": "#0"}
			}
		},
		{
			"name": "model",
			"from": [7.03712, 5.42367, 2.12504],
			"to": [7.83312, 5.86967, 17.52504],
			"rotation": {"angle": 45, "axis": "z", "origin": [7.84962, 6.23617, 2.12504]},
			"faces": {
				"north": {"uv": [0, 0, 15.91496, 15.91496], "rotation": 90, "texture": "#0"},
				"east": {"uv": [0, 0, 15.91496, 15.91496], "rotation": 180, "texture": "#0"},
				"south": {"uv": [0, 0, 15.91496, 15.91496], "rotation": 270, "texture": "#0"},
				"west": {"uv": [0, 0, 15.91496, 15.91496], "texture": "#0"},
				"up": {"uv": [0, 0, 15.91496, 15.91496], "rotation": 270, "texture": "#0"},
				"down": {"uv": [0, 0, 15.91496, 15.91496], "rotation": 270, "texture": "#0"}
			}
		},
		{
			"name": "model",
			"from": [7.475, 5, 14.95],
			"to": [8.225, 6.45, 16.9],
			"faces": {
				"north": {"uv": [0, 0, 15.91496, 15.91496], "rotation": 90, "texture": "#0"},
				"east": {"uv": [0, 0, 15.91496, 15.91496], "rotation": 180, "texture": "#0"},
				"south": {"uv": [0, 0, 15.91496, 15.91496], "rotation": 270, "texture": "#0"},
				"west": {"uv": [0, 0, 15.91496, 15.91496], "texture": "#0"},
				"up": {"uv": [0, 0, 15.91496, 15.91496], "rotation": 270, "texture": "#0"},
				"down": {"uv": [0, 0, 15.91496, 15.91496], "rotation": 270, "texture": "#0"}
			}
		},
		{
			"name": "model",
			"from": [7.47448, 4.50052, 14.95],
			"to": [8.22448, 6.45052, 16.3125],
			"rotation": {"angle": 45, "axis": "x", "origin": [8.22448, 6.45052, 14.95]},
			"faces": {
				"north": {"uv": [0, 0, 15.91496, 15.91496], "rotation": 90, "texture": "#0"},
				"east": {"uv": [0, 0, 15.91496, 15.91496], "rotation": 180, "texture": "#0"},
				"south": {"uv": [0, 0, 15.91496, 15.91496], "rotation": 270, "texture": "#0"},
				"west": {"uv": [0, 0, 15.91496, 15.91496], "texture": "#0"},
				"up": {"uv": [0, 0, 15.91496, 15.91496], "rotation": 270, "texture": "#0"},
				"down": {"uv": [0, 0, 15.91496, 15.91496], "rotation": 270, "texture": "#0"}
			}
		},
		{
			"name": "model",
			"from": [7.2875, 4.5375, 2.125],
			"to": [8.4125, 5.65, 8.625],
			"faces": {
				"north": {"uv": [0, 0, 10.58022, 15.91404], "rotation": 90, "texture": "#0"},
				"east": {"uv": [0, 0, 10.58022, 15.91404], "rotation": 180, "texture": "#0"},
				"south": {"uv": [0, 0, 10.58022, 15.91404], "rotation": 270, "texture": "#0"},
				"west": {"uv": [0, 0, 10.58022, 15.91404], "texture": "#0"},
				"up": {"uv": [0, 0, 10.58022, 15.91404], "rotation": 270, "texture": "#0"},
				"down": {"uv": [0, 0, 10.58022, 15.91404], "rotation": 270, "texture": "#0"}
			}
		},
		{
			"name": "model",
			"from": [7.2875, 4.7125, 8.5],
			"to": [8.4125, 5.65, 17.5],
			"faces": {
				"north": {"uv": [0, 0, 15.91496, 15.91496], "rotation": 90, "texture": "#0"},
				"east": {"uv": [0, 0, 15.91496, 15.91496], "rotation": 180, "texture": "#0"},
				"south": {"uv": [0, 0, 15.91496, 15.91496], "rotation": 270, "texture": "#0"},
				"west": {"uv": [0, 0, 15.91496, 15.91496], "texture": "#0"},
				"up": {"uv": [0, 0, 15.91496, 15.91496], "rotation": 270, "texture": "#0"},
				"down": {"uv": [0, 0, 15.91496, 15.91496], "rotation": 270, "texture": "#0"}
			}
		},
		{
			"name": "model",
			"from": [7.35, 4.4, 12],
			"to": [8.35, 5.4, 17.5],
			"faces": {
				"north": {"uv": [0, 0, 15.91496, 15.91496], "rotation": 90, "texture": "#0"},
				"east": {"uv": [0, 0, 15.91496, 15.91496], "rotation": 180, "texture": "#0"},
				"south": {"uv": [0, 0, 15.91496, 15.91496], "rotation": 270, "texture": "#0"},
				"west": {"uv": [0, 0, 15.91496, 15.91496], "texture": "#0"},
				"up": {"uv": [0, 0, 15.91496, 15.91496], "rotation": 270, "texture": "#0"},
				"down": {"uv": [0, 0, 15.91496, 15.91496], "rotation": 270, "texture": "#0"}
			}
		},
		{
			"name": "model",
			"from": [7.35, 4.0875, 13.75],
			"to": [8.35, 5.15, 17.5],
			"faces": {
				"north": {"uv": [0, 0, 15.91496, 15.91496], "rotation": 90, "texture": "#0"},
				"east": {"uv": [0, 0, 15.91496, 15.91496], "rotation": 180, "texture": "#0"},
				"south": {"uv": [0, 0, 15.91496, 15.91496], "rotation": 270, "texture": "#0"},
				"west": {"uv": [0, 0, 15.91496, 15.91496], "texture": "#0"},
				"up": {"uv": [0, 0, 15.91496, 15.91496], "rotation": 270, "texture": "#0"},
				"down": {"uv": [0, 0, 15.91496, 15.91496], "rotation": 270, "texture": "#0"}
			}
		},
		{
			"name": "model",
			"from": [7.35, 3.15, 16.5],
			"to": [8.35, 4.15, 17.5],
			"faces": {
				"north": {"uv": [0, 0, 15.91496, 15.91496], "rotation": 90, "texture": "#0"},
				"east": {"uv": [0, 0, 15.91496, 15.91496], "rotation": 180, "texture": "#0"},
				"south": {"uv": [0, 0, 15.91496, 15.91496], "rotation": 270, "texture": "#0"},
				"west": {"uv": [0, 0, 15.91496, 15.91496], "texture": "#0"},
				"up": {"uv": [0, 0, 15.91496, 15.91496], "rotation": 270, "texture": "#0"},
				"down": {"uv": [0, 0, 15.91496, 15.91496], "rotation": 270, "texture": "#0"}
			}
		},
		{
			"name": "model",
			"from": [7.35, 3.15, 16.5],
			"to": [8.35, 4.9625, 17.375],
			"rotation": {"angle": -45, "axis": "x", "origin": [8.35, 3.15, 16.5]},
			"faces": {
				"north": {"uv": [0, 0, 15.91496, 15.91496], "rotation": 90, "texture": "#0"},
				"east": {"uv": [0, 0, 15.91496, 15.91496], "rotation": 270, "texture": "#0"},
				"south": {"uv": [0, 0, 15.91496, 15.91496], "rotation": 270, "texture": "#0"},
				"west": {"uv": [0, 0, 15.91496, 15.91496], "rotation": 270, "texture": "#0"},
				"up": {"uv": [0, 0, 15.91496, 15.91496], "rotation": 270, "texture": "#0"},
				"down": {"uv": [0, 0, 15.91496, 15.91496], "rotation": 270, "texture": "#0"}
			}
		},
		{
			"name": "model",
			"from": [7.35, 4.0875, 13.75],
			"to": [8.35, 5.4, 14.625],
			"rotation": {"angle": -45, "axis": "x", "origin": [8.35, 4.0875, 13.75]},
			"faces": {
				"north": {"uv": [0, 0, 15.91496, 15.91496], "rotation": 90, "texture": "#0"},
				"east": {"uv": [0, 0, 15.91496, 15.91496], "rotation": 270, "texture": "#0"},
				"south": {"uv": [0, 0, 15.91496, 15.91496], "rotation": 270, "texture": "#0"},
				"west": {"uv": [0, 0, 15.91496, 15.91496], "rotation": 270, "texture": "#0"},
				"up": {"uv": [0, 0, 15.91496, 15.91496], "rotation": 270, "texture": "#0"},
				"down": {"uv": [0, 0, 15.91496, 15.91496], "rotation": 270, "texture": "#0"}
			}
		},
		{
			"name": "model",
			"from": [7.2875, 4.275, 8.375],
			"to": [8.4125, 4.8375, 9.875],
			"rotation": {"angle": -22.5, "axis": "x", "origin": [8.4125, 4.8375, 8.375]},
			"faces": {
				"north": {"uv": [0, 0, 4.16193, 15.91404], "rotation": 90, "texture": "#0"},
				"east": {"uv": [0, 0, 4.16193, 15.91404], "rotation": 180, "texture": "#0"},
				"south": {"uv": [0, 0, 4.16193, 15.91404], "rotation": 270, "texture": "#0"},
				"west": {"uv": [0, 0, 4.16193, 15.91404], "texture": "#0"},
				"up": {"uv": [0, 0, 4.16193, 15.91404], "rotation": 270, "texture": "#0"},
				"down": {"uv": [0, 0, 4.16193, 15.91404], "rotation": 270, "texture": "#0"}
			}
		},
		{
			"name": "model",
			"from": [7.2875, 3.025, 10.5625],
			"to": [8.4125, 4.8375, 11.625],
			"rotation": {"angle": -45, "axis": "x", "origin": [8.4125, 4.8375, 10.5625]},
			"faces": {
				"north": {"uv": [0, 0, 4.16193, 15.91404], "rotation": 90, "texture": "#0"},
				"east": {"uv": [0, 0, 4.16193, 15.91404], "rotation": 180, "texture": "#0"},
				"south": {"uv": [0, 0, 4.16193, 15.91404], "rotation": 270, "texture": "#0"},
				"west": {"uv": [0, 0, 4.16193, 15.91404], "texture": "#0"},
				"up": {"uv": [0, 0, 4.16193, 15.91404], "rotation": 270, "texture": "#0"},
				"down": {"uv": [0, 0, 4.16193, 15.91404], "rotation": 270, "texture": "#0"}
			}
		},
		{
			"name": "model",
			"from": [7.35, 3.7394, 11.4067],
			"to": [8.35, 5.1769, 13.3442],
			"rotation": {"angle": -22.5, "axis": "x", "origin": [8.35, 5.025, 12.3125]},
			"faces": {
				"north": {"uv": [0, 0, 15.91496, 15.91496], "rotation": 90, "texture": "#0"},
				"east": {"uv": [0, 0, 15.91496, 15.91496], "rotation": 180, "texture": "#0"},
				"south": {"uv": [0, 0, 15.91496, 15.91496], "rotation": 270, "texture": "#0"},
				"west": {"uv": [0, 0, 15.91496, 15.91496], "texture": "#0"},
				"up": {"uv": [0, 0, 15.91496, 15.91496], "rotation": 270, "texture": "#0"},
				"down": {"uv": [0, 0, 15.91496, 15.91496], "rotation": 270, "texture": "#0"}
			}
		},
		{
			"name": "model",
			"from": [7.2875, 3.4, 11.5],
			"to": [8.4125, 5.2125, 12.25],
			"faces": {
				"north": {"uv": [0, 0, 4.16193, 15.91404], "rotation": 90, "texture": "#0"},
				"east": {"uv": [0, 0, 4.16193, 15.91404], "rotation": 180, "texture": "#0"},
				"south": {"uv": [0, 0, 4.16193, 15.91404], "rotation": 270, "texture": "#0"},
				"west": {"uv": [0, 0, 4.16193, 15.91404], "texture": "#0"},
				"up": {"uv": [0, 0, 4.16193, 15.91404], "rotation": 270, "texture": "#0"},
				"down": {"uv": [0, 0, 4.16193, 15.91404], "rotation": 270, "texture": "#0"}
			}
		},
		{
			"name": "model",
			"from": [7.2875, 3.35, 11.3125],
			"to": [8.4125, 4.0875, 11.5625],
			"rotation": {"angle": 22.5, "axis": "x", "origin": [8.4125, 3.15, 11.3125]},
			"faces": {
				"north": {"uv": [0, 0, 4.16193, 15.91404], "texture": "#0"},
				"east": {"uv": [0, 0, 4.16193, 15.91404], "rotation": 90, "texture": "#0"},
				"south": {"uv": [0, 0, 4.16193, 15.91404], "rotation": 180, "texture": "#0"},
				"west": {"uv": [0, 0, 4.16193, 15.91404], "rotation": 270, "texture": "#0"},
				"up": {"uv": [0, 0, 4.16193, 15.91404], "rotation": 180, "texture": "#0"},
				"down": {"uv": [0, 0, 4.16193, 15.91404], "rotation": 180, "texture": "#0"}
			}
		},
		{
			"name": "model",
			"from": [7.475, 4.23945, 14.35795],
			"to": [8.225, 5.23945, 17.79545],
			"rotation": {"angle": 22.5, "axis": "x", "origin": [8.225, 6.9625, 14.4375]},
			"faces": {
				"north": {"uv": [0, 0, 15.91496, 15.91496], "rotation": 90, "texture": "#0"},
				"east": {"uv": [0, 0, 15.91496, 15.91496], "texture": "#0"},
				"south": {"uv": [0, 0, 15.91496, 15.91496], "rotation": 270, "texture": "#0"},
				"west": {"uv": [0, 0, 15.91496, 15.91496], "rotation": 180, "texture": "#0"},
				"up": {"uv": [0, 0, 15.91496, 15.91496], "rotation": 270, "texture": "#0"},
				"down": {"uv": [0, 0, 15.91496, 15.91496], "rotation": 270, "texture": "#0"}
			}
		},
		{
			"name": "model",
			"from": [7.6625, 3.275, 14.5],
			"to": [8.0375, 3.8375, 16.0875],
			"rotation": {"angle": 22.5, "axis": "x", "origin": [8.0375, 3.275, 15.1875]},
			"faces": {
				"north": {"uv": [0, 0, 15.91496, 15.91496], "rotation": 90, "texture": "#0"},
				"east": {"uv": [0, 0, 15.91496, 15.91496], "texture": "#0"},
				"south": {"uv": [0, 0, 15.91496, 15.91496], "rotation": 270, "texture": "#0"},
				"west": {"uv": [0, 0, 15.91496, 15.91496], "rotation": 180, "texture": "#0"},
				"up": {"uv": [0, 0, 15.91496, 15.91496], "rotation": 270, "texture": "#0"},
				"down": {"uv": [0, 0, 15.91496, 15.91496], "rotation": 270, "texture": "#0"}
			}
		},
		{
			"name": "model",
			"from": [7.5375, 1.15, 11.8125],
			"to": [8.1625, 4.4, 12.0625],
			"faces": {
				"north": {"uv": [0, 0, 15.91496, 15.91496], "rotation": 90, "texture": "#0"},
				"east": {"uv": [0, 0, 15.91496, 15.91496], "rotation": 180, "texture": "#0"},
				"south": {"uv": [0, 0, 15.91496, 15.91496], "rotation": 270, "texture": "#0"},
				"west": {"uv": [0, 0, 15.91496, 15.91496], "texture": "#0"},
				"up": {"uv": [0, 0, 15.91496, 15.91496], "rotation": 270, "texture": "#0"},
				"down": {"uv": [0, 0, 15.91496, 15.91496], "rotation": 270, "texture": "#0"}
			}
		},
		{
			"name": "model",
			"from": [7.5375, 1.15, 11.8125],
			"to": [8.1625, 1.575, 13],
			"rotation": {"angle": 22.5, "axis": "x", "origin": [8.1625, 1.15, 11.8125]},
			"faces": {
				"north": {"uv": [0, 0, 15.91496, 15.91496], "rotation": 90, "texture": "#0"},
				"east": {"uv": [0, 0, 15.91496, 15.91496], "rotation": 270, "texture": "#0"},
				"south": {"uv": [0, 0, 15.91496, 15.91496], "rotation": 270, "texture": "#0"},
				"west": {"uv": [0, 0, 15.91496, 15.91496], "rotation": 270, "texture": "#0"},
				"up": {"uv": [0, 0, 15.91496, 15.91496], "rotation": 270, "texture": "#0"},
				"down": {"uv": [0, 0, 15.91496, 15.91496], "rotation": 270, "texture": "#0"}
			}
		},
		{
			"name": "model",
			"from": [7.5375, 0.6955, 12.90966],
			"to": [8.1625, 1.183, 13.34716],
			"faces": {
				"north": {"uv": [0, 0, 15.91496, 15.91496], "rotation": 90, "texture": "#0"},
				"east": {"uv": [0, 0, 15.91496, 15.91496], "rotation": 270, "texture": "#0"},
				"south": {"uv": [0, 0, 15.91496, 15.91496], "rotation": 270, "texture": "#0"},
				"west": {"uv": [0, 0, 15.91496, 15.91496], "rotation": 270, "texture": "#0"},
				"up": {"uv": [0, 0, 15.91496, 15.91496], "rotation": 270, "texture": "#0"},
				"down": {"uv": [0, 0, 15.91496, 15.91496], "rotation": 270, "texture": "#0"}
			}
		},
		{
			"name": "model",
			"from": [7.5375, 1.15, 12.375],
			"to": [8.1625, 4.4, 12.6875],
			"faces": {
				"north": {"uv": [0, 0, 15.91496, 15.91496], "rotation": 90, "texture": "#0"},
				"east": {"uv": [0, 0, 15.91496, 15.91496], "rotation": 180, "texture": "#0"},
				"south": {"uv": [0, 0, 15.91496, 15.91496], "rotation": 270, "texture": "#0"},
				"west": {"uv": [0, 0, 15.91496, 15.91496], "texture": "#0"},
				"up": {"uv": [0, 0, 15.91496, 15.91496], "rotation": 270, "texture": "#0"},
				"down": {"uv": [0, 0, 15.91496, 15.91496], "rotation": 270, "texture": "#0"}
			}
		},
		{
			"name": "model",
			"from": [7.5375, 1.1125, 12.8125],
			"to": [8.1625, 4.9, 13.0625],
			"faces": {
				"north": {"uv": [0, 0, 15.91496, 15.91496], "rotation": 90, "texture": "#0"},
				"east": {"uv": [0, 0, 15.91496, 15.91496], "rotation": 180, "texture": "#0"},
				"south": {"uv": [0, 0, 15.91496, 15.91496], "rotation": 270, "texture": "#0"},
				"west": {"uv": [0, 0, 15.91496, 15.91496], "texture": "#0"},
				"up": {"uv": [0, 0, 15.91496, 15.91496], "rotation": 270, "texture": "#0"},
				"down": {"uv": [0, 0, 15.91496, 15.91496], "rotation": 270, "texture": "#0"}
			}
		},
		{
			"name": "model",
			"from": [7.5375, 0.6, 13.1875],
			"to": [8.1625, 4.65, 13.6125],
			"faces": {
				"north": {"uv": [0, 0, 15.91496, 15.91496], "rotation": 90, "texture": "#0"},
				"east": {"uv": [0, 0, 15.91496, 15.91496], "rotation": 180, "texture": "#0"},
				"south": {"uv": [0, 0, 15.91496, 15.91496], "rotation": 270, "texture": "#0"},
				"west": {"uv": [0, 0, 15.91496, 15.91496], "texture": "#0"},
				"up": {"uv": [0, 0, 15.91496, 15.91496], "rotation": 270, "texture": "#0"},
				"down": {"uv": [0, 0, 15.91496, 15.91496], "rotation": 270, "texture": "#0"}
			}
		},
		{
			"name": "model",
			"from": [7.5375, 1.15, 12.25],
			"to": [8.1625, 4.4, 12.375],
			"faces": {
				"north": {"uv": [0, 0, 15.91496, 15.91496], "rotation": 90, "texture": "#0"},
				"east": {"uv": [0, 0, 15.91496, 15.91496], "rotation": 180, "texture": "#0"},
				"south": {"uv": [0, 0, 15.91496, 15.91496], "rotation": 270, "texture": "#0"},
				"west": {"uv": [0, 0, 15.91496, 15.91496], "texture": "#0"},
				"up": {"uv": [0, 0, 15.91496, 15.91496], "rotation": 270, "texture": "#0"},
				"down": {"uv": [0, 0, 15.91496, 15.91496], "rotation": 270, "texture": "#0"}
			}
		},
		{
			"name": "model",
			"from": [7.6625, 1.1, 12.0625],
			"to": [8.0375, 4.65, 13.1875],
			"faces": {
				"north": {"uv": [0, 0, 15.91496, 15.91496], "rotation": 90, "texture": "#0"},
				"east": {"uv": [0, 0, 15.91496, 15.91496], "rotation": 180, "texture": "#0"},
				"south": {"uv": [0, 0, 15.91496, 15.91496], "rotation": 270, "texture": "#0"},
				"west": {"uv": [0, 0, 15.91496, 15.91496], "texture": "#0"},
				"up": {"uv": [0, 0, 15.91496, 15.91496], "rotation": 270, "texture": "#0"},
				"down": {"uv": [0, 0, 15.91496, 15.91496], "rotation": 270, "texture": "#0"}
			}
		},
		{
			"name": "model",
			"from": [7.475, 3.4, 8.5],
			"to": [8.225, 4.9, 9.5],
			"faces": {
				"north": {"uv": [0, 0, 15.91496, 15.91496], "rotation": 90, "texture": "#0"},
				"east": {"uv": [0, 0, 15.91496, 15.91496], "rotation": 180, "texture": "#0"},
				"south": {"uv": [0, 0, 15.91496, 15.91496], "rotation": 270, "texture": "#0"},
				"west": {"uv": [0, 0, 15.91496, 15.91496], "texture": "#0"},
				"up": {"uv": [0, 0, 15.91496, 15.91496], "rotation": 270, "texture": "#0"},
				"down": {"uv": [0, 0, 15.91496, 15.91496], "rotation": 270, "texture": "#0"}
			}
		},
		{
			"name": "model",
			"from": [7.475, 4.4, 9.5],
			"to": [8.225, 5.3, 11],
			"rotation": {"angle": -22.5, "axis": "x", "origin": [8.225, 4.4, 9.5]},
			"faces": {
				"north": {"uv": [0, 0, 15.91496, 15.91496], "rotation": 90, "texture": "#0"},
				"east": {"uv": [0, 0, 15.91496, 15.91496], "rotation": 180, "texture": "#0"},
				"south": {"uv": [0, 0, 15.91496, 15.91496], "rotation": 270, "texture": "#0"},
				"west": {"uv": [0, 0, 15.91496, 15.91496], "texture": "#0"},
				"up": {"uv": [0, 0, 15.91496, 15.91496], "rotation": 270, "texture": "#0"},
				"down": {"uv": [0, 0, 15.91496, 15.91496], "rotation": 270, "texture": "#0"}
			}
		},
		{
			"name": "model",
			"from": [7.475, 1.1344, 8.30675],
			"to": [8.225, 3.3219, 9.36975],
			"rotation": {"angle": -22.5, "axis": "x", "origin": [8.225, 3.8375, 8.125]},
			"faces": {
				"north": {"uv": [0, 0, 15.91496, 15.91496], "rotation": 90, "texture": "#0"},
				"east": {"uv": [0, 0, 15.91496, 15.91496], "rotation": 90, "texture": "#0"},
				"south": {"uv": [0, 0, 15.91496, 15.91496], "rotation": 270, "texture": "#0"},
				"west": {"uv": [0, 0, 15.91496, 15.91496], "rotation": 90, "texture": "#0"},
				"up": {"uv": [0, 0, 15.91496, 15.91496], "rotation": 270, "texture": "#0"},
				"down": {"uv": [0, 0, 15.91496, 15.91496], "rotation": 270, "texture": "#0"}
			}
		},
		{
			"name": "model",
			"from": [7.475, 2.33705, 8.88175],
			"to": [8.225, 3.39955, 9.81975],
			"rotation": {"angle": -22.5, "axis": "x", "origin": [8.225, 3.65, 9.21518]},
			"faces": {
				"north": {"uv": [0, 0, 15.91496, 15.91496], "rotation": 90, "texture": "#0"},
				"east": {"uv": [0, 0, 15.91496, 15.91496], "rotation": 90, "texture": "#0"},
				"south": {"uv": [0, 0, 15.91496, 15.91496], "rotation": 270, "texture": "#0"},
				"west": {"uv": [0, 0, 15.91496, 15.91496], "rotation": 90, "texture": "#0"},
				"up": {"uv": [0, 0, 15.91496, 15.91496], "rotation": 270, "texture": "#0"},
				"down": {"uv": [0, 0, 15.91496, 15.91496], "rotation": 270, "texture": "#0"}
			}
		},
		{
			"name": "model",
			"from": [7.47512, 1.85581, 9.9636],
			"to": [8.22512, 2.66831, 10.2761],
			"faces": {
				"north": {"uv": [0, 0, 15.91496, 15.91496], "rotation": 90, "texture": "#0"},
				"east": {"uv": [0, 0, 15.91496, 15.91496], "rotation": 90, "texture": "#0"},
				"south": {"uv": [0, 0, 15.91496, 15.91496], "rotation": 270, "texture": "#0"},
				"west": {"uv": [0, 0, 15.91496, 15.91496], "rotation": 90, "texture": "#0"},
				"up": {"uv": [0, 0, 15.91496, 15.91496], "rotation": 270, "texture": "#0"},
				"down": {"uv": [0, 0, 15.91496, 15.91496], "rotation": 270, "texture": "#0"}
			}
		},
		{
			"name": "model",
			"from": [7.47499, 3.64998, 9.05707],
			"to": [8.22499, 4.39998, 9.86957],
			"rotation": {"angle": -45, "axis": "x", "origin": [8.22499, 3.64998, 9.86957]},
			"faces": {
				"north": {"uv": [0, 0, 15.91496, 15.91496], "rotation": 90, "texture": "#0"},
				"east": {"uv": [0, 0, 15.91496, 15.91496], "texture": "#0"},
				"south": {"uv": [0, 0, 15.91496, 15.91496], "rotation": 270, "texture": "#0"},
				"west": {"uv": [0, 0, 15.91496, 15.91496], "rotation": 180, "texture": "#0"},
				"up": {"uv": [0, 0, 15.91496, 15.91496], "rotation": 270, "texture": "#0"},
				"down": {"uv": [0, 0, 15.91496, 15.91496], "rotation": 270, "texture": "#0"}
			}
		},
		{
			"name": "model",
			"from": [7.475, 1.4625, 9.125],
			"to": [8.225, 2.2125, 9.375],
			"faces": {
				"north": {"uv": [0, 0, 15.91496, 15.91496], "rotation": 90, "texture": "#0"},
				"east": {"uv": [0, 0, 15.91496, 15.91496], "texture": "#0"},
				"south": {"uv": [0, 0, 15.91496, 15.91496], "rotation": 270, "texture": "#0"},
				"west": {"uv": [0, 0, 15.91496, 15.91496], "rotation": 180, "texture": "#0"},
				"up": {"uv": [0, 0, 15.91496, 15.91496], "rotation": 270, "texture": "#0"},
				"down": {"uv": [0, 0, 15.91496, 15.91496], "rotation": 270, "texture": "#0"}
			}
		},
		{
			"name": "model",
			"from": [7.58174, 0.99136, 7.76186],
			"to": [8.08174, 2.49136, 7.94936],
			"rotation": {"angle": -45, "axis": "x", "origin": [8.08174, 1.49136, 7.76186]},
			"faces": {
				"north": {"uv": [0, 0, 15.91496, 15.91496], "rotation": 90, "texture": "#0"},
				"east": {"uv": [0, 0, 15.91496, 15.91496], "rotation": 180, "texture": "#0"},
				"south": {"uv": [0, 0, 15.91496, 15.91496], "rotation": 270, "texture": "#0"},
				"west": {"uv": [0, 0, 15.91496, 15.91496], "texture": "#0"},
				"up": {"uv": [0, 0, 15.91496, 15.91496], "rotation": 270, "texture": "#0"},
				"down": {"uv": [0, 0, 15.91496, 15.91496], "rotation": 270, "texture": "#0"}
			}
		},
		{
			"name": "model",
			"from": [7.58086, 1.1387, 8.1154],
			"to": [8.08086, 1.3262, 8.6779],
			"faces": {
				"north": {"uv": [0, 0, 15.91496, 15.91496], "rotation": 90, "texture": "#0"},
				"east": {"uv": [0, 0, 15.91496, 15.91496], "rotation": 270, "texture": "#0"},
				"south": {"uv": [0, 0, 15.91496, 15.91496], "rotation": 270, "texture": "#0"},
				"west": {"uv": [0, 0, 15.91496, 15.91496], "rotation": 270, "texture": "#0"},
				"up": {"uv": [0, 0, 15.91496, 15.91496], "rotation": 270, "texture": "#0"},
				"down": {"uv": [0, 0, 15.91496, 15.91496], "rotation": 270, "texture": "#0"}
			}
		},
		{
			"name": "model",
			"from": [7.58057, 1.40708, 8.62441],
			"to": [8.08057, 1.59458, 9.38691],
			"rotation": {"angle": -22.5, "axis": "x", "origin": [7.98057, 1.40708, 9.32441]},
			"faces": {
				"north": {"uv": [0, 0, 15.91496, 15.91496], "rotation": 90, "texture": "#0"},
				"east": {"uv": [0, 0, 15.91496, 15.91496], "rotation": 270, "texture": "#0"},
				"south": {"uv": [0, 0, 15.91496, 15.91496], "rotation": 270, "texture": "#0"},
				"west": {"uv": [0, 0, 15.91496, 15.91496], "rotation": 270, "texture": "#0"},
				"up": {"uv": [0, 0, 15.91496, 15.91496], "rotation": 270, "texture": "#0"},
				"down": {"uv": [0, 0, 15.91496, 15.91496], "rotation": 270, "texture": "#0"}
			}
		},
		{
			"name": "model",
			"from": [7.8, 3.4, 7.887],
			"to": [7.9, 4.5875, 8.1625],
			"rotation": {"angle": 22.5, "axis": "x", "origin": [8, 4, 8]},
			"faces": {
				"north": {"uv": [0, 0, 15.91496, 15.91496], "rotation": 90, "texture": "#0"},
				"east": {"uv": [0, 0, 15.91496, 15.91496], "texture": "#0"},
				"south": {"uv": [0, 0, 15.91496, 15.91496], "rotation": 270, "texture": "#0"},
				"west": {"uv": [0, 0, 15.91496, 15.91496], "rotation": 180, "texture": "#0"},
				"up": {"uv": [0, 0, 15.91496, 15.91496], "rotation": 270, "texture": "#0"},
				"down": {"uv": [0, 0, 15.91496, 15.91496], "rotation": 270, "texture": "#0"}
			}
		},
		{
			"name": "model",
			"from": [7.725, 5.8375, 5.5],
			"to": [7.975, 6.3375, 6.5625],
			"faces": {
				"north": {"uv": [0, 0, 15.91496, 15.91496], "rotation": 90, "texture": "#0"},
				"east": {"uv": [0, 0, 15.91496, 15.91496], "rotation": 180, "texture": "#0"},
				"south": {"uv": [0, 0, 15.91496, 15.91496], "rotation": 270, "texture": "#0"},
				"west": {"uv": [0, 0, 15.91496, 15.91496], "texture": "#0"},
				"up": {"uv": [0, 0, 15.91496, 15.91496], "rotation": 270, "texture": "#0"},
				"down": {"uv": [0, 0, 15.91496, 15.91496], "rotation": 270, "texture": "#0"}
			}
		},
		{
			"name": "model",
			"from": [7.7875, 6.0875, 6.375],
			"to": [7.9125, 6.5375, 6.6875],
			"rotation": {"angle": 45, "axis": "x", "origin": [7.9125, 6.5875, 6.375]},
			"faces": {
				"north": {"uv": [0, 0, 15.91496, 15.91496], "rotation": 90, "texture": "#0"},
				"east": {"uv": [0, 0, 15.91496, 15.91496], "rotation": 180, "texture": "#0"},
				"south": {"uv": [0, 0, 15.91496, 15.91496], "rotation": 270, "texture": "#0"},
				"west": {"uv": [0, 0, 15.91496, 15.91496], "texture": "#0"},
				"up": {"uv": [0, 0, 15.91496, 15.91496], "rotation": 270, "texture": "#0"},
				"down": {"uv": [0, 0, 15.91496, 15.91496], "rotation": 270, "texture": "#0"}
			}
		},
		{
			"name": "model",
			"from": [7.7875, 6.3375, 6.3125],
			"to": [7.9125, 6.8375, 6.5625],
			"faces": {
				"north": {"uv": [0, 0, 15.91496, 15.91496], "rotation": 90, "texture": "#0"},
				"east": {"uv": [0, 0, 15.91496, 15.91496], "texture": "#0"},
				"south": {"uv": [0, 0, 15.91496, 15.91496], "rotation": 270, "texture": "#0"},
				"west": {"uv": [0, 0, 15.91496, 15.91496], "rotation": 180, "texture": "#0"},
				"up": {"uv": [0, 0, 15.91496, 15.91496], "rotation": 270, "texture": "#0"},
				"down": {"uv": [0, 0, 15.91496, 15.91496], "rotation": 270, "texture": "#0"}
			}
		},
		{
			"name": "model",
			"from": [7.7875, 6.8375, 6.375],
			"to": [7.9125, 7.2375, 6.5625],
			"rotation": {"angle": -45, "axis": "x", "origin": [7.9125, 6.8375, 6.5625]},
			"faces": {
				"north": {"uv": [0, 0, 15.91496, 15.91496], "rotation": 90, "texture": "#0"},
				"east": {"uv": [0, 0, 15.91496, 15.91496], "texture": "#0"},
				"south": {"uv": [0, 0, 15.91496, 15.91496], "rotation": 270, "texture": "#0"},
				"west": {"uv": [0, 0, 15.91496, 15.91496], "rotation": 180, "texture": "#0"},
				"up": {"uv": [0, 0, 15.91496, 15.91496], "rotation": 270, "texture": "#0"},
				"down": {"uv": [0, 0, 15.91496, 15.91496], "rotation": 270, "texture": "#0"}
			}
		},
		{
			"name": "model",
			"from": [7.6625, 5.6875, 4.5625],
			"to": [8.0375, 6.5875, 5.0625],
			"faces": {
				"north": {"uv": [0, 0, 15.91496, 15.91496], "rotation": 90, "texture": "#0"},
				"east": {"uv": [0, 0, 15.91496, 15.91496], "rotation": 180, "texture": "#0"},
				"south": {"uv": [0, 0, 15.91496, 15.91496], "rotation": 270, "texture": "#0"},
				"west": {"uv": [0, 0, 15.91496, 15.91496], "texture": "#0"},
				"up": {"uv": [0, 0, 15.91496, 15.91496], "rotation": 270, "texture": "#0"},
				"down": {"uv": [0, 0, 15.91496, 15.91496], "rotation": 270, "texture": "#0"}
			}
		},
		{
			"name": "model",
			"from": [7.725, 6.2875, 3.2],
			"to": [7.975, 6.475, 4.6875],
			"faces": {
				"north": {"uv": [0, 0, 15.91496, 15.91496], "rotation": 90, "texture": "#0"},
				"east": {"uv": [0, 0, 15.91496, 15.91496], "rotation": 180, "texture": "#0"},
				"south": {"uv": [0, 0, 15.91496, 15.91496], "rotation": 270, "texture": "#0"},
				"west": {"uv": [0, 0, 15.91496, 15.91496], "texture": "#0"},
				"up": {"uv": [0, 0, 15.91496, 15.91496], "rotation": 270, "texture": "#0"},
				"down": {"uv": [0, 0, 15.91496, 15.91496], "rotation": 270, "texture": "#0"}
			}
		},
		{
			"name": "model",
			"from": [7.58, 5.221, 1.5],
			"to": [7.85, 5.329, 2.6705],
			"faces": {
				"north": {"uv": [0, 0, 15.91496, 15.91496], "rotation": 90, "texture": "#0"},
				"east": {"uv": [0, 0, 15.91496, 15.91496], "rotation": 180, "texture": "#0"},
				"south": {"uv": [0, 0, 15.91496, 15.91496], "rotation": 270, "texture": "#0"},
				"west": {"uv": [0, 0, 15.91496, 15.91496], "texture": "#0"},
				"up": {"uv": [0, 0, 15.91496, 15.91496], "rotation": 270, "texture": "#0"},
				"down": {"uv": [0, 0, 15.91496, 15.91496], "rotation": 270, "texture": "#0"}
			}
		},
		{
			"name": "model",
			"from": [7.58, 5.221, 1.5],
			"to": [7.85, 5.329, 2.6705],
			"faces": {
				"north": {"uv": [0, 0, 15.91496, 15.91496], "rotation": 90, "texture": "#0"},
				"east": {"uv": [0, 0, 15.91496, 15.91496], "rotation": 180, "texture": "#0"},
				"south": {"uv": [0, 0, 15.91496, 15.91496], "rotation": 270, "texture": "#0"},
				"west": {"uv": [0, 0, 15.91496, 15.91496], "texture": "#0"},
				"up": {"uv": [0, 0, 15.91496, 15.91496], "rotation": 270, "texture": "#0"},
				"down": {"uv": [0, 0, 15.91496, 15.91496], "rotation": 270, "texture": "#0"}
			}
		},
		{
			"name": "model",
			"from": [7.796, 5.275, 1.5],
			"to": [7.904, 5.545, 2.6705],
			"faces": {
				"north": {"uv": [0, 0, 15.91496, 15.91496], "rotation": 90, "texture": "#0"},
				"east": {"uv": [0, 0, 15.91496, 15.91496], "rotation": 180, "texture": "#0"},
				"south": {"uv": [0, 0, 15.91496, 15.91496], "rotation": 270, "texture": "#0"},
				"west": {"uv": [0, 0, 15.91496, 15.91496], "texture": "#0"},
				"up": {"uv": [0, 0, 15.91496, 15.91496], "rotation": 270, "texture": "#0"},
				"down": {"uv": [0, 0, 15.91496, 15.91496], "rotation": 270, "texture": "#0"}
			}
		},
		{
			"name": "model",
			"from": [7.796, 5.275, 1.5],
			"to": [7.904, 5.545, 2.6705],
			"rotation": {"angle": 22.5, "axis": "z", "origin": [7.85, 5.275, 1.5]},
			"faces": {
				"north": {"uv": [0, 0, 15.91496, 15.91496], "rotation": 90, "texture": "#0"},
				"east": {"uv": [0, 0, 15.91496, 15.91496], "rotation": 180, "texture": "#0"},
				"south": {"uv": [0, 0, 15.91496, 15.91496], "rotation": 270, "texture": "#0"},
				"west": {"uv": [0, 0, 15.91496, 15.91496], "texture": "#0"},
				"up": {"uv": [0, 0, 15.91496, 15.91496], "rotation": 270, "texture": "#0"},
				"down": {"uv": [0, 0, 15.91496, 15.91496], "rotation": 270, "texture": "#0"}
			}
		},
		{
			"name": "model",
			"from": [7.58, 5.221, 1.5],
			"to": [7.85, 5.329, 2.6705],
			"rotation": {"angle": -45, "axis": "z", "origin": [7.85, 5.275, 1.5]},
			"faces": {
				"north": {"uv": [0, 0, 15.91496, 15.91496], "rotation": 90, "texture": "#0"},
				"east": {"uv": [0, 0, 15.91496, 15.91496], "rotation": 180, "texture": "#0"},
				"south": {"uv": [0, 0, 15.91496, 15.91496], "rotation": 270, "texture": "#0"},
				"west": {"uv": [0, 0, 15.91496, 15.91496], "texture": "#0"},
				"up": {"uv": [0, 0, 15.91496, 15.91496], "rotation": 270, "texture": "#0"},
				"down": {"uv": [0, 0, 15.91496, 15.91496], "rotation": 270, "texture": "#0"}
			}
		},
		{
			"name": "model",
			"from": [7.58, 5.221, 1.5],
			"to": [7.85, 5.329, 2.6705],
			"rotation": {"angle": -22.5, "axis": "z", "origin": [7.85, 5.275, 1.5]},
			"faces": {
				"north": {"uv": [0, 0, 15.91496, 15.91496], "rotation": 90, "texture": "#0"},
				"east": {"uv": [0, 0, 15.91496, 15.91496], "rotation": 180, "texture": "#0"},
				"south": {"uv": [0, 0, 15.91496, 15.91496], "rotation": 270, "texture": "#0"},
				"west": {"uv": [0, 0, 15.91496, 15.91496], "texture": "#0"},
				"up": {"uv": [0, 0, 15.91496, 15.91496], "rotation": 270, "texture": "#0"},
				"down": {"uv": [0, 0, 15.91496, 15.91496], "rotation": 270, "texture": "#0"}
			}
		},
		{
			"name": "model",
			"from": [7.796, 5.005, 1.5],
			"to": [7.904, 5.275, 2.6705],
			"rotation": {"angle": 22.5, "axis": "z", "origin": [7.85, 5.275, 1.5]},
			"faces": {
				"north": {"uv": [0, 0, 15.91496, 15.91496], "rotation": 180, "texture": "#0"},
				"east": {"uv": [0, 0, 15.91496, 15.91496], "rotation": 270, "texture": "#0"},
				"south": {"uv": [0, 0, 15.91496, 15.91496], "texture": "#0"},
				"west": {"uv": [0, 0, 15.91496, 15.91496], "rotation": 90, "texture": "#0"},
				"up": {"uv": [0, 0, 15.91496, 15.91496], "texture": "#0"},
				"down": {"uv": [0, 0, 15.91496, 15.91496], "texture": "#0"}
			}
		},
		{
			"name": "model",
			"from": [7.796, 5.005, 1.5],
			"to": [7.904, 5.275, 2.6705],
			"rotation": {"angle": 22.5, "axis": "z", "origin": [7.85, 5.275, 1.5]},
			"faces": {
				"north": {"uv": [0, 0, 15.91496, 15.91496], "rotation": 180, "texture": "#0"},
				"east": {"uv": [0, 0, 15.91496, 15.91496], "rotation": 270, "texture": "#0"},
				"south": {"uv": [0, 0, 15.91496, 15.91496], "texture": "#0"},
				"west": {"uv": [0, 0, 15.91496, 15.91496], "rotation": 90, "texture": "#0"},
				"up": {"uv": [0, 0, 15.91496, 15.91496], "texture": "#0"},
				"down": {"uv": [0, 0, 15.91496, 15.91496], "texture": "#0"}
			}
		},
		{
			"name": "model",
			"from": [7.58, 5.221, 1.5],
			"to": [7.85, 5.329, 2.6705],
			"rotation": {"angle": 22.5, "axis": "z", "origin": [7.85, 5.275, 1.5]},
			"faces": {
				"north": {"uv": [0, 0, 15.91496, 15.91496], "rotation": 180, "texture": "#0"},
				"east": {"uv": [0, 0, 15.91496, 15.91496], "rotation": 270, "texture": "#0"},
				"south": {"uv": [0, 0, 15.91496, 15.91496], "texture": "#0"},
				"west": {"uv": [0, 0, 15.91496, 15.91496], "rotation": 90, "texture": "#0"},
				"up": {"uv": [0, 0, 15.91496, 15.91496], "texture": "#0"},
				"down": {"uv": [0, 0, 15.91496, 15.91496], "texture": "#0"}
			}
		},
		{
			"name": "model",
			"from": [7.58, 5.221, 1.5],
			"to": [7.85, 5.329, 2.6705],
			"rotation": {"angle": 45, "axis": "z", "origin": [7.85, 5.275, 1.5]},
			"faces": {
				"north": {"uv": [0, 0, 15.91496, 15.91496], "rotation": 180, "texture": "#0"},
				"east": {"uv": [0, 0, 15.91496, 15.91496], "rotation": 270, "texture": "#0"},
				"south": {"uv": [0, 0, 15.91496, 15.91496], "texture": "#0"},
				"west": {"uv": [0, 0, 15.91496, 15.91496], "rotation": 90, "texture": "#0"},
				"up": {"uv": [0, 0, 15.91496, 15.91496], "texture": "#0"},
				"down": {"uv": [0, 0, 15.91496, 15.91496], "texture": "#0"}
			}
		},
		{
			"name": "model",
			"from": [7.796, 5.005, 1.5],
			"to": [7.904, 5.275, 2.6705],
			"rotation": {"angle": -22.5, "axis": "z", "origin": [7.85, 5.275, 1.5]},
			"faces": {
				"north": {"uv": [0, 0, 15.91496, 15.91496], "rotation": 180, "texture": "#0"},
				"east": {"uv": [0, 0, 15.91496, 15.91496], "rotation": 270, "texture": "#0"},
				"south": {"uv": [0, 0, 15.91496, 15.91496], "texture": "#0"},
				"west": {"uv": [0, 0, 15.91496, 15.91496], "rotation": 90, "texture": "#0"},
				"up": {"uv": [0, 0, 15.91496, 15.91496], "texture": "#0"},
				"down": {"uv": [0, 0, 15.91496, 15.91496], "texture": "#0"}
			}
		},
		{
			"name": "model",
			"from": [7.796, 5.005, 1.5],
			"to": [7.904, 5.275, 2.6705],
			"faces": {
				"north": {"uv": [0, 0, 15.91496, 15.91496], "rotation": 180, "texture": "#0"},
				"east": {"uv": [0, 0, 15.91496, 15.91496], "rotation": 270, "texture": "#0"},
				"south": {"uv": [0, 0, 15.91496, 15.91496], "texture": "#0"},
				"west": {"uv": [0, 0, 15.91496, 15.91496], "rotation": 90, "texture": "#0"},
				"up": {"uv": [0, 0, 15.91496, 15.91496], "texture": "#0"},
				"down": {"uv": [0, 0, 15.91496, 15.91496], "texture": "#0"}
			}
		},
		{
			"name": "model",
			"from": [7.796, 5.275, 1.5],
			"to": [7.904, 5.545, 2.6705],
			"rotation": {"angle": -22.5, "axis": "z", "origin": [7.85, 5.275, 1.5]},
			"faces": {
				"north": {"uv": [0, 0, 15.91496, 15.91496], "texture": "#0"},
				"east": {"uv": [0, 0, 15.91496, 15.91496], "rotation": 90, "texture": "#0"},
				"south": {"uv": [0, 0, 15.91496, 15.91496], "rotation": 180, "texture": "#0"},
				"west": {"uv": [0, 0, 15.91496, 15.91496], "rotation": 270, "texture": "#0"},
				"up": {"uv": [0, 0, 15.91496, 15.91496], "rotation": 180, "texture": "#0"},
				"down": {"uv": [0, 0, 15.91496, 15.91496], "rotation": 180, "texture": "#0"}
			}
		},
		{
			"name": "model",
			"from": [7.796, 5.275, 1.5],
			"to": [7.904, 5.545, 2.6705],
			"rotation": {"angle": -22.5, "axis": "z", "origin": [7.85, 5.275, 1.5]},
			"faces": {
				"north": {"uv": [0, 0, 15.91496, 15.91496], "texture": "#0"},
				"east": {"uv": [0, 0, 15.91496, 15.91496], "rotation": 90, "texture": "#0"},
				"south": {"uv": [0, 0, 15.91496, 15.91496], "rotation": 180, "texture": "#0"},
				"west": {"uv": [0, 0, 15.91496, 15.91496], "rotation": 270, "texture": "#0"},
				"up": {"uv": [0, 0, 15.91496, 15.91496], "rotation": 180, "texture": "#0"},
				"down": {"uv": [0, 0, 15.91496, 15.91496], "rotation": 180, "texture": "#0"}
			}
		},
		{
			"name": "model",
			"from": [7.85, 5.221, 1.5],
			"to": [8.12, 5.329, 2.6705],
			"rotation": {"angle": -22.5, "axis": "z", "origin": [7.85, 5.275, 1.5]},
			"faces": {
				"north": {"uv": [0, 0, 15.91496, 15.91496], "texture": "#0"},
				"east": {"uv": [0, 0, 15.91496, 15.91496], "rotation": 90, "texture": "#0"},
				"south": {"uv": [0, 0, 15.91496, 15.91496], "rotation": 180, "texture": "#0"},
				"west": {"uv": [0, 0, 15.91496, 15.91496], "rotation": 270, "texture": "#0"},
				"up": {"uv": [0, 0, 15.91496, 15.91496], "rotation": 180, "texture": "#0"},
				"down": {"uv": [0, 0, 15.91496, 15.91496], "rotation": 180, "texture": "#0"}
			}
		},
		{
			"name": "model",
			"from": [7.85, 5.221, 1.5],
			"to": [8.12, 5.329, 2.6705],
			"faces": {
				"north": {"uv": [0, 0, 15.91496, 15.91496], "texture": "#0"},
				"east": {"uv": [0, 0, 15.91496, 15.91496], "rotation": 90, "texture": "#0"},
				"south": {"uv": [0, 0, 15.91496, 15.91496], "rotation": 180, "texture": "#0"},
				"west": {"uv": [0, 0, 15.91496, 15.91496], "rotation": 270, "texture": "#0"},
				"up": {"uv": [0, 0, 15.91496, 15.91496], "rotation": 180, "texture": "#0"},
				"down": {"uv": [0, 0, 15.91496, 15.91496], "rotation": 180, "texture": "#0"}
			}
		},
		{
			"name": "model",
			"from": [7.85, 5.221, 1.5],
			"to": [8.12, 5.329, 2.6705],
			"rotation": {"angle": 22.5, "axis": "z", "origin": [7.85, 5.275, 1.5]},
			"faces": {
				"north": {"uv": [0, 0, 15.91496, 15.91496], "rotation": 270, "texture": "#0"},
				"east": {"uv": [0, 0, 15.91496, 15.91496], "texture": "#0"},
				"south": {"uv": [0, 0, 15.91496, 15.91496], "rotation": 90, "texture": "#0"},
				"west": {"uv": [0, 0, 15.91496, 15.91496], "rotation": 180, "texture": "#0"},
				"up": {"uv": [0, 0, 15.91496, 15.91496], "rotation": 90, "texture": "#0"},
				"down": {"uv": [0, 0, 15.91496, 15.91496], "rotation": 90, "texture": "#0"}
			}
		},
		{
			"name": "model",
			"from": [7.85, 5.221, 1.5],
			"to": [8.12, 5.329, 2.6705],
			"rotation": {"angle": 45, "axis": "z", "origin": [7.85, 5.275, 1.5]},
			"faces": {
				"north": {"uv": [0, 0, 15.91496, 15.91496], "rotation": 270, "texture": "#0"},
				"east": {"uv": [0, 0, 15.91496, 15.91496], "texture": "#0"},
				"south": {"uv": [0, 0, 15.91496, 15.91496], "rotation": 90, "texture": "#0"},
				"west": {"uv": [0, 0, 15.91496, 15.91496], "rotation": 180, "texture": "#0"},
				"up": {"uv": [0, 0, 15.91496, 15.91496], "rotation": 90, "texture": "#0"},
				"down": {"uv": [0, 0, 15.91496, 15.91496], "rotation": 90, "texture": "#0"}
			}
		},
		{
			"name": "model",
			"from": [7.85, 5.221, 1.5],
			"to": [8.12, 5.329, 2.6705],
			"rotation": {"angle": 22.5, "axis": "z", "origin": [7.85, 5.275, 1.5]},
			"faces": {
				"north": {"uv": [0, 0, 15.91496, 15.91496], "rotation": 270, "texture": "#0"},
				"east": {"uv": [0, 0, 15.91496, 15.91496], "texture": "#0"},
				"south": {"uv": [0, 0, 15.91496, 15.91496], "rotation": 90, "texture": "#0"},
				"west": {"uv": [0, 0, 15.91496, 15.91496], "rotation": 180, "texture": "#0"},
				"up": {"uv": [0, 0, 15.91496, 15.91496], "rotation": 90, "texture": "#0"},
				"down": {"uv": [0, 0, 15.91496, 15.91496], "rotation": 90, "texture": "#0"}
			}
		},
		{
			"name": "model",
			"from": [7.85, 5.221, 1.5],
			"to": [8.12, 5.329, 2.6705],
			"rotation": {"angle": 22.5, "axis": "z", "origin": [7.85, 5.275, 1.5]},
			"faces": {
				"north": {"uv": [0, 0, 15.91496, 15.91496], "rotation": 270, "texture": "#0"},
				"east": {"uv": [0, 0, 15.91496, 15.91496], "texture": "#0"},
				"south": {"uv": [0, 0, 15.91496, 15.91496], "rotation": 90, "texture": "#0"},
				"west": {"uv": [0, 0, 15.91496, 15.91496], "rotation": 180, "texture": "#0"},
				"up": {"uv": [0, 0, 15.91496, 15.91496], "rotation": 90, "texture": "#0"},
				"down": {"uv": [0, 0, 15.91496, 15.91496], "rotation": 90, "texture": "#0"}
			}
		},
		{
			"name": "model",
			"from": [7.796, 5.005, 1.5],
			"to": [7.904, 5.275, 2.6705],
			"rotation": {"angle": 22.5, "axis": "z", "origin": [7.85, 5.275, 1.5]},
			"faces": {
				"north": {"uv": [0, 0, 15.91496, 15.91496], "rotation": 270, "texture": "#0"},
				"east": {"uv": [0, 0, 15.91496, 15.91496], "texture": "#0"},
				"south": {"uv": [0, 0, 15.91496, 15.91496], "rotation": 90, "texture": "#0"},
				"west": {"uv": [0, 0, 15.91496, 15.91496], "rotation": 180, "texture": "#0"},
				"up": {"uv": [0, 0, 15.91496, 15.91496], "rotation": 90, "texture": "#0"},
				"down": {"uv": [0, 0, 15.91496, 15.91496], "rotation": 90, "texture": "#0"}
			}
		},
		{
			"name": "model",
			"from": [7.796, 5.005, 1.5],
			"to": [7.904, 5.275, 2.6705],
			"rotation": {"angle": 45, "axis": "z", "origin": [7.85, 5.275, 1.5]},
			"faces": {
				"north": {"uv": [0, 0, 15.91496, 15.91496], "rotation": 270, "texture": "#0"},
				"east": {"uv": [0, 0, 15.91496, 15.91496], "texture": "#0"},
				"south": {"uv": [0, 0, 15.91496, 15.91496], "rotation": 90, "texture": "#0"},
				"west": {"uv": [0, 0, 15.91496, 15.91496], "rotation": 180, "texture": "#0"},
				"up": {"uv": [0, 0, 15.91496, 15.91496], "rotation": 90, "texture": "#0"},
				"down": {"uv": [0, 0, 15.91496, 15.91496], "rotation": 90, "texture": "#0"}
			}
		},
		{
			"name": "model",
			"from": [7.85, 5.221, 1.5],
			"to": [8.12, 5.329, 2.6705],
			"rotation": {"angle": -22.5, "axis": "z", "origin": [7.85, 5.275, 1.5]},
			"faces": {
				"north": {"uv": [0, 0, 15.91496, 15.91496], "rotation": 270, "texture": "#0"},
				"east": {"uv": [0, 0, 15.91496, 15.91496], "texture": "#0"},
				"south": {"uv": [0, 0, 15.91496, 15.91496], "rotation": 90, "texture": "#0"},
				"west": {"uv": [0, 0, 15.91496, 15.91496], "rotation": 180, "texture": "#0"},
				"up": {"uv": [0, 0, 15.91496, 15.91496], "rotation": 90, "texture": "#0"},
				"down": {"uv": [0, 0, 15.91496, 15.91496], "rotation": 90, "texture": "#0"}
			}
		},
		{
			"name": "model",
			"from": [7.85, 5.221, 1.5],
			"to": [8.12, 5.329, 2.6705],
			"faces": {
				"north": {"uv": [0, 0, 15.91496, 15.91496], "rotation": 270, "texture": "#0"},
				"east": {"uv": [0, 0, 15.91496, 15.91496], "texture": "#0"},
				"south": {"uv": [0, 0, 15.91496, 15.91496], "rotation": 90, "texture": "#0"},
				"west": {"uv": [0, 0, 15.91496, 15.91496], "rotation": 180, "texture": "#0"},
				"up": {"uv": [0, 0, 15.91496, 15.91496], "rotation": 90, "texture": "#0"},
				"down": {"uv": [0, 0, 15.91496, 15.91496], "rotation": 90, "texture": "#0"}
			}
		},
		{
			"name": "model",
			"from": [7.58, 5.221, -0.875],
			"to": [7.85, 5.329, -0.3295],
			"faces": {
				"north": {"uv": [0, 0, 15.91496, 15.91496], "rotation": 90, "texture": "#0"},
				"east": {"uv": [0, 0, 15.91496, 15.91496], "rotation": 180, "texture": "#0"},
				"south": {"uv": [0, 0, 15.91496, 15.91496], "rotation": 270, "texture": "#0"},
				"west": {"uv": [0, 0, 15.91496, 15.91496], "texture": "#0"},
				"up": {"uv": [0, 0, 15.91496, 15.91496], "rotation": 270, "texture": "#0"},
				"down": {"uv": [0, 0, 15.91496, 15.91496], "rotation": 270, "texture": "#0"}
			}
		},
		{
			"name": "model",
			"from": [7.58, 5.221, -0.875],
			"to": [7.85, 5.329, -0.3295],
			"faces": {
				"north": {"uv": [0, 0, 15.91496, 15.91496], "rotation": 90, "texture": "#0"},
				"east": {"uv": [0, 0, 15.91496, 15.91496], "rotation": 180, "texture": "#0"},
				"south": {"uv": [0, 0, 15.91496, 15.91496], "rotation": 270, "texture": "#0"},
				"west": {"uv": [0, 0, 15.91496, 15.91496], "texture": "#0"},
				"up": {"uv": [0, 0, 15.91496, 15.91496], "rotation": 270, "texture": "#0"},
				"down": {"uv": [0, 0, 15.91496, 15.91496], "rotation": 270, "texture": "#0"}
			}
		},
		{
			"name": "model",
			"from": [7.796, 5.275, -0.875],
			"to": [7.904, 5.545, -0.3295],
			"faces": {
				"north": {"uv": [0, 0, 15.91496, 15.91496], "rotation": 90, "texture": "#0"},
				"east": {"uv": [0, 0, 15.91496, 15.91496], "rotation": 180, "texture": "#0"},
				"south": {"uv": [0, 0, 15.91496, 15.91496], "rotation": 270, "texture": "#0"},
				"west": {"uv": [0, 0, 15.91496, 15.91496], "texture": "#0"},
				"up": {"uv": [0, 0, 15.91496, 15.91496], "rotation": 270, "texture": "#0"},
				"down": {"uv": [0, 0, 15.91496, 15.91496], "rotation": 270, "texture": "#0"}
			}
		},
		{
			"name": "model",
			"from": [7.796, 5.275, -0.875],
			"to": [7.904, 5.545, -0.3295],
			"rotation": {"angle": 22.5, "axis": "z", "origin": [7.85, 5.275, -0.875]},
			"faces": {
				"north": {"uv": [0, 0, 15.91496, 15.91496], "rotation": 90, "texture": "#0"},
				"east": {"uv": [0, 0, 15.91496, 15.91496], "rotation": 180, "texture": "#0"},
				"south": {"uv": [0, 0, 15.91496, 15.91496], "rotation": 270, "texture": "#0"},
				"west": {"uv": [0, 0, 15.91496, 15.91496], "texture": "#0"},
				"up": {"uv": [0, 0, 15.91496, 15.91496], "rotation": 270, "texture": "#0"},
				"down": {"uv": [0, 0, 15.91496, 15.91496], "rotation": 270, "texture": "#0"}
			}
		},
		{
			"name": "model",
			"from": [7.58, 5.221, -0.875],
			"to": [7.85, 5.329, -0.3295],
			"rotation": {"angle": -45, "axis": "z", "origin": [7.85, 5.275, -0.875]},
			"faces": {
				"north": {"uv": [0, 0, 15.91496, 15.91496], "rotation": 90, "texture": "#0"},
				"east": {"uv": [0, 0, 15.91496, 15.91496], "rotation": 180, "texture": "#0"},
				"south": {"uv": [0, 0, 15.91496, 15.91496], "rotation": 270, "texture": "#0"},
				"west": {"uv": [0, 0, 15.91496, 15.91496], "texture": "#0"},
				"up": {"uv": [0, 0, 15.91496, 15.91496], "rotation": 270, "texture": "#0"},
				"down": {"uv": [0, 0, 15.91496, 15.91496], "rotation": 270, "texture": "#0"}
			}
		},
		{
			"name": "model",
			"from": [7.58, 5.221, -0.875],
			"to": [7.85, 5.329, -0.3295],
			"rotation": {"angle": -22.5, "axis": "z", "origin": [7.85, 5.275, -0.875]},
			"faces": {
				"north": {"uv": [0, 0, 15.91496, 15.91496], "rotation": 90, "texture": "#0"},
				"east": {"uv": [0, 0, 15.91496, 15.91496], "rotation": 180, "texture": "#0"},
				"south": {"uv": [0, 0, 15.91496, 15.91496], "rotation": 270, "texture": "#0"},
				"west": {"uv": [0, 0, 15.91496, 15.91496], "texture": "#0"},
				"up": {"uv": [0, 0, 15.91496, 15.91496], "rotation": 270, "texture": "#0"},
				"down": {"uv": [0, 0, 15.91496, 15.91496], "rotation": 270, "texture": "#0"}
			}
		},
		{
			"name": "model",
			"from": [7.796, 5.005, -0.875],
			"to": [7.904, 5.275, -0.3295],
			"rotation": {"angle": 22.5, "axis": "z", "origin": [7.85, 5.275, -0.875]},
			"faces": {
				"north": {"uv": [0, 0, 15.91496, 15.91496], "rotation": 180, "texture": "#0"},
				"east": {"uv": [0, 0, 15.91496, 15.91496], "rotation": 270, "texture": "#0"},
				"south": {"uv": [0, 0, 15.91496, 15.91496], "texture": "#0"},
				"west": {"uv": [0, 0, 15.91496, 15.91496], "rotation": 90, "texture": "#0"},
				"up": {"uv": [0, 0, 15.91496, 15.91496], "texture": "#0"},
				"down": {"uv": [0, 0, 15.91496, 15.91496], "texture": "#0"}
			}
		},
		{
			"name": "model",
			"from": [7.796, 5.005, -0.875],
			"to": [7.904, 5.275, -0.3295],
			"rotation": {"angle": 22.5, "axis": "z", "origin": [7.85, 5.275, -0.875]},
			"faces": {
				"north": {"uv": [0, 0, 15.91496, 15.91496], "rotation": 180, "texture": "#0"},
				"east": {"uv": [0, 0, 15.91496, 15.91496], "rotation": 270, "texture": "#0"},
				"south": {"uv": [0, 0, 15.91496, 15.91496], "texture": "#0"},
				"west": {"uv": [0, 0, 15.91496, 15.91496], "rotation": 90, "texture": "#0"},
				"up": {"uv": [0, 0, 15.91496, 15.91496], "texture": "#0"},
				"down": {"uv": [0, 0, 15.91496, 15.91496], "texture": "#0"}
			}
		},
		{
			"name": "model",
			"from": [7.58, 5.221, -0.875],
			"to": [7.85, 5.329, -0.3295],
			"rotation": {"angle": 22.5, "axis": "z", "origin": [7.85, 5.275, -0.875]},
			"faces": {
				"north": {"uv": [0, 0, 15.91496, 15.91496], "rotation": 180, "texture": "#0"},
				"east": {"uv": [0, 0, 15.91496, 15.91496], "rotation": 270, "texture": "#0"},
				"south": {"uv": [0, 0, 15.91496, 15.91496], "texture": "#0"},
				"west": {"uv": [0, 0, 15.91496, 15.91496], "rotation": 90, "texture": "#0"},
				"up": {"uv": [0, 0, 15.91496, 15.91496], "texture": "#0"},
				"down": {"uv": [0, 0, 15.91496, 15.91496], "texture": "#0"}
			}
		},
		{
			"name": "model",
			"from": [7.58, 5.221, -0.875],
			"to": [7.85, 5.329, -0.3295],
			"rotation": {"angle": 45, "axis": "z", "origin": [7.85, 5.275, -0.875]},
			"faces": {
				"north": {"uv": [0, 0, 15.91496, 15.91496], "rotation": 180, "texture": "#0"},
				"east": {"uv": [0, 0, 15.91496, 15.91496], "rotation": 270, "texture": "#0"},
				"south": {"uv": [0, 0, 15.91496, 15.91496], "texture": "#0"},
				"west": {"uv": [0, 0, 15.91496, 15.91496], "rotation": 90, "texture": "#0"},
				"up": {"uv": [0, 0, 15.91496, 15.91496], "texture": "#0"},
				"down": {"uv": [0, 0, 15.91496, 15.91496], "texture": "#0"}
			}
		},
		{
			"name": "model",
			"from": [7.796, 5.005, -0.875],
			"to": [7.904, 5.275, -0.3295],
			"rotation": {"angle": -22.5, "axis": "z", "origin": [7.85, 5.275, -0.875]},
			"faces": {
				"north": {"uv": [0, 0, 15.91496, 15.91496], "rotation": 180, "texture": "#0"},
				"east": {"uv": [0, 0, 15.91496, 15.91496], "rotation": 270, "texture": "#0"},
				"south": {"uv": [0, 0, 15.91496, 15.91496], "texture": "#0"},
				"west": {"uv": [0, 0, 15.91496, 15.91496], "rotation": 90, "texture": "#0"},
				"up": {"uv": [0, 0, 15.91496, 15.91496], "texture": "#0"},
				"down": {"uv": [0, 0, 15.91496, 15.91496], "texture": "#0"}
			}
		},
		{
			"name": "model",
			"from": [7.796, 5.005, -0.875],
			"to": [7.904, 5.275, -0.3295],
			"faces": {
				"north": {"uv": [0, 0, 15.91496, 15.91496], "rotation": 180, "texture": "#0"},
				"east": {"uv": [0, 0, 15.91496, 15.91496], "rotation": 270, "texture": "#0"},
				"south": {"uv": [0, 0, 15.91496, 15.91496], "texture": "#0"},
				"west": {"uv": [0, 0, 15.91496, 15.91496], "rotation": 90, "texture": "#0"},
				"up": {"uv": [0, 0, 15.91496, 15.91496], "texture": "#0"},
				"down": {"uv": [0, 0, 15.91496, 15.91496], "texture": "#0"}
			}
		},
		{
			"name": "model",
			"from": [7.796, 5.275, -0.875],
			"to": [7.904, 5.545, -0.3295],
			"rotation": {"angle": -22.5, "axis": "z", "origin": [7.85, 5.275, -0.875]},
			"faces": {
				"north": {"uv": [0, 0, 15.91496, 15.91496], "texture": "#0"},
				"east": {"uv": [0, 0, 15.91496, 15.91496], "rotation": 90, "texture": "#0"},
				"south": {"uv": [0, 0, 15.91496, 15.91496], "rotation": 180, "texture": "#0"},
				"west": {"uv": [0, 0, 15.91496, 15.91496], "rotation": 270, "texture": "#0"},
				"up": {"uv": [0, 0, 15.91496, 15.91496], "rotation": 180, "texture": "#0"},
				"down": {"uv": [0, 0, 15.91496, 15.91496], "rotation": 180, "texture": "#0"}
			}
		},
		{
			"name": "model",
			"from": [7.796, 5.275, -0.875],
			"to": [7.904, 5.545, -0.3295],
			"rotation": {"angle": -22.5, "axis": "z", "origin": [7.85, 5.275, -0.875]},
			"faces": {
				"north": {"uv": [0, 0, 15.91496, 15.91496], "texture": "#0"},
				"east": {"uv": [0, 0, 15.91496, 15.91496], "rotation": 90, "texture": "#0"},
				"south": {"uv": [0, 0, 15.91496, 15.91496], "rotation": 180, "texture": "#0"},
				"west": {"uv": [0, 0, 15.91496, 15.91496], "rotation": 270, "texture": "#0"},
				"up": {"uv": [0, 0, 15.91496, 15.91496], "rotation": 180, "texture": "#0"},
				"down": {"uv": [0, 0, 15.91496, 15.91496], "rotation": 180, "texture": "#0"}
			}
		},
		{
			"name": "model",
			"from": [7.85, 5.221, -0.875],
			"to": [8.12, 5.329, -0.3295],
			"rotation": {"angle": -22.5, "axis": "z", "origin": [7.85, 5.275, -0.875]},
			"faces": {
				"north": {"uv": [0, 0, 15.91496, 15.91496], "texture": "#0"},
				"east": {"uv": [0, 0, 15.91496, 15.91496], "rotation": 90, "texture": "#0"},
				"south": {"uv": [0, 0, 15.91496, 15.91496], "rotation": 180, "texture": "#0"},
				"west": {"uv": [0, 0, 15.91496, 15.91496], "rotation": 270, "texture": "#0"},
				"up": {"uv": [0, 0, 15.91496, 15.91496], "rotation": 180, "texture": "#0"},
				"down": {"uv": [0, 0, 15.91496, 15.91496], "rotation": 180, "texture": "#0"}
			}
		},
		{
			"name": "model",
			"from": [7.85, 5.221, -0.875],
			"to": [8.12, 5.329, -0.3295],
			"faces": {
				"north": {"uv": [0, 0, 15.91496, 15.91496], "texture": "#0"},
				"east": {"uv": [0, 0, 15.91496, 15.91496], "rotation": 90, "texture": "#0"},
				"south": {"uv": [0, 0, 15.91496, 15.91496], "rotation": 180, "texture": "#0"},
				"west": {"uv": [0, 0, 15.91496, 15.91496], "rotation": 270, "texture": "#0"},
				"up": {"uv": [0, 0, 15.91496, 15.91496], "rotation": 180, "texture": "#0"},
				"down": {"uv": [0, 0, 15.91496, 15.91496], "rotation": 180, "texture": "#0"}
			}
		},
		{
			"name": "model",
			"from": [7.85, 5.221, -0.875],
			"to": [8.12, 5.329, -0.3295],
			"rotation": {"angle": 22.5, "axis": "z", "origin": [7.85, 5.275, -0.875]},
			"faces": {
				"north": {"uv": [0, 0, 15.91496, 15.91496], "rotation": 270, "texture": "#0"},
				"east": {"uv": [0, 0, 15.91496, 15.91496], "texture": "#0"},
				"south": {"uv": [0, 0, 15.91496, 15.91496], "rotation": 90, "texture": "#0"},
				"west": {"uv": [0, 0, 15.91496, 15.91496], "rotation": 180, "texture": "#0"},
				"up": {"uv": [0, 0, 15.91496, 15.91496], "rotation": 90, "texture": "#0"},
				"down": {"uv": [0, 0, 15.91496, 15.91496], "rotation": 90, "texture": "#0"}
			}
		},
		{
			"name": "model",
			"from": [7.85, 5.221, -0.875],
			"to": [8.12, 5.329, -0.3295],
			"rotation": {"angle": 45, "axis": "z", "origin": [7.85, 5.275, -0.875]},
			"faces": {
				"north": {"uv": [0, 0, 15.91496, 15.91496], "rotation": 270, "texture": "#0"},
				"east": {"uv": [0, 0, 15.91496, 15.91496], "texture": "#0"},
				"south": {"uv": [0, 0, 15.91496, 15.91496], "rotation": 90, "texture": "#0"},
				"west": {"uv": [0, 0, 15.91496, 15.91496], "rotation": 180, "texture": "#0"},
				"up": {"uv": [0, 0, 15.91496, 15.91496], "rotation": 90, "texture": "#0"},
				"down": {"uv": [0, 0, 15.91496, 15.91496], "rotation": 90, "texture": "#0"}
			}
		},
		{
			"name": "model",
			"from": [7.85, 5.221, -0.875],
			"to": [8.12, 5.329, -0.3295],
			"rotation": {"angle": 22.5, "axis": "z", "origin": [7.85, 5.275, -0.875]},
			"faces": {
				"north": {"uv": [0, 0, 15.91496, 15.91496], "rotation": 270, "texture": "#0"},
				"east": {"uv": [0, 0, 15.91496, 15.91496], "texture": "#0"},
				"south": {"uv": [0, 0, 15.91496, 15.91496], "rotation": 90, "texture": "#0"},
				"west": {"uv": [0, 0, 15.91496, 15.91496], "rotation": 180, "texture": "#0"},
				"up": {"uv": [0, 0, 15.91496, 15.91496], "rotation": 90, "texture": "#0"},
				"down": {"uv": [0, 0, 15.91496, 15.91496], "rotation": 90, "texture": "#0"}
			}
		},
		{
			"name": "model",
			"from": [7.85, 5.221, -0.875],
			"to": [8.12, 5.329, -0.3295],
			"rotation": {"angle": 22.5, "axis": "z", "origin": [7.85, 5.275, -0.875]},
			"faces": {
				"north": {"uv": [0, 0, 15.91496, 15.91496], "rotation": 270, "texture": "#0"},
				"east": {"uv": [0, 0, 15.91496, 15.91496], "texture": "#0"},
				"south": {"uv": [0, 0, 15.91496, 15.91496], "rotation": 90, "texture": "#0"},
				"west": {"uv": [0, 0, 15.91496, 15.91496], "rotation": 180, "texture": "#0"},
				"up": {"uv": [0, 0, 15.91496, 15.91496], "rotation": 90, "texture": "#0"},
				"down": {"uv": [0, 0, 15.91496, 15.91496], "rotation": 90, "texture": "#0"}
			}
		},
		{
			"name": "model",
			"from": [7.796, 5.005, -0.875],
			"to": [7.904, 5.275, -0.3295],
			"rotation": {"angle": 22.5, "axis": "z", "origin": [7.85, 5.275, -0.875]},
			"faces": {
				"north": {"uv": [0, 0, 15.91496, 15.91496], "rotation": 270, "texture": "#0"},
				"east": {"uv": [0, 0, 15.91496, 15.91496], "texture": "#0"},
				"south": {"uv": [0, 0, 15.91496, 15.91496], "rotation": 90, "texture": "#0"},
				"west": {"uv": [0, 0, 15.91496, 15.91496], "rotation": 180, "texture": "#0"},
				"up": {"uv": [0, 0, 15.91496, 15.91496], "rotation": 90, "texture": "#0"},
				"down": {"uv": [0, 0, 15.91496, 15.91496], "rotation": 90, "texture": "#0"}
			}
		},
		{
			"name": "model",
			"from": [7.796, 5.005, -0.875],
			"to": [7.904, 5.275, -0.3295],
			"rotation": {"angle": 45, "axis": "z", "origin": [7.85, 5.275, -0.875]},
			"faces": {
				"north": {"uv": [0, 0, 15.91496, 15.91496], "rotation": 270, "texture": "#0"},
				"east": {"uv": [0, 0, 15.91496, 15.91496], "texture": "#0"},
				"south": {"uv": [0, 0, 15.91496, 15.91496], "rotation": 90, "texture": "#0"},
				"west": {"uv": [0, 0, 15.91496, 15.91496], "rotation": 180, "texture": "#0"},
				"up": {"uv": [0, 0, 15.91496, 15.91496], "rotation": 90, "texture": "#0"},
				"down": {"uv": [0, 0, 15.91496, 15.91496], "rotation": 90, "texture": "#0"}
			}
		},
		{
			"name": "model",
			"from": [7.85, 5.221, -0.875],
			"to": [8.12, 5.329, -0.3295],
			"rotation": {"angle": -22.5, "axis": "z", "origin": [7.85, 5.275, -0.875]},
			"faces": {
				"north": {"uv": [0, 0, 15.91496, 15.91496], "rotation": 270, "texture": "#0"},
				"east": {"uv": [0, 0, 15.91496, 15.91496], "texture": "#0"},
				"south": {"uv": [0, 0, 15.91496, 15.91496], "rotation": 90, "texture": "#0"},
				"west": {"uv": [0, 0, 15.91496, 15.91496], "rotation": 180, "texture": "#0"},
				"up": {"uv": [0, 0, 15.91496, 15.91496], "rotation": 90, "texture": "#0"},
				"down": {"uv": [0, 0, 15.91496, 15.91496], "rotation": 90, "texture": "#0"}
			}
		},
		{
			"name": "model",
			"from": [7.85, 5.221, -0.875],
			"to": [8.12, 5.329, -0.3295],
			"faces": {
				"north": {"uv": [0, 0, 15.91496, 15.91496], "rotation": 270, "texture": "#0"},
				"east": {"uv": [0, 0, 15.91496, 15.91496], "texture": "#0"},
				"south": {"uv": [0, 0, 15.91496, 15.91496], "rotation": 90, "texture": "#0"},
				"west": {"uv": [0, 0, 15.91496, 15.91496], "rotation": 180, "texture": "#0"},
				"up": {"uv": [0, 0, 15.91496, 15.91496], "rotation": 90, "texture": "#0"},
				"down": {"uv": [0, 0, 15.91496, 15.91496], "rotation": 90, "texture": "#0"}
			}
		},
		{
			"name": "model",
			"from": [7.6556, 5.23614, -1.4],
			"to": [7.7056, 5.3139, 1.69026],
			"faces": {
				"north": {"uv": [0, 0, 15.91496, 15.91496], "rotation": 90, "texture": "#0"},
				"east": {"uv": [0, 0, 15.91496, 15.91496], "rotation": 180, "texture": "#0"},
				"south": {"uv": [0, 0, 15.91496, 15.91496], "rotation": 270, "texture": "#0"},
				"west": {"uv": [0, 0, 15.91496, 15.91496], "texture": "#0"},
				"up": {"uv": [0, 0, 15.91496, 15.91496], "rotation": 270, "texture": "#0"},
				"down": {"uv": [0, 0, 15.91496, 15.91496], "rotation": 270, "texture": "#0"}
			}
		},
		{
			"name": "model",
			"from": [7.81114, 5.425, -1.4],
			"to": [7.8889, 5.4694, 1.69026],
			"faces": {
				"north": {"uv": [0, 0, 15.91496, 15.91496], "rotation": 90, "texture": "#0"},
				"east": {"uv": [0, 0, 15.91496, 15.91496], "rotation": 180, "texture": "#0"},
				"south": {"uv": [0, 0, 15.91496, 15.91496], "rotation": 270, "texture": "#0"},
				"west": {"uv": [0, 0, 15.91496, 15.91496], "texture": "#0"},
				"up": {"uv": [0, 0, 15.91496, 15.91496], "rotation": 270, "texture": "#0"},
				"down": {"uv": [0, 0, 15.91496, 15.91496], "rotation": 270, "texture": "#0"}
			}
		},
		{
			"name": "model",
			"from": [7.81114, 5.425, -1.4],
			"to": [7.8889, 5.4694, 1.69026],
			"rotation": {"angle": 22.5, "axis": "z", "origin": [7.85, 5.275, -0.5]},
			"faces": {
				"north": {"uv": [0, 0, 15.91496, 15.91496], "rotation": 90, "texture": "#0"},
				"east": {"uv": [0, 0, 15.91496, 15.91496], "rotation": 180, "texture": "#0"},
				"south": {"uv": [0, 0, 15.91496, 15.91496], "rotation": 270, "texture": "#0"},
				"west": {"uv": [0, 0, 15.91496, 15.91496], "texture": "#0"},
				"up": {"uv": [0, 0, 15.91496, 15.91496], "rotation": 270, "texture": "#0"},
				"down": {"uv": [0, 0, 15.91496, 15.91496], "rotation": 270, "texture": "#0"}
			}
		},
		{
			"name": "model",
			"from": [7.6556, 5.23614, -1.4],
			"to": [7.7, 5.3139, 1.69026],
			"rotation": {"angle": -45, "axis": "z", "origin": [7.85, 5.275, -0.5]},
			"faces": {
				"north": {"uv": [0, 0, 15.91496, 15.91496], "rotation": 90, "texture": "#0"},
				"east": {"uv": [0, 0, 15.91496, 15.91496], "rotation": 180, "texture": "#0"},
				"south": {"uv": [0, 0, 15.91496, 15.91496], "rotation": 270, "texture": "#0"},
				"west": {"uv": [0, 0, 15.91496, 15.91496], "texture": "#0"},
				"up": {"uv": [0, 0, 15.91496, 15.91496], "rotation": 270, "texture": "#0"},
				"down": {"uv": [0, 0, 15.91496, 15.91496], "rotation": 270, "texture": "#0"}
			}
		},
		{
			"name": "model",
			"from": [7.6556, 5.23614, -1.4],
			"to": [7.7, 5.3139, 1.69026],
			"rotation": {"angle": -22.5, "axis": "z", "origin": [7.85, 5.275, -0.5]},
			"faces": {
				"north": {"uv": [0, 0, 15.91496, 15.91496], "rotation": 90, "texture": "#0"},
				"east": {"uv": [0, 0, 15.91496, 15.91496], "rotation": 180, "texture": "#0"},
				"south": {"uv": [0, 0, 15.91496, 15.91496], "rotation": 270, "texture": "#0"},
				"west": {"uv": [0, 0, 15.91496, 15.91496], "texture": "#0"},
				"up": {"uv": [0, 0, 15.91496, 15.91496], "rotation": 270, "texture": "#0"},
				"down": {"uv": [0, 0, 15.91496, 15.91496], "rotation": 270, "texture": "#0"}
			}
		},
		{
			"name": "model",
			"from": [7.81114, 5.0806, -0.5],
			"to": [7.8889, 5.275, 1.69026],
			"rotation": {"angle": 22.5, "axis": "z", "origin": [7.85, 5.275, -0.5]},
			"faces": {
				"north": {"uv": [0, 0, 15.91496, 15.91496], "rotation": 180, "texture": "#0"},
				"east": {"uv": [0, 0, 15.91496, 15.91496], "rotation": 270, "texture": "#0"},
				"south": {"uv": [0, 0, 15.91496, 15.91496], "texture": "#0"},
				"west": {"uv": [0, 0, 15.91496, 15.91496], "rotation": 90, "texture": "#0"},
				"up": {"uv": [0, 0, 15.91496, 15.91496], "texture": "#0"},
				"down": {"uv": [0, 0, 15.91496, 15.91496], "texture": "#0"}
			}
		},
		{
			"name": "model",
			"from": [7.81114, 5.0806, -0.5],
			"to": [7.8889, 5.275, 1.69026],
			"rotation": {"angle": 22.5, "axis": "z", "origin": [7.85, 5.275, -0.5]},
			"faces": {
				"north": {"uv": [0, 0, 15.91496, 15.91496], "rotation": 180, "texture": "#0"},
				"east": {"uv": [0, 0, 15.91496, 15.91496], "rotation": 270, "texture": "#0"},
				"south": {"uv": [0, 0, 15.91496, 15.91496], "texture": "#0"},
				"west": {"uv": [0, 0, 15.91496, 15.91496], "rotation": 90, "texture": "#0"},
				"up": {"uv": [0, 0, 15.91496, 15.91496], "texture": "#0"},
				"down": {"uv": [0, 0, 15.91496, 15.91496], "texture": "#0"}
			}
		},
		{
			"name": "model",
			"from": [7.6556, 5.23614, -1.4],
			"to": [7.7, 5.3139, 1.69026],
			"rotation": {"angle": 22.5, "axis": "z", "origin": [7.85, 5.275, -0.5]},
			"faces": {
				"north": {"uv": [0, 0, 15.91496, 15.91496], "rotation": 180, "texture": "#0"},
				"east": {"uv": [0, 0, 15.91496, 15.91496], "rotation": 270, "texture": "#0"},
				"south": {"uv": [0, 0, 15.91496, 15.91496], "texture": "#0"},
				"west": {"uv": [0, 0, 15.91496, 15.91496], "rotation": 90, "texture": "#0"},
				"up": {"uv": [0, 0, 15.91496, 15.91496], "texture": "#0"},
				"down": {"uv": [0, 0, 15.91496, 15.91496], "texture": "#0"}
			}
		},
		{
			"name": "model",
			"from": [7.6556, 5.23614, -1.4],
			"to": [7.7056, 5.3139, 1.69026],
			"rotation": {"angle": 45, "axis": "z", "origin": [7.85, 5.275, -0.5]},
			"faces": {
				"north": {"uv": [0, 0, 15.91496, 15.91496], "rotation": 180, "texture": "#0"},
				"east": {"uv": [0, 0, 15.91496, 15.91496], "rotation": 270, "texture": "#0"},
				"south": {"uv": [0, 0, 15.91496, 15.91496], "texture": "#0"},
				"west": {"uv": [0, 0, 15.91496, 15.91496], "rotation": 90, "texture": "#0"},
				"up": {"uv": [0, 0, 15.91496, 15.91496], "texture": "#0"},
				"down": {"uv": [0, 0, 15.91496, 15.91496], "texture": "#0"}
			}
		},
		{
			"name": "model",
			"from": [7.81114, 5.0806, -1.4],
			"to": [7.8889, 5.125, 1.69026],
			"rotation": {"angle": -22.5, "axis": "z", "origin": [7.85, 5.275, -0.5]},
			"faces": {
				"north": {"uv": [0, 0, 15.91496, 15.91496], "rotation": 180, "texture": "#0"},
				"east": {"uv": [0, 0, 15.91496, 15.91496], "rotation": 270, "texture": "#0"},
				"south": {"uv": [0, 0, 15.91496, 15.91496], "texture": "#0"},
				"west": {"uv": [0, 0, 15.91496, 15.91496], "rotation": 90, "texture": "#0"},
				"up": {"uv": [0, 0, 15.91496, 15.91496], "texture": "#0"},
				"down": {"uv": [0, 0, 15.91496, 15.91496], "texture": "#0"}
			}
		},
		{
			"name": "model",
			"from": [7.81114, 5.0806, -1.4],
			"to": [7.8889, 5.125, 1.69026],
			"faces": {
				"north": {"uv": [0, 0, 15.91496, 15.91496], "rotation": 180, "texture": "#0"},
				"east": {"uv": [0, 0, 15.91496, 15.91496], "rotation": 270, "texture": "#0"},
				"south": {"uv": [0, 0, 15.91496, 15.91496], "texture": "#0"},
				"west": {"uv": [0, 0, 15.91496, 15.91496], "rotation": 90, "texture": "#0"},
				"up": {"uv": [0, 0, 15.91496, 15.91496], "texture": "#0"},
				"down": {"uv": [0, 0, 15.91496, 15.91496], "texture": "#0"}
			}
		},
		{
			"name": "model",
			"from": [7.81114, 5.425, -1.4],
			"to": [7.8889, 5.4694, 1.69026],
			"rotation": {"angle": -22.5, "axis": "z", "origin": [7.85, 5.275, -0.5]},
			"faces": {
				"north": {"uv": [0, 0, 15.91496, 15.91496], "texture": "#0"},
				"east": {"uv": [0, 0, 15.91496, 15.91496], "rotation": 90, "texture": "#0"},
				"south": {"uv": [0, 0, 15.91496, 15.91496], "rotation": 180, "texture": "#0"},
				"west": {"uv": [0, 0, 15.91496, 15.91496], "rotation": 270, "texture": "#0"},
				"up": {"uv": [0, 0, 15.91496, 15.91496], "rotation": 180, "texture": "#0"},
				"down": {"uv": [0, 0, 15.91496, 15.91496], "rotation": 180, "texture": "#0"}
			}
		},
		{
			"name": "model",
			"from": [7.81114, 5.275, -0.5],
			"to": [7.8889, 5.4694, 1.69026],
			"rotation": {"angle": -22.5, "axis": "z", "origin": [7.85, 5.275, -0.5]},
			"faces": {
				"north": {"uv": [0, 0, 15.91496, 15.91496], "texture": "#0"},
				"east": {"uv": [0, 0, 15.91496, 15.91496], "rotation": 90, "texture": "#0"},
				"south": {"uv": [0, 0, 15.91496, 15.91496], "rotation": 180, "texture": "#0"},
				"west": {"uv": [0, 0, 15.91496, 15.91496], "rotation": 270, "texture": "#0"},
				"up": {"uv": [0, 0, 15.91496, 15.91496], "rotation": 180, "texture": "#0"},
				"down": {"uv": [0, 0, 15.91496, 15.91496], "rotation": 180, "texture": "#0"}
			}
		},
		{
			"name": "model",
			"from": [7.85, 5.23614, -0.5],
			"to": [8.0444, 5.3139, 1.69026],
			"rotation": {"angle": -22.5, "axis": "z", "origin": [7.85, 5.275, -0.5]},
			"faces": {
				"north": {"uv": [0, 0, 15.91496, 15.91496], "texture": "#0"},
				"east": {"uv": [0, 0, 15.91496, 15.91496], "rotation": 90, "texture": "#0"},
				"south": {"uv": [0, 0, 15.91496, 15.91496], "rotation": 180, "texture": "#0"},
				"west": {"uv": [0, 0, 15.91496, 15.91496], "rotation": 270, "texture": "#0"},
				"up": {"uv": [0, 0, 15.91496, 15.91496], "rotation": 180, "texture": "#0"},
				"down": {"uv": [0, 0, 15.91496, 15.91496], "rotation": 180, "texture": "#0"}
			}
		},
		{
			"name": "model",
			"from": [8, 5.23614, -1.4],
			"to": [8.0444, 5.3139, 1.69026],
			"faces": {
				"north": {"uv": [0, 0, 15.91496, 15.91496], "texture": "#0"},
				"east": {"uv": [0, 0, 15.91496, 15.91496], "rotation": 90, "texture": "#0"},
				"south": {"uv": [0, 0, 15.91496, 15.91496], "rotation": 180, "texture": "#0"},
				"west": {"uv": [0, 0, 15.91496, 15.91496], "rotation": 270, "texture": "#0"},
				"up": {"uv": [0, 0, 15.91496, 15.91496], "rotation": 180, "texture": "#0"},
				"down": {"uv": [0, 0, 15.91496, 15.91496], "rotation": 180, "texture": "#0"}
			}
		},
		{
			"name": "model",
			"from": [8, 5.23614, -1.4],
			"to": [8.0444, 5.3139, 1.69026],
			"rotation": {"angle": 22.5, "axis": "z", "origin": [7.85, 5.275, -0.5]},
			"faces": {
				"north": {"uv": [0, 0, 15.91496, 15.91496], "rotation": 270, "texture": "#0"},
				"east": {"uv": [0, 0, 15.91496, 15.91496], "texture": "#0"},
				"south": {"uv": [0, 0, 15.91496, 15.91496], "rotation": 90, "texture": "#0"},
				"west": {"uv": [0, 0, 15.91496, 15.91496], "rotation": 180, "texture": "#0"},
				"up": {"uv": [0, 0, 15.91496, 15.91496], "rotation": 90, "texture": "#0"},
				"down": {"uv": [0, 0, 15.91496, 15.91496], "rotation": 90, "texture": "#0"}
			}
		},
		{
			"name": "model",
			"from": [8, 5.23614, -1.4],
			"to": [8.0444, 5.3139, 1.69026],
			"rotation": {"angle": 45, "axis": "z", "origin": [7.85, 5.275, -0.5]},
			"faces": {
				"north": {"uv": [0, 0, 15.91496, 15.91496], "rotation": 270, "texture": "#0"},
				"east": {"uv": [0, 0, 15.91496, 15.91496], "texture": "#0"},
				"south": {"uv": [0, 0, 15.91496, 15.91496], "rotation": 90, "texture": "#0"},
				"west": {"uv": [0, 0, 15.91496, 15.91496], "rotation": 180, "texture": "#0"},
				"up": {"uv": [0, 0, 15.91496, 15.91496], "rotation": 90, "texture": "#0"},
				"down": {"uv": [0, 0, 15.91496, 15.91496], "rotation": 90, "texture": "#0"}
			}
		},
		{
			"name": "model",
			"from": [7.85, 5.23614, -0.5],
			"to": [8.0444, 5.3139, 1.69026],
			"rotation": {"angle": 22.5, "axis": "z", "origin": [7.85, 5.275, -0.5]},
			"faces": {
				"north": {"uv": [0, 0, 15.91496, 15.91496], "rotation": 270, "texture": "#0"},
				"east": {"uv": [0, 0, 15.91496, 15.91496], "texture": "#0"},
				"south": {"uv": [0, 0, 15.91496, 15.91496], "rotation": 90, "texture": "#0"},
				"west": {"uv": [0, 0, 15.91496, 15.91496], "rotation": 180, "texture": "#0"},
				"up": {"uv": [0, 0, 15.91496, 15.91496], "rotation": 90, "texture": "#0"},
				"down": {"uv": [0, 0, 15.91496, 15.91496], "rotation": 90, "texture": "#0"}
			}
		},
		{
			"name": "model",
			"from": [7.85, 5.23614, -0.5],
			"to": [8.0444, 5.3139, 1.69026],
			"rotation": {"angle": 22.5, "axis": "z", "origin": [7.85, 5.275, -0.5]},
			"faces": {
				"north": {"uv": [0, 0, 15.91496, 15.91496], "rotation": 270, "texture": "#0"},
				"east": {"uv": [0, 0, 15.91496, 15.91496], "texture": "#0"},
				"south": {"uv": [0, 0, 15.91496, 15.91496], "rotation": 90, "texture": "#0"},
				"west": {"uv": [0, 0, 15.91496, 15.91496], "rotation": 180, "texture": "#0"},
				"up": {"uv": [0, 0, 15.91496, 15.91496], "rotation": 90, "texture": "#0"},
				"down": {"uv": [0, 0, 15.91496, 15.91496], "rotation": 90, "texture": "#0"}
			}
		},
		{
			"name": "model",
			"from": [7.81114, 5.0806, -1.4],
			"to": [7.8889, 5.125, 1.69026],
			"rotation": {"angle": 22.5, "axis": "z", "origin": [7.85, 5.275, -0.5]},
			"faces": {
				"north": {"uv": [0, 0, 15.91496, 15.91496], "rotation": 270, "texture": "#0"},
				"east": {"uv": [0, 0, 15.91496, 15.91496], "texture": "#0"},
				"south": {"uv": [0, 0, 15.91496, 15.91496], "rotation": 90, "texture": "#0"},
				"west": {"uv": [0, 0, 15.91496, 15.91496], "rotation": 180, "texture": "#0"},
				"up": {"uv": [0, 0, 15.91496, 15.91496], "rotation": 90, "texture": "#0"},
				"down": {"uv": [0, 0, 15.91496, 15.91496], "rotation": 90, "texture": "#0"}
			}
		},
		{
			"name": "model",
			"from": [7.81114, 5.0806, -1.4],
			"to": [7.8889, 5.125, 1.69026],
			"rotation": {"angle": 45, "axis": "z", "origin": [7.85, 5.275, -0.5]},
			"faces": {
				"north": {"uv": [0, 0, 15.91496, 15.91496], "rotation": 270, "texture": "#0"},
				"east": {"uv": [0, 0, 15.91496, 15.91496], "texture": "#0"},
				"south": {"uv": [0, 0, 15.91496, 15.91496], "rotation": 90, "texture": "#0"},
				"west": {"uv": [0, 0, 15.91496, 15.91496], "rotation": 180, "texture": "#0"},
				"up": {"uv": [0, 0, 15.91496, 15.91496], "rotation": 90, "texture": "#0"},
				"down": {"uv": [0, 0, 15.91496, 15.91496], "rotation": 90, "texture": "#0"}
			}
		},
		{
			"name": "model",
			"from": [8, 5.23614, -1.4],
			"to": [8.0444, 5.3139, 1.69026],
			"rotation": {"angle": -22.5, "axis": "z", "origin": [7.85, 5.275, -0.5]},
			"faces": {
				"north": {"uv": [0, 0, 15.91496, 15.91496], "rotation": 270, "texture": "#0"},
				"east": {"uv": [0, 0, 15.91496, 15.91496], "texture": "#0"},
				"south": {"uv": [0, 0, 15.91496, 15.91496], "rotation": 90, "texture": "#0"},
				"west": {"uv": [0, 0, 15.91496, 15.91496], "rotation": 180, "texture": "#0"},
				"up": {"uv": [0, 0, 15.91496, 15.91496], "rotation": 90, "texture": "#0"},
				"down": {"uv": [0, 0, 15.91496, 15.91496], "rotation": 90, "texture": "#0"}
			}
		},
		{
			"name": "model",
			"from": [7.58243, 2.23622, 7.24572],
			"to": [8.08243, 4.83622, 7.43322],
			"rotation": {"angle": -22.5, "axis": "x", "origin": [8.08243, 1.73622, 7.24572]},
			"faces": {
				"north": {"uv": [0, 0, 15.91496, 15.91496], "rotation": 90, "texture": "#0"},
				"east": {"uv": [0, 0, 15.91496, 15.91496], "rotation": 180, "texture": "#0"},
				"south": {"uv": [0, 0, 15.91496, 15.91496], "rotation": 270, "texture": "#0"},
				"west": {"uv": [0, 0, 15.91496, 15.91496], "texture": "#0"},
				"up": {"uv": [0, 0, 15.91496, 15.91496], "rotation": 270, "texture": "#0"},
				"down": {"uv": [0, 0, 15.91496, 15.91496], "rotation": 270, "texture": "#0"}
			}
		},
		{
			"name": "model",
			"from": [7.03712, 5.42367, 2.12504],
			"to": [7.48312, 6.21967, 17.52504],
			"rotation": {"angle": 45, "axis": "z", "origin": [7.84962, 6.23617, 2.12504]},
			"faces": {
				"north": {"uv": [0, 0, 15.91496, 15.91496], "rotation": 90, "texture": "#0"},
				"east": {"uv": [0, 0, 15.91496, 15.91496], "rotation": 180, "texture": "#0"},
				"south": {"uv": [0, 0, 15.91496, 15.91496], "rotation": 270, "texture": "#0"},
				"west": {"uv": [0, 0, 15.91496, 15.91496], "texture": "#0"},
				"up": {"uv": [0, 0, 15.91496, 15.91496], "rotation": 270, "texture": "#0"},
				"down": {"uv": [0, 0, 15.91496, 15.91496], "rotation": 270, "texture": "#0"}
			}
		},
		{
			"name": "model",
			"from": [7.60156, 5.16836, 2.12558],
			"to": [8.09756, 5.96436, 17.52558],
			"faces": {
				"north": {"uv": [0, 0, 15.91496, 15.91496], "rotation": 180, "texture": "#0"},
				"east": {"uv": [0, 0, 15.91496, 15.91496], "rotation": 180, "texture": "#0"},
				"south": {"uv": [0, 0, 15.91496, 15.91496], "rotation": 180, "texture": "#0"},
				"west": {"uv": [0, 0, 15.91496, 15.91496], "texture": "#0"},
				"up": {"uv": [0, 0, 15.91496, 15.91496], "rotation": 90, "texture": "#0"},
				"down": {"uv": [0, 0, 15.91496, 15.91496], "rotation": 270, "texture": "#0"}
			}
		},
		{
			"name": "model",
			"from": [7.6, 7.025, 9.8875],
			"to": [7.7, 7.775, 10.7625],
			"rotation": {"angle": 45, "axis": "x", "origin": [7.7, 7.775, 9.8875]},
			"faces": {
				"north": {"uv": [13.19742, 0.09022, 16.00334, 16.00426], "rotation": 90, "texture": "#0"},
				"east": {"uv": [13.19742, 0.09022, 16.00334, 16.00426], "rotation": 180, "texture": "#0"},
				"south": {"uv": [13.19742, 0.09022, 16.00334, 16.00426], "rotation": 270, "texture": "#0"},
				"west": {"uv": [13.19742, 0.09022, 16.00334, 16.00426], "texture": "#0"},
				"up": {"uv": [13.19742, 0.09022, 16.00334, 16.00426], "rotation": 270, "texture": "#0"},
				"down": {"uv": [13.19742, 0.09022, 16.00334, 16.00426], "rotation": 270, "texture": "#0"}
			}
		},
		{
			"name": "model",
			"from": [7.6, 5.34378, 9.63122],
			"to": [7.7, 7.15628, 10.50622],
			"faces": {
				"north": {"uv": [13.19742, 0.09022, 16.00334, 16.00426], "rotation": 90, "texture": "#0"},
				"east": {"uv": [13.19742, 0.09022, 16.00334, 16.00426], "rotation": 180, "texture": "#0"},
				"south": {"uv": [13.19742, 0.09022, 16.00334, 16.00426], "rotation": 270, "texture": "#0"},
				"west": {"uv": [13.19742, 0.09022, 16.00334, 16.00426], "texture": "#0"},
				"up": {"uv": [13.19742, 0.09022, 16.00334, 16.00426], "rotation": 270, "texture": "#0"},
				"down": {"uv": [13.19742, 0.09022, 16.00334, 16.00426], "rotation": 270, "texture": "#0"}
			}
		},
		{
			"name": "model",
			"from": [7.6, 5.4625, 2],
			"to": [7.7, 7.15, 2.8125],
			"faces": {
				"north": {"uv": [0, 0, 2.08327, 15.91404], "rotation": 90, "texture": "#0"},
				"east": {"uv": [0, 0, 2.08327, 15.91404], "rotation": 180, "texture": "#0"},
				"south": {"uv": [0, 0, 2.08327, 15.91404], "rotation": 270, "texture": "#0"},
				"west": {"uv": [0, 0, 2.08327, 15.91404], "texture": "#0"},
				"up": {"uv": [0, 0, 2.08327, 15.91404], "rotation": 270, "texture": "#0"},
				"down": {"uv": [0, 0, 2.08327, 15.91404], "rotation": 270, "texture": "#0"}
			}
		},
		{
			"name": "model",
			"from": [7.6, 6.46877, 2.00629],
			"to": [7.7, 7.15627, 2.88129],
			"rotation": {"angle": -45, "axis": "x", "origin": [7.7, 7.15627, 2.00629]},
			"faces": {
				"north": {"uv": [0, 0, 2.08327, 15.91404], "rotation": 90, "texture": "#0"},
				"east": {"uv": [0, 0, 2.08327, 15.91404], "rotation": 180, "texture": "#0"},
				"south": {"uv": [0, 0, 2.08327, 15.91404], "rotation": 270, "texture": "#0"},
				"west": {"uv": [0, 0, 2.08327, 15.91404], "texture": "#0"},
				"up": {"uv": [0, 0, 2.08327, 15.91404], "rotation": 270, "texture": "#0"},
				"down": {"uv": [0, 0, 2.08327, 15.91404], "rotation": 270, "texture": "#0"}
			}
		},
		{
			"name": "model",
			"from": [7.6, 7.2125, 2.625],
			"to": [7.7, 7.775, 9.8875],
			"faces": {
				"north": {"uv": [0, 0, 15.91496, 15.91496], "rotation": 90, "texture": "#0"},
				"east": {"uv": [0, 0, 15.91496, 15.91496], "rotation": 180, "texture": "#0"},
				"south": {"uv": [0, 0, 15.91496, 15.91496], "rotation": 270, "texture": "#0"},
				"west": {"uv": [0, 0, 15.91496, 15.91496], "texture": "#0"},
				"up": {"uv": [0, 0, 15.91496, 15.91496], "rotation": 270, "texture": "#0"},
				"down": {"uv": [0, 0, 15.91496, 15.91496], "rotation": 270, "texture": "#0"}
			}
		},
		{
			"name": "model",
			"from": [7.6, 7.2125, 2.625],
			"to": [8.1, 7.375, 9.8875],
			"faces": {
				"north": {"uv": [0, 0, 15.91496, 15.91496], "rotation": 90, "texture": "#0"},
				"east": {"uv": [0, 0, 15.91496, 15.91496], "rotation": 180, "texture": "#0"},
				"south": {"uv": [0, 0, 15.91496, 15.91496], "rotation": 270, "texture": "#0"},
				"west": {"uv": [0, 0, 15.91496, 15.91496], "texture": "#0"},
				"up": {"uv": [0, 0, 15.91496, 15.91496], "rotation": 270, "texture": "#0"},
				"down": {"uv": [0, 0, 15.91496, 15.91496], "rotation": 270, "texture": "#0"}
			}
		},
		{
			"name": "model",
			"from": [8, 6.46877, 2.00629],
			"to": [8.1, 7.15627, 2.88129],
			"rotation": {"angle": -45, "axis": "x", "origin": [8.1, 7.15627, 2.00629]},
			"faces": {
				"north": {"uv": [0, 0, 2.08327, 15.91404], "rotation": 90, "texture": "#0"},
				"east": {"uv": [0, 0, 2.08327, 15.91404], "rotation": 180, "texture": "#0"},
				"south": {"uv": [0, 0, 2.08327, 15.91404], "rotation": 270, "texture": "#0"},
				"west": {"uv": [0, 0, 2.08327, 15.91404], "texture": "#0"},
				"up": {"uv": [0, 0, 2.08327, 15.91404], "rotation": 270, "texture": "#0"},
				"down": {"uv": [0, 0, 2.08327, 15.91404], "rotation": 270, "texture": "#0"}
			}
		},
		{
			"name": "model",
			"from": [8, 5.4625, 2],
			"to": [8.1, 7.15, 2.8125],
			"faces": {
				"north": {"uv": [0, 0, 2.08327, 15.91404], "rotation": 90, "texture": "#0"},
				"east": {"uv": [0, 0, 2.08327, 15.91404], "rotation": 180, "texture": "#0"},
				"south": {"uv": [0, 0, 2.08327, 15.91404], "rotation": 270, "texture": "#0"},
				"west": {"uv": [0, 0, 2.08327, 15.91404], "texture": "#0"},
				"up": {"uv": [0, 0, 2.08327, 15.91404], "rotation": 270, "texture": "#0"},
				"down": {"uv": [0, 0, 2.08327, 15.91404], "rotation": 270, "texture": "#0"}
			}
		},
		{
			"name": "model",
			"from": [7.699, 4.00969, -0.93527],
			"to": [7.999, 4.29719, -0.72277],
			"rotation": {"angle": 45, "axis": "x", "origin": [8.999, 1.54719, 4.56473]},
			"faces": {
				"north": {"uv": [0, 0, 2.08327, 15.91404], "rotation": 90, "texture": "#0"},
				"east": {"uv": [0, 0, 2.08327, 15.91404], "rotation": 180, "texture": "#0"},
				"south": {"uv": [0, 0, 2.08327, 15.91404], "rotation": 270, "texture": "#0"},
				"west": {"uv": [0, 0, 2.08327, 15.91404], "texture": "#0"},
				"up": {"uv": [0, 0, 2.08327, 15.91404], "rotation": 270, "texture": "#0"},
				"down": {"uv": [0, 0, 2.08327, 15.91404], "rotation": 270, "texture": "#0"}
			}
		},
		{
			"name": "model",
			"from": [7.69392, 4.00979, 13.23063],
			"to": [7.99392, 4.29729, 13.44313],
			"rotation": {"angle": -45, "axis": "x", "origin": [9.09392, 1.54729, 7.94313]},
			"faces": {
				"north": {"uv": [0, 15.91404, 2.08327, 0], "rotation": 270, "texture": "#0"},
				"east": {"uv": [2.08327, 0, 0, 15.91404], "rotation": 180, "texture": "#0"},
				"south": {"uv": [0, 15.91404, 2.08327, 0], "rotation": 90, "texture": "#0"},
				"west": {"uv": [2.08327, 0, 0, 15.91404], "texture": "#0"},
				"up": {"uv": [2.08327, 0, 0, 15.91404], "rotation": 270, "texture": "#0"},
				"down": {"uv": [2.08327, 0, 0, 15.91404], "rotation": 270, "texture": "#0"}
			}
		},
		{
			"name": "model",
			"from": [7.69372, 5.4901, 9.87824],
			"to": [8.09372, 7.1776, 10.09074],
			"faces": {
				"north": {"uv": [0, 15.91404, 2.08327, 0], "rotation": 270, "texture": "#0"},
				"east": {"uv": [2.08327, 0, 0, 15.91404], "rotation": 180, "texture": "#0"},
				"south": {"uv": [0, 15.91404, 2.08327, 0], "rotation": 90, "texture": "#0"},
				"west": {"uv": [2.08327, 0, 0, 15.91404], "texture": "#0"},
				"up": {"uv": [2.08327, 0, 0, 15.91404], "rotation": 270, "texture": "#0"},
				"down": {"uv": [2.08327, 0, 0, 15.91404], "rotation": 270, "texture": "#0"}
			}
		},
		{
			"name": "model",
			"from": [7.4875, 4.3375, 2.125],
			"to": [8.2125, 5.65, 8.625],
			"faces": {
				"north": {"uv": [0, 0, 10.58022, 15.91404], "rotation": 90, "texture": "#0"},
				"east": {"uv": [0, 0, 10.58022, 15.91404], "rotation": 180, "texture": "#0"},
				"south": {"uv": [0, 0, 10.58022, 15.91404], "rotation": 270, "texture": "#0"},
				"west": {"uv": [0, 0, 10.58022, 15.91404], "texture": "#0"},
				"up": {"uv": [0, 0, 10.58022, 15.91404], "rotation": 270, "texture": "#0"},
				"down": {"uv": [0, 0, 10.58022, 15.91404], "rotation": 270, "texture": "#0"}
			}
		},
		{
			"name": "model",
			"from": [7.48322, 3.70284, 16.32644],
			"to": [8.23322, 5.06534, 17.17644],
			"rotation": {"angle": 45, "axis": "x", "origin": [8.23322, 5.06534, 18.27644]},
			"faces": {
				"north": {"uv": [0, 0, 15.91496, 15.91496], "rotation": 90, "texture": "#0"},
				"east": {"uv": [0, 0, 15.91496, 15.91496], "rotation": 90, "texture": "#0"},
				"south": {"uv": [0, 0, 15.91496, 15.91496], "rotation": 270, "texture": "#0"},
				"west": {"uv": [0, 0, 15.91496, 15.91496], "rotation": 90, "texture": "#0"},
				"up": {"uv": [0, 0, 15.91496, 15.91496], "rotation": 270, "texture": "#0"},
				"down": {"uv": [0, 0, 15.91496, 15.91496], "rotation": 270, "texture": "#0"}
			}
		}
	],
	"display": {
		"thirdperson_righthand": {
			"translation": [-0.75, 3.75, -0.25],
			"scale": [1.18, 1.18, 1.18]
		},
		"thirdperson_lefthand": {
			"translation": [0, 3.75, 0.5]
		},
		"firstperson_righthand": {
			"translation": [-3.5, 7.75, 2.5],
			"scale": [1.25, 1.29, 1.21]
		},
		"firstperson_lefthand": {
			"translation": [-4.25, 6.5, 2.5]
		},
		"ground": {
			"translation": [0, 4.5, 0]
		},
		"gui": {
			"rotation": [43, 51, 0],
			"translation": [0, 2.25, 0],
			"scale": [1.12, 1.15, 1.06]
		},
		"head": {
			"scale": [0, 0, 0]
		},
		"fixed": {
			"rotation": [88, -52, 90],
			"translation": [-3, 4, -1.75],
			"scale": [1.65, 1.62, 1.59]
		}
	}
}