{
	"credit": "Made with Blockbench",
	"textures": {
		"0": "custom/nothingness1/saw",
		"1": "custom/nothingness1/p90_black",
		"2": "custom/nothingness1/flare_gun2",
		"3": "custom/nothingness1/saw_2",
		"particle": "custom/nothingness1/flare_gun2"
	},
	"elements": [
		{
			"name": "haxoregen",
			"from": [6.58815, 0.7708, 10.38334],
			"to": [7.64655, 6.3148, 11.64334],
			"rotation": {"angle": -45, "axis": "y", "origin": [8.62935, 2.9632, 10.03054]},
			"faces": {
				"north": {"uv": [0, 0, 16, 16], "texture": "#2"},
				"east": {"uv": [0, 0, 16, 16], "texture": "#2"},
				"south": {"uv": [0, 0, 16, 16], "texture": "#2"},
				"west": {"uv": [0, 0, 16, 16], "texture": "#2"},
				"up": {"uv": [0, 0, 16, 16], "texture": "#2"},
				"down": {"uv": [0, 0, 16, 16], "texture": "#2"}
			}
		},
		{
			"name": "haxoregen",
			"from": [7.59226, 0.7708, 6.6488],
			"to": [8.85226, 6.3148, 7.7072],
			"rotation": {"angle": -45, "axis": "y", "origin": [7.23946, 2.9632, 5.666]},
			"faces": {
				"north": {"uv": [0, 0, 16, 16], "texture": "#2"},
				"east": {"uv": [0, 0, 16, 16], "texture": "#2"},
				"south": {"uv": [0, 0, 16, 16], "texture": "#2"},
				"west": {"uv": [0, 0, 16, 16], "texture": "#2"},
				"up": {"uv": [0, 0, 16, 16], "rotation": 270, "texture": "#2"},
				"down": {"uv": [0, 0, 16, 16], "rotation": 90, "texture": "#2"}
			}
		},
		{
			"name": "haxoregen",
			"from": [6.04558, 0.7708, 7.35882],
			"to": [7.30558, 6.3148, 9.72762],
			"faces": {
				"north": {"uv": [0, 0, 16, 16], "texture": "#2"},
				"east": {"uv": [0, 0, 16, 16], "texture": "#2"},
				"south": {"uv": [0, 0, 16, 16], "texture": "#2"},
				"west": {"uv": [0, 0, 16, 16], "texture": "#2"},
				"up": {"uv": [0, 0, 16, 16], "rotation": 270, "texture": "#2"},
				"down": {"uv": [0, 0, 16, 16], "rotation": 90, "texture": "#2"}
			}
		},
		{
			"name": "haxoregen",
			"from": [5.59198, 2.7708, 6.98082],
			"to": [7.30558, 5.5556, 10.10562],
			"faces": {
				"north": {"uv": [0, 0, 16, 16], "texture": "#1"},
				"east": {"uv": [0, 0, 16, 16], "texture": "#1"},
				"south": {"uv": [0, 0, 16, 16], "texture": "#1"},
				"west": {"uv": [0, 0, 16, 16], "texture": "#1"},
				"up": {"uv": [0, 0, 16, 16], "rotation": 270, "texture": "#1"},
				"down": {"uv": [0, 0, 16, 16], "rotation": 90, "texture": "#1"}
			}
		},
		{
			"name": "haxoregen",
			"from": [5.70754, 2.7708, 7.05821],
			"to": [6.26194, 5.5556, 7.76381],
			"rotation": {"angle": 45, "axis": "y", "origin": [5.55634, 3.3632, 7.15901]},
			"faces": {
				"north": {"uv": [0, 0, 16, 16], "texture": "#1"},
				"east": {"uv": [0, 0, 16, 16], "texture": "#1"},
				"south": {"uv": [0, 0, 16, 16], "texture": "#1"},
				"west": {"uv": [0, 0, 16, 16], "texture": "#1"},
				"up": {"uv": [0, 0, 16, 16], "texture": "#1"},
				"down": {"uv": [0, 0, 16, 16], "texture": "#1"}
			}
		},
		{
			"name": "haxoregen",
			"from": [5.984, 2.7708, 6.5888],
			"to": [6.8408, 5.5556, 7.2944],
			"faces": {
				"north": {"uv": [0, 0, 16, 16], "texture": "#1"},
				"east": {"uv": [0, 0, 16, 16], "texture": "#1"},
				"south": {"uv": [0, 0, 16, 16], "texture": "#1"},
				"west": {"uv": [0, 0, 16, 16], "texture": "#1"},
				"up": {"uv": [0, 0, 16, 16], "texture": "#1"},
				"down": {"uv": [0, 0, 16, 16], "texture": "#1"}
			}
		},
		{
			"name": "haxoregen",
			"from": [6.74, 1.15014, 6.15586],
			"to": [9.512, 2.41014, 7.28986],
			"faces": {
				"north": {"uv": [0, 0, 16, 16], "rotation": 180, "texture": "#3"},
				"east": {"uv": [0, 0, 16, 16], "rotation": 90, "texture": "#3"},
				"south": {"uv": [0, 0, 16, 16], "texture": "#3"},
				"west": {"uv": [0, 0, 16, 16], "rotation": 270, "texture": "#3"},
				"up": {"uv": [0, 0, 16, 16], "texture": "#3"},
				"down": {"uv": [0, 0, 16, 16], "rotation": 180, "texture": "#3"}
			}
		},
		{
			"name": "haxoregen",
			"from": [7.6472, 1.84418, 6.25101],
			"to": [7.798, 2.97418, 7.56141],
			"rotation": {"angle": -45, "axis": "x", "origin": [8.63, 1.39918, 6.90477]},
			"faces": {
				"north": {"uv": [0, 0, 3.2, 16], "texture": "#1"},
				"east": {"uv": [0, 0, 16, 16], "texture": "#1"},
				"south": {"uv": [0, 0, 3.2, 16], "texture": "#1"},
				"west": {"uv": [0, 0, 16, 16], "texture": "#1"},
				"up": {"uv": [0, 0, 3.2, 16], "texture": "#1"},
				"down": {"uv": [0, 0, 3.2, 16], "texture": "#1"}
			}
		},
		{
			"name": "haxoregen",
			"from": [7.3952, 1.84418, 6.25101],
			"to": [7.546, 2.97418, 7.56141],
			"rotation": {"angle": -45, "axis": "x", "origin": [8.378, 1.39918, 6.90477]},
			"faces": {
				"north": {"uv": [0, 0, 3.2, 16], "texture": "#1"},
				"east": {"uv": [0, 0, 16, 16], "texture": "#1"},
				"south": {"uv": [0, 0, 3.2, 16], "texture": "#1"},
				"west": {"uv": [0, 0, 16, 16], "texture": "#1"},
				"up": {"uv": [0, 0, 3.2, 16], "texture": "#1"},
				"down": {"uv": [0, 0, 3.2, 16], "texture": "#1"}
			}
		},
		{
			"name": "haxoregen",
			"from": [7.1432, 1.84418, 6.25101],
			"to": [7.294, 2.97418, 7.56141],
			"rotation": {"angle": -45, "axis": "x", "origin": [8.126, 1.39918, 6.90477]},
			"faces": {
				"north": {"uv": [0, 0, 3.2, 16], "texture": "#1"},
				"east": {"uv": [0, 0, 16, 16], "texture": "#1"},
				"south": {"uv": [0, 0, 3.2, 16], "texture": "#1"},
				"west": {"uv": [0, 0, 16, 16], "texture": "#1"},
				"up": {"uv": [0, 0, 3.2, 16], "texture": "#1"},
				"down": {"uv": [0, 0, 3.2, 16], "texture": "#1"}
			}
		},
		{
			"name": "haxoregen",
			"from": [10.07656, -4.15519, 8.39866],
			"to": [10.73016, -2.64639, 8.70106],
			"rotation": {"angle": 45, "axis": "z", "origin": [6.01856, -4.99159, 7.98286]},
			"faces": {
				"north": {"uv": [0, 0, 16, 14.4], "rotation": 90, "texture": "#2"},
				"east": {"uv": [0, 0, 16, 9.6], "rotation": 90, "texture": "#2"},
				"south": {"uv": [0, 0, 16, 14.4], "rotation": 90, "texture": "#2"},
				"west": {"uv": [0, 0, 16, 9.6], "rotation": 270, "texture": "#2"},
				"up": {"uv": [0, 0, 14.4, 9.6], "texture": "#2"},
				"down": {"uv": [0, 0, 14.4, 9.6], "rotation": 180, "texture": "#2"}
			}
		},
		{
			"name": "haxoregen",
			"from": [9.52296, -2.84959, 8.14666],
			"to": [10.22696, 2.44241, 8.95306],
			"faces": {
				"north": {"uv": [0, 0, 16, 16], "rotation": 90, "texture": "#1"},
				"east": {"uv": [0, 0, 16, 16], "rotation": 90, "texture": "#1"},
				"south": {"uv": [0, 0, 16, 16], "rotation": 90, "texture": "#1"},
				"west": {"uv": [0, 0, 16, 16], "rotation": 270, "texture": "#1"},
				"up": {"uv": [0, 0, 16, 16], "texture": "#1"},
				"down": {"uv": [0, 0, 16, 16], "rotation": 180, "texture": "#1"}
			}
		},
		{
			"name": "haxoregen",
			"from": [10.15476, -6.08877, 8.14666],
			"to": [10.80996, -5.43517, 8.95306],
			"rotation": {"angle": 45, "axis": "z", "origin": [6.60156, -5.15637, 7.98286]},
			"faces": {
				"north": {"uv": [0, 0, 14.4, 16], "rotation": 90, "texture": "#1"},
				"east": {"uv": [0, 0, 14.4, 16], "rotation": 90, "texture": "#1"},
				"south": {"uv": [0, 0, 14.4, 16], "rotation": 90, "texture": "#1"},
				"west": {"uv": [0, 0, 14.4, 16], "rotation": 270, "texture": "#1"},
				"up": {"uv": [0, 0, 16, 16], "texture": "#1"},
				"down": {"uv": [0, 0, 16, 16], "rotation": 180, "texture": "#1"}
			}
		},
		{
			"name": "haxoregen",
			"from": [8.91656, -3.30319, 8.14666],
			"to": [9.77336, -2.64959, 8.95306],
			"faces": {
				"north": {"uv": [0, 0, 14.4, 16], "rotation": 90, "texture": "#1"},
				"east": {"uv": [0, 0, 14.4, 16], "rotation": 90, "texture": "#1"},
				"south": {"uv": [0, 0, 14.4, 16], "rotation": 90, "texture": "#1"},
				"west": {"uv": [0, 0, 14.4, 16], "rotation": 270, "texture": "#1"},
				"up": {"uv": [0, 0, 16, 16], "texture": "#1"},
				"down": {"uv": [0, 0, 16, 16], "rotation": 180, "texture": "#1"}
			}
		},
		{
			"name": "haxoregen",
			"from": [8.93852, -1.76368, 8.14666],
			"to": [9.59372, -1.11008, 8.95306],
			"rotation": {"angle": -22.5, "axis": "z", "origin": [5.38532, -0.83128, 7.98286]},
			"faces": {
				"north": {"uv": [0, 0, 14.4, 16], "rotation": 90, "texture": "#1"},
				"east": {"uv": [0, 0, 14.4, 16], "rotation": 90, "texture": "#1"},
				"south": {"uv": [0, 0, 14.4, 16], "rotation": 90, "texture": "#1"},
				"west": {"uv": [0, 0, 14.4, 16], "rotation": 270, "texture": "#1"},
				"up": {"uv": [0, 0, 16, 16], "texture": "#1"},
				"down": {"uv": [0, 0, 16, 16], "rotation": 180, "texture": "#1"}
			}
		},
		{
			"name": "haxoregen",
			"from": [5.1488, -3.32236, 8.09626],
			"to": [5.4512, -2.91916, 9.00346],
			"rotation": {"angle": 45, "axis": "z", "origin": [6.2324, 0.63404, 7.98286]},
			"faces": {
				"north": {"uv": [0, 0, 9.6, 12.8], "texture": "#1"},
				"east": {"uv": [0, 0, 12.8, 16], "rotation": 90, "texture": "#1"},
				"south": {"uv": [0, 0, 9.6, 12.8], "rotation": 180, "texture": "#1"},
				"west": {"uv": [0, 0, 12.8, 16], "rotation": 270, "texture": "#1"},
				"up": {"uv": [0, 0, 9.6, 16], "texture": "#1"},
				"down": {"uv": [0, 0, 9.6, 16], "rotation": 180, "texture": "#1"}
			}
		},
		{
			"name": "haxoregen",
			"from": [6.992, -1.64706, 8.27266],
			"to": [7.5968, -0.21066, 8.82706],
			"faces": {
				"north": {"uv": [0, 0, 16, 16], "texture": "#1"},
				"east": {"uv": [0, 0, 16, 16], "rotation": 90, "texture": "#1"},
				"south": {"uv": [0, 0, 16, 16], "rotation": 180, "texture": "#1"},
				"west": {"uv": [0, 0, 16, 16], "rotation": 270, "texture": "#1"},
				"up": {"uv": [0, 0, 16, 16], "texture": "#1"},
				"down": {"uv": [0, 0, 16, 16], "rotation": 180, "texture": "#1"}
			}
		},
		{
			"name": "haxoregen",
			"from": [5.3792, -2.73066, 8.09626],
			"to": [5.6816, 0.29334, 9.00346],
			"rotation": {"angle": 22.5, "axis": "z", "origin": [6.4628, 3.84654, 7.98286]},
			"faces": {
				"north": {"uv": [0, 0, 9.6, 16], "texture": "#1"},
				"east": {"uv": [0, 0, 16, 16], "rotation": 90, "texture": "#1"},
				"south": {"uv": [0, 0, 9.6, 16], "rotation": 180, "texture": "#1"},
				"west": {"uv": [0, 0, 16, 16], "rotation": 270, "texture": "#1"},
				"up": {"uv": [0, 0, 9.6, 16], "texture": "#1"},
				"down": {"uv": [0, 0, 9.6, 16], "rotation": 180, "texture": "#1"}
			}
		},
		{
			"name": "haxoregen",
			"from": [5.5304, -3.23466, 8.14666],
			"to": [6.184, 0.29334, 8.95306],
			"rotation": {"angle": 22.5, "axis": "z", "origin": [6.4628, 3.84654, 7.98286]},
			"faces": {
				"north": {"uv": [0, 0, 14.4, 16], "texture": "#1"},
				"east": {"uv": [0, 0, 16, 16], "rotation": 90, "texture": "#1"},
				"south": {"uv": [0, 0, 14.4, 16], "rotation": 180, "texture": "#1"},
				"west": {"uv": [0, 0, 16, 16], "rotation": 270, "texture": "#1"},
				"up": {"uv": [0, 0, 14.4, 16], "texture": "#1"},
				"down": {"uv": [0, 0, 14.4, 16], "rotation": 180, "texture": "#1"}
			}
		},
		{
			"name": "haxoregen",
			"from": [7.0424, 0.74694, 10.16266],
			"to": [9.008, 2.28414, 10.76746],
			"faces": {
				"north": {"uv": [0, 0, 16, 16], "texture": "#3"},
				"east": {"uv": [0, 0, 16, 16], "rotation": 90, "texture": "#3"},
				"south": {"uv": [0, 0, 16, 16], "rotation": 180, "texture": "#3"},
				"west": {"uv": [0, 0, 16, 16], "rotation": 270, "texture": "#3"},
				"up": {"uv": [0, 0, 16, 16], "texture": "#3"},
				"down": {"uv": [0, 0, 16, 16], "rotation": 180, "texture": "#3"}
			}
		},
		{
			"name": "haxoregen",
			"from": [6.992, 0.09174, 6.58426],
			"to": [9.26, 6.44214, 10.51546],
			"faces": {
				"north": {"uv": [0, 0, 16, 16], "texture": "#3"},
				"east": {"uv": [0, 0, 16, 16], "rotation": 90, "texture": "#3"},
				"south": {"uv": [0, 0, 16, 16], "rotation": 180, "texture": "#3"},
				"west": {"uv": [0, 0, 16, 16], "rotation": 270, "texture": "#3"},
				"up": {"uv": [0, 0, 16, 16], "texture": "#3"},
				"down": {"uv": [0, 0, 16, 16], "rotation": 180, "texture": "#3"}
			}
		},
		{
			"name": "haxoregen",
			"from": [9.2096, 0.74214, 6.71026],
			"to": [10.016, 5.88774, 10.38946],
			"faces": {
				"north": {"uv": [0, 0, 16, 16], "texture": "#1"},
				"east": {"uv": [0, 0, 16, 16], "rotation": 90, "texture": "#1"},
				"south": {"uv": [0, 0, 16, 16], "rotation": 180, "texture": "#1"},
				"west": {"uv": [0, 0, 16, 16], "rotation": 270, "texture": "#1"},
				"up": {"uv": [0, 0, 16, 16], "texture": "#1"},
				"down": {"uv": [0, 0, 16, 16], "rotation": 180, "texture": "#1"}
			}
		},
		{
			"name": "haxoregen",
			"from": [3.44025, 4.63174, 5.03709],
			"to": [4.24505, 5.73654, 10.58109],
			"faces": {
				"north": {"uv": [0, 0, 16, 16], "rotation": 180, "texture": "#1"},
				"east": {"uv": [0, 0, 16, 16], "rotation": 270, "texture": "#1"},
				"south": {"uv": [0, 0, 16, 16], "texture": "#1"},
				"west": {"uv": [0, 0, 16, 16], "rotation": 90, "texture": "#1"},
				"up": {"uv": [0, 0, 16, 16], "rotation": 180, "texture": "#1"},
				"down": {"uv": [0, 0, 16, 16], "texture": "#1"}
			}
		},
		{
			"name": "haxoregen",
			"from": [2.58363, 4.63174, 5.03438],
			"to": [3.38843, 5.73654, 5.53838],
			"rotation": {"angle": -22.5, "axis": "y", "origin": [4.27203, 5.76174, 7.44098]},
			"faces": {
				"north": {"uv": [0, 0, 16, 16], "rotation": 180, "texture": "#1"},
				"east": {"uv": [0, 0, 16, 16], "rotation": 270, "texture": "#1"},
				"south": {"uv": [0, 0, 16, 16], "texture": "#1"},
				"west": {"uv": [0, 0, 16, 16], "rotation": 90, "texture": "#1"},
				"up": {"uv": [0, 0, 16, 16], "rotation": 180, "texture": "#1"},
				"down": {"uv": [0, 0, 16, 16], "texture": "#1"}
			}
		},
		{
			"name": "haxoregen",
			"from": [5.38426, 4.63174, 5.42227],
			"to": [5.88826, 5.73654, 6.22707],
			"rotation": {"angle": 45, "axis": "y", "origin": [3.48166, 5.76174, 7.11067]},
			"faces": {
				"north": {"uv": [0, 0, 16, 16], "rotation": 90, "texture": "#1"},
				"east": {"uv": [0, 0, 16, 16], "rotation": 180, "texture": "#1"},
				"south": {"uv": [0, 0, 16, 16], "rotation": 270, "texture": "#1"},
				"west": {"uv": [0, 0, 16, 16], "texture": "#1"},
				"up": {"uv": [0, 0, 16, 16], "rotation": 270, "texture": "#1"},
				"down": {"uv": [0, 0, 16, 16], "rotation": 270, "texture": "#1"}
			}
		},
		{
			"name": "haxoregen",
			"from": [4.78046, 4.63174, 4.81464],
			"to": [5.28446, 5.73654, 5.61944],
			"rotation": {"angle": 22.5, "axis": "y", "origin": [2.87786, 5.76174, 6.50304]},
			"faces": {
				"north": {"uv": [0, 0, 16, 16], "rotation": 90, "texture": "#1"},
				"east": {"uv": [0, 0, 16, 16], "rotation": 180, "texture": "#1"},
				"south": {"uv": [0, 0, 16, 16], "rotation": 270, "texture": "#1"},
				"west": {"uv": [0, 0, 16, 16], "texture": "#1"},
				"up": {"uv": [0, 0, 16, 16], "rotation": 270, "texture": "#1"},
				"down": {"uv": [0, 0, 16, 16], "rotation": 270, "texture": "#1"}
			}
		},
		{
			"name": "haxoregen",
			"from": [4.45514, 4.63174, 4.0222],
			"to": [9.39434, 5.73654, 4.827],
			"faces": {
				"north": {"uv": [0, 0, 16, 16], "rotation": 90, "texture": "#1"},
				"east": {"uv": [0, 0, 16, 16], "rotation": 180, "texture": "#1"},
				"south": {"uv": [0, 0, 16, 16], "rotation": 270, "texture": "#1"},
				"west": {"uv": [0, 0, 16, 16], "texture": "#1"},
				"up": {"uv": [0, 0, 16, 16], "rotation": 270, "texture": "#1"},
				"down": {"uv": [0, 0, 16, 16], "rotation": 270, "texture": "#1"}
			}
		},
		{
			"name": "haxoregen",
			"from": [8.5584, 4.63174, 5.43381],
			"to": [9.3632, 5.73654, 7.09701],
			"rotation": {"angle": 45, "axis": "y", "origin": [7.6748, 5.76174, 4.69041]},
			"faces": {
				"north": {"uv": [0, 0, 16, 16], "texture": "#1"},
				"east": {"uv": [0, 0, 16, 16], "rotation": 90, "texture": "#1"},
				"south": {"uv": [0, 0, 16, 16], "rotation": 180, "texture": "#1"},
				"west": {"uv": [0, 0, 16, 16], "rotation": 270, "texture": "#1"},
				"up": {"uv": [0, 0, 16, 16], "texture": "#1"},
				"down": {"uv": [0, 0, 16, 16], "rotation": 180, "texture": "#1"}
			}
		},
		{
			"name": "haxoregen",
			"from": [8.83563, 4.63174, 7.98101],
			"to": [9.44043, 5.73654, 9.49301],
			"rotation": {"angle": -22.5, "axis": "y", "origin": [7.75203, 5.76174, 11.26961]},
			"faces": {
				"north": {"uv": [0, 0, 16, 16], "texture": "#1"},
				"east": {"uv": [0, 0, 16, 16], "rotation": 90, "texture": "#1"},
				"south": {"uv": [0, 0, 16, 16], "rotation": 180, "texture": "#1"},
				"west": {"uv": [0, 0, 16, 16], "rotation": 270, "texture": "#1"},
				"up": {"uv": [0, 0, 16, 16], "texture": "#1"},
				"down": {"uv": [0, 0, 16, 16], "rotation": 180, "texture": "#1"}
			}
		},
		{
			"name": "haxoregen",
			"from": [9.7656, 4.63174, 5.19826],
			"to": [10.5704, 5.73654, 8.87746],
			"faces": {
				"north": {"uv": [0, 0, 16, 16], "texture": "#1"},
				"east": {"uv": [0, 0, 16, 16], "rotation": 90, "texture": "#1"},
				"south": {"uv": [0, 0, 16, 16], "rotation": 180, "texture": "#1"},
				"west": {"uv": [0, 0, 16, 16], "rotation": 270, "texture": "#1"},
				"up": {"uv": [0, 0, 16, 16], "texture": "#1"},
				"down": {"uv": [0, 0, 16, 16], "rotation": 180, "texture": "#1"}
			}
		},
		{
			"name": "haxoregen",
			"from": [7.76338, 6.06472, 6.58426],
			"to": [9.52738, 7.22392, 10.51546],
			"faces": {
				"north": {"uv": [0, 0, 16, 16], "rotation": 270, "texture": "#3"},
				"east": {"uv": [0, 0, 16, 16], "rotation": 90, "texture": "#3"},
				"south": {"uv": [0, 0, 16, 16], "rotation": 270, "texture": "#3"},
				"west": {"uv": [0, 0, 16, 16], "rotation": 270, "texture": "#3"},
				"up": {"uv": [0, 0, 16, 16], "texture": "#3"},
				"down": {"uv": [0, 0, 16, 16], "rotation": 180, "texture": "#3"}
			}
		},
		{
			"name": "haxoregen",
			"from": [8.77138, 6.06472, 6.58426],
			"to": [9.52738, 8.28232, 10.51546],
			"faces": {
				"north": {"uv": [0, 0, 16, 16], "rotation": 270, "texture": "#3"},
				"east": {"uv": [0, 0, 16, 16], "rotation": 90, "texture": "#3"},
				"south": {"uv": [0, 0, 16, 16], "rotation": 270, "texture": "#3"},
				"west": {"uv": [0, 0, 16, 16], "rotation": 270, "texture": "#3"},
				"up": {"uv": [0, 0, 16, 16], "texture": "#3"},
				"down": {"uv": [0, 0, 16, 16], "rotation": 180, "texture": "#3"}
			}
		},
		{
			"name": "haxoregen",
			"from": [9.5593, 3.93495, 6.58426],
			"to": [10.3153, 6.80775, 10.51546],
			"rotation": {"angle": -45, "axis": "z", "origin": [10.9453, 8.49615, 7.98286]},
			"faces": {
				"north": {"uv": [0, 0, 16, 16], "texture": "#3"},
				"east": {"uv": [0, 0, 16, 16], "rotation": 90, "texture": "#3"},
				"south": {"uv": [0, 0, 16, 16], "rotation": 180, "texture": "#3"},
				"west": {"uv": [0, 0, 16, 16], "rotation": 270, "texture": "#3"},
				"up": {"uv": [0, 0, 16, 16], "texture": "#3"},
				"down": {"uv": [0, 0, 16, 16], "rotation": 180, "texture": "#3"}
			}
		},
		{
			"name": "haxoregen",
			"from": [6.74, 1.20054, 6.58426],
			"to": [9.512, 6.25094, 10.51546],
			"faces": {
				"north": {"uv": [0, 0, 16, 16], "texture": "#3"},
				"east": {"uv": [0, 0, 16, 16], "rotation": 90, "texture": "#3"},
				"south": {"uv": [0, 0, 16, 16], "rotation": 180, "texture": "#3"},
				"west": {"uv": [0, 0, 16, 16], "rotation": 270, "texture": "#3"},
				"up": {"uv": [0, 0, 16, 16], "texture": "#3"},
				"down": {"uv": [0, 0, 16, 16], "rotation": 180, "texture": "#3"}
			}
		},
		{
			"name": "haxoregen",
			"from": [5.70754, 2.7708, 9.32621],
			"to": [6.26194, 5.5556, 10.03181],
			"rotation": {"angle": -45, "axis": "y", "origin": [5.55634, 3.3632, 9.93101]},
			"faces": {
				"north": {"uv": [0, 0, 16, 16], "rotation": 180, "texture": "#1"},
				"east": {"uv": [0, 0, 16, 16], "rotation": 180, "texture": "#1"},
				"south": {"uv": [0, 0, 16, 16], "rotation": 180, "texture": "#1"},
				"west": {"uv": [0, 0, 16, 16], "rotation": 180, "texture": "#1"},
				"up": {"uv": [0, 0, 16, 16], "texture": "#1"},
				"down": {"uv": [0, 0, 16, 16], "texture": "#1"}
			}
		},
		{
			"name": "haxoregen",
			"from": [5.984, 2.7708, 9.79562],
			"to": [6.8408, 5.5556, 10.50122],
			"faces": {
				"north": {"uv": [0, 0, 16, 16], "rotation": 180, "texture": "#1"},
				"east": {"uv": [0, 0, 16, 16], "rotation": 180, "texture": "#1"},
				"south": {"uv": [0, 0, 16, 16], "rotation": 180, "texture": "#1"},
				"west": {"uv": [0, 0, 16, 16], "rotation": 180, "texture": "#1"},
				"up": {"uv": [0, 0, 16, 16], "texture": "#1"},
				"down": {"uv": [0, 0, 16, 16], "texture": "#1"}
			}
		},
		{
			"name": "haxoregen",
			"from": [9.44351, 2.26196, 9.95814],
			"to": [10.32551, 7.40276, 10.85022],
			"rotation": {"angle": -45, "axis": "y", "origin": [9.19655, 5.05664, 9.42138]},
			"faces": {
				"north": {"uv": [0, 0, 16, 16], "texture": "#3"},
				"east": {"uv": [0, 0, 16, 16], "texture": "#3"},
				"south": {"uv": [0, 0, 16, 16], "texture": "#3"},
				"west": {"uv": [0, 0, 16, 16], "texture": "#3"},
				"up": {"uv": [0, 0, 16, 16], "rotation": 270, "texture": "#3"},
				"down": {"uv": [0, 0, 16, 16], "rotation": 90, "texture": "#3"}
			}
		},
		{
			"name": "haxoregen",
			"from": [7.32634, 7.00196, 10.70082],
			"to": [8.9845, 16.78676, 10.92762],
			"faces": {
				"north": {"uv": [0, 0, 16, 16], "texture": "#2"},
				"east": {"uv": [0, 0, 5.04, 16], "texture": "#2"},
				"south": {"uv": [0, 0, 16, 16], "texture": "#2"},
				"west": {"uv": [0, 0, 5.04, 16], "texture": "#2"},
				"up": {"uv": [0, 0, 16, 5.04], "rotation": 180, "texture": "#2"},
				"down": {"uv": [0, 0, 16, 5.04], "rotation": 180, "texture": "#2"}
			}
		},
		{
			"name": "haxoregen",
			"from": [7.32634, 2.26196, 10.34802],
			"to": [8.9845, 7.40276, 11.23002],
			"faces": {
				"north": {"uv": [0, 0, 16, 16], "texture": "#3"},
				"east": {"uv": [0, 0, 16, 16], "texture": "#3"},
				"south": {"uv": [0, 0, 16, 16], "texture": "#3"},
				"west": {"uv": [0, 0, 16, 16], "texture": "#3"},
				"up": {"uv": [0, 0, 16, 16], "rotation": 180, "texture": "#3"},
				"down": {"uv": [0, 0, 16, 16], "rotation": 180, "texture": "#3"}
			}
		},
		{
			"name": "haxoregen",
			"from": [6.62773, 2.26196, 9.26534],
			"to": [7.57021, 7.40276, 10.14734],
			"rotation": {"angle": -45, "axis": "y", "origin": [6.14137, 5.05664, 10.3943]},
			"faces": {
				"north": {"uv": [0, 0, 16, 16], "texture": "#3"},
				"east": {"uv": [0, 0, 16, 16], "texture": "#3"},
				"south": {"uv": [0, 0, 16, 16], "texture": "#3"},
				"west": {"uv": [0, 0, 16, 16], "texture": "#3"},
				"up": {"uv": [0, 0, 16, 16], "rotation": 180, "texture": "#3"},
				"down": {"uv": [0, 0, 16, 16], "rotation": 180, "texture": "#3"}
			}
		},
		{
			"name": "haxoregen",
			"from": [7.33814, 16.46624, 10.7216],
			"to": [8.31356, 16.79138, 10.9232],
			"rotation": {"angle": -22.5, "axis": "z", "origin": [8.15099, 16.62881, 10.8224]},
			"faces": {
				"north": {"uv": [0, 0, 16, 7.22534], "rotation": 180, "texture": "#2"},
				"east": {"uv": [0, 0, 4.48, 7.22534], "rotation": 180, "texture": "#2"},
				"south": {"uv": [0, 0, 16, 7.22534], "rotation": 180, "texture": "#2"},
				"west": {"uv": [0, 0, 4.48, 7.22534], "rotation": 180, "texture": "#2"},
				"up": {"uv": [0, 0, 16, 4.48], "rotation": 180, "texture": "#2"},
				"down": {"uv": [0, 0, 16, 4.48], "rotation": 180, "texture": "#2"}
			}
		},
		{
			"name": "haxoregen",
			"from": [7.98842, 16.46624, 10.7216],
			"to": [8.31356, 17.44166, 10.9232],
			"rotation": {"angle": 45, "axis": "z", "origin": [8.15099, 16.62881, 10.8224]},
			"faces": {
				"north": {"uv": [0, 0, 16, 7.22534], "rotation": 90, "texture": "#2"},
				"east": {"uv": [0, 0, 16, 4.48], "rotation": 270, "texture": "#2"},
				"south": {"uv": [0, 0, 16, 7.22534], "rotation": 270, "texture": "#2"},
				"west": {"uv": [0, 0, 16, 4.48], "rotation": 270, "texture": "#2"},
				"up": {"uv": [0, 0, 4.48, 7.22534], "rotation": 270, "texture": "#2"},
				"down": {"uv": [0, 0, 4.48, 7.22534], "rotation": 270, "texture": "#2"}
			}
		},
		{
			"name": "haxoregen",
			"from": [7.98842, 16.46624, 10.7216],
			"to": [8.31356, 17.44166, 10.9232],
			"rotation": {"angle": 22.5, "axis": "z", "origin": [8.15099, 16.62881, 10.8224]},
			"faces": {
				"north": {"uv": [0, 0, 16, 7.22534], "rotation": 90, "texture": "#2"},
				"east": {"uv": [0, 0, 16, 4.48], "rotation": 270, "texture": "#2"},
				"south": {"uv": [0, 0, 16, 7.22534], "rotation": 270, "texture": "#2"},
				"west": {"uv": [0, 0, 16, 4.48], "rotation": 270, "texture": "#2"},
				"up": {"uv": [0, 0, 4.48, 7.22534], "rotation": 270, "texture": "#2"},
				"down": {"uv": [0, 0, 4.48, 7.22534], "rotation": 270, "texture": "#2"}
			}
		},
		{
			"name": "haxoregen",
			"from": [7.98842, 16.46624, 10.7216],
			"to": [8.31356, 17.44166, 10.9232],
			"faces": {
				"north": {"uv": [0, 0, 16, 7.22534], "rotation": 90, "texture": "#2"},
				"east": {"uv": [0, 0, 16, 4.48], "rotation": 270, "texture": "#2"},
				"south": {"uv": [0, 0, 16, 7.22534], "rotation": 270, "texture": "#2"},
				"west": {"uv": [0, 0, 16, 4.48], "rotation": 270, "texture": "#2"},
				"up": {"uv": [0, 0, 4.48, 7.22534], "rotation": 270, "texture": "#2"},
				"down": {"uv": [0, 0, 4.48, 7.22534], "rotation": 270, "texture": "#2"}
			}
		},
		{
			"name": "haxoregen",
			"from": [7.98842, 16.46624, 10.7216],
			"to": [8.31356, 17.44166, 10.9232],
			"rotation": {"angle": -22.5, "axis": "z", "origin": [8.15099, 16.62881, 10.8224]},
			"faces": {
				"north": {"uv": [0, 0, 16, 7.22534], "rotation": 90, "texture": "#2"},
				"east": {"uv": [0, 0, 16, 4.48], "rotation": 270, "texture": "#2"},
				"south": {"uv": [0, 0, 16, 7.22534], "rotation": 270, "texture": "#2"},
				"west": {"uv": [0, 0, 16, 4.48], "rotation": 270, "texture": "#2"},
				"up": {"uv": [0, 0, 4.48, 7.22534], "rotation": 270, "texture": "#2"},
				"down": {"uv": [0, 0, 4.48, 7.22534], "rotation": 270, "texture": "#2"}
			}
		},
		{
			"name": "haxoregen",
			"from": [7.98842, 16.46624, 10.7216],
			"to": [8.96384, 16.79138, 10.9232],
			"rotation": {"angle": 45, "axis": "z", "origin": [8.15099, 16.62881, 10.8224]},
			"faces": {
				"north": {"uv": [0, 0, 16, 7.22534], "texture": "#2"},
				"east": {"uv": [0, 0, 4.48, 7.22534], "texture": "#2"},
				"south": {"uv": [0, 0, 16, 7.22534], "texture": "#2"},
				"west": {"uv": [0, 0, 4.48, 7.22534], "texture": "#2"},
				"up": {"uv": [0, 0, 16, 4.48], "texture": "#2"},
				"down": {"uv": [0, 0, 16, 4.48], "texture": "#2"}
			}
		},
		{
			"name": "haxoregen",
			"from": [7.98842, 16.46624, 10.7216],
			"to": [8.96384, 16.79138, 10.9232],
			"rotation": {"angle": 22.5, "axis": "z", "origin": [8.15099, 16.62881, 10.8224]},
			"faces": {
				"north": {"uv": [0, 0, 16, 7.22534], "texture": "#2"},
				"east": {"uv": [0, 0, 4.48, 7.22534], "texture": "#2"},
				"south": {"uv": [0, 0, 16, 7.22534], "texture": "#2"},
				"west": {"uv": [0, 0, 4.48, 7.22534], "texture": "#2"},
				"up": {"uv": [0, 0, 16, 4.48], "texture": "#2"},
				"down": {"uv": [0, 0, 16, 4.48], "texture": "#2"}
			}
		},
		{
			"name": "haxoregen",
			"from": [4.32038, 4.63174, 9.58397],
			"to": [6.08438, 5.73654, 10.38877],
			"rotation": {"angle": 45, "axis": "y", "origin": [6.72698, 5.76174, 8.70037]},
			"faces": {
				"north": {"uv": [0, 0, 16, 16], "rotation": 270, "texture": "#1"},
				"east": {"uv": [0, 0, 16, 16], "texture": "#1"},
				"south": {"uv": [0, 0, 16, 16], "rotation": 90, "texture": "#1"},
				"west": {"uv": [0, 0, 16, 16], "rotation": 180, "texture": "#1"},
				"up": {"uv": [0, 0, 16, 16], "rotation": 90, "texture": "#1"},
				"down": {"uv": [0, 0, 16, 16], "rotation": 90, "texture": "#1"}
			}
		},
		{
			"name": "haxoregen",
			"from": [4.45514, 4.63174, 10.79118],
			"to": [6.21914, 5.73654, 11.59598],
			"faces": {
				"north": {"uv": [0, 0, 16, 16], "rotation": 270, "texture": "#1"},
				"east": {"uv": [0, 0, 16, 16], "texture": "#1"},
				"south": {"uv": [0, 0, 16, 16], "rotation": 90, "texture": "#1"},
				"west": {"uv": [0, 0, 16, 16], "rotation": 180, "texture": "#1"},
				"up": {"uv": [0, 0, 16, 16], "rotation": 90, "texture": "#1"},
				"down": {"uv": [0, 0, 16, 16], "rotation": 90, "texture": "#1"}
			}
		},
		{
			"name": "haxoregen",
			"from": [4.45244, 4.63174, 11.6478],
			"to": [4.95644, 5.73654, 12.4526],
			"rotation": {"angle": -22.5, "axis": "y", "origin": [6.85904, 5.76174, 10.7642]},
			"faces": {
				"north": {"uv": [0, 0, 16, 16], "rotation": 270, "texture": "#1"},
				"east": {"uv": [0, 0, 16, 16], "texture": "#1"},
				"south": {"uv": [0, 0, 16, 16], "rotation": 90, "texture": "#1"},
				"west": {"uv": [0, 0, 16, 16], "rotation": 180, "texture": "#1"},
				"up": {"uv": [0, 0, 16, 16], "rotation": 90, "texture": "#1"},
				"down": {"uv": [0, 0, 16, 16], "rotation": 90, "texture": "#1"}
			}
		},
		{
			"name": "haxoregen",
			"from": [4.84032, 4.63174, 9.14797],
			"to": [5.64512, 5.73654, 9.65197],
			"rotation": {"angle": 45, "axis": "y", "origin": [6.52872, 5.76174, 11.55457]},
			"faces": {
				"north": {"uv": [0, 0, 16, 16], "rotation": 180, "texture": "#1"},
				"east": {"uv": [0, 0, 16, 16], "rotation": 270, "texture": "#1"},
				"south": {"uv": [0, 0, 16, 16], "texture": "#1"},
				"west": {"uv": [0, 0, 16, 16], "rotation": 90, "texture": "#1"},
				"up": {"uv": [0, 0, 16, 16], "rotation": 180, "texture": "#1"},
				"down": {"uv": [0, 0, 16, 16], "texture": "#1"}
			}
		},
		{
			"name": "haxoregen",
			"from": [4.23269, 4.63174, 9.75177],
			"to": [5.03749, 5.73654, 10.25577],
			"rotation": {"angle": 22.5, "axis": "y", "origin": [5.92109, 5.76174, 12.15837]},
			"faces": {
				"north": {"uv": [0, 0, 16, 16], "rotation": 180, "texture": "#1"},
				"east": {"uv": [0, 0, 16, 16], "rotation": 270, "texture": "#1"},
				"south": {"uv": [0, 0, 16, 16], "texture": "#1"},
				"west": {"uv": [0, 0, 16, 16], "rotation": 90, "texture": "#1"},
				"up": {"uv": [0, 0, 16, 16], "rotation": 180, "texture": "#1"},
				"down": {"uv": [0, 0, 16, 16], "texture": "#1"}
			}
		},
		{
			"name": "haxoregen",
			"from": [8.6552, 1.84418, 6.25101],
			"to": [8.806, 2.97418, 7.56141],
			"rotation": {"angle": -45, "axis": "x", "origin": [9.638, 1.39918, 6.90477]},
			"faces": {
				"north": {"uv": [0, 0, 3.2, 16], "texture": "#1"},
				"east": {"uv": [0, 0, 16, 16], "texture": "#1"},
				"south": {"uv": [0, 0, 3.2, 16], "texture": "#1"},
				"west": {"uv": [0, 0, 16, 16], "texture": "#1"},
				"up": {"uv": [0, 0, 3.2, 16], "texture": "#1"},
				"down": {"uv": [0, 0, 3.2, 16], "texture": "#1"}
			}
		},
		{
			"name": "haxoregen",
			"from": [8.4032, 1.84418, 6.25101],
			"to": [8.554, 2.97418, 7.56141],
			"rotation": {"angle": -45, "axis": "x", "origin": [9.386, 1.39918, 6.90477]},
			"faces": {
				"north": {"uv": [0, 0, 3.2, 16], "texture": "#1"},
				"east": {"uv": [0, 0, 16, 16], "texture": "#1"},
				"south": {"uv": [0, 0, 3.2, 16], "texture": "#1"},
				"west": {"uv": [0, 0, 16, 16], "texture": "#1"},
				"up": {"uv": [0, 0, 3.2, 16], "texture": "#1"},
				"down": {"uv": [0, 0, 3.2, 16], "texture": "#1"}
			}
		},
		{
			"name": "haxoregen",
			"from": [8.1512, 1.84418, 6.25101],
			"to": [8.302, 2.97418, 7.56141],
			"rotation": {"angle": -45, "axis": "x", "origin": [9.134, 1.39918, 6.90477]},
			"faces": {
				"north": {"uv": [0, 0, 3.2, 16], "texture": "#1"},
				"east": {"uv": [0, 0, 16, 16], "texture": "#1"},
				"south": {"uv": [0, 0, 3.2, 16], "texture": "#1"},
				"west": {"uv": [0, 0, 16, 16], "texture": "#1"},
				"up": {"uv": [0, 0, 3.2, 16], "texture": "#1"},
				"down": {"uv": [0, 0, 3.2, 16], "texture": "#1"}
			}
		},
		{
			"name": "haxoregen",
			"from": [7.8992, 1.74418, 6.25101],
			"to": [8, 2.97418, 7.56141],
			"rotation": {"angle": -45, "axis": "x", "origin": [8.882, 1.39918, 6.90477]},
			"faces": {
				"north": {"uv": [0, 0, 3.2, 16], "texture": "#1"},
				"east": {"uv": [0, 0, 16, 16], "texture": "#1"},
				"south": {"uv": [0, 0, 3.2, 16], "texture": "#1"},
				"west": {"uv": [0, 0, 16, 16], "texture": "#1"},
				"up": {"uv": [0, 0, 3.2, 16], "texture": "#1"},
				"down": {"uv": [0, 0, 3.2, 16], "texture": "#1"}
			}
		},
		{
			"name": "haxoregen",
			"from": [7.1432, 2.0506, 5.3288],
			"to": [7.294, 2.9806, 6.6392],
			"faces": {
				"north": {"uv": [0, 0, 3.2, 16], "texture": "#1"},
				"east": {"uv": [0, 0, 16, 16], "texture": "#1"},
				"south": {"uv": [0, 0, 3.2, 16], "texture": "#1"},
				"west": {"uv": [0, 0, 16, 16], "texture": "#1"},
				"up": {"uv": [0, 0, 3.2, 16], "texture": "#1"},
				"down": {"uv": [0, 0, 3.2, 16], "texture": "#1"}
			}
		},
		{
			"name": "haxoregen",
			"from": [7.3952, 2.0506, 5.3288],
			"to": [7.546, 2.9806, 6.6392],
			"faces": {
				"north": {"uv": [0, 0, 3.2, 16], "texture": "#1"},
				"east": {"uv": [0, 0, 16, 16], "texture": "#1"},
				"south": {"uv": [0, 0, 3.2, 16], "texture": "#1"},
				"west": {"uv": [0, 0, 16, 16], "texture": "#1"},
				"up": {"uv": [0, 0, 3.2, 16], "texture": "#1"},
				"down": {"uv": [0, 0, 3.2, 16], "texture": "#1"}
			}
		},
		{
			"name": "haxoregen",
			"from": [7.6472, 2.0506, 5.3288],
			"to": [7.798, 2.9806, 6.6392],
			"faces": {
				"north": {"uv": [0, 0, 3.2, 16], "texture": "#1"},
				"east": {"uv": [0, 0, 16, 16], "texture": "#1"},
				"south": {"uv": [0, 0, 3.2, 16], "texture": "#1"},
				"west": {"uv": [0, 0, 16, 16], "texture": "#1"},
				"up": {"uv": [0, 0, 3.2, 16], "texture": "#1"},
				"down": {"uv": [0, 0, 3.2, 16], "texture": "#1"}
			}
		},
		{
			"name": "haxoregen",
			"from": [7.8992, 2.0506, 5.3288],
			"to": [8.05, 2.9806, 6.6392],
			"faces": {
				"north": {"uv": [0, 0, 3.2, 16], "texture": "#1"},
				"east": {"uv": [0, 0, 16, 16], "texture": "#1"},
				"south": {"uv": [0, 0, 3.2, 16], "texture": "#1"},
				"west": {"uv": [0, 0, 16, 16], "texture": "#1"},
				"up": {"uv": [0, 0, 3.2, 16], "texture": "#1"},
				"down": {"uv": [0, 0, 3.2, 16], "texture": "#1"}
			}
		},
		{
			"name": "haxoregen",
			"from": [8.1512, 2.0506, 5.3288],
			"to": [8.302, 2.9806, 6.6392],
			"faces": {
				"north": {"uv": [0, 0, 3.2, 16], "texture": "#1"},
				"east": {"uv": [0, 0, 16, 16], "texture": "#1"},
				"south": {"uv": [0, 0, 3.2, 16], "texture": "#1"},
				"west": {"uv": [0, 0, 16, 16], "texture": "#1"},
				"up": {"uv": [0, 0, 3.2, 16], "texture": "#1"},
				"down": {"uv": [0, 0, 3.2, 16], "texture": "#1"}
			}
		},
		{
			"name": "haxoregen",
			"from": [8.4032, 2.0506, 5.3288],
			"to": [8.554, 2.9806, 6.6392],
			"faces": {
				"north": {"uv": [0, 0, 3.2, 16], "texture": "#1"},
				"east": {"uv": [0, 0, 16, 16], "texture": "#1"},
				"south": {"uv": [0, 0, 3.2, 16], "texture": "#1"},
				"west": {"uv": [0, 0, 16, 16], "texture": "#1"},
				"up": {"uv": [0, 0, 3.2, 16], "texture": "#1"},
				"down": {"uv": [0, 0, 3.2, 16], "texture": "#1"}
			}
		},
		{
			"name": "haxoregen",
			"from": [8.6552, 2.0506, 5.3288],
			"to": [8.806, 2.9806, 6.6392],
			"faces": {
				"north": {"uv": [0, 0, 3.2, 16], "texture": "#1"},
				"east": {"uv": [0, 0, 16, 16], "texture": "#1"},
				"south": {"uv": [0, 0, 3.2, 16], "texture": "#1"},
				"west": {"uv": [0, 0, 16, 16], "texture": "#1"},
				"up": {"uv": [0, 0, 3.2, 16], "texture": "#1"},
				"down": {"uv": [0, 0, 3.2, 16], "texture": "#1"}
			}
		},
		{
			"name": "haxoregen",
			"from": [7.07434, 8.99636, 10.82682],
			"to": [7.3213, 10.86116, 10.82682],
			"faces": {
				"north": {"uv": [0, 12.99955, 15.99979, 15.99888], "rotation": 90, "texture": "#0"},
				"east": {"uv": [0, 0, 0.225, 2.85], "texture": "#0"},
				"south": {"uv": [0, 12.99955, 15.99979, 15.99888], "rotation": 270, "texture": "#0"},
				"west": {"uv": [0, 13.00023, 15.9999, 13.49968], "rotation": 90, "texture": "#0"},
				"up": {"uv": [0, 0, 0.645, 0.225], "rotation": 180, "texture": "#0"},
				"down": {"uv": [0, 0, 0.645, 0.225], "rotation": 180, "texture": "#0"}
			}
		},
		{
			"name": "haxoregen",
			"from": [7.07434, 7.13156, 10.82682],
			"to": [7.3213, 8.99636, 10.82682],
			"faces": {
				"north": {"uv": [0, 12.99955, 15.99979, 15.99888], "rotation": 90, "texture": "#0"},
				"east": {"uv": [0, 0, 0.225, 2.85], "texture": "#0"},
				"south": {"uv": [0, 12.99955, 15.99979, 15.99888], "rotation": 270, "texture": "#0"},
				"west": {"uv": [0, 13.00023, 15.9999, 13.49968], "rotation": 90, "texture": "#0"},
				"up": {"uv": [0, 0, 0.645, 0.225], "rotation": 180, "texture": "#0"},
				"down": {"uv": [0, 0, 0.645, 0.225], "rotation": 180, "texture": "#0"}
			}
		},
		{
			"name": "haxoregen",
			"from": [7.25726, 17.02124, 10.8224],
			"to": [7.50422, 17.37404, 10.8224],
			"rotation": {"angle": 22.5, "axis": "z", "origin": [8.6861, 21.20336, 11.47256]},
			"faces": {
				"north": {"uv": [3.99975, 12.99993, 7.9995, 15.9996], "rotation": 270, "texture": "#0"},
				"east": {"uv": [0, 13.00023, 0.245, 13.00023], "rotation": 270, "texture": "#0"},
				"south": {"uv": [0, 12.99993, 3.99975, 15.9996], "rotation": 90, "texture": "#0"},
				"west": {"uv": [0, 0, 0, 0.245], "rotation": 180, "texture": "#0"},
				"up": {"uv": [0, 0, 0.1715, 0], "texture": "#0"},
				"down": {"uv": [0, 0, 0.1715, 0], "texture": "#0"}
			}
		},
		{
			"name": "haxoregen",
			"from": [5.46736, 16.87685, 10.8224],
			"to": [5.71432, 17.22965, 10.8224],
			"rotation": {"angle": 45, "axis": "z", "origin": [6.8962, 21.05897, 11.47256]},
			"faces": {
				"north": {"uv": [0, 12.99993, 3.99975, 15.9996], "rotation": 270, "texture": "#0"},
				"east": {"uv": [0, 13.00023, 0.245, 13.00023], "rotation": 270, "texture": "#0"},
				"south": {"uv": [3.99975, 12.99993, 7.9995, 15.9996], "rotation": 90, "texture": "#0"},
				"west": {"uv": [0, 0, 0, 0.245], "rotation": 180, "texture": "#0"},
				"up": {"uv": [0, 0, 0.1715, 0], "texture": "#0"},
				"down": {"uv": [0, 0, 0.1715, 0], "texture": "#0"}
			}
		},
		{
			"name": "haxoregen",
			"from": [9.1261, 18.81114, 10.8224],
			"to": [9.4789, 19.0581, 10.8224],
			"rotation": {"angle": -22.5, "axis": "z", "origin": [5.29678, 20.23998, 11.47256]},
			"faces": {
				"north": {"uv": [3.99975, 12.99993, 7.9995, 15.9996], "texture": "#0"},
				"east": {"uv": [0, 0, 0.1715, 0], "rotation": 270, "texture": "#0"},
				"south": {"uv": [0, 12.99993, 3.99975, 15.9996], "texture": "#0"},
				"west": {"uv": [0, 0, 0.1715, 0], "rotation": 270, "texture": "#0"},
				"up": {"uv": [0, 13.00023, 0.245, 13.00023], "rotation": 180, "texture": "#0"},
				"down": {"uv": [0, 0, 0, 0.245], "rotation": 90, "texture": "#0"}
			}
		},
		{
			"name": "haxoregen",
			"from": [7.96154, 17.44262, 10.8224],
			"to": [8.31434, 17.68958, 10.8224],
			"faces": {
				"north": {"uv": [0, 12.99993, 3.99975, 15.9996], "texture": "#0"},
				"east": {"uv": [0, 0, 0.1715, 0], "rotation": 270, "texture": "#0"},
				"south": {"uv": [3.99975, 12.99993, 7.9995, 15.9996], "texture": "#0"},
				"west": {"uv": [0, 0, 0.1715, 0], "rotation": 270, "texture": "#0"},
				"up": {"uv": [0, 13.00023, 0.245, 13.00023], "rotation": 180, "texture": "#0"},
				"down": {"uv": [0, 0, 0, 0.245], "rotation": 90, "texture": "#0"}
			}
		},
		{
			"name": "haxoregen",
			"from": [7.40951, 15.73255, 10.8224],
			"to": [7.76231, 15.97951, 10.8224],
			"rotation": {"angle": 22.5, "axis": "z", "origin": [3.58019, 17.16139, 11.47256]},
			"faces": {
				"north": {"uv": [3.99975, 12.99993, 7.9995, 15.9996], "texture": "#0"},
				"east": {"uv": [0, 0, 0.1715, 0], "rotation": 270, "texture": "#0"},
				"south": {"uv": [0, 12.99993, 3.99975, 15.9996], "texture": "#0"},
				"west": {"uv": [0, 0, 0.1715, 0], "rotation": 270, "texture": "#0"},
				"up": {"uv": [0, 13.00023, 0.245, 13.00023], "rotation": 180, "texture": "#0"},
				"down": {"uv": [0, 0, 0, 0.245], "rotation": 90, "texture": "#0"}
			}
		},
		{
			"name": "haxoregen",
			"from": [4.90644, 19.1993, 10.8224],
			"to": [5.1534, 19.5521, 10.8224],
			"rotation": {"angle": -45, "axis": "z", "origin": [3.72456, 15.36998, 11.47256]},
			"faces": {
				"north": {"uv": [0, 12.99993, 3.99975, 15.9996], "rotation": 90, "texture": "#0"},
				"east": {"uv": [0, 0, 0, 0.245], "texture": "#0"},
				"south": {"uv": [3.99975, 12.99993, 7.9995, 15.9996], "rotation": 270, "texture": "#0"},
				"west": {"uv": [0, 13.00023, 0.245, 13.00023], "rotation": 90, "texture": "#0"},
				"up": {"uv": [0, 0, 0.1715, 0], "rotation": 180, "texture": "#0"},
				"down": {"uv": [0, 0, 0.1715, 0], "rotation": 180, "texture": "#0"}
			}
		},
		{
			"name": "haxoregen",
			"from": [5.7238, 17.60466, 10.8224],
			"to": [5.97076, 17.95746, 10.8224],
			"rotation": {"angle": -22.5, "axis": "z", "origin": [4.54192, 13.77534, 11.47256]},
			"faces": {
				"north": {"uv": [3.99975, 12.99993, 7.9995, 15.9996], "rotation": 90, "texture": "#0"},
				"east": {"uv": [0, 0, 0, 0.245], "texture": "#0"},
				"south": {"uv": [0, 12.99993, 3.99975, 15.9996], "rotation": 270, "texture": "#0"},
				"west": {"uv": [0, 13.00023, 0.245, 13.00023], "rotation": 90, "texture": "#0"},
				"up": {"uv": [0, 0, 0.1715, 0], "rotation": 180, "texture": "#0"},
				"down": {"uv": [0, 0, 0.1715, 0], "rotation": 180, "texture": "#0"}
			}
		},
		{
			"name": "haxoregen",
			"from": [8.94634, 16.46996, 10.8224],
			"to": [9.1933, 16.82276, 10.8224],
			"faces": {
				"north": {"uv": [0, 12.99993, 3.99975, 15.9996], "rotation": 270, "texture": "#0"},
				"east": {"uv": [0, 0, 0, 0.245], "texture": "#0"},
				"south": {"uv": [3.99975, 12.99993, 7.9995, 15.9996], "rotation": 90, "texture": "#0"},
				"west": {"uv": [0, 13.00023, 0.245, 13.00023], "rotation": 90, "texture": "#0"},
				"up": {"uv": [0, 0, 0.1715, 0], "rotation": 180, "texture": "#0"},
				"down": {"uv": [0, 0, 0.1715, 0], "rotation": 180, "texture": "#0"}
			}
		},
		{
			"name": "haxoregen",
			"from": [7.07434, 16.46996, 10.8224],
			"to": [7.3213, 16.82276, 10.8224],
			"faces": {
				"north": {"uv": [0, 12.99993, 3.99975, 15.9996], "rotation": 90, "texture": "#0"},
				"east": {"uv": [0, 0, 0, 0.245], "texture": "#0"},
				"south": {"uv": [0, 12.99993, 3.99975, 15.9996], "rotation": 270, "texture": "#0"},
				"west": {"uv": [0, 13.00023, 0.245, 13.00023], "rotation": 90, "texture": "#0"},
				"up": {"uv": [0, 0, 0.1715, 0], "rotation": 180, "texture": "#0"},
				"down": {"uv": [0, 0, 0.1715, 0], "rotation": 180, "texture": "#0"}
			}
		},
		{
			"name": "haxoregen",
			"from": [7.07434, 14.59796, 10.82682],
			"to": [7.3213, 16.46276, 10.82682],
			"faces": {
				"north": {"uv": [0, 12.99955, 15.99979, 15.99888], "rotation": 90, "texture": "#0"},
				"east": {"uv": [0, 0, 0, 1.295], "texture": "#0"},
				"south": {"uv": [0, 12.99955, 15.99979, 15.99888], "rotation": 270, "texture": "#0"},
				"west": {"uv": [0, 13.00023, 1.295, 13.00023], "rotation": 90, "texture": "#0"},
				"up": {"uv": [0, 0, 0.1715, 0], "rotation": 180, "texture": "#0"},
				"down": {"uv": [0, 0, 0.1715, 0], "rotation": 180, "texture": "#0"}
			}
		},
		{
			"name": "haxoregen",
			"from": [7.07434, 12.72596, 10.82682],
			"to": [7.3213, 14.59076, 10.82682],
			"faces": {
				"north": {"uv": [0, 12.99955, 15.99979, 15.99888], "rotation": 90, "texture": "#0"},
				"east": {"uv": [0, 0, 0.225, 2.85], "texture": "#0"},
				"south": {"uv": [0, 12.99955, 15.99979, 15.99888], "rotation": 270, "texture": "#0"},
				"west": {"uv": [0, 13.00023, 15.9999, 13.49968], "rotation": 90, "texture": "#0"},
				"up": {"uv": [0, 0, 0.645, 0.225], "rotation": 180, "texture": "#0"},
				"down": {"uv": [0, 0, 0.645, 0.225], "rotation": 180, "texture": "#0"}
			}
		},
		{
			"name": "haxoregen",
			"from": [7.07434, 10.86116, 10.82682],
			"to": [7.3213, 12.72596, 10.82682],
			"faces": {
				"north": {"uv": [0, 12.99955, 15.99979, 15.99888], "rotation": 90, "texture": "#0"},
				"east": {"uv": [0, 0, 0.225, 2.85], "texture": "#0"},
				"south": {"uv": [0, 12.99955, 15.99979, 15.99888], "rotation": 270, "texture": "#0"},
				"west": {"uv": [0, 13.00023, 15.9999, 13.49968], "rotation": 90, "texture": "#0"},
				"up": {"uv": [0, 0, 0.645, 0.225], "rotation": 180, "texture": "#0"},
				"down": {"uv": [0, 0, 0.645, 0.225], "rotation": 180, "texture": "#0"}
			}
		},
		{
			"name": "haxoregen",
			"from": [8.99962, 14.59796, 10.8224],
			"to": [9.24658, 16.46276, 10.8224],
			"faces": {
				"north": {"uv": [0, 12.99955, 15.99979, 15.99888], "rotation": 270, "texture": "#0"},
				"east": {"uv": [0, 13.00023, 1.295, 13.00023], "rotation": 90, "texture": "#0"},
				"south": {"uv": [0, 12.99955, 15.99979, 15.99888], "rotation": 90, "texture": "#0"},
				"west": {"uv": [0, 0, 0, 1.295], "texture": "#0"},
				"up": {"uv": [0, 0, 0.1715, 0], "texture": "#0"},
				"down": {"uv": [0, 0, 0.1715, 0], "texture": "#0"}
			}
		},
		{
			"name": "haxoregen",
			"from": [8.99962, 12.72596, 10.8224],
			"to": [9.24658, 14.59076, 10.8224],
			"faces": {
				"north": {"uv": [0, 12.99955, 15.99979, 15.99888], "rotation": 270, "texture": "#0"},
				"east": {"uv": [0, 13.00023, 1.295, 13.00023], "rotation": 90, "texture": "#0"},
				"south": {"uv": [0, 12.99955, 15.99979, 15.99888], "rotation": 90, "texture": "#0"},
				"west": {"uv": [0, 0, 0, 1.295], "texture": "#0"},
				"up": {"uv": [0, 0, 0.1715, 0], "texture": "#0"},
				"down": {"uv": [0, 0, 0.1715, 0], "texture": "#0"}
			}
		},
		{
			"name": "haxoregen",
			"from": [8.99962, 10.86116, 10.8224],
			"to": [9.24658, 12.72596, 10.8224],
			"faces": {
				"north": {"uv": [0, 12.99955, 15.99979, 15.99888], "rotation": 270, "texture": "#0"},
				"east": {"uv": [0, 13.00023, 15.9999, 13.49968], "rotation": 90, "texture": "#0"},
				"south": {"uv": [0, 12.99955, 15.99979, 15.99888], "rotation": 90, "texture": "#0"},
				"west": {"uv": [0, 0, 0.225, 2.85], "texture": "#0"},
				"up": {"uv": [0, 0, 0.645, 0.225], "texture": "#0"},
				"down": {"uv": [0, 0, 0.645, 0.225], "texture": "#0"}
			}
		},
		{
			"name": "haxoregen",
			"from": [8.99962, 8.99636, 10.8224],
			"to": [9.24658, 10.86116, 10.8224],
			"faces": {
				"north": {"uv": [0, 12.99955, 15.99979, 15.99888], "rotation": 270, "texture": "#0"},
				"east": {"uv": [0, 13.00023, 15.9999, 13.49968], "rotation": 90, "texture": "#0"},
				"south": {"uv": [0, 12.99955, 15.99979, 15.99888], "rotation": 90, "texture": "#0"},
				"west": {"uv": [0, 0, 0.225, 2.85], "texture": "#0"},
				"up": {"uv": [0, 0, 0.645, 0.225], "texture": "#0"},
				"down": {"uv": [0, 0, 0.645, 0.225], "texture": "#0"}
			}
		},
		{
			"name": "haxoregen",
			"from": [8.99962, 7.13156, 10.8224],
			"to": [9.24658, 8.99636, 10.8224],
			"faces": {
				"north": {"uv": [0, 12.99955, 15.99979, 15.99888], "rotation": 270, "texture": "#0"},
				"east": {"uv": [0, 13.00023, 15.9999, 13.49968], "rotation": 90, "texture": "#0"},
				"south": {"uv": [0, 12.99955, 15.99979, 15.99888], "rotation": 90, "texture": "#0"},
				"west": {"uv": [0, 0, 0.225, 2.85], "texture": "#0"},
				"up": {"uv": [0, 0, 0.645, 0.225], "texture": "#0"},
				"down": {"uv": [0, 0, 0.645, 0.225], "texture": "#0"}
			}
		},
		{
			"name": "haxoregen",
			"from": [7.1432, 3.1926, 5.3288],
			"to": [7.294, 4.8226, 6.6392],
			"faces": {
				"north": {"uv": [0, 0, 3.2, 16], "texture": "#1"},
				"east": {"uv": [0, 0, 16, 16], "texture": "#1"},
				"south": {"uv": [0, 0, 3.2, 16], "texture": "#1"},
				"west": {"uv": [0, 0, 16, 16], "texture": "#1"},
				"up": {"uv": [0, 0, 3.2, 16], "texture": "#1"},
				"down": {"uv": [0, 0, 3.2, 16], "texture": "#1"}
			}
		},
		{
			"name": "haxoregen",
			"from": [7.3952, 3.1926, 5.3288],
			"to": [7.546, 4.8226, 6.6392],
			"faces": {
				"north": {"uv": [0, 0, 3.2, 16], "texture": "#1"},
				"east": {"uv": [0, 0, 16, 16], "texture": "#1"},
				"south": {"uv": [0, 0, 3.2, 16], "texture": "#1"},
				"west": {"uv": [0, 0, 16, 16], "texture": "#1"},
				"up": {"uv": [0, 0, 3.2, 16], "texture": "#1"},
				"down": {"uv": [0, 0, 3.2, 16], "texture": "#1"}
			}
		},
		{
			"name": "haxoregen",
			"from": [7.6472, 3.1926, 5.3288],
			"to": [7.798, 4.8226, 6.6392],
			"faces": {
				"north": {"uv": [0, 0, 3.2, 16], "texture": "#1"},
				"east": {"uv": [0, 0, 16, 16], "texture": "#1"},
				"south": {"uv": [0, 0, 3.2, 16], "texture": "#1"},
				"west": {"uv": [0, 0, 16, 16], "texture": "#1"},
				"up": {"uv": [0, 0, 3.2, 16], "texture": "#1"},
				"down": {"uv": [0, 0, 3.2, 16], "texture": "#1"}
			}
		},
		{
			"name": "haxoregen",
			"from": [7.8992, 3.1926, 5.3288],
			"to": [8.05, 4.8226, 6.6392],
			"faces": {
				"north": {"uv": [0, 0, 3.2, 16], "texture": "#1"},
				"east": {"uv": [0, 0, 16, 16], "texture": "#1"},
				"south": {"uv": [0, 0, 3.2, 16], "texture": "#1"},
				"west": {"uv": [0, 0, 16, 16], "texture": "#1"},
				"up": {"uv": [0, 0, 3.2, 16], "texture": "#1"},
				"down": {"uv": [0, 0, 3.2, 16], "texture": "#1"}
			}
		},
		{
			"name": "haxoregen",
			"from": [8.1512, 3.1926, 5.3288],
			"to": [8.302, 4.8226, 6.6392],
			"faces": {
				"north": {"uv": [0, 0, 3.2, 16], "texture": "#1"},
				"east": {"uv": [0, 0, 16, 16], "texture": "#1"},
				"south": {"uv": [0, 0, 3.2, 16], "texture": "#1"},
				"west": {"uv": [0, 0, 16, 16], "texture": "#1"},
				"up": {"uv": [0, 0, 3.2, 16], "texture": "#1"},
				"down": {"uv": [0, 0, 3.2, 16], "texture": "#1"}
			}
		},
		{
			"name": "haxoregen",
			"from": [8.4032, 3.1926, 5.3288],
			"to": [8.554, 4.8226, 6.6392],
			"faces": {
				"north": {"uv": [0, 0, 3.2, 16], "texture": "#1"},
				"east": {"uv": [0, 0, 16, 16], "texture": "#1"},
				"south": {"uv": [0, 0, 3.2, 16], "texture": "#1"},
				"west": {"uv": [0, 0, 16, 16], "texture": "#1"},
				"up": {"uv": [0, 0, 3.2, 16], "texture": "#1"},
				"down": {"uv": [0, 0, 3.2, 16], "texture": "#1"}
			}
		},
		{
			"name": "haxoregen",
			"from": [8.6552, 3.1926, 5.3288],
			"to": [8.806, 4.8226, 6.6392],
			"faces": {
				"north": {"uv": [0, 0, 3.2, 16], "texture": "#1"},
				"east": {"uv": [0, 0, 16, 16], "texture": "#1"},
				"south": {"uv": [0, 0, 3.2, 16], "texture": "#1"},
				"west": {"uv": [0, 0, 16, 16], "texture": "#1"},
				"up": {"uv": [0, 0, 3.2, 16], "texture": "#1"},
				"down": {"uv": [0, 0, 3.2, 16], "texture": "#1"}
			}
		},
		{
			"name": "haxoregen",
			"from": [8.82536, 4.1296, 5.61716],
			"to": [9.53576, 4.2304, 6.24716],
			"faces": {
				"north": {"uv": [0, 0, 3.2, 16], "rotation": 90, "texture": "#1"},
				"east": {"uv": [0, 0, 3.2, 16], "rotation": 270, "texture": "#1"},
				"south": {"uv": [0, 0, 3.2, 16], "rotation": 90, "texture": "#1"},
				"west": {"uv": [0, 0, 3.2, 16], "rotation": 90, "texture": "#1"},
				"up": {"uv": [0, 0, 16, 16], "rotation": 180, "texture": "#1"},
				"down": {"uv": [0, 0, 16, 16], "texture": "#1"}
			}
		},
		{
			"name": "haxoregen",
			"from": [8.82536, 3.8776, 5.61716],
			"to": [9.53576, 3.9784, 6.24716],
			"faces": {
				"north": {"uv": [0, 0, 3.2, 16], "rotation": 90, "texture": "#1"},
				"east": {"uv": [0, 0, 3.2, 16], "rotation": 270, "texture": "#1"},
				"south": {"uv": [0, 0, 3.2, 16], "rotation": 90, "texture": "#1"},
				"west": {"uv": [0, 0, 3.2, 16], "rotation": 90, "texture": "#1"},
				"up": {"uv": [0, 0, 16, 16], "rotation": 180, "texture": "#1"},
				"down": {"uv": [0, 0, 16, 16], "texture": "#1"}
			}
		},
		{
			"name": "haxoregen",
			"from": [8.82536, 3.6256, 5.61716],
			"to": [9.53576, 3.7264, 6.24716],
			"faces": {
				"north": {"uv": [0, 0, 3.2, 16], "rotation": 90, "texture": "#1"},
				"east": {"uv": [0, 0, 3.2, 16], "rotation": 270, "texture": "#1"},
				"south": {"uv": [0, 0, 3.2, 16], "rotation": 90, "texture": "#1"},
				"west": {"uv": [0, 0, 3.2, 16], "rotation": 90, "texture": "#1"},
				"up": {"uv": [0, 0, 16, 16], "rotation": 180, "texture": "#1"},
				"down": {"uv": [0, 0, 16, 16], "texture": "#1"}
			}
		},
		{
			"name": "haxoregen",
			"from": [8.82536, 3.3736, 5.61716],
			"to": [9.53576, 3.4744, 6.24716],
			"faces": {
				"north": {"uv": [0, 0, 3.2, 16], "rotation": 90, "texture": "#1"},
				"east": {"uv": [0, 0, 3.2, 16], "rotation": 270, "texture": "#1"},
				"south": {"uv": [0, 0, 3.2, 16], "rotation": 90, "texture": "#1"},
				"west": {"uv": [0, 0, 3.2, 16], "rotation": 90, "texture": "#1"},
				"up": {"uv": [0, 0, 16, 16], "rotation": 180, "texture": "#1"},
				"down": {"uv": [0, 0, 16, 16], "texture": "#1"}
			}
		},
		{
			"name": "haxoregen",
			"from": [8.82536, 3.1216, 5.61716],
			"to": [9.53576, 3.2224, 6.24716],
			"faces": {
				"north": {"uv": [0, 0, 3.2, 16], "rotation": 90, "texture": "#1"},
				"east": {"uv": [0, 0, 3.2, 16], "rotation": 270, "texture": "#1"},
				"south": {"uv": [0, 0, 3.2, 16], "rotation": 90, "texture": "#1"},
				"west": {"uv": [0, 0, 3.2, 16], "rotation": 90, "texture": "#1"},
				"up": {"uv": [0, 0, 16, 16], "rotation": 180, "texture": "#1"},
				"down": {"uv": [0, 0, 16, 16], "texture": "#1"}
			}
		},
		{
			"name": "haxoregen",
			"from": [8.82536, 2.8696, 5.61716],
			"to": [9.53576, 2.9704, 6.24716],
			"faces": {
				"north": {"uv": [0, 0, 3.2, 16], "rotation": 90, "texture": "#1"},
				"east": {"uv": [0, 0, 3.2, 16], "rotation": 270, "texture": "#1"},
				"south": {"uv": [0, 0, 3.2, 16], "rotation": 90, "texture": "#1"},
				"west": {"uv": [0, 0, 3.2, 16], "rotation": 90, "texture": "#1"},
				"up": {"uv": [0, 0, 16, 16], "rotation": 180, "texture": "#1"},
				"down": {"uv": [0, 0, 16, 16], "texture": "#1"}
			}
		},
		{
			"name": "haxoregen",
			"from": [8.82536, 2.6176, 5.61716],
			"to": [9.53576, 2.7184, 6.24716],
			"faces": {
				"north": {"uv": [0, 0, 3.2, 16], "rotation": 90, "texture": "#1"},
				"east": {"uv": [0, 0, 3.2, 16], "rotation": 270, "texture": "#1"},
				"south": {"uv": [0, 0, 3.2, 16], "rotation": 90, "texture": "#1"},
				"west": {"uv": [0, 0, 3.2, 16], "rotation": 90, "texture": "#1"},
				"up": {"uv": [0, 0, 16, 16], "rotation": 180, "texture": "#1"},
				"down": {"uv": [0, 0, 16, 16], "texture": "#1"}
			}
		},
		{
			"name": "haxoregen",
			"from": [8.7432, 2.0926, 5.3288],
			"to": [9.1432, 4.8226, 6.6392],
			"faces": {
				"north": {"uv": [0, 0, 3.2, 16], "texture": "#1"},
				"east": {"uv": [0, 0, 16, 16], "texture": "#1"},
				"south": {"uv": [0, 0, 3.2, 16], "texture": "#1"},
				"west": {"uv": [0, 0, 16, 16], "texture": "#1"},
				"up": {"uv": [0, 0, 3.2, 16], "texture": "#1"},
				"down": {"uv": [0, 0, 3.2, 16], "texture": "#1"}
			}
		},
		{
			"name": "haxoregen",
			"from": [6.7432, 4.4926, 5.3288],
			"to": [8.8432, 4.8226, 6.6392],
			"faces": {
				"north": {"uv": [0, 0, 3.2, 16], "texture": "#1"},
				"east": {"uv": [0, 0, 16, 16], "texture": "#1"},
				"south": {"uv": [0, 0, 3.2, 16], "texture": "#1"},
				"west": {"uv": [0, 0, 16, 16], "texture": "#1"},
				"up": {"uv": [0, 0, 3.2, 16], "texture": "#1"},
				"down": {"uv": [0, 0, 3.2, 16], "texture": "#1"}
			}
		},
		{
			"name": "haxoregen",
			"from": [6.7432, 2.0926, 5.3288],
			"to": [7.1432, 4.8226, 6.6392],
			"faces": {
				"north": {"uv": [0, 0, 3.2, 16], "texture": "#1"},
				"east": {"uv": [0, 0, 16, 16], "texture": "#1"},
				"south": {"uv": [0, 0, 3.2, 16], "texture": "#1"},
				"west": {"uv": [0, 0, 16, 16], "texture": "#1"},
				"up": {"uv": [0, 0, 3.2, 16], "texture": "#1"},
				"down": {"uv": [0, 0, 3.2, 16], "texture": "#1"}
			}
		},
		{
			"name": "haxoregen",
			"from": [6.7432, 2.8926, 5.3288],
			"to": [8.8432, 3.2226, 6.6392],
			"faces": {
				"north": {"uv": [0, 0, 3.2, 16], "texture": "#1"},
				"east": {"uv": [0, 0, 16, 16], "texture": "#1"},
				"south": {"uv": [0, 0, 3.2, 16], "texture": "#1"},
				"west": {"uv": [0, 0, 16, 16], "texture": "#1"},
				"up": {"uv": [0, 0, 3.2, 16], "texture": "#1"},
				"down": {"uv": [0, 0, 3.2, 16], "texture": "#1"}
			}
		}
	],
	"display": {
		"thirdperson_righthand": {
			"rotation": [0, 90, 0],
			"translation": [0, 2, -2.25]
		},
		"thirdperson_lefthand": {
			"rotation": [68, -180, 112],
			"translation": [-2, -4, -3.5]
		},
		"firstperson_righthand": {
			"rotation": [-61, 98, 0],
			"translation": [-3.5, 0.25, -4],
			"scale": [1.34, 1, 1]
		},
		"firstperson_lefthand": {
			"rotation": [-23, -79, 8],
			"translation": [5, 5.5, -4]
		},
		"ground": {
			"rotation": [90, -90, 0],
			"translation": [0, 2.5, 0],
			"scale": [0.4, 0.4, 0.4]
		},
		"gui": {
			"rotation": [5, 161, -64],
			"translation": [0.5, -0.25, 0],
			"scale": [0.78, 0.78, 0.8]
		},
		"head": {
			"scale": [0, 0, 0]
		},
		"fixed": {
			"rotation": [-1, -1, -47],
			"translation": [0, -0.25, -4.5]
		}
	},
	"groups": [
		{
			"name": "group",
			"children": [0, 1, 2, 3, 4, 5, 6, 7, 8, 9, 10, 11, 12, 13, 14, 15, 16, 17, 18, 19, 20, 21, 22, 23, 24, 25, 26, 27, 28, 29, 30, 31, 32, 33, 34, 35, 36, 37, 38, 39, 40, 41, 42, 43, 44, 45, 46, 47, 48, 49, 50, 51, 52, 53, 54, 55, 56, 57, 58, 59, 60, 61, 62, 63, 64, 65, 66, 67, 68, 69, 70, 71, 72, 73, 74, 75, 76, 77, 78, 79, 80, 81, 82, 83, 84, 85, 86, 87, 88, 89, 90, 91, 92, 93, 94, 95, 96, 97, 98, 99]
		}
	]
}