{
	"credit": "Made with Blockbench",
	"textures": {
		"0": "custom/nothingness1/gray3",
		"1": "custom/nothingness1/gray2",
		"2": "custom/nothingness1/p90_black",
		"particle": "custom/nothingness1/gray3"
	},
	"elements": [
		{
			"from": [7.55, -3.7, 7.5],
			"to": [8.45, 1, 9.1],
			"faces": {
				"north": {"uv": [0, 0, 0.9, 4.7], "texture": "#1"},
				"east": {"uv": [0, 0, 1.6, 4.7], "texture": "#1"},
				"south": {"uv": [0, 0, 0.9, 4.7], "texture": "#1"},
				"west": {"uv": [0, 0, 1.6, 4.7], "texture": "#1"},
				"up": {"uv": [0.9, 1.6, 0, 0], "texture": "#1"},
				"down": {"uv": [0.9, 1.6, 0, 0], "texture": "#1"}
			}
		},
		{
			"from": [7.45, -3.8, 7.4],
			"to": [8.55, -3.7, 9.2],
			"faces": {
				"north": {"uv": [0, 0, 1.1, 0.1], "texture": "#1"},
				"east": {"uv": [0, 0, 1.8, 0.1], "texture": "#1"},
				"south": {"uv": [0, 0, 1.1, 0.1], "texture": "#1"},
				"west": {"uv": [0, 0, 1.8, 0.1], "texture": "#1"},
				"up": {"uv": [1.1, 1.8, 0, 0], "texture": "#1"},
				"down": {"uv": [1.1, 1.8, 0, 0], "texture": "#1"}
			}
		},
		{
			"from": [7.65, -3.8, 7.4],
			"to": [8.35, 1, 7.5],
			"faces": {
				"north": {"uv": [0, 0, 0.7, 4.8], "texture": "#0"},
				"east": {"uv": [0, 0, 0.1, 4.8], "texture": "#0"},
				"south": {"uv": [0, 0, 0.7, 4.8], "texture": "#0"},
				"west": {"uv": [0, 0, 0.1, 4.8], "texture": "#0"},
				"up": {"uv": [0.7, 0.1, 0, 0], "texture": "#0"},
				"down": {"uv": [0.7, 0.1, 0, 0], "texture": "#0"}
			}
		},
		{
			"from": [7.4, -0.1, 7.35],
			"to": [8.6, 4.6, 9.1],
			"faces": {
				"north": {"uv": [0, 0, 1.2, 4.7], "texture": "#0"},
				"east": {"uv": [0, 0, 1.75, 4.7], "texture": "#0"},
				"south": {"uv": [0, 0, 1.2, 4.7], "texture": "#0"},
				"west": {"uv": [0, 0, 1.75, 4.7], "texture": "#0"},
				"up": {"uv": [1.2, 1.75, 0, 0], "texture": "#0"},
				"down": {"uv": [1.2, 1.75, 0, 0], "texture": "#0"}
			}
		},
		{
			"from": [7.61213, -0.1, 7.13787],
			"to": [8.41213, 4.6, 9.18787],
			"faces": {
				"north": {"uv": [0, 0, 0.8, 4.7], "texture": "#0"},
				"east": {"uv": [0, 0, 2.05, 4.7], "texture": "#0"},
				"south": {"uv": [0, 0, 0.8, 4.7], "texture": "#0"},
				"west": {"uv": [0, 0, 2.05, 4.7], "texture": "#0"},
				"up": {"uv": [0.8, 2.05, 0, 0], "texture": "#0"},
				"down": {"uv": [0.8, 2.05, 0, 0], "texture": "#0"}
			}
		},
		{
			"from": [7.41088, -0.1, 7.32374],
			"to": [8.06088, 4.6, 7.62374],
			"rotation": {"angle": -45, "axis": "y", "origin": [7.73588, 1.95, 7.47374]},
			"faces": {
				"north": {"uv": [0, 0, 0.65, 4.7], "texture": "#0"},
				"east": {"uv": [0, 0, 0.3, 4.7], "texture": "#0"},
				"south": {"uv": [0, 0, 0.65, 4.7], "texture": "#0"},
				"west": {"uv": [0, 0, 0.3, 4.7], "texture": "#0"},
				"up": {"uv": [0.3, 0.65, 0, 0], "rotation": 270, "texture": "#0"},
				"down": {"uv": [0.3, 0.65, 0, 0], "rotation": 90, "texture": "#0"}
			}
		},
		{
			"from": [7.93912, -0.1, 7.32374],
			"to": [8.58912, 4.6, 7.62374],
			"rotation": {"angle": 45, "axis": "y", "origin": [8.26412, 1.95, 7.47374]},
			"faces": {
				"north": {"uv": [0, 0, 0.65, 4.7], "texture": "#0"},
				"east": {"uv": [0, 0, 0.3, 4.7], "texture": "#0"},
				"south": {"uv": [0, 0, 0.65, 4.7], "texture": "#0"},
				"west": {"uv": [0, 0, 0.3, 4.7], "texture": "#0"},
				"up": {"uv": [0.3, 0.65, 0, 0], "rotation": 270, "texture": "#0"},
				"down": {"uv": [0.3, 0.65, 0, 0], "rotation": 90, "texture": "#0"}
			}
		},
		{
			"from": [7.31213, -0.1, 7.53787],
			"to": [8.71213, 4.1, 9.38787],
			"faces": {
				"north": {"uv": [0, 0, 1.4, 4.2], "texture": "#2"},
				"east": {"uv": [0, 0, 1.85, 4.2], "texture": "#2"},
				"south": {"uv": [0, 0, 1.4, 4.2], "texture": "#2"},
				"west": {"uv": [0, 0, 1.85, 4.2], "texture": "#2"},
				"up": {"uv": [1.4, 1.85, 0, 0], "texture": "#2"},
				"down": {"uv": [1.4, 1.85, 0, 0], "texture": "#2"}
			}
		},
		{
			"from": [7.31213, 5.46647, 10.14921],
			"to": [8.71213, 6.01647, 12.14921],
			"rotation": {"angle": 45, "axis": "x", "origin": [8.01213, 6.01647, 4.04921]},
			"faces": {
				"north": {"uv": [0, 0, 1.4, 0.55], "texture": "#2"},
				"east": {"uv": [0, 0, 0.55, 2], "rotation": 90, "texture": "#2"},
				"south": {"uv": [0, 0, 1.4, 0.55], "rotation": 180, "texture": "#2"},
				"west": {"uv": [0, 0, 0.55, 2], "rotation": 270, "texture": "#2"},
				"up": {"uv": [1.4, 2, 0, 0], "rotation": 180, "texture": "#2"},
				"down": {"uv": [1.4, 2, 0, 0], "texture": "#2"}
			}
		},
		{
			"from": [7.31213, 3.34678, 8.50383],
			"to": [8.71213, 3.89678, 10.60383],
			"rotation": {"angle": 22.5, "axis": "x", "origin": [8.01213, 3.89678, 2.50383]},
			"faces": {
				"north": {"uv": [0, 0, 1.4, 0.55], "texture": "#2"},
				"east": {"uv": [0, 0, 0.55, 2.1], "rotation": 90, "texture": "#2"},
				"south": {"uv": [0, 0, 1.4, 0.55], "rotation": 180, "texture": "#2"},
				"west": {"uv": [0, 0, 0.55, 2.1], "rotation": 270, "texture": "#2"},
				"up": {"uv": [1.4, 2.1, 0, 0], "rotation": 180, "texture": "#2"},
				"down": {"uv": [1.4, 2.1, 0, 0], "texture": "#2"}
			}
		},
		{
			"from": [7.31213, 0.79704, 8.08725],
			"to": [8.71213, 1.54704, 9.98725],
			"faces": {
				"north": {"uv": [0, 0, 1.4, 0.75], "texture": "#2"},
				"east": {"uv": [0, 0, 0.75, 1.9], "rotation": 90, "texture": "#2"},
				"south": {"uv": [0, 0, 1.4, 0.75], "rotation": 180, "texture": "#2"},
				"west": {"uv": [0, 0, 0.75, 1.9], "rotation": 270, "texture": "#2"},
				"up": {"uv": [1.4, 1.9, 0, 0], "rotation": 180, "texture": "#2"},
				"down": {"uv": [1.4, 1.9, 0, 0], "texture": "#2"}
			}
		},
		{
			"from": [7.31213, -1.59456, 8.59335],
			"to": [8.71213, -0.24456, 10.39335],
			"rotation": {"angle": -22.5, "axis": "x", "origin": [8.01213, -1.04456, 2.29335]},
			"faces": {
				"north": {"uv": [0, 0, 1.4, 1.35], "texture": "#2"},
				"east": {"uv": [0, 0, 1.35, 1.8], "rotation": 90, "texture": "#2"},
				"south": {"uv": [0, 0, 1.4, 1.35], "rotation": 180, "texture": "#2"},
				"west": {"uv": [0, 0, 1.35, 1.8], "rotation": 270, "texture": "#2"},
				"up": {"uv": [1.4, 1.8, 0, 0], "rotation": 180, "texture": "#2"},
				"down": {"uv": [1.4, 1.8, 0, 0], "texture": "#2"}
			}
		},
		{
			"from": [7.31213, 2.1, 8.33787],
			"to": [8.71213, 4.6, 9.68787],
			"faces": {
				"north": {"uv": [0, 0, 1.4, 2.5], "texture": "#2"},
				"east": {"uv": [0, 0, 1.35, 2.5], "texture": "#2"},
				"south": {"uv": [0, 0, 1.4, 2.5], "texture": "#2"},
				"west": {"uv": [0, 0, 1.35, 2.5], "texture": "#2"},
				"up": {"uv": [1.4, 1.35, 0, 0], "texture": "#2"},
				"down": {"uv": [1.4, 1.35, 0, 0], "texture": "#2"}
			}
		},
		{
			"from": [7.31213, 4.4, 8.33787],
			"to": [8.71213, 4.6, 10.38787],
			"faces": {
				"north": {"uv": [0, 0, 1.4, 0.2], "texture": "#2"},
				"east": {"uv": [0, 0, 2.05, 0.2], "texture": "#2"},
				"south": {"uv": [0, 0, 1.4, 0.2], "texture": "#2"},
				"west": {"uv": [0, 0, 2.05, 0.2], "texture": "#2"},
				"up": {"uv": [1.4, 2.05, 0, 0], "texture": "#2"},
				"down": {"uv": [1.4, 2.05, 0, 0], "texture": "#2"}
			}
		},
		{
			"from": [7.31213, 8.47756, 12.5603],
			"to": [8.71213, 10.12756, 12.7603],
			"rotation": {"angle": 45, "axis": "x", "origin": [8.01213, 10.12756, 4.6603]},
			"faces": {
				"north": {"uv": [0, 0, 1.4, 1.65], "texture": "#2"},
				"east": {"uv": [0, 0, 1.65, 0.2], "rotation": 90, "texture": "#2"},
				"south": {"uv": [0, 0, 1.4, 1.65], "rotation": 180, "texture": "#2"},
				"west": {"uv": [0, 0, 1.65, 0.2], "rotation": 270, "texture": "#2"},
				"up": {"uv": [1.4, 0.2, 0, 0], "rotation": 180, "texture": "#2"},
				"down": {"uv": [1.4, 0.2, 0, 0], "texture": "#2"}
			}
		},
		{
			"from": [7.31213, 8.47756, 12.3603],
			"to": [8.71213, 9.92756, 12.7603],
			"rotation": {"angle": 45, "axis": "x", "origin": [8.01213, 10.12756, 4.6603]},
			"faces": {
				"north": {"uv": [0, 0, 1.4, 1.45], "texture": "#2"},
				"east": {"uv": [0, 0, 1.45, 0.4], "rotation": 90, "texture": "#2"},
				"south": {"uv": [0, 0, 1.4, 1.45], "rotation": 180, "texture": "#2"},
				"west": {"uv": [0, 0, 1.45, 0.4], "rotation": 270, "texture": "#2"},
				"up": {"uv": [1.4, 0.4, 0, 0], "rotation": 180, "texture": "#2"},
				"down": {"uv": [1.4, 0.4, 0, 0], "texture": "#2"}
			}
		},
		{
			"from": [7.31213, 8.47756, 12.1603],
			"to": [8.71213, 9.72756, 12.7603],
			"rotation": {"angle": 45, "axis": "x", "origin": [8.01213, 10.12756, 4.6603]},
			"faces": {
				"north": {"uv": [0, 0, 1.4, 1.25], "texture": "#2"},
				"east": {"uv": [0, 0, 1.25, 0.6], "rotation": 90, "texture": "#2"},
				"south": {"uv": [0, 0, 1.4, 1.25], "rotation": 180, "texture": "#2"},
				"west": {"uv": [0, 0, 1.25, 0.6], "rotation": 270, "texture": "#2"},
				"up": {"uv": [1.4, 0.6, 0, 0], "rotation": 180, "texture": "#2"},
				"down": {"uv": [1.4, 0.6, 0, 0], "texture": "#2"}
			}
		},
		{
			"from": [7.2, 4.6, 4.55],
			"to": [8.8, 5.6, 10.6],
			"faces": {
				"north": {"uv": [0, 0, 1.6, 1], "texture": "#0"},
				"east": {"uv": [0, 0, 6.05, 1], "texture": "#0"},
				"south": {"uv": [0, 0, 1.6, 1], "texture": "#0"},
				"west": {"uv": [0, 0, 6.05, 1], "texture": "#0"},
				"up": {"uv": [1.6, 6.05, 0, 0], "texture": "#0"},
				"down": {"uv": [1.6, 6.05, 0, 0], "texture": "#0"}
			}
		},
		{
			"from": [7.2, 6.72028, 4.12739],
			"to": [8.8, 7.62028, 4.67739],
			"rotation": {"angle": -45, "axis": "x", "origin": [8, 7.12028, 6.77739]},
			"faces": {
				"north": {"uv": [0, 0, 1.6, 0.9], "texture": "#0"},
				"east": {"uv": [0, 0, 0.55, 0.9], "texture": "#0"},
				"south": {"uv": [0, 0, 1.6, 0.9], "texture": "#0"},
				"west": {"uv": [0, 0, 0.55, 0.9], "texture": "#0"},
				"up": {"uv": [1.6, 0.55, 0, 0], "texture": "#0"},
				"down": {"uv": [1.6, 0.55, 0, 0], "texture": "#0"}
			}
		},
		{
			"from": [7.2, 4.54099, 7.94332],
			"to": [8.8, 5.09099, 8.84332],
			"rotation": {"angle": -45, "axis": "x", "origin": [8, 7.19099, 8.44332]},
			"faces": {
				"north": {"uv": [0, 0, 1.6, 0.55], "texture": "#0"},
				"east": {"uv": [0, 0, 0.55, 0.9], "rotation": 90, "texture": "#0"},
				"south": {"uv": [0, 0, 1.6, 0.55], "rotation": 180, "texture": "#0"},
				"west": {"uv": [0, 0, 0.55, 0.9], "rotation": 270, "texture": "#0"},
				"up": {"uv": [1.6, 0.9, 0, 0], "rotation": 180, "texture": "#0"},
				"down": {"uv": [1.6, 0.9, 0, 0], "texture": "#0"}
			}
		},
		{
			"from": [7.2, 4.98891, 4.94109],
			"to": [8.8, 5.98891, 10.21109],
			"faces": {
				"north": {"uv": [0, 0, 1.6, 1], "texture": "#0"},
				"east": {"uv": [0, 0, 5.27, 1], "texture": "#0"},
				"south": {"uv": [0, 0, 1.6, 1], "texture": "#0"},
				"west": {"uv": [0, 0, 5.27, 1], "texture": "#0"},
				"up": {"uv": [1.6, 5.27, 0, 0], "texture": "#0"},
				"down": {"uv": [1.6, 5.27, 0, 0], "texture": "#0"}
			}
		},
		{
			"from": [7.3, 4.98891, -0.05891],
			"to": [8.7, 7.38891, 10.51109],
			"faces": {
				"north": {"uv": [0, 0, 1.4, 2.4], "texture": "#0"},
				"east": {"uv": [0, 0, 10.57, 2.4], "texture": "#0"},
				"south": {"uv": [0, 0, 1.4, 2.4], "texture": "#0"},
				"west": {"uv": [0, 0, 10.57, 2.4], "texture": "#0"},
				"up": {"uv": [1.4, 10.57, 0, 0], "texture": "#0"},
				"down": {"uv": [1.4, 10.57, 0, 0], "texture": "#0"}
			}
		},
		{
			"from": [7.1, 5.38891, -0.55891],
			"to": [8.9, 6.68891, 4.51109],
			"faces": {
				"north": {"uv": [0, 0, 1.8, 1.3], "texture": "#2"},
				"east": {"uv": [0, 0, 5.07, 1.3], "texture": "#2"},
				"south": {"uv": [0, 0, 1.8, 1.3], "texture": "#2"},
				"west": {"uv": [0, 0, 5.07, 1.3], "texture": "#2"},
				"up": {"uv": [1.8, 5.07, 0, 0], "texture": "#2"},
				"down": {"uv": [1.8, 5.07, 0, 0], "texture": "#2"}
			}
		},
		{
			"from": [7.1, 10.93374, -4.22256],
			"to": [8.9, 11.63374, -3.35256],
			"rotation": {"angle": -45, "axis": "x", "origin": [8, 12.93374, 5.14744]},
			"faces": {
				"north": {"uv": [0, 0, 1.8, 0.7], "texture": "#2"},
				"east": {"uv": [0, 0, 0.87, 0.7], "texture": "#2"},
				"south": {"uv": [0, 0, 1.8, 0.7], "texture": "#2"},
				"west": {"uv": [0, 0, 0.87, 0.7], "texture": "#2"},
				"up": {"uv": [1.8, 0.87, 0, 0], "texture": "#2"},
				"down": {"uv": [1.8, 0.87, 0, 0], "texture": "#2"}
			}
		},
		{
			"from": [7.1, 4.89393, -0.06393],
			"to": [8.9, 6.59393, 4.50607],
			"faces": {
				"north": {"uv": [0, 0, 1.8, 1.7], "texture": "#2"},
				"east": {"uv": [0, 0, 4.57, 1.7], "texture": "#2"},
				"south": {"uv": [0, 0, 1.8, 1.7], "texture": "#2"},
				"west": {"uv": [0, 0, 4.57, 1.7], "texture": "#2"},
				"up": {"uv": [1.8, 4.57, 0, 0], "texture": "#2"},
				"down": {"uv": [1.8, 4.57, 0, 0], "texture": "#2"}
			}
		},
		{
			"from": [7.4, 4.58891, 10.64109],
			"to": [7.6, 5.88891, 16.01109],
			"faces": {
				"north": {"uv": [0, 0, 0.2, 1.3], "texture": "#0"},
				"east": {"uv": [0, 0, 5.37, 1.3], "texture": "#0"},
				"south": {"uv": [0, 0, 0.2, 1.3], "texture": "#0"},
				"west": {"uv": [0, 0, 5.37, 1.3], "texture": "#0"},
				"up": {"uv": [0.2, 5.37, 0, 0], "texture": "#0"},
				"down": {"uv": [0.2, 5.37, 0, 0], "texture": "#0"}
			}
		},
		{
			"from": [7.3, 5.58891, 13.74109],
			"to": [8.7, 7.58891, 15.21109],
			"faces": {
				"north": {"uv": [0, 0, 1.4, 2], "texture": "#0"},
				"east": {"uv": [0, 0, 1.47, 2], "texture": "#0"},
				"south": {"uv": [0, 0, 1.4, 2], "texture": "#0"},
				"west": {"uv": [0, 0, 1.47, 2], "texture": "#0"},
				"up": {"uv": [1.4, 1.47, 0, 0], "texture": "#0"},
				"down": {"uv": [1.4, 1.47, 0, 0], "texture": "#0"}
			}
		},
		{
			"from": [7.2, 6.98891, -0.65891],
			"to": [8.8, 7.68891, 15.11109],
			"faces": {
				"north": {"uv": [0, 0, 1.6, 0.7], "texture": "#0"},
				"east": {"uv": [0, 0, 15.77, 0.7], "texture": "#0"},
				"south": {"uv": [0, 0, 1.6, 0.7], "texture": "#0"},
				"west": {"uv": [0, 0, 15.77, 0.7], "texture": "#0"},
				"up": {"uv": [1.6, 15.77, 0, 0], "texture": "#0"},
				"down": {"uv": [1.6, 15.77, 0, 0], "texture": "#0"}
			}
		},
		{
			"from": [7.2, 8.48891, 11.14109],
			"to": [7.5, 8.88891, 12.71109],
			"rotation": {"angle": 22.5, "axis": "x", "origin": [8, 7.88891, 9.41109]},
			"faces": {
				"north": {"uv": [0, 0, 0.3, 0.4], "texture": "#0"},
				"east": {"uv": [0, 0, 1.57, 0.4], "texture": "#0"},
				"south": {"uv": [0, 0, 0.3, 0.4], "texture": "#0"},
				"west": {"uv": [0, 0, 1.57, 0.4], "texture": "#0"},
				"up": {"uv": [0.3, 1.57, 0, 0], "texture": "#0"},
				"down": {"uv": [0.3, 1.57, 0, 0], "texture": "#0"}
			}
		},
		{
			"from": [7.2, 7.55075, 3.72209],
			"to": [7.5, 8.15075, 11.39209],
			"faces": {
				"north": {"uv": [0, 0, 0.3, 0.6], "texture": "#0"},
				"east": {"uv": [0, 0, 7.67, 0.6], "texture": "#0"},
				"south": {"uv": [0, 0, 0.3, 0.6], "texture": "#0"},
				"west": {"uv": [0, 0, 7.67, 0.6], "texture": "#0"},
				"up": {"uv": [0.3, 7.67, 0, 0], "texture": "#0"},
				"down": {"uv": [0.3, 7.67, 0, 0], "texture": "#0"}
			}
		},
		{
			"from": [7.2, 8.36712, 1.79079],
			"to": [7.5, 8.76712, 3.36079],
			"rotation": {"angle": -22.5, "axis": "x", "origin": [8, 9.36712, 5.09079]},
			"faces": {
				"north": {"uv": [0, 0, 0.3, 0.4], "rotation": 180, "texture": "#0"},
				"east": {"uv": [0, 0, 1.57, 0.4], "rotation": 180, "texture": "#0"},
				"south": {"uv": [0, 0, 0.3, 0.4], "rotation": 180, "texture": "#0"},
				"west": {"uv": [0, 0, 1.57, 0.4], "rotation": 180, "texture": "#0"},
				"up": {"uv": [0.3, 1.57, 0, 0], "texture": "#0"},
				"down": {"uv": [0.3, 1.57, 0, 0], "texture": "#0"}
			}
		},
		{
			"from": [7.2, 7.55075, 3.42209],
			"to": [8.8, 7.85075, 11.69209],
			"faces": {
				"north": {"uv": [0, 0, 1.6, 0.3], "texture": "#0"},
				"east": {"uv": [0, 0, 8.27, 0.3], "texture": "#0"},
				"south": {"uv": [0, 0, 1.6, 0.3], "texture": "#0"},
				"west": {"uv": [0, 0, 8.27, 0.3], "texture": "#0"},
				"up": {"uv": [1.6, 8.27, 0, 0], "texture": "#0"},
				"down": {"uv": [1.6, 8.27, 0, 0], "texture": "#0"}
			}
		},
		{
			"from": [8.5, 8.36712, 1.79079],
			"to": [8.8, 8.76712, 3.36079],
			"rotation": {"angle": -22.5, "axis": "x", "origin": [9.3, 9.36712, 5.09079]},
			"faces": {
				"north": {"uv": [0, 0, 0.3, 0.4], "rotation": 180, "texture": "#0"},
				"east": {"uv": [0, 0, 1.57, 0.4], "rotation": 180, "texture": "#0"},
				"south": {"uv": [0, 0, 0.3, 0.4], "rotation": 180, "texture": "#0"},
				"west": {"uv": [0, 0, 1.57, 0.4], "rotation": 180, "texture": "#0"},
				"up": {"uv": [0.3, 1.57, 0, 0], "texture": "#0"},
				"down": {"uv": [0.3, 1.57, 0, 0], "texture": "#0"}
			}
		},
		{
			"from": [8.5, 7.55075, 3.72209],
			"to": [8.8, 8.15075, 11.39209],
			"faces": {
				"north": {"uv": [0, 0, 0.3, 0.6], "texture": "#0"},
				"east": {"uv": [0, 0, 7.67, 0.6], "texture": "#0"},
				"south": {"uv": [0, 0, 0.3, 0.6], "texture": "#0"},
				"west": {"uv": [0, 0, 7.67, 0.6], "texture": "#0"},
				"up": {"uv": [0.3, 7.67, 0, 0], "texture": "#0"},
				"down": {"uv": [0.3, 7.67, 0, 0], "texture": "#0"}
			}
		},
		{
			"from": [8.5, 8.48891, 11.14109],
			"to": [8.8, 8.88891, 12.71109],
			"rotation": {"angle": 22.5, "axis": "x", "origin": [9.3, 7.88891, 9.41109]},
			"faces": {
				"north": {"uv": [0, 0, 0.3, 0.4], "texture": "#0"},
				"east": {"uv": [0, 0, 1.57, 0.4], "texture": "#0"},
				"south": {"uv": [0, 0, 0.3, 0.4], "texture": "#0"},
				"west": {"uv": [0, 0, 1.57, 0.4], "texture": "#0"},
				"up": {"uv": [0.3, 1.57, 0, 0], "texture": "#0"},
				"down": {"uv": [0.3, 1.57, 0, 0], "texture": "#0"}
			}
		},
		{
			"from": [7.6, 7.55075, 3.52209],
			"to": [8.4, 8.05075, 11.69209],
			"faces": {
				"north": {"uv": [0, 0, 0.8, 0.5], "texture": "#0"},
				"east": {"uv": [0, 0, 8.17, 0.5], "texture": "#0"},
				"south": {"uv": [0, 0, 0.8, 0.5], "texture": "#0"},
				"west": {"uv": [0, 0, 8.17, 0.5], "texture": "#0"},
				"up": {"uv": [0.8, 8.17, 0, 0], "texture": "#0"},
				"down": {"uv": [0.8, 8.17, 0, 0], "texture": "#0"}
			}
		},
		{
			"from": [7.3, 5.58891, -0.65891],
			"to": [8.7, 7.18891, 15.21109],
			"faces": {
				"north": {"uv": [0, 0, 1.4, 1.6], "texture": "#0"},
				"east": {"uv": [0, 0, 15.87, 1.6], "texture": "#0"},
				"south": {"uv": [0, 0, 1.4, 1.6], "texture": "#0"},
				"west": {"uv": [0, 0, 15.87, 1.6], "texture": "#0"},
				"up": {"uv": [1.4, 15.87, 0, 0], "texture": "#0"},
				"down": {"uv": [1.4, 15.87, 0, 0], "texture": "#0"}
			}
		},
		{
			"from": [7.4, 4.58891, 14.44109],
			"to": [7.6, 6.58891, 16.01109],
			"faces": {
				"north": {"uv": [0, 0, 0.2, 2], "texture": "#0"},
				"east": {"uv": [0, 0, 1.57, 2], "texture": "#0"},
				"south": {"uv": [0, 0, 0.2, 2], "texture": "#0"},
				"west": {"uv": [0, 0, 1.57, 2], "texture": "#0"},
				"up": {"uv": [0.2, 1.57, 0, 0], "texture": "#0"},
				"down": {"uv": [0.2, 1.57, 0, 0], "texture": "#0"}
			}
		},
		{
			"from": [8.4, 4.58891, 10.64109],
			"to": [8.6, 5.88891, 16.01109],
			"faces": {
				"north": {"uv": [0, 0, 0.2, 1.3], "texture": "#0"},
				"east": {"uv": [0, 0, 5.37, 1.3], "texture": "#0"},
				"south": {"uv": [0, 0, 0.2, 1.3], "texture": "#0"},
				"west": {"uv": [0, 0, 5.37, 1.3], "texture": "#0"},
				"up": {"uv": [0.2, 5.37, 0, 0], "texture": "#0"},
				"down": {"uv": [0.2, 5.37, 0, 0], "texture": "#0"}
			}
		},
		{
			"from": [8.4, 4.58891, 14.44109],
			"to": [8.6, 6.58891, 16.01109],
			"faces": {
				"north": {"uv": [0, 0, 0.2, 2], "texture": "#0"},
				"east": {"uv": [0, 0, 1.57, 2], "texture": "#0"},
				"south": {"uv": [0, 0, 0.2, 2], "texture": "#0"},
				"west": {"uv": [0, 0, 1.57, 2], "texture": "#0"},
				"up": {"uv": [0.2, 1.57, 0, 0], "texture": "#0"},
				"down": {"uv": [0.2, 1.57, 0, 0], "texture": "#0"}
			}
		},
		{
			"from": [8.4, 4.38891, 10.84109],
			"to": [8.6, 5.88891, 15.81109],
			"faces": {
				"north": {"uv": [0, 0, 0.2, 1.5], "texture": "#0"},
				"east": {"uv": [0, 0, 4.97, 1.5], "texture": "#0"},
				"south": {"uv": [0, 0, 0.2, 1.5], "texture": "#0"},
				"west": {"uv": [0, 0, 4.97, 1.5], "texture": "#0"},
				"up": {"uv": [0.2, 4.97, 0, 0], "texture": "#0"},
				"down": {"uv": [0.2, 4.97, 0, 0], "texture": "#0"}
			}
		},
		{
			"from": [7.4, 4.38891, 10.84109],
			"to": [7.6, 5.88891, 15.81109],
			"faces": {
				"north": {"uv": [0, 0, 0.2, 1.5], "texture": "#0"},
				"east": {"uv": [0, 0, 4.97, 1.5], "texture": "#0"},
				"south": {"uv": [0, 0, 0.2, 1.5], "texture": "#0"},
				"west": {"uv": [0, 0, 4.97, 1.5], "texture": "#0"},
				"up": {"uv": [0.2, 4.97, 0, 0], "texture": "#0"},
				"down": {"uv": [0.2, 4.97, 0, 0], "texture": "#0"}
			}
		},
		{
			"from": [8.4, 4.34094, 10.86975],
			"to": [8.6, 5.14094, 11.13975],
			"rotation": {"angle": 45, "axis": "x", "origin": [8, 4.74094, 11.05475]},
			"faces": {
				"north": {"uv": [0, 0, 0.2, 0.8], "texture": "#0"},
				"east": {"uv": [0, 0, 0.27, 0.8], "texture": "#0"},
				"south": {"uv": [0, 0, 0.2, 0.8], "texture": "#0"},
				"west": {"uv": [0, 0, 0.27, 0.8], "texture": "#0"},
				"up": {"uv": [0.2, 0.27, 0, 0], "texture": "#0"},
				"down": {"uv": [0.2, 0.27, 0, 0], "texture": "#0"}
			}
		},
		{
			"from": [7.4, 4.34094, 10.86975],
			"to": [7.6, 5.14094, 11.13975],
			"rotation": {"angle": 45, "axis": "x", "origin": [8, 4.74094, 11.05475]},
			"faces": {
				"north": {"uv": [0, 0, 0.2, 0.8], "texture": "#0"},
				"east": {"uv": [0, 0, 0.27, 0.8], "texture": "#0"},
				"south": {"uv": [0, 0, 0.2, 0.8], "texture": "#0"},
				"west": {"uv": [0, 0, 0.27, 0.8], "texture": "#0"},
				"up": {"uv": [0.2, 0.27, 0, 0], "texture": "#0"},
				"down": {"uv": [0.2, 0.27, 0, 0], "texture": "#0"}
			}
		},
		{
			"from": [7.3, 6.98891, 13.24109],
			"to": [8.7, 7.78891, 15.11109],
			"faces": {
				"north": {"uv": [0, 0, 1.4, 0.8], "texture": "#0"},
				"east": {"uv": [0, 0, 1.87, 0.8], "texture": "#0"},
				"south": {"uv": [0, 0, 1.4, 0.8], "texture": "#0"},
				"west": {"uv": [0, 0, 1.87, 0.8], "texture": "#0"},
				"up": {"uv": [1.4, 1.87, 0, 0], "texture": "#0"},
				"down": {"uv": [1.4, 1.87, 0, 0], "texture": "#0"}
			}
		},
		{
			"name": "hexadecagon",
			"from": [7.3, 7.80485, 13.22],
			"to": [7.5, 8.11515, 14.78],
			"rotation": {"angle": 45, "axis": "x", "origin": [7.8, 7.96, 14]},
			"faces": {
				"north": {"uv": [0, 0, 1, 1], "texture": "#0"},
				"east": {"uv": [0, 0, 1, 1], "texture": "#0"},
				"south": {"uv": [0, 0, 1, 1], "texture": "#0"},
				"west": {"uv": [0, 0, 1, 1], "texture": "#0"},
				"up": {"uv": [1, 1, 0, 0], "texture": "#0"},
				"down": {"uv": [1, 1, 0, 0], "texture": "#0"}
			}
		},
		{
			"name": "hexadecagon",
			"from": [7.3, 7.80485, 13.22],
			"to": [7.5, 8.11515, 14.78],
			"rotation": {"angle": 22.5, "axis": "x", "origin": [7.8, 7.96, 14]},
			"faces": {
				"north": {"uv": [0, 0, 1, 1], "texture": "#0"},
				"east": {"uv": [0, 0, 1, 1], "texture": "#0"},
				"south": {"uv": [0, 0, 1, 1], "texture": "#0"},
				"west": {"uv": [0, 0, 1, 1], "texture": "#0"},
				"up": {"uv": [1, 1, 0, 0], "texture": "#0"},
				"down": {"uv": [1, 1, 0, 0], "texture": "#0"}
			}
		},
		{
			"name": "hexadecagon",
			"from": [7.3, 7.40485, 13.22],
			"to": [7.5, 8.11515, 15.08],
			"faces": {
				"north": {"uv": [0, 0, 1, 1], "texture": "#0"},
				"east": {"uv": [0, 0, 1, 1], "texture": "#0"},
				"south": {"uv": [0, 0, 1, 1], "texture": "#0"},
				"west": {"uv": [0, 0, 1, 1], "texture": "#0"},
				"up": {"uv": [1, 1, 0, 0], "texture": "#0"},
				"down": {"uv": [1, 1, 0, 0], "texture": "#0"}
			}
		},
		{
			"name": "hexadecagon",
			"from": [7.3, 7.80485, 13.52],
			"to": [7.5, 8.11515, 15.08],
			"rotation": {"angle": -22.5, "axis": "x", "origin": [7.8, 7.96, 14.3]},
			"faces": {
				"north": {"uv": [0, 0, 1, 1], "texture": "#0"},
				"east": {"uv": [0, 0, 1, 1], "texture": "#0"},
				"south": {"uv": [0, 0, 1, 1], "texture": "#0"},
				"west": {"uv": [0, 0, 1, 1], "texture": "#0"},
				"up": {"uv": [1, 1, 0, 0], "texture": "#0"},
				"down": {"uv": [1, 1, 0, 0], "texture": "#0"}
			}
		},
		{
			"name": "hexadecagon",
			"from": [7.3, 7.80485, 13.52],
			"to": [7.5, 8.11515, 15.08],
			"rotation": {"angle": -45, "axis": "x", "origin": [7.8, 7.96, 14.3]},
			"faces": {
				"north": {"uv": [0, 0, 1, 1], "texture": "#0"},
				"east": {"uv": [0, 0, 1, 1], "texture": "#0"},
				"south": {"uv": [0, 0, 1, 1], "texture": "#0"},
				"west": {"uv": [0, 0, 1, 1], "texture": "#0"},
				"up": {"uv": [1, 1, 0, 0], "texture": "#0"},
				"down": {"uv": [1, 1, 0, 0], "texture": "#0"}
			}
		},
		{
			"name": "hexadecagon",
			"from": [7.3, 7.18, 14.14485],
			"to": [7.5, 8.74, 14.45515],
			"rotation": {"angle": 22.5, "axis": "x", "origin": [7.8, 7.96, 14.3]},
			"faces": {
				"north": {"uv": [0, 0, 1, 1], "texture": "#0"},
				"east": {"uv": [0, 0, 1, 1], "texture": "#0"},
				"south": {"uv": [0, 0, 1, 1], "texture": "#0"},
				"west": {"uv": [0, 0, 1, 1], "texture": "#0"},
				"up": {"uv": [1, 1, 0, 0], "texture": "#0"},
				"down": {"uv": [1, 1, 0, 0], "texture": "#0"}
			}
		},
		{
			"name": "hexadecagon",
			"from": [7.3, 7.18, 13.84485],
			"to": [7.5, 8.74, 14.45515],
			"faces": {
				"north": {"uv": [0, 0, 1, 1], "texture": "#0"},
				"east": {"uv": [0, 0, 1, 1], "texture": "#0"},
				"south": {"uv": [0, 0, 1, 1], "texture": "#0"},
				"west": {"uv": [0, 0, 1, 1], "texture": "#0"},
				"up": {"uv": [1, 1, 0, 0], "texture": "#0"},
				"down": {"uv": [1, 1, 0, 0], "texture": "#0"}
			}
		},
		{
			"name": "hexadecagon",
			"from": [7.3, 7.18, 13.84485],
			"to": [7.5, 8.74, 14.15515],
			"rotation": {"angle": -22.5, "axis": "x", "origin": [7.8, 7.96, 14]},
			"faces": {
				"north": {"uv": [0, 0, 1, 1], "texture": "#0"},
				"east": {"uv": [0, 0, 1, 1], "texture": "#0"},
				"south": {"uv": [0, 0, 1, 1], "texture": "#0"},
				"west": {"uv": [0, 0, 1, 1], "texture": "#0"},
				"up": {"uv": [1, 1, 0, 0], "texture": "#0"},
				"down": {"uv": [1, 1, 0, 0], "texture": "#0"}
			}
		},
		{
			"name": "hexadecagon",
			"from": [8.5, 7.18, 13.84485],
			"to": [8.7, 8.74, 14.15515],
			"rotation": {"angle": -22.5, "axis": "x", "origin": [9, 7.96, 14]},
			"faces": {
				"north": {"uv": [0, 0, 1, 1], "texture": "#0"},
				"east": {"uv": [0, 0, 1, 1], "texture": "#0"},
				"south": {"uv": [0, 0, 1, 1], "texture": "#0"},
				"west": {"uv": [0, 0, 1, 1], "texture": "#0"},
				"up": {"uv": [1, 1, 0, 0], "texture": "#0"},
				"down": {"uv": [1, 1, 0, 0], "texture": "#0"}
			}
		},
		{
			"name": "hexadecagon",
			"from": [8.5, 7.18, 13.84485],
			"to": [8.7, 8.74, 14.45515],
			"faces": {
				"north": {"uv": [0, 0, 1, 1], "texture": "#0"},
				"east": {"uv": [0, 0, 1, 1], "texture": "#0"},
				"south": {"uv": [0, 0, 1, 1], "texture": "#0"},
				"west": {"uv": [0, 0, 1, 1], "texture": "#0"},
				"up": {"uv": [1, 1, 0, 0], "texture": "#0"},
				"down": {"uv": [1, 1, 0, 0], "texture": "#0"}
			}
		},
		{
			"name": "hexadecagon",
			"from": [8.5, 7.18, 14.14485],
			"to": [8.7, 8.74, 14.45515],
			"rotation": {"angle": 22.5, "axis": "x", "origin": [9, 7.96, 14.3]},
			"faces": {
				"north": {"uv": [0, 0, 1, 1], "texture": "#0"},
				"east": {"uv": [0, 0, 1, 1], "texture": "#0"},
				"south": {"uv": [0, 0, 1, 1], "texture": "#0"},
				"west": {"uv": [0, 0, 1, 1], "texture": "#0"},
				"up": {"uv": [1, 1, 0, 0], "texture": "#0"},
				"down": {"uv": [1, 1, 0, 0], "texture": "#0"}
			}
		},
		{
			"name": "hexadecagon",
			"from": [8.5, 7.80485, 13.52],
			"to": [8.7, 8.11515, 15.08],
			"rotation": {"angle": -45, "axis": "x", "origin": [9, 7.96, 14.3]},
			"faces": {
				"north": {"uv": [0, 0, 1, 1], "texture": "#0"},
				"east": {"uv": [0, 0, 1, 1], "texture": "#0"},
				"south": {"uv": [0, 0, 1, 1], "texture": "#0"},
				"west": {"uv": [0, 0, 1, 1], "texture": "#0"},
				"up": {"uv": [1, 1, 0, 0], "texture": "#0"},
				"down": {"uv": [1, 1, 0, 0], "texture": "#0"}
			}
		},
		{
			"name": "hexadecagon",
			"from": [8.5, 7.80485, 13.52],
			"to": [8.7, 8.11515, 15.08],
			"rotation": {"angle": -22.5, "axis": "x", "origin": [9, 7.96, 14.3]},
			"faces": {
				"north": {"uv": [0, 0, 1, 1], "texture": "#0"},
				"east": {"uv": [0, 0, 1, 1], "texture": "#0"},
				"south": {"uv": [0, 0, 1, 1], "texture": "#0"},
				"west": {"uv": [0, 0, 1, 1], "texture": "#0"},
				"up": {"uv": [1, 1, 0, 0], "texture": "#0"},
				"down": {"uv": [1, 1, 0, 0], "texture": "#0"}
			}
		},
		{
			"name": "hexadecagon",
			"from": [8.5, 7.40485, 13.22],
			"to": [8.7, 8.11515, 15.08],
			"faces": {
				"north": {"uv": [0, 0, 1, 1], "texture": "#0"},
				"east": {"uv": [0, 0, 1, 1], "texture": "#0"},
				"south": {"uv": [0, 0, 1, 1], "texture": "#0"},
				"west": {"uv": [0, 0, 1, 1], "texture": "#0"},
				"up": {"uv": [1, 1, 0, 0], "texture": "#0"},
				"down": {"uv": [1, 1, 0, 0], "texture": "#0"}
			}
		},
		{
			"name": "hexadecagon",
			"from": [8.5, 7.80485, 13.22],
			"to": [8.7, 8.11515, 14.78],
			"rotation": {"angle": 22.5, "axis": "x", "origin": [9, 7.96, 14]},
			"faces": {
				"north": {"uv": [0, 0, 1, 1], "texture": "#0"},
				"east": {"uv": [0, 0, 1, 1], "texture": "#0"},
				"south": {"uv": [0, 0, 1, 1], "texture": "#0"},
				"west": {"uv": [0, 0, 1, 1], "texture": "#0"},
				"up": {"uv": [1, 1, 0, 0], "texture": "#0"},
				"down": {"uv": [1, 1, 0, 0], "texture": "#0"}
			}
		},
		{
			"name": "hexadecagon",
			"from": [8.5, 7.80485, 13.22],
			"to": [8.7, 8.11515, 14.78],
			"rotation": {"angle": 45, "axis": "x", "origin": [9, 7.96, 14]},
			"faces": {
				"north": {"uv": [0, 0, 1, 1], "texture": "#0"},
				"east": {"uv": [0, 0, 1, 1], "texture": "#0"},
				"south": {"uv": [0, 0, 1, 1], "texture": "#0"},
				"west": {"uv": [0, 0, 1, 1], "texture": "#0"},
				"up": {"uv": [1, 1, 0, 0], "texture": "#0"},
				"down": {"uv": [1, 1, 0, 0], "texture": "#0"}
			}
		},
		{
			"name": "hexadecagon",
			"from": [7.3, 7.50485, -0.48],
			"to": [7.5, 7.81515, 1.08],
			"rotation": {"angle": 22.5, "axis": "x", "origin": [7.8, 7.66, 0.3]},
			"faces": {
				"north": {"uv": [0, 0, 1, 1], "texture": "#0"},
				"east": {"uv": [0, 0, 1, 1], "texture": "#0"},
				"south": {"uv": [0, 0, 1, 1], "texture": "#0"},
				"west": {"uv": [0, 0, 1, 1], "texture": "#0"},
				"up": {"uv": [1, 1, 0, 0], "texture": "#0"},
				"down": {"uv": [1, 1, 0, 0], "texture": "#0"}
			}
		},
		{
			"name": "hexadecagon",
			"from": [7.3, 7.50485, -0.48],
			"to": [7.5, 7.81515, 1.08],
			"rotation": {"angle": 45, "axis": "x", "origin": [7.8, 7.66, 0.3]},
			"faces": {
				"north": {"uv": [0, 0, 1, 1], "texture": "#0"},
				"east": {"uv": [0, 0, 1, 1], "texture": "#0"},
				"south": {"uv": [0, 0, 1, 1], "texture": "#0"},
				"west": {"uv": [0, 0, 1, 1], "texture": "#0"},
				"up": {"uv": [1, 1, 0, 0], "texture": "#0"},
				"down": {"uv": [1, 1, 0, 0], "texture": "#0"}
			}
		},
		{
			"name": "hexadecagon",
			"from": [7.3, 6.88, 0.14485],
			"to": [7.5, 8.44, 0.45515],
			"rotation": {"angle": -22.5, "axis": "x", "origin": [7.8, 7.66, 0.3]},
			"faces": {
				"north": {"uv": [0, 0, 1, 1], "texture": "#0"},
				"east": {"uv": [0, 0, 1, 1], "texture": "#0"},
				"south": {"uv": [0, 0, 1, 1], "texture": "#0"},
				"west": {"uv": [0, 0, 1, 1], "texture": "#0"},
				"up": {"uv": [1, 1, 0, 0], "texture": "#0"},
				"down": {"uv": [1, 1, 0, 0], "texture": "#0"}
			}
		},
		{
			"name": "hexadecagon",
			"from": [7.3, 6.88, 0.14485],
			"to": [7.5, 8.44, 0.75515],
			"faces": {
				"north": {"uv": [0, 0, 1, 1], "texture": "#0"},
				"east": {"uv": [0, 0, 1, 1], "texture": "#0"},
				"south": {"uv": [0, 0, 1, 1], "texture": "#0"},
				"west": {"uv": [0, 0, 1, 1], "texture": "#0"},
				"up": {"uv": [1, 1, 0, 0], "texture": "#0"},
				"down": {"uv": [1, 1, 0, 0], "texture": "#0"}
			}
		},
		{
			"name": "hexadecagon",
			"from": [7.3, 6.88, 0.44485],
			"to": [7.5, 8.44, 0.75515],
			"rotation": {"angle": 22.5, "axis": "x", "origin": [7.8, 7.66, 0.6]},
			"faces": {
				"north": {"uv": [0, 0, 1, 1], "texture": "#0"},
				"east": {"uv": [0, 0, 1, 1], "texture": "#0"},
				"south": {"uv": [0, 0, 1, 1], "texture": "#0"},
				"west": {"uv": [0, 0, 1, 1], "texture": "#0"},
				"up": {"uv": [1, 1, 0, 0], "texture": "#0"},
				"down": {"uv": [1, 1, 0, 0], "texture": "#0"}
			}
		},
		{
			"name": "hexadecagon",
			"from": [7.3, 7.50485, -0.18],
			"to": [7.5, 7.81515, 1.38],
			"rotation": {"angle": -45, "axis": "x", "origin": [7.8, 7.66, 0.6]},
			"faces": {
				"north": {"uv": [0, 0, 1, 1], "texture": "#0"},
				"east": {"uv": [0, 0, 1, 1], "texture": "#0"},
				"south": {"uv": [0, 0, 1, 1], "texture": "#0"},
				"west": {"uv": [0, 0, 1, 1], "texture": "#0"},
				"up": {"uv": [1, 1, 0, 0], "texture": "#0"},
				"down": {"uv": [1, 1, 0, 0], "texture": "#0"}
			}
		},
		{
			"name": "hexadecagon",
			"from": [7.3, 7.50485, -0.18],
			"to": [7.5, 7.81515, 1.38],
			"rotation": {"angle": -22.5, "axis": "x", "origin": [7.8, 7.66, 0.6]},
			"faces": {
				"north": {"uv": [0, 0, 1, 1], "texture": "#0"},
				"east": {"uv": [0, 0, 1, 1], "texture": "#0"},
				"south": {"uv": [0, 0, 1, 1], "texture": "#0"},
				"west": {"uv": [0, 0, 1, 1], "texture": "#0"},
				"up": {"uv": [1, 1, 0, 0], "texture": "#0"},
				"down": {"uv": [1, 1, 0, 0], "texture": "#0"}
			}
		},
		{
			"name": "hexadecagon",
			"from": [7.3, 7.10485, -0.48],
			"to": [7.5, 7.81515, 1.38],
			"faces": {
				"north": {"uv": [0, 0, 1, 1], "texture": "#0"},
				"east": {"uv": [0, 0, 1, 1], "texture": "#0"},
				"south": {"uv": [0, 0, 1, 1], "texture": "#0"},
				"west": {"uv": [0, 0, 1, 1], "texture": "#0"},
				"up": {"uv": [1, 1, 0, 0], "texture": "#0"},
				"down": {"uv": [1, 1, 0, 0], "texture": "#0"}
			}
		},
		{
			"name": "hexadecagon",
			"from": [8.5, 7.50485, -0.48],
			"to": [8.7, 7.81515, 1.08],
			"rotation": {"angle": 22.5, "axis": "x", "origin": [9, 7.66, 0.3]},
			"faces": {
				"north": {"uv": [0, 0, 1, 1], "texture": "#0"},
				"east": {"uv": [0, 0, 1, 1], "texture": "#0"},
				"south": {"uv": [0, 0, 1, 1], "texture": "#0"},
				"west": {"uv": [0, 0, 1, 1], "texture": "#0"},
				"up": {"uv": [1, 1, 0, 0], "texture": "#0"},
				"down": {"uv": [1, 1, 0, 0], "texture": "#0"}
			}
		},
		{
			"name": "hexadecagon",
			"from": [8.5, 7.50485, -0.48],
			"to": [8.7, 7.81515, 1.08],
			"rotation": {"angle": 45, "axis": "x", "origin": [9, 7.66, 0.3]},
			"faces": {
				"north": {"uv": [0, 0, 1, 1], "texture": "#0"},
				"east": {"uv": [0, 0, 1, 1], "texture": "#0"},
				"south": {"uv": [0, 0, 1, 1], "texture": "#0"},
				"west": {"uv": [0, 0, 1, 1], "texture": "#0"},
				"up": {"uv": [1, 1, 0, 0], "texture": "#0"},
				"down": {"uv": [1, 1, 0, 0], "texture": "#0"}
			}
		},
		{
			"name": "hexadecagon",
			"from": [8.5, 6.88, 0.14485],
			"to": [8.7, 8.44, 0.45515],
			"rotation": {"angle": -22.5, "axis": "x", "origin": [9, 7.66, 0.3]},
			"faces": {
				"north": {"uv": [0, 0, 1, 1], "texture": "#0"},
				"east": {"uv": [0, 0, 1, 1], "texture": "#0"},
				"south": {"uv": [0, 0, 1, 1], "texture": "#0"},
				"west": {"uv": [0, 0, 1, 1], "texture": "#0"},
				"up": {"uv": [1, 1, 0, 0], "texture": "#0"},
				"down": {"uv": [1, 1, 0, 0], "texture": "#0"}
			}
		},
		{
			"name": "hexadecagon",
			"from": [8.5, 6.88, 0.14485],
			"to": [8.7, 8.44, 0.75515],
			"faces": {
				"north": {"uv": [0, 0, 1, 1], "texture": "#0"},
				"east": {"uv": [0, 0, 1, 1], "texture": "#0"},
				"south": {"uv": [0, 0, 1, 1], "texture": "#0"},
				"west": {"uv": [0, 0, 1, 1], "texture": "#0"},
				"up": {"uv": [1, 1, 0, 0], "texture": "#0"},
				"down": {"uv": [1, 1, 0, 0], "texture": "#0"}
			}
		},
		{
			"name": "hexadecagon",
			"from": [8.5, 6.88, 0.44485],
			"to": [8.7, 8.44, 0.75515],
			"rotation": {"angle": 22.5, "axis": "x", "origin": [9, 7.66, 0.6]},
			"faces": {
				"north": {"uv": [0, 0, 1, 1], "texture": "#0"},
				"east": {"uv": [0, 0, 1, 1], "texture": "#0"},
				"south": {"uv": [0, 0, 1, 1], "texture": "#0"},
				"west": {"uv": [0, 0, 1, 1], "texture": "#0"},
				"up": {"uv": [1, 1, 0, 0], "texture": "#0"},
				"down": {"uv": [1, 1, 0, 0], "texture": "#0"}
			}
		},
		{
			"name": "hexadecagon",
			"from": [8.5, 7.50485, -0.18],
			"to": [8.7, 7.81515, 1.38],
			"rotation": {"angle": -45, "axis": "x", "origin": [9, 7.66, 0.6]},
			"faces": {
				"north": {"uv": [0, 0, 1, 1], "texture": "#0"},
				"east": {"uv": [0, 0, 1, 1], "texture": "#0"},
				"south": {"uv": [0, 0, 1, 1], "texture": "#0"},
				"west": {"uv": [0, 0, 1, 1], "texture": "#0"},
				"up": {"uv": [1, 1, 0, 0], "texture": "#0"},
				"down": {"uv": [1, 1, 0, 0], "texture": "#0"}
			}
		},
		{
			"name": "hexadecagon",
			"from": [8.5, 7.50485, -0.18],
			"to": [8.7, 7.81515, 1.38],
			"rotation": {"angle": -22.5, "axis": "x", "origin": [9, 7.66, 0.6]},
			"faces": {
				"north": {"uv": [0, 0, 1, 1], "texture": "#0"},
				"east": {"uv": [0, 0, 1, 1], "texture": "#0"},
				"south": {"uv": [0, 0, 1, 1], "texture": "#0"},
				"west": {"uv": [0, 0, 1, 1], "texture": "#0"},
				"up": {"uv": [1, 1, 0, 0], "texture": "#0"},
				"down": {"uv": [1, 1, 0, 0], "texture": "#0"}
			}
		},
		{
			"name": "hexadecagon",
			"from": [8.5, 7.10485, -0.48],
			"to": [8.7, 7.81515, 1.38],
			"faces": {
				"north": {"uv": [0, 0, 1, 1], "texture": "#0"},
				"east": {"uv": [0, 0, 1, 1], "texture": "#0"},
				"south": {"uv": [0, 0, 1, 1], "texture": "#0"},
				"west": {"uv": [0, 0, 1, 1], "texture": "#0"},
				"up": {"uv": [1, 1, 0, 0], "texture": "#0"},
				"down": {"uv": [1, 1, 0, 0], "texture": "#0"}
			}
		},
		{
			"from": [7.6, 6.98891, 12.34109],
			"to": [8.4, 7.88891, 15.11109],
			"faces": {
				"north": {"uv": [0, 0, 0.8, 0.9], "texture": "#0"},
				"east": {"uv": [0, 0, 2.77, 0.9], "texture": "#0"},
				"south": {"uv": [0, 0, 0.8, 0.9], "texture": "#0"},
				"west": {"uv": [0, 0, 2.77, 0.9], "texture": "#0"},
				"up": {"uv": [0.8, 2.77, 0, 0], "texture": "#0"},
				"down": {"uv": [0.8, 2.77, 0, 0], "texture": "#0"}
			}
		},
		{
			"name": "hexadecagon",
			"from": [8.4, 6.50054, 15],
			"to": [8.6, 6.69946, 16],
			"rotation": {"angle": 45, "axis": "x", "origin": [8.9, 6.6, 15.5]},
			"faces": {
				"north": {"uv": [0, 0, 1, 1], "texture": "#0"},
				"east": {"uv": [0, 0, 1, 1], "texture": "#0"},
				"south": {"uv": [0, 0, 1, 1], "texture": "#0"},
				"west": {"uv": [0, 0, 1, 1], "texture": "#0"},
				"up": {"uv": [1, 1, 0, 0], "texture": "#0"},
				"down": {"uv": [1, 1, 0, 0], "texture": "#0"}
			}
		},
		{
			"name": "hexadecagon",
			"from": [8.4, 6.50054, 15],
			"to": [8.6, 6.69946, 16],
			"rotation": {"angle": 22.5, "axis": "x", "origin": [8.9, 6.6, 15.5]},
			"faces": {
				"north": {"uv": [0, 0, 1, 1], "texture": "#0"},
				"east": {"uv": [0, 0, 1, 1], "texture": "#0"},
				"south": {"uv": [0, 0, 1, 1], "texture": "#0"},
				"west": {"uv": [0, 0, 1, 1], "texture": "#0"},
				"up": {"uv": [1, 1, 0, 0], "texture": "#0"},
				"down": {"uv": [1, 1, 0, 0], "texture": "#0"}
			}
		},
		{
			"name": "hexadecagon",
			"from": [8.4, 6.50054, 15],
			"to": [8.6, 6.69946, 16],
			"faces": {
				"north": {"uv": [0, 0, 1, 1], "texture": "#0"},
				"east": {"uv": [0, 0, 1, 1], "texture": "#0"},
				"south": {"uv": [0, 0, 1, 1], "texture": "#0"},
				"west": {"uv": [0, 0, 1, 1], "texture": "#0"},
				"up": {"uv": [1, 1, 0, 0], "texture": "#0"},
				"down": {"uv": [1, 1, 0, 0], "texture": "#0"}
			}
		},
		{
			"name": "hexadecagon",
			"from": [8.4, 6.50054, 15],
			"to": [8.6, 6.69946, 16],
			"rotation": {"angle": -22.5, "axis": "x", "origin": [8.9, 6.6, 15.5]},
			"faces": {
				"north": {"uv": [0, 0, 1, 1], "texture": "#0"},
				"east": {"uv": [0, 0, 1, 1], "texture": "#0"},
				"south": {"uv": [0, 0, 1, 1], "texture": "#0"},
				"west": {"uv": [0, 0, 1, 1], "texture": "#0"},
				"up": {"uv": [1, 1, 0, 0], "texture": "#0"},
				"down": {"uv": [1, 1, 0, 0], "texture": "#0"}
			}
		},
		{
			"name": "hexadecagon",
			"from": [8.4, 6.50054, 15],
			"to": [8.6, 6.69946, 16],
			"rotation": {"angle": -45, "axis": "x", "origin": [8.9, 6.6, 15.5]},
			"faces": {
				"north": {"uv": [0, 0, 1, 1], "texture": "#0"},
				"east": {"uv": [0, 0, 1, 1], "texture": "#0"},
				"south": {"uv": [0, 0, 1, 1], "texture": "#0"},
				"west": {"uv": [0, 0, 1, 1], "texture": "#0"},
				"up": {"uv": [1, 1, 0, 0], "texture": "#0"},
				"down": {"uv": [1, 1, 0, 0], "texture": "#0"}
			}
		},
		{
			"name": "hexadecagon",
			"from": [8.4, 6.1, 15.40054],
			"to": [8.6, 7.1, 15.59946],
			"rotation": {"angle": 22.5, "axis": "x", "origin": [8.9, 6.6, 15.5]},
			"faces": {
				"north": {"uv": [0, 0, 1, 1], "texture": "#0"},
				"east": {"uv": [0, 0, 1, 1], "texture": "#0"},
				"south": {"uv": [0, 0, 1, 1], "texture": "#0"},
				"west": {"uv": [0, 0, 1, 1], "texture": "#0"},
				"up": {"uv": [1, 1, 0, 0], "texture": "#0"},
				"down": {"uv": [1, 1, 0, 0], "texture": "#0"}
			}
		},
		{
			"name": "hexadecagon",
			"from": [8.4, 6.1, 15.40054],
			"to": [8.6, 7.1, 15.59946],
			"faces": {
				"north": {"uv": [0, 0, 1, 1], "texture": "#0"},
				"east": {"uv": [0, 0, 1, 1], "texture": "#0"},
				"south": {"uv": [0, 0, 1, 1], "texture": "#0"},
				"west": {"uv": [0, 0, 1, 1], "texture": "#0"},
				"up": {"uv": [1, 1, 0, 0], "texture": "#0"},
				"down": {"uv": [1, 1, 0, 0], "texture": "#0"}
			}
		},
		{
			"name": "hexadecagon",
			"from": [8.4, 6.1, 15.40054],
			"to": [8.6, 7.1, 15.59946],
			"rotation": {"angle": -22.5, "axis": "x", "origin": [8.9, 6.6, 15.5]},
			"faces": {
				"north": {"uv": [0, 0, 1, 1], "texture": "#0"},
				"east": {"uv": [0, 0, 1, 1], "texture": "#0"},
				"south": {"uv": [0, 0, 1, 1], "texture": "#0"},
				"west": {"uv": [0, 0, 1, 1], "texture": "#0"},
				"up": {"uv": [1, 1, 0, 0], "texture": "#0"},
				"down": {"uv": [1, 1, 0, 0], "texture": "#0"}
			}
		},
		{
			"name": "hexadecagon",
			"from": [7.4, 6.50054, 15],
			"to": [7.6, 6.69946, 16],
			"rotation": {"angle": 45, "axis": "x", "origin": [7.9, 6.6, 15.5]},
			"faces": {
				"north": {"uv": [0, 0, 1, 1], "texture": "#0"},
				"east": {"uv": [0, 0, 1, 1], "texture": "#0"},
				"south": {"uv": [0, 0, 1, 1], "texture": "#0"},
				"west": {"uv": [0, 0, 1, 1], "texture": "#0"},
				"up": {"uv": [1, 1, 0, 0], "texture": "#0"},
				"down": {"uv": [1, 1, 0, 0], "texture": "#0"}
			}
		},
		{
			"name": "hexadecagon",
			"from": [7.4, 6.50054, 15],
			"to": [7.6, 6.69946, 16],
			"rotation": {"angle": 22.5, "axis": "x", "origin": [7.9, 6.6, 15.5]},
			"faces": {
				"north": {"uv": [0, 0, 1, 1], "texture": "#0"},
				"east": {"uv": [0, 0, 1, 1], "texture": "#0"},
				"south": {"uv": [0, 0, 1, 1], "texture": "#0"},
				"west": {"uv": [0, 0, 1, 1], "texture": "#0"},
				"up": {"uv": [1, 1, 0, 0], "texture": "#0"},
				"down": {"uv": [1, 1, 0, 0], "texture": "#0"}
			}
		},
		{
			"name": "hexadecagon",
			"from": [7.4, 6.50054, 15],
			"to": [7.6, 6.69946, 16],
			"faces": {
				"north": {"uv": [0, 0, 1, 1], "texture": "#0"},
				"east": {"uv": [0, 0, 1, 1], "texture": "#0"},
				"south": {"uv": [0, 0, 1, 1], "texture": "#0"},
				"west": {"uv": [0, 0, 1, 1], "texture": "#0"},
				"up": {"uv": [1, 1, 0, 0], "texture": "#0"},
				"down": {"uv": [1, 1, 0, 0], "texture": "#0"}
			}
		},
		{
			"name": "hexadecagon",
			"from": [7.4, 6.50054, 15],
			"to": [7.6, 6.69946, 16],
			"rotation": {"angle": -22.5, "axis": "x", "origin": [7.9, 6.6, 15.5]},
			"faces": {
				"north": {"uv": [0, 0, 1, 1], "texture": "#0"},
				"east": {"uv": [0, 0, 1, 1], "texture": "#0"},
				"south": {"uv": [0, 0, 1, 1], "texture": "#0"},
				"west": {"uv": [0, 0, 1, 1], "texture": "#0"},
				"up": {"uv": [1, 1, 0, 0], "texture": "#0"},
				"down": {"uv": [1, 1, 0, 0], "texture": "#0"}
			}
		},
		{
			"name": "hexadecagon",
			"from": [7.4, 6.50054, 15],
			"to": [7.6, 6.69946, 16],
			"rotation": {"angle": -45, "axis": "x", "origin": [7.9, 6.6, 15.5]},
			"faces": {
				"north": {"uv": [0, 0, 1, 1], "texture": "#0"},
				"east": {"uv": [0, 0, 1, 1], "texture": "#0"},
				"south": {"uv": [0, 0, 1, 1], "texture": "#0"},
				"west": {"uv": [0, 0, 1, 1], "texture": "#0"},
				"up": {"uv": [1, 1, 0, 0], "texture": "#0"},
				"down": {"uv": [1, 1, 0, 0], "texture": "#0"}
			}
		},
		{
			"name": "hexadecagon",
			"from": [7.4, 6.1, 15.40054],
			"to": [7.6, 7.1, 15.59946],
			"rotation": {"angle": 22.5, "axis": "x", "origin": [7.9, 6.6, 15.5]},
			"faces": {
				"north": {"uv": [0, 0, 1, 1], "texture": "#0"},
				"east": {"uv": [0, 0, 1, 1], "texture": "#0"},
				"south": {"uv": [0, 0, 1, 1], "texture": "#0"},
				"west": {"uv": [0, 0, 1, 1], "texture": "#0"},
				"up": {"uv": [1, 1, 0, 0], "texture": "#0"},
				"down": {"uv": [1, 1, 0, 0], "texture": "#0"}
			}
		},
		{
			"name": "hexadecagon",
			"from": [7.4, 6.1, 15.40054],
			"to": [7.6, 7.1, 15.59946],
			"faces": {
				"north": {"uv": [0, 0, 1, 1], "texture": "#0"},
				"east": {"uv": [0, 0, 1, 1], "texture": "#0"},
				"south": {"uv": [0, 0, 1, 1], "texture": "#0"},
				"west": {"uv": [0, 0, 1, 1], "texture": "#0"},
				"up": {"uv": [1, 1, 0, 0], "texture": "#0"},
				"down": {"uv": [1, 1, 0, 0], "texture": "#0"}
			}
		},
		{
			"name": "hexadecagon",
			"from": [7.4, 6.1, 15.40054],
			"to": [7.6, 7.1, 15.59946],
			"rotation": {"angle": -22.5, "axis": "x", "origin": [7.9, 6.6, 15.5]},
			"faces": {
				"north": {"uv": [0, 0, 1, 1], "texture": "#0"},
				"east": {"uv": [0, 0, 1, 1], "texture": "#0"},
				"south": {"uv": [0, 0, 1, 1], "texture": "#0"},
				"west": {"uv": [0, 0, 1, 1], "texture": "#0"},
				"up": {"uv": [1, 1, 0, 0], "texture": "#0"},
				"down": {"uv": [1, 1, 0, 0], "texture": "#0"}
			}
		},
		{
			"from": [7.6, 5.84219, 14.00897],
			"to": [8.4, 6.94219, 15.77897],
			"faces": {
				"north": {"uv": [0, 0, 0.8, 1.1], "texture": "#0"},
				"east": {"uv": [0, 0, 1.77, 1.1], "texture": "#0"},
				"south": {"uv": [0, 0, 0.8, 1.1], "texture": "#0"},
				"west": {"uv": [0, 0, 1.77, 1.1], "texture": "#0"},
				"up": {"uv": [0.8, 1.77, 0, 0], "texture": "#0"},
				"down": {"uv": [0.8, 1.77, 0, 0], "texture": "#0"}
			}
		},
		{
			"from": [7.6, 6.61494, 14.13374],
			"to": [8.4, 7.31494, 15.90374],
			"rotation": {"angle": -22.5, "axis": "x", "origin": [8, 6.46494, 15.01874]},
			"faces": {
				"north": {"uv": [0, 0, 0.8, 0.7], "texture": "#0"},
				"east": {"uv": [0, 0, 1.77, 0.7], "texture": "#0"},
				"south": {"uv": [0, 0, 0.8, 0.7], "texture": "#0"},
				"west": {"uv": [0, 0, 1.77, 0.7], "texture": "#0"},
				"up": {"uv": [0.8, 1.77, 0, 0], "texture": "#0"},
				"down": {"uv": [0.8, 1.77, 0, 0], "texture": "#0"}
			}
		},
		{
			"from": [7.6, 5.88891, 13.74109],
			"to": [8.4, 7.58891, 15.51109],
			"faces": {
				"north": {"uv": [0, 0, 0.8, 1.7], "texture": "#0"},
				"east": {"uv": [0, 0, 1.77, 1.7], "texture": "#0"},
				"south": {"uv": [0, 0, 0.8, 1.7], "texture": "#0"},
				"west": {"uv": [0, 0, 1.77, 1.7], "texture": "#0"},
				"up": {"uv": [0.8, 1.77, 0, 0], "texture": "#0"},
				"down": {"uv": [0.8, 1.77, 0, 0], "texture": "#0"}
			}
		},
		{
			"from": [8.4, 6.26574, 14.7386],
			"to": [8.6, 6.56574, 16.2086],
			"rotation": {"angle": 45, "axis": "x", "origin": [8, 5.81574, 13.7236]},
			"faces": {
				"north": {"uv": [0, 0, 0.2, 0.3], "texture": "#0"},
				"east": {"uv": [0, 0, 1.47, 0.3], "texture": "#0"},
				"south": {"uv": [0, 0, 0.2, 0.3], "texture": "#0"},
				"west": {"uv": [0, 0, 1.47, 0.3], "texture": "#0"},
				"up": {"uv": [0.2, 1.47, 0, 0], "texture": "#0"},
				"down": {"uv": [0.2, 1.47, 0, 0], "texture": "#0"}
			}
		},
		{
			"from": [7.4, 6.26574, 14.7386],
			"to": [7.6, 6.56574, 16.2086],
			"rotation": {"angle": 45, "axis": "x", "origin": [8, 5.81574, 13.7236]},
			"faces": {
				"north": {"uv": [0, 0, 0.2, 0.3], "texture": "#0"},
				"east": {"uv": [0, 0, 1.47, 0.3], "texture": "#0"},
				"south": {"uv": [0, 0, 0.2, 0.3], "texture": "#0"},
				"west": {"uv": [0, 0, 1.47, 0.3], "texture": "#0"},
				"up": {"uv": [0.2, 1.47, 0, 0], "texture": "#0"},
				"down": {"uv": [0.2, 1.47, 0, 0], "texture": "#0"}
			}
		},
		{
			"from": [7.6, 4.21494, 15.03374],
			"to": [8.4, 5.31494, 15.60374],
			"rotation": {"angle": -22.5, "axis": "x", "origin": [8, 6.46494, 15.31874]},
			"faces": {
				"north": {"uv": [0, 0, 0.8, 1.1], "texture": "#0"},
				"east": {"uv": [0, 0, 0.57, 1.1], "texture": "#0"},
				"south": {"uv": [0, 0, 0.8, 1.1], "texture": "#0"},
				"west": {"uv": [0, 0, 0.57, 1.1], "texture": "#0"},
				"up": {"uv": [0.8, 0.57, 0, 0], "texture": "#0"},
				"down": {"uv": [0.8, 0.57, 0, 0], "texture": "#0"}
			}
		},
		{
			"from": [7.6, 1.09527, 15.57308],
			"to": [8.4, 4.49527, 16.44308],
			"faces": {
				"north": {"uv": [0, 0, 0.8, 3.4], "texture": "#0"},
				"east": {"uv": [0, 0, 0.87, 3.4], "texture": "#0"},
				"south": {"uv": [0, 0, 0.8, 3.4], "texture": "#0"},
				"west": {"uv": [0, 0, 0.87, 3.4], "texture": "#0"},
				"up": {"uv": [0.8, 0.87, 0, 0], "texture": "#0"},
				"down": {"uv": [0.8, 0.87, 0, 0], "texture": "#0"}
			}
		},
		{
			"from": [7.6, 0.64094, 15.30269],
			"to": [8.4, 3.14094, 16.20269],
			"faces": {
				"north": {"uv": [0, 0, 0.8, 2.5], "texture": "#0"},
				"east": {"uv": [0, 0, 0.9, 2.5], "texture": "#0"},
				"south": {"uv": [0, 0, 0.8, 2.5], "texture": "#0"},
				"west": {"uv": [0, 0, 0.9, 2.5], "texture": "#0"},
				"up": {"uv": [0.8, 0.9, 0, 0], "texture": "#0"},
				"down": {"uv": [0.8, 0.9, 0, 0], "texture": "#0"}
			}
		},
		{
			"from": [7.6, -0.45906, 15.30269],
			"to": [8.4, 5.44094, 15.80269],
			"faces": {
				"north": {"uv": [0, 0, 0.8, 5.9], "texture": "#0"},
				"east": {"uv": [0, 0, 0.5, 5.9], "texture": "#0"},
				"south": {"uv": [0, 0, 0.8, 5.9], "texture": "#0"},
				"west": {"uv": [0, 0, 0.5, 5.9], "texture": "#0"},
				"up": {"uv": [0.8, 0.5, 0, 0], "texture": "#0"},
				"down": {"uv": [0.8, 0.5, 0, 0], "texture": "#0"}
			}
		},
		{
			"from": [7.6, -0.5832, 16.43486],
			"to": [8.4, 1.1168, 16.90486],
			"rotation": {"angle": 22.5, "axis": "x", "origin": [8, 2.2668, 16.61986]},
			"faces": {
				"north": {"uv": [0, 0, 0.8, 1.7], "texture": "#0"},
				"east": {"uv": [0, 0, 0.47, 1.7], "texture": "#0"},
				"south": {"uv": [0, 0, 0.8, 1.7], "texture": "#0"},
				"west": {"uv": [0, 0, 0.47, 1.7], "texture": "#0"},
				"up": {"uv": [0.8, 0.47, 0, 0], "texture": "#0"},
				"down": {"uv": [0.8, 0.47, 0, 0], "texture": "#0"}
			}
		},
		{
			"from": [7.7, 1.54094, 15.40269],
			"to": [8.3, 4.04094, 16.00269],
			"rotation": {"angle": 22.5, "axis": "x", "origin": [8, 3.19094, 16.38769]},
			"faces": {
				"north": {"uv": [0, 0, 0.6, 2.5], "texture": "#0"},
				"east": {"uv": [0, 0, 0.6, 2.5], "texture": "#0"},
				"south": {"uv": [0, 0, 0.6, 2.5], "texture": "#0"},
				"west": {"uv": [0, 0, 0.6, 2.5], "texture": "#0"},
				"up": {"uv": [0.6, 0.6, 0, 0], "texture": "#0"},
				"down": {"uv": [0.6, 0.6, 0, 0], "texture": "#0"}
			}
		},
		{
			"from": [7.7, 1.47932, 12.83827],
			"to": [8.3, 2.17932, 15.43827],
			"rotation": {"angle": 45, "axis": "x", "origin": [8, 3.12932, 15.82327]},
			"faces": {
				"north": {"uv": [0, 0, 0.6, 0.7], "texture": "#0"},
				"east": {"uv": [0, 0, 2.6, 0.7], "texture": "#0"},
				"south": {"uv": [0, 0, 0.6, 0.7], "texture": "#0"},
				"west": {"uv": [0, 0, 2.6, 0.7], "texture": "#0"},
				"up": {"uv": [0.6, 2.6, 0, 0], "texture": "#0"},
				"down": {"uv": [0.6, 2.6, 0, 0], "texture": "#0"}
			}
		},
		{
			"from": [7.7, 3.69199, 10.71016],
			"to": [8.3, 4.19199, 13.31016],
			"rotation": {"angle": 22.5, "axis": "x", "origin": [8, 5.34199, 13.69516]},
			"faces": {
				"north": {"uv": [0, 0, 0.6, 0.5], "texture": "#0"},
				"east": {"uv": [0, 0, 2.6, 0.5], "texture": "#0"},
				"south": {"uv": [0, 0, 0.6, 0.5], "texture": "#0"},
				"west": {"uv": [0, 0, 2.6, 0.5], "texture": "#0"},
				"up": {"uv": [0.6, 2.6, 0, 0], "texture": "#0"},
				"down": {"uv": [0.6, 2.6, 0, 0], "texture": "#0"}
			}
		},
		{
			"from": [7.7, 2.59527, 14.07308],
			"to": [8.3, 3.19527, 15.44308],
			"faces": {
				"north": {"uv": [0, 0, 0.6, 0.6], "texture": "#0"},
				"east": {"uv": [0, 0, 1.37, 0.6], "texture": "#0"},
				"south": {"uv": [0, 0, 0.6, 0.6], "texture": "#0"},
				"west": {"uv": [0, 0, 1.37, 0.6], "texture": "#0"},
				"up": {"uv": [0.6, 1.37, 0, 0], "texture": "#0"},
				"down": {"uv": [0.6, 1.37, 0, 0], "texture": "#0"}
			}
		},
		{
			"from": [7.7, 4.19527, 12.77308],
			"to": [8.3, 4.79527, 15.64308],
			"faces": {
				"north": {"uv": [0, 0, 0.6, 0.6], "texture": "#0"},
				"east": {"uv": [0, 0, 2.87, 0.6], "texture": "#0"},
				"south": {"uv": [0, 0, 0.6, 0.6], "texture": "#0"},
				"west": {"uv": [0, 0, 2.87, 0.6], "texture": "#0"},
				"up": {"uv": [0.6, 2.87, 0, 0], "texture": "#0"},
				"down": {"uv": [0.6, 2.87, 0, 0], "texture": "#0"}
			}
		},
		{
			"from": [7.7, 1.54094, 14.90269],
			"to": [8.3, 2.44094, 16.00269],
			"rotation": {"angle": 22.5, "axis": "x", "origin": [8, 3.19094, 16.38769]},
			"faces": {
				"north": {"uv": [0, 0, 0.6, 0.9], "texture": "#0"},
				"east": {"uv": [0, 0, 1.1, 0.9], "texture": "#0"},
				"south": {"uv": [0, 0, 0.6, 0.9], "texture": "#0"},
				"west": {"uv": [0, 0, 1.1, 0.9], "texture": "#0"},
				"up": {"uv": [0.6, 1.1, 0, 0], "texture": "#0"},
				"down": {"uv": [0.6, 1.1, 0, 0], "texture": "#0"}
			}
		},
		{
			"from": [7.6, 3.34094, 15.30269],
			"to": [8.4, 5.44094, 16.00269],
			"faces": {
				"north": {"uv": [0, 0, 0.8, 2.1], "texture": "#0"},
				"east": {"uv": [0, 0, 0.7, 2.1], "texture": "#0"},
				"south": {"uv": [0, 0, 0.8, 2.1], "texture": "#0"},
				"west": {"uv": [0, 0, 0.7, 2.1], "texture": "#0"},
				"up": {"uv": [0.8, 0.7, 0, 0], "texture": "#0"},
				"down": {"uv": [0.8, 0.7, 0, 0], "texture": "#0"}
			}
		},
		{
			"from": [7.6, 4.41154, 13.92213],
			"to": [8.4, 5.51154, 16.02213],
			"faces": {
				"north": {"uv": [0, 0, 0.8, 1.1], "texture": "#0"},
				"east": {"uv": [0, 0, 2.1, 1.1], "texture": "#0"},
				"south": {"uv": [0, 0, 0.8, 1.1], "texture": "#0"},
				"west": {"uv": [0, 0, 2.1, 1.1], "texture": "#0"},
				"up": {"uv": [0.8, 2.1, 0, 0], "texture": "#0"},
				"down": {"uv": [0.8, 2.1, 0, 0], "texture": "#0"}
			}
		},
		{
			"name": "hexadecagon",
			"from": [7.92044, 5.9, -3.7],
			"to": [8.07956, 5.95, 7.3],
			"rotation": {"angle": 45, "axis": "z", "origin": [8, 6.3, 6.8]},
			"faces": {
				"north": {"uv": [0, 0, 1, 1], "texture": "#0"},
				"east": {"uv": [0, 0, 1, 1], "texture": "#0"},
				"south": {"uv": [0, 0, 1, 1], "texture": "#0"},
				"west": {"uv": [0, 0, 1, 1], "texture": "#0"},
				"up": {"uv": [1, 1, 0, 0], "texture": "#0"},
				"down": {"uv": [1, 1, 0, 0], "texture": "#0"}
			}
		},
		{
			"name": "hexadecagon",
			"from": [7.92044, 5.9, -3.7],
			"to": [8.07956, 5.95, 7.3],
			"rotation": {"angle": 22.5, "axis": "z", "origin": [8, 6.3, 6.8]},
			"faces": {
				"north": {"uv": [0, 0, 1, 1], "texture": "#0"},
				"east": {"uv": [0, 0, 1, 1], "texture": "#0"},
				"south": {"uv": [0, 0, 1, 1], "texture": "#0"},
				"west": {"uv": [0, 0, 1, 1], "texture": "#0"},
				"up": {"uv": [1, 1, 0, 0], "texture": "#0"},
				"down": {"uv": [1, 1, 0, 0], "texture": "#0"}
			}
		},
		{
			"name": "hexadecagon",
			"from": [7.92044, 5.9, -3.7],
			"to": [8.07956, 5.95, 7.3],
			"faces": {
				"north": {"uv": [0, 0, 1, 1], "texture": "#0"},
				"east": {"uv": [0, 0, 1, 1], "texture": "#0"},
				"south": {"uv": [0, 0, 1, 1], "texture": "#0"},
				"west": {"uv": [0, 0, 1, 1], "texture": "#0"},
				"up": {"uv": [1, 1, 0, 0], "texture": "#0"},
				"down": {"uv": [1, 1, 0, 0], "texture": "#0"}
			}
		},
		{
			"name": "hexadecagon",
			"from": [7.92044, 5.9, -3.7],
			"to": [8.07956, 5.95, 7.3],
			"rotation": {"angle": -22.5, "axis": "z", "origin": [8, 6.3, 6.8]},
			"faces": {
				"north": {"uv": [0, 0, 1, 1], "texture": "#0"},
				"east": {"uv": [0, 0, 1, 1], "texture": "#0"},
				"south": {"uv": [0, 0, 1, 1], "texture": "#0"},
				"west": {"uv": [0, 0, 1, 1], "texture": "#0"},
				"up": {"uv": [1, 1, 0, 0], "texture": "#0"},
				"down": {"uv": [1, 1, 0, 0], "texture": "#0"}
			}
		},
		{
			"name": "hexadecagon",
			"from": [7.92044, 5.9, -3.7],
			"to": [8.07956, 5.95, 7.3],
			"rotation": {"angle": -45, "axis": "z", "origin": [8, 6.3, 6.8]},
			"faces": {
				"north": {"uv": [0, 0, 1, 1], "texture": "#0"},
				"east": {"uv": [0, 0, 1, 1], "texture": "#0"},
				"south": {"uv": [0, 0, 1, 1], "texture": "#0"},
				"west": {"uv": [0, 0, 1, 1], "texture": "#0"},
				"up": {"uv": [1, 1, 0, 0], "texture": "#0"},
				"down": {"uv": [1, 1, 0, 0], "texture": "#0"}
			}
		},
		{
			"name": "hexadecagon",
			"from": [7.92044, 6.65, -3.7],
			"to": [8.07956, 6.7, 7.3],
			"rotation": {"angle": 45, "axis": "z", "origin": [8, 6.3, 6.8]},
			"faces": {
				"north": {"uv": [0, 0, 1, 1], "texture": "#0"},
				"east": {"uv": [0, 0, 1, 1], "texture": "#0"},
				"south": {"uv": [0, 0, 1, 1], "texture": "#0"},
				"west": {"uv": [0, 0, 1, 1], "texture": "#0"},
				"up": {"uv": [1, 1, 0, 0], "texture": "#0"},
				"down": {"uv": [1, 1, 0, 0], "texture": "#0"}
			}
		},
		{
			"name": "hexadecagon",
			"from": [7.92044, 6.65, -3.7],
			"to": [8.07956, 6.7, 7.3],
			"rotation": {"angle": 22.5, "axis": "z", "origin": [8, 6.3, 6.8]},
			"faces": {
				"north": {"uv": [0, 0, 1, 1], "texture": "#0"},
				"east": {"uv": [0, 0, 1, 1], "texture": "#0"},
				"south": {"uv": [0, 0, 1, 1], "texture": "#0"},
				"west": {"uv": [0, 0, 1, 1], "texture": "#0"},
				"up": {"uv": [1, 1, 0, 0], "texture": "#0"},
				"down": {"uv": [1, 1, 0, 0], "texture": "#0"}
			}
		},
		{
			"name": "hexadecagon",
			"from": [7.92044, 6.65, -3.7],
			"to": [8.07956, 6.7, 7.3],
			"faces": {
				"north": {"uv": [0, 0, 1, 1], "texture": "#0"},
				"east": {"uv": [0, 0, 1, 1], "texture": "#0"},
				"south": {"uv": [0, 0, 1, 1], "texture": "#0"},
				"west": {"uv": [0, 0, 1, 1], "texture": "#0"},
				"up": {"uv": [1, 1, 0, 0], "texture": "#0"},
				"down": {"uv": [1, 1, 0, 0], "texture": "#0"}
			}
		},
		{
			"name": "hexadecagon",
			"from": [7.92044, 6.65, -3.7],
			"to": [8.07956, 6.7, 7.3],
			"rotation": {"angle": -22.5, "axis": "z", "origin": [8, 6.3, 6.8]},
			"faces": {
				"north": {"uv": [0, 0, 1, 1], "texture": "#0"},
				"east": {"uv": [0, 0, 1, 1], "texture": "#0"},
				"south": {"uv": [0, 0, 1, 1], "texture": "#0"},
				"west": {"uv": [0, 0, 1, 1], "texture": "#0"},
				"up": {"uv": [1, 1, 0, 0], "texture": "#0"},
				"down": {"uv": [1, 1, 0, 0], "texture": "#0"}
			}
		},
		{
			"name": "hexadecagon",
			"from": [7.92044, 6.65, -3.7],
			"to": [8.07956, 6.7, 7.3],
			"rotation": {"angle": -45, "axis": "z", "origin": [8, 6.3, 6.8]},
			"faces": {
				"north": {"uv": [0, 0, 1, 1], "texture": "#0"},
				"east": {"uv": [0, 0, 1, 1], "texture": "#0"},
				"south": {"uv": [0, 0, 1, 1], "texture": "#0"},
				"west": {"uv": [0, 0, 1, 1], "texture": "#0"},
				"up": {"uv": [1, 1, 0, 0], "texture": "#0"},
				"down": {"uv": [1, 1, 0, 0], "texture": "#0"}
			}
		},
		{
			"name": "hexadecagon",
			"from": [8.35, 6.22044, -3.7],
			"to": [8.4, 6.37956, 7.3],
			"rotation": {"angle": 22.5, "axis": "z", "origin": [8, 6.3, 6.8]},
			"faces": {
				"north": {"uv": [0, 0, 1, 1], "texture": "#0"},
				"east": {"uv": [0, 0, 1, 1], "texture": "#0"},
				"south": {"uv": [0, 0, 1, 1], "texture": "#0"},
				"west": {"uv": [0, 0, 1, 1], "texture": "#0"},
				"up": {"uv": [1, 1, 0, 0], "texture": "#0"},
				"down": {"uv": [1, 1, 0, 0], "texture": "#0"}
			}
		},
		{
			"name": "hexadecagon",
			"from": [8.35, 6.22044, -3.7],
			"to": [8.4, 6.37956, 7.3],
			"faces": {
				"north": {"uv": [0, 0, 1, 1], "texture": "#0"},
				"east": {"uv": [0, 0, 1, 1], "texture": "#0"},
				"south": {"uv": [0, 0, 1, 1], "texture": "#0"},
				"west": {"uv": [0, 0, 1, 1], "texture": "#0"},
				"up": {"uv": [1, 1, 0, 0], "texture": "#0"},
				"down": {"uv": [1, 1, 0, 0], "texture": "#0"}
			}
		},
		{
			"name": "hexadecagon",
			"from": [8.35, 6.22044, -3.7],
			"to": [8.4, 6.37956, 7.3],
			"rotation": {"angle": -22.5, "axis": "z", "origin": [8, 6.3, 6.8]},
			"faces": {
				"north": {"uv": [0, 0, 1, 1], "texture": "#0"},
				"east": {"uv": [0, 0, 1, 1], "texture": "#0"},
				"south": {"uv": [0, 0, 1, 1], "texture": "#0"},
				"west": {"uv": [0, 0, 1, 1], "texture": "#0"},
				"up": {"uv": [1, 1, 0, 0], "texture": "#0"},
				"down": {"uv": [1, 1, 0, 0], "texture": "#0"}
			}
		},
		{
			"name": "hexadecagon",
			"from": [7.6, 6.22044, -3.7],
			"to": [7.65, 6.37956, 7.3],
			"rotation": {"angle": 22.5, "axis": "z", "origin": [8, 6.3, 6.8]},
			"faces": {
				"north": {"uv": [0, 0, 1, 1], "texture": "#0"},
				"east": {"uv": [0, 0, 1, 1], "texture": "#0"},
				"south": {"uv": [0, 0, 1, 1], "texture": "#0"},
				"west": {"uv": [0, 0, 1, 1], "texture": "#0"},
				"up": {"uv": [1, 1, 0, 0], "texture": "#0"},
				"down": {"uv": [1, 1, 0, 0], "texture": "#0"}
			}
		},
		{
			"name": "hexadecagon",
			"from": [7.6, 6.22044, -3.7],
			"to": [7.65, 6.37956, 7.3],
			"faces": {
				"north": {"uv": [0, 0, 1, 1], "texture": "#0"},
				"east": {"uv": [0, 0, 1, 1], "texture": "#0"},
				"south": {"uv": [0, 0, 1, 1], "texture": "#0"},
				"west": {"uv": [0, 0, 1, 1], "texture": "#0"},
				"up": {"uv": [1, 1, 0, 0], "texture": "#0"},
				"down": {"uv": [1, 1, 0, 0], "texture": "#0"}
			}
		},
		{
			"name": "hexadecagon",
			"from": [7.6, 6.22044, -3.7],
			"to": [7.65, 6.37956, 7.3],
			"rotation": {"angle": -22.5, "axis": "z", "origin": [8, 6.3, 6.8]},
			"faces": {
				"north": {"uv": [0, 0, 1, 1], "texture": "#0"},
				"east": {"uv": [0, 0, 1, 1], "texture": "#0"},
				"south": {"uv": [0, 0, 1, 1], "texture": "#0"},
				"west": {"uv": [0, 0, 1, 1], "texture": "#0"},
				"up": {"uv": [1, 1, 0, 0], "texture": "#0"},
				"down": {"uv": [1, 1, 0, 0], "texture": "#0"}
			}
		},
		{
			"name": "hexadecagon",
			"from": [7.87906, 5.752, -1.668],
			"to": [8.12094, 6.968, -0.008],
			"rotation": {"angle": 45, "axis": "z", "origin": [8, 6.36, -0.788]},
			"faces": {
				"north": {"uv": [0, 0, 1, 1], "texture": "#0"},
				"east": {"uv": [0, 0, 1, 1], "texture": "#0"},
				"south": {"uv": [0, 0, 1, 1], "texture": "#0"},
				"west": {"uv": [0, 0, 1, 1], "texture": "#0"},
				"up": {"uv": [1, 1, 0, 0], "texture": "#0"},
				"down": {"uv": [1, 1, 0, 0], "texture": "#0"}
			}
		},
		{
			"name": "hexadecagon",
			"from": [7.87906, 5.752, -1.668],
			"to": [8.12094, 6.968, -0.008],
			"rotation": {"angle": 22.5, "axis": "z", "origin": [8, 6.36, -0.788]},
			"faces": {
				"north": {"uv": [0, 0, 1, 1], "texture": "#0"},
				"east": {"uv": [0, 0, 1, 1], "texture": "#0"},
				"south": {"uv": [0, 0, 1, 1], "texture": "#0"},
				"west": {"uv": [0, 0, 1, 1], "texture": "#0"},
				"up": {"uv": [1, 1, 0, 0], "texture": "#0"},
				"down": {"uv": [1, 1, 0, 0], "texture": "#0"}
			}
		},
		{
			"name": "hexadecagon",
			"from": [7.87906, 5.752, -1.668],
			"to": [8.12094, 6.968, -0.008],
			"faces": {
				"north": {"uv": [0, 0, 1, 1], "texture": "#0"},
				"east": {"uv": [0, 0, 1, 1], "texture": "#0"},
				"south": {"uv": [0, 0, 1, 1], "texture": "#0"},
				"west": {"uv": [0, 0, 1, 1], "texture": "#0"},
				"up": {"uv": [1, 1, 0, 0], "texture": "#0"},
				"down": {"uv": [1, 1, 0, 0], "texture": "#0"}
			}
		},
		{
			"name": "hexadecagon",
			"from": [7.87906, 5.752, -1.668],
			"to": [8.12094, 6.968, -0.008],
			"rotation": {"angle": -22.5, "axis": "z", "origin": [8, 6.36, -0.788]},
			"faces": {
				"north": {"uv": [0, 0, 1, 1], "texture": "#0"},
				"east": {"uv": [0, 0, 1, 1], "texture": "#0"},
				"south": {"uv": [0, 0, 1, 1], "texture": "#0"},
				"west": {"uv": [0, 0, 1, 1], "texture": "#0"},
				"up": {"uv": [1, 1, 0, 0], "texture": "#0"},
				"down": {"uv": [1, 1, 0, 0], "texture": "#0"}
			}
		},
		{
			"name": "hexadecagon",
			"from": [7.87906, 5.752, -1.668],
			"to": [8.12094, 6.968, -0.008],
			"rotation": {"angle": -45, "axis": "z", "origin": [8, 6.36, -0.788]},
			"faces": {
				"north": {"uv": [0, 0, 1, 1], "texture": "#0"},
				"east": {"uv": [0, 0, 1, 1], "texture": "#0"},
				"south": {"uv": [0, 0, 1, 1], "texture": "#0"},
				"west": {"uv": [0, 0, 1, 1], "texture": "#0"},
				"up": {"uv": [1, 1, 0, 0], "texture": "#0"},
				"down": {"uv": [1, 1, 0, 0], "texture": "#0"}
			}
		},
		{
			"name": "hexadecagon",
			"from": [7.392, 6.23906, -1.668],
			"to": [8.608, 6.48094, -0.008],
			"rotation": {"angle": 22.5, "axis": "z", "origin": [8, 6.36, -0.788]},
			"faces": {
				"north": {"uv": [0, 0, 1, 1], "texture": "#0"},
				"east": {"uv": [0, 0, 1, 1], "texture": "#0"},
				"south": {"uv": [0, 0, 1, 1], "texture": "#0"},
				"west": {"uv": [0, 0, 1, 1], "texture": "#0"},
				"up": {"uv": [1, 1, 0, 0], "texture": "#0"},
				"down": {"uv": [1, 1, 0, 0], "texture": "#0"}
			}
		},
		{
			"name": "hexadecagon",
			"from": [7.392, 6.23906, -1.668],
			"to": [8.608, 6.48094, -0.008],
			"faces": {
				"north": {"uv": [0, 0, 1, 1], "texture": "#0"},
				"east": {"uv": [0, 0, 1, 1], "texture": "#0"},
				"south": {"uv": [0, 0, 1, 1], "texture": "#0"},
				"west": {"uv": [0, 0, 1, 1], "texture": "#0"},
				"up": {"uv": [1, 1, 0, 0], "texture": "#0"},
				"down": {"uv": [1, 1, 0, 0], "texture": "#0"}
			}
		},
		{
			"name": "hexadecagon",
			"from": [7.392, 6.23906, -1.668],
			"to": [8.608, 6.48094, -0.008],
			"rotation": {"angle": -22.5, "axis": "z", "origin": [8, 6.36, -0.788]},
			"faces": {
				"north": {"uv": [0, 0, 1, 1], "texture": "#0"},
				"east": {"uv": [0, 0, 1, 1], "texture": "#0"},
				"south": {"uv": [0, 0, 1, 1], "texture": "#0"},
				"west": {"uv": [0, 0, 1, 1], "texture": "#0"},
				"up": {"uv": [1, 1, 0, 0], "texture": "#0"},
				"down": {"uv": [1, 1, 0, 0], "texture": "#0"}
			}
		},
		{
			"from": [7.81213, 3.3, 6.93787],
			"to": [8.21213, 5.6, 7.13787],
			"faces": {
				"north": {"uv": [0, 0, 0.4, 2.3], "texture": "#2"},
				"east": {"uv": [0, 0, 0.2, 2.3], "texture": "#2"},
				"south": {"uv": [0, 0, 0.4, 2.3], "texture": "#2"},
				"west": {"uv": [0, 0, 0.2, 2.3], "texture": "#2"},
				"up": {"uv": [0.4, 0.2, 0, 0], "texture": "#2"},
				"down": {"uv": [0.4, 0.2, 0, 0], "texture": "#2"}
			}
		},
		{
			"from": [7.81213, 5.09882, 5.68115],
			"to": [8.21213, 5.24882, 6.58115],
			"rotation": {"angle": -22.5, "axis": "x", "origin": [8.01213, 5.59882, 11.38115]},
			"faces": {
				"north": {"uv": [0, 0, 0.4, 0.15], "texture": "#2"},
				"east": {"uv": [0, 0, 0.15, 0.9], "rotation": 270, "texture": "#2"},
				"south": {"uv": [0, 0, 0.4, 0.15], "rotation": 180, "texture": "#2"},
				"west": {"uv": [0, 0, 0.15, 0.9], "rotation": 90, "texture": "#2"},
				"up": {"uv": [0.4, 0.9, 0, 0], "texture": "#2"},
				"down": {"uv": [0.4, 0.9, 0, 0], "rotation": 180, "texture": "#2"}
			}
		},
		{
			"from": [7.81213, 2.95558, 5.40638],
			"to": [8.21213, 3.10558, 6.30638],
			"faces": {
				"north": {"uv": [0, 0, 0.4, 0.15], "texture": "#2"},
				"east": {"uv": [0, 0, 0.15, 0.9], "rotation": 270, "texture": "#2"},
				"south": {"uv": [0, 0, 0.4, 0.15], "rotation": 180, "texture": "#2"},
				"west": {"uv": [0, 0, 0.15, 0.9], "rotation": 90, "texture": "#2"},
				"up": {"uv": [0.4, 0.9, 0, 0], "texture": "#2"},
				"down": {"uv": [0.4, 0.9, 0, 0], "rotation": 180, "texture": "#2"}
			}
		},
		{
			"from": [7.81213, 3.25182, 4.69121],
			"to": [8.21213, 3.40182, 5.59121],
			"rotation": {"angle": 45, "axis": "x", "origin": [8.01213, 3.32682, 5.14121]},
			"faces": {
				"north": {"uv": [0, 0, 0.4, 0.15], "texture": "#2"},
				"east": {"uv": [0, 0, 0.15, 0.9], "rotation": 270, "texture": "#2"},
				"south": {"uv": [0, 0, 0.4, 0.15], "rotation": 180, "texture": "#2"},
				"west": {"uv": [0, 0, 0.15, 0.9], "rotation": 90, "texture": "#2"},
				"up": {"uv": [0.4, 0.9, 0, 0], "texture": "#2"},
				"down": {"uv": [0.4, 0.9, 0, 0], "rotation": 180, "texture": "#2"}
			}
		},
		{
			"from": [7.81213, 3.59198, 4.76998],
			"to": [8.21213, 5.89198, 4.96998],
			"faces": {
				"north": {"uv": [0, 0, 0.4, 2.3], "texture": "#2"},
				"east": {"uv": [0, 0, 0.2, 2.3], "texture": "#2"},
				"south": {"uv": [0, 0, 0.4, 2.3], "texture": "#2"},
				"west": {"uv": [0, 0, 0.2, 2.3], "texture": "#2"},
				"up": {"uv": [0.4, 0.2, 0, 0], "texture": "#2"},
				"down": {"uv": [0.4, 0.2, 0, 0], "texture": "#2"}
			}
		},
		{
			"from": [7.2, 6.08891, 5.24109],
			"to": [8.8, 6.38891, 9.81109],
			"faces": {
				"north": {"uv": [0, 0, 1.6, 0.3], "texture": "#0"},
				"east": {"uv": [0, 0, 4.57, 0.3], "texture": "#0"},
				"south": {"uv": [0, 0, 1.6, 0.3], "texture": "#0"},
				"west": {"uv": [0, 0, 4.57, 0.3], "texture": "#0"},
				"up": {"uv": [1.6, 4.57, 0, 0], "texture": "#0"},
				"down": {"uv": [1.6, 4.57, 0, 0], "texture": "#0"}
			}
		},
		{
			"from": [7.2, 6.58891, 5.24109],
			"to": [8.8, 6.88891, 9.81109],
			"faces": {
				"north": {"uv": [0, 0, 1.6, 0.3], "texture": "#0"},
				"east": {"uv": [0, 0, 4.57, 0.3], "texture": "#0"},
				"south": {"uv": [0, 0, 1.6, 0.3], "texture": "#0"},
				"west": {"uv": [0, 0, 4.57, 0.3], "texture": "#0"},
				"up": {"uv": [1.6, 4.57, 0, 0], "texture": "#0"},
				"down": {"uv": [1.6, 4.57, 0, 0], "texture": "#0"}
			}
		},
		{
			"from": [7.2, 6.08891, 10.64109],
			"to": [8.8, 6.38891, 12.81109],
			"faces": {
				"north": {"uv": [0, 0, 1.6, 0.3], "texture": "#0"},
				"east": {"uv": [0, 0, 2.17, 0.3], "texture": "#0"},
				"south": {"uv": [0, 0, 1.6, 0.3], "texture": "#0"},
				"west": {"uv": [0, 0, 2.17, 0.3], "texture": "#0"},
				"up": {"uv": [1.6, 2.17, 0, 0], "texture": "#0"},
				"down": {"uv": [1.6, 2.17, 0, 0], "texture": "#0"}
			}
		},
		{
			"from": [7.2, 6.58891, 10.64109],
			"to": [8.8, 6.88891, 12.81109],
			"faces": {
				"north": {"uv": [0, 0, 1.6, 0.3], "texture": "#0"},
				"east": {"uv": [0, 0, 2.17, 0.3], "texture": "#0"},
				"south": {"uv": [0, 0, 1.6, 0.3], "texture": "#0"},
				"west": {"uv": [0, 0, 2.17, 0.3], "texture": "#0"},
				"up": {"uv": [1.6, 2.17, 0, 0], "texture": "#0"},
				"down": {"uv": [1.6, 2.17, 0, 0], "texture": "#0"}
			}
		}
	],
	"display": {
		"thirdperson_righthand": {
			"translation": [0, 2, 1],
			"scale": [0.56, 0.57, 0.57]
		},
		"firstperson_righthand": {
			"translation": [-3.75, 4.75, 0]
		},
		"ground": {
			"translation": [0, 10.5, 0]
		},
		"gui": {
			"rotation": [18, 61, 0],
			"translation": [1, 3, 0],
			"scale": [0.8, 0.79, 0.79]
		},
		"fixed": {
			"rotation": [88, -52, 85],
			"translation": [-3.25, 2.25, -1.25]
		}
	},
	"groups": [0, 1, 2, 3, 4, 5, 6, 7, 8, 9, 10, 11, 12, 13, 14, 15, 16, 17, 18, 19, 20, 21, 22, 23, 24, 25, 26, 27, 28, 29, 30, 31, 32, 33, 34, 35, 36, 37, 38, 39, 40, 41, 42, 43, 44,
		{
			"name": "hexadecagon",
			"children": [45, 46, 47, 48, 49, 50, 51, 52, 53, 54, 55, 56, 57, 58, 59, 60, 61, 62, 63, 64, 65, 66, 67, 68, 69, 70, 71, 72, 73, 74, 75, 76]
		}, 77,
		{
			"name": "hexadecagon",
			"children": [78, 79, 80, 81, 82, 83, 84, 85]
		},
		{
			"name": "hexadecagon2",
			"children": [86, 87, 88, 89, 90, 91, 92, 93]
		}, 94, 95, 96, 97, 98, 99, 100, 101, 102, 103, 104, 105, 106, 107, 108, 109, 110, 111,
		{
			"name": "hexadecagon",
			"children": [112, 113, 114, 115, 116, 117, 118, 119, 120, 121, 122, 123, 124, 125, 126, 127]
		},
		{
			"name": "hexadecagon",
			"children": [128, 129, 130, 131, 132, 133, 134, 135]
		}, 136, 137, 138, 139, 140, 141, 142, 143, 144]
}