{
	"credit": "Made with Blockbench",
	"textures": {
		"0": "items/mi0711",
		"particle": "items/mi0711"
	},
	"elements": [
		{
			"name": "steve_right_leg",
			"from": [4, -0.5, 6],
			"to": [8, 11.5, 10],
			"faces": {
				"north": {"uv": [3.01, 5.01, 3.99, 7.99], "texture": "#0"},
				"east": {"uv": [2.01, 5.01, 2.99, 7.99], "texture": "#0"},
				"south": {"uv": [1.01, 5.01, 1.99, 7.99], "texture": "#0"},
				"west": {"uv": [0.01, 5.01, 0.99, 7.99], "texture": "#0"},
				"up": {"uv": [1.01, 4.01, 1.99, 4.99], "texture": "#0"},
				"down": {"uv": [2.01, 4.99, 2.99, 4.01], "texture": "#0"}
			}
		},
		{
			"name": "steve_left_leg",
			"from": [8, -0.5, 6],
			"to": [12, 11.5, 10],
			"faces": {
				"north": {"uv": [8.01, 13.01, 6.99, 15.99], "texture": "#0"},
				"east": {"uv": [6.01, 13.01, 6.99, 15.99], "texture": "#0"},
				"south": {"uv": [5.01, 13.01, 5.99, 15.99], "texture": "#0"},
				"west": {"uv": [4.01, 13.01, 4.99, 15.99], "texture": "#0"},
				"up": {"uv": [5.01, 12.01, 5.99, 12.99], "texture": "#0"},
				"down": {"uv": [6.01, 12.99, 6.99, 12.01], "texture": "#0"}
			}
		},
		{
			"name": "steve_body",
			"from": [4, 11.5, 6],
			"to": [12, 23.5, 10],
			"faces": {
				"north": {"uv": [8.01, 5.01, 9.99, 7.99], "texture": "#0"},
				"east": {"uv": [7.01, 5.01, 7.99, 7.99], "texture": "#0"},
				"south": {"uv": [5.01, 5.01, 6.99, 7.99], "texture": "#0"},
				"west": {"uv": [4.01, 5.01, 4.99, 7.99], "texture": "#0"},
				"up": {"uv": [5.01, 4.01, 6.99, 4.99], "texture": "#0"},
				"down": {"uv": [7.01, 4.99, 8.99, 4.01], "texture": "#0"}
			}
		},
		{
			"name": "steve_head",
			"from": [4, 23.5, 4],
			"to": [12, 31.5, 12],
			"faces": {
				"north": {"uv": [6.00938, 2.00938, 7.98906, 3.98906], "texture": "#0"},
				"east": {"uv": [4.01, 2.01, 5.99, 3.99], "texture": "#0"},
				"south": {"uv": [2.01, 2.01, 3.99, 3.99], "texture": "#0"},
				"west": {"uv": [0.01, 2.01, 1.99, 3.99], "texture": "#0"},
				"up": {"uv": [2.01, 0.01, 3.99, 1.99], "texture": "#0"},
				"down": {"uv": [4.01, 1.99, 5.99, 0.01], "texture": "#0"}
			}
		},
		{
			"name": "steve_right_arm",
			"from": [0, 11.5, 6],
			"to": [4, 23.5, 10],
			"faces": {
				"north": {"uv": [13.01, 5.01, 13.99, 7.99], "texture": "#0"},
				"east": {"uv": [12.01, 5.01, 12.99, 7.99], "texture": "#0"},
				"south": {"uv": [11.01, 5.01, 11.99, 7.99], "texture": "#0"},
				"west": {"uv": [10.01, 5.01, 10.99, 7.99], "texture": "#0"},
				"up": {"uv": [11.01, 4.01, 11.99, 4.99], "texture": "#0"},
				"down": {"uv": [12.01, 4.99, 12.99, 4.01], "texture": "#0"}
			}
		},
		{
			"name": "steve_left_arm",
			"from": [12, 11.5, 6],
			"to": [16, 23.5, 10],
			"faces": {
				"north": {"uv": [11.01, 13.01, 11.99, 15.99], "texture": "#0"},
				"east": {"uv": [10.01, 13.01, 10.99, 15.99], "texture": "#0"},
				"south": {"uv": [9.01, 13.01, 9.99, 15.99], "texture": "#0"},
				"west": {"uv": [8.01, 13.01, 8.99, 15.99], "texture": "#0"},
				"up": {"uv": [9.01, 12.01, 9.99, 12.99], "texture": "#0"},
				"down": {"uv": [10.01, 12.99, 10.99, 12.01], "texture": "#0"}
			}
		},
		{
			"name": "steve_head_2nd_layer",
			"from": [3.5, 23, 3.5],
			"to": [12.5, 32, 12.5],
			"faces": {
				"north": {"uv": [14.01, 2.01, 15.99, 3.99], "texture": "#0"},
				"east": {"uv": [12.01, 2.01, 13.99, 3.99], "texture": "#0"},
				"south": {"uv": [10.01, 2.01, 11.99, 3.99], "texture": "#0"},
				"west": {"uv": [8.01, 2.01, 9.99, 3.99], "texture": "#0"},
				"up": {"uv": [10.01, 0.01, 11.99, 1.99], "texture": "#0"},
				"down": {"uv": [12.01, 1.99, 13.99, 0.01], "texture": "#0"}
			}
		},
		{
			"name": "steve_body_2nd_layer",
			"from": [4, 11.02, 5.51],
			"to": [12, 24.03, 10.51],
			"faces": {
				"north": {"uv": [8.01, 9.01, 9.99, 11.99], "texture": "#0"},
				"east": {"uv": [7.01, 9.01, 7.99, 11.99], "texture": "#0"},
				"south": {"uv": [5.01, 9.01, 6.99, 11.99], "texture": "#0"},
				"west": {"uv": [4.01, 9.01, 4.99, 11.99], "texture": "#0"},
				"up": {"uv": [5.01, 8.01, 6.99, 8.99], "texture": "#0"},
				"down": {"uv": [7.01, 8.99, 8.99, 8.01], "texture": "#0"}
			}
		},
		{
			"name": "steve_right_arm_2nd_layer",
			"from": [-0.5, 11, 5.5],
			"to": [4.49, 24, 10.5],
			"faces": {
				"north": {"uv": [13.01, 9.01, 13.99, 11.99], "texture": "#0"},
				"east": {"uv": [12, 9, 12.97969, 11.97969], "texture": "#0"},
				"south": {"uv": [11.01, 9.01, 11.99, 11.99], "texture": "#0"},
				"west": {"uv": [10.01, 9.01, 10.99, 11.99], "texture": "#0"},
				"up": {"uv": [11.01, 8.01, 11.99, 8.99], "texture": "#0"},
				"down": {"uv": [12.01, 8.99, 12.99, 8.01], "texture": "#0"}
			}
		},
		{
			"name": "steve_left_arm_2nd_layer",
			"from": [11.5, 11, 5.5],
			"to": [16.5, 24, 10.5],
			"faces": {
				"north": {"uv": [15.01, 13.01, 15.99, 15.99], "texture": "#0"},
				"east": {"uv": [14.01, 13.01, 14.99, 15.99], "texture": "#0"},
				"south": {"uv": [13.01, 13.01, 13.99, 15.99], "texture": "#0"},
				"west": {"uv": [12.01, 13.01, 12.98969, 15.98969], "texture": "#0"},
				"up": {"uv": [13.01, 12.01, 13.99, 12.99], "texture": "#0"},
				"down": {"uv": [14.01, 12.99, 14.99, 12.01], "texture": "#0"}
			}
		},
		{
			"name": "steve_right_leg_2nd_layer",
			"from": [3.5, -1, 5.5],
			"to": [8.5, 12, 10.5],
			"faces": {
				"north": {"uv": [3.01, 9.01, 3.99, 11.99], "texture": "#0"},
				"east": {"uv": [2.01, 9.01, 2.99, 11.99], "texture": "#0"},
				"south": {"uv": [1.01, 9.01, 1.99, 11.99], "texture": "#0"},
				"west": {"uv": [0.01, 9.01, 0.99, 11.99], "texture": "#0"},
				"up": {"uv": [1.01, 7.99, 1.99, 9.01], "texture": "#0"},
				"down": {"uv": [2.01, 9.01, 2.99, 7.99], "texture": "#0"}
			}
		},
		{
			"name": "steve_left_leg_2nd_layer",
			"from": [7.5, -1, 5.5],
			"to": [12.5, 12, 10.5],
			"faces": {
				"north": {"uv": [3.01, 13.01, 3.99, 15.99], "texture": "#0"},
				"east": {"uv": [2.01, 13.01, 2.99, 15.99], "texture": "#0"},
				"south": {"uv": [1.01, 13.01, 1.99, 15.99], "texture": "#0"},
				"west": {"uv": [0.01, 13.01, 0.99, 15.99], "texture": "#0"},
				"up": {"uv": [1.01, 11.99, 1.99, 13.01], "texture": "#0"},
				"down": {"uv": [2.01, 13.01, 2.99, 11.99], "texture": "#0"}
			}
		}
	],
	"display": {
		"head": {
			"translation": [0, 13, 7],
			"rotation": [0, 180, 0]
		},
		"thirdperson_righthand": {
			"scale": [0.375, 0.375, 0.375],
			"rotation": [75, 180, 0],
			"translation": [0, 0.5, 0]
		},
		"thirdperson_lefthand": {
			"scale": [0.375, 0.375, 0.375],
			"rotation": [75, 180, 0],
			"translation": [0, 0.5, 0]
		},
		"firstperson_righthand": {
			"scale": [0.4, 0.4, 0.4],
			"rotation": [0, -10, 0],
			"translation": [0, -2, 0]
		},
		"firstperson_lefthand": {
			"scale": [0.4, 0.4, 0.4],
			"rotation": [0, -10, 0],
			"translation": [0, -2, 0]
		},
		"ground": {
			"scale": [0.25, 0.25, 0.25],
			"rotation": [0, 0, 0],
			"translation": [0, 3, 0]
		},
		"fixed": {
			"scale": [0.5, 0.5, 0.5],
			"rotation": [0, 180, 0],
			"translation": [0, -4, 0]
		},
		"gui": {
			"scale": [0.4, 0.4, 0.4],
			"translation": [0, -3.5, 0]
		}
	}
}