{"textures":{"0":"modelengine:entity/glowing enderman","1":"modelengine:entity/brightguntexture","2":"modelengine:entity/normalguntexture","3":"modelengine:entity/lightguntexture"},"elements":[{"name":"cube","from":[4.1,10.25,7.475],"to":[7.55,10.4,8.525],"rotation":{"angle":0.0,"axis":"x","origin":[0.7999997,5.6,3.1999998]},"faces":{"down":{"uv":[5.5,7.125,11.25,8.875],"rotation":0,"texture":"#1","tintindex":0},"east":{"uv":[7.125,8.0,8.875,8.25],"rotation":0,"texture":"#1","tintindex":0},"north":{"uv":[4.75,8.0,10.5,8.25],"rotation":0,"texture":"#1","tintindex":0},"south":{"uv":[5.5,8.0,11.25,8.25],"rotation":0,"texture":"#1","tintindex":0},"up":{"uv":[5.5,7.125,11.25,8.875],"rotation":0,"texture":"#1","tintindex":0},"west":{"uv":[7.125,8.0,8.875,8.25],"rotation":0,"texture":"#1","tintindex":0}}},{"name":"cube","from":[1.3249997,10.85,7.85],"to":[1.6249998,10.925,8.15],"rotation":{"angle":0.0,"axis":"x","origin":[0.7999997,5.6,3.1999998]},"faces":{"down":{"uv":[0.875,7.75,1.375,8.25],"rotation":0,"texture":"#2","tintindex":0},"east":{"uv":[0.0,0.0,0.0,0.0],"rotation":0,"texture":"#0","tintindex":0},"north":{"uv":[14.625,7.125,15.125,7.25],"rotation":0,"texture":"#2","tintindex":0},"south":{"uv":[0.875,7.125,1.375,7.25],"rotation":0,"texture":"#2","tintindex":0},"up":{"uv":[0.875,7.75,1.375,8.25],"rotation":0,"texture":"#2","tintindex":0},"west":{"uv":[7.75,7.125,8.25,7.25],"rotation":0,"texture":"#2","tintindex":0}}},{"name":"cube","from":[7.1099596,6.6331997,7.5485],"to":[8.01596,8.9582,8.4545],"rotation":{"angle":22.5,"axis":"z","origin":[7.1099596,8.99,7.5485]},"faces":{"down":{"uv":[12.01978,7.2425,13.52978,8.752501],"rotation":0,"texture":"#3","tintindex":0},"east":{"uv":[7.2425,10.104,8.752501,13.979],"rotation":0,"texture":"#3","tintindex":0},"north":{"uv":[2.47022,10.104,3.98022,13.979],"rotation":0,"texture":"#3","tintindex":0},"south":{"uv":[12.01978,10.104,13.52978,13.979],"rotation":0,"texture":"#3","tintindex":0},"up":{"uv":[12.01978,7.247499,13.52978,8.7575],"rotation":0,"texture":"#3","tintindex":0},"west":{"uv":[7.2475,10.104,8.7575,13.979],"rotation":0,"texture":"#3","tintindex":0}}},{"name":"cube","from":[4.115,8.3,7.55],"to":[5.615,10.25,8.45],"rotation":{"angle":0.0,"axis":"x","origin":[0.7999997,5.6,3.1999998]},"faces":{"down":{"uv":[5.525,7.25,8.025,8.75],"rotation":0,"texture":"#1","tintindex":0},"east":{"uv":[7.25,8.25,8.75,11.5],"rotation":0,"texture":"#1","tintindex":0},"north":{"uv":[7.975,8.25,10.475,11.5],"rotation":0,"texture":"#1","tintindex":0},"south":{"uv":[5.525,8.25,8.025,11.5],"rotation":0,"texture":"#1","tintindex":0},"up":{"uv":[0.0,0.0,0.0,0.0],"rotation":0,"texture":"#0","tintindex":0},"west":{"uv":[7.25,8.25,8.75,11.5],"rotation":0,"texture":"#1","tintindex":0}}},{"name":"cube","from":[6.0566,8.7083,7.85],"to":[6.1316,8.8583,8.15],"rotation":{"angle":-45.0,"axis":"z","origin":[6.0566006,8.7083,7.85]},"faces":{"down":{"uv":[8.761,7.75,8.886,8.25],"rotation":0,"texture":"#1","tintindex":0},"east":{"uv":[7.75,10.5695,8.25,10.8195],"rotation":0,"texture":"#1","tintindex":0},"north":{"uv":[7.114,10.5695,7.239,10.8195],"rotation":0,"texture":"#1","tintindex":0},"south":{"uv":[8.761,10.5695,8.886,10.8195],"rotation":0,"texture":"#1","tintindex":0},"up":{"uv":[8.761,7.75,8.886,8.25],"rotation":0,"texture":"#1","tintindex":0},"west":{"uv":[7.75,10.5695,8.25,10.8195],"rotation":0,"texture":"#1","tintindex":0}}},{"name":"cube","from":[5.5249996,11.0,8.075],"to":[7.1,11.075001,8.3],"rotation":{"angle":0.0,"axis":"x","origin":[0.7999997,5.6,3.1999998]},"faces":{"down":{"uv":[7.875,7.5,10.5,7.875],"rotation":0,"texture":"#1","tintindex":0},"east":{"uv":[0.0,0.0,0.0,0.0],"rotation":0,"texture":"#0","tintindex":0},"north":{"uv":[5.5,6.875,8.125,7.0],"rotation":0,"texture":"#1","tintindex":0},"south":{"uv":[7.875,6.875,10.5,7.0],"rotation":0,"texture":"#1","tintindex":0},"up":{"uv":[7.875,8.125,10.5,8.5],"rotation":0,"texture":"#1","tintindex":0},"west":{"uv":[8.125,6.875,8.5,7.0],"rotation":0,"texture":"#1","tintindex":0}}},{"name":"cube","from":[6.6499996,8.975,7.55],"to":[8.0,9.2,8.45],"rotation":{"angle":0.0,"axis":"x","origin":[0.7999997,5.6,3.1999998]},"faces":{"down":{"uv":[9.75,7.25,12.0,8.75],"rotation":0,"texture":"#1","tintindex":0},"east":{"uv":[7.25,10.0,8.75,10.375],"rotation":0,"texture":"#1","tintindex":0},"north":{"uv":[4.0,10.0,6.25,10.375],"rotation":0,"texture":"#1","tintindex":0},"south":{"uv":[9.75,10.0,12.0,10.375],"rotation":0,"texture":"#1","tintindex":0},"up":{"uv":[9.75,7.25,12.0,8.75],"rotation":0,"texture":"#1","tintindex":0},"west":{"uv":[7.25,10.0,8.75,10.375],"rotation":0,"texture":"#1","tintindex":0}}},{"name":"cube","from":[7.775,10.700001,7.7],"to":[7.925,11.0,8.3],"rotation":{"angle":0.0,"axis":"x","origin":[0.7999997,5.6,3.1999998]},"faces":{"down":{"uv":[11.625,7.5,11.875,8.5],"rotation":0,"texture":"#1","tintindex":0},"east":{"uv":[7.5,7.0,8.5,7.5],"rotation":0,"texture":"#1","tintindex":0},"north":{"uv":[4.125,7.0,4.375,7.5],"rotation":0,"texture":"#1","tintindex":0},"south":{"uv":[11.625,7.0,11.875,7.5],"rotation":0,"texture":"#1","tintindex":0},"up":{"uv":[11.625,7.5,11.875,8.5],"rotation":0,"texture":"#1","tintindex":0},"west":{"uv":[0.0,0.0,0.0,0.0],"rotation":0,"texture":"#0","tintindex":0}}},{"name":"cube","from":[7.7675,9.9875,7.7],"to":[8.2475,10.1675,8.3],"rotation":{"angle":0.0,"axis":"x","origin":[0.7999997,5.6,3.1999998]},"faces":{"down":{"uv":[11.6125,7.5,12.4125,8.5],"rotation":0,"texture":"#1","tintindex":0},"east":{"uv":[7.5,8.3875,8.5,8.6875],"rotation":0,"texture":"#1","tintindex":0},"north":{"uv":[3.5875,8.3875,4.3875,8.6875],"rotation":0,"texture":"#1","tintindex":0},"south":{"uv":[11.6125,8.3875,12.4125,8.6875],"rotation":0,"texture":"#1","tintindex":0},"up":{"uv":[11.6125,7.5,12.4125,8.5],"rotation":0,"texture":"#1","tintindex":0},"west":{"uv":[0.0,0.0,0.0,0.0],"rotation":0,"texture":"#0","tintindex":0}}},{"name":"cube","from":[6.17,8.393,7.775],"to":[6.29,8.962999,8.255],"rotation":{"angle":-45.0,"axis":"z","origin":[6.170001,8.393001,7.775]},"faces":{"down":{"uv":[0.0,0.0,0.0,0.0],"rotation":0,"texture":"#0","tintindex":0},"east":{"uv":[7.575,10.395,8.375,11.345],"rotation":0,"texture":"#1","tintindex":0},"north":{"uv":[6.85,10.395,7.05,11.345],"rotation":0,"texture":"#1","tintindex":0},"south":{"uv":[8.95,10.395,9.15,11.345],"rotation":0,"texture":"#1","tintindex":0},"up":{"uv":[0.0,0.0,0.0,0.0],"rotation":0,"texture":"#0","tintindex":0},"west":{"uv":[7.625,10.395,8.425,11.345],"rotation":0,"texture":"#1","tintindex":0}}},{"name":"cube","from":[6.3838997,8.93,7.55],"to":[6.7588997,9.08,8.45],"rotation":{"angle":-45.0,"axis":"z","origin":[6.7588997,9.08,7.55]},"faces":{"down":{"uv":[9.31278,7.25,9.93778,8.75],"rotation":0,"texture":"#1","tintindex":0},"east":{"uv":[0.0,0.0,0.0,0.0],"rotation":0,"texture":"#0","tintindex":0},"north":{"uv":[6.06222,9.684834,6.68722,9.934834],"rotation":0,"texture":"#1","tintindex":0},"south":{"uv":[9.31278,9.684834,9.93778,9.934834],"rotation":0,"texture":"#1","tintindex":0},"up":{"uv":[9.31278,7.25,9.93778,8.75],"rotation":0,"texture":"#1","tintindex":0},"west":{"uv":[0.0,0.0,0.0,0.0],"rotation":0,"texture":"#0","tintindex":0}}},{"name":"cube","from":[5.6,8.3,7.775],"to":[6.2525,8.45,8.255],"rotation":{"angle":0.0,"axis":"x","origin":[0.7999997,5.6,3.1999998]},"faces":{"down":{"uv":[8.0,7.575,9.0875,8.375],"rotation":0,"texture":"#1","tintindex":0},"east":{"uv":[7.575,11.25,8.375,11.5],"rotation":0,"texture":"#1","tintindex":0},"north":{"uv":[6.9125,11.25,8.0,11.5],"rotation":0,"texture":"#1","tintindex":0},"south":{"uv":[8.0,11.25,9.0875,11.5],"rotation":0,"texture":"#1","tintindex":0},"up":{"uv":[8.0,7.625,9.0875,8.425],"rotation":0,"texture":"#1","tintindex":0},"west":{"uv":[0.0,0.0,0.0,0.0],"rotation":0,"texture":"#0","tintindex":0}}},{"name":"cube","from":[6.5375,8.7125,7.775],"to":[6.6575,9.3125,8.255],"rotation":{"angle":0.0,"axis":"x","origin":[0.7999997,5.6,3.1999998]},"faces":{"down":{"uv":[9.5625,7.575,9.7625,8.375],"rotation":0,"texture":"#1","tintindex":0},"east":{"uv":[7.575,9.8125,8.375,10.8125],"rotation":0,"texture":"#1","tintindex":0},"north":{"uv":[6.2375,9.8125,6.4375,10.8125],"rotation":0,"texture":"#1","tintindex":0},"south":{"uv":[9.5625,9.8125,9.7625,10.8125],"rotation":0,"texture":"#1","tintindex":0},"up":{"uv":[0.0,0.0,0.0,0.0],"rotation":0,"texture":"#0","tintindex":0},"west":{"uv":[7.625,9.8125,8.425,10.8125],"rotation":0,"texture":"#1","tintindex":0}}},{"name":"cube","from":[6.2,8.975,7.85],"to":[6.2749996,9.275,8.15],"rotation":{"angle":22.5,"axis":"z","origin":[6.2,8.975,7.85]},"faces":{"down":{"uv":[0.0,0.0,0.0,0.0],"rotation":0,"texture":"#0","tintindex":0},"east":{"uv":[7.75,9.875,8.25,10.375],"rotation":0,"texture":"#1","tintindex":0},"north":{"uv":[6.875,9.875,7.0,10.375],"rotation":0,"texture":"#1","tintindex":0},"south":{"uv":[9.0,9.875,9.125,10.375],"rotation":0,"texture":"#1","tintindex":0},"up":{"uv":[0.0,0.0,0.0,0.0],"rotation":0,"texture":"#0","tintindex":0},"west":{"uv":[7.75,9.875,8.25,10.375],"rotation":0,"texture":"#1","tintindex":0}}},{"name":"cube","from":[6.147499,8.790501,7.85],"to":[6.2224994,8.9405,8.15],"rotation":{"angle":-22.5,"axis":"z","origin":[6.147499,8.790501,7.85]},"faces":{"down":{"uv":[8.912499,7.75,9.037499,8.25],"rotation":0,"texture":"#1","tintindex":0},"east":{"uv":[7.75,10.4325,8.25,10.6825],"rotation":0,"texture":"#1","tintindex":0},"north":{"uv":[6.962501,10.4325,7.087501,10.6825],"rotation":0,"texture":"#1","tintindex":0},"south":{"uv":[8.912499,10.4325,9.037499,10.6825],"rotation":0,"texture":"#1","tintindex":0},"up":{"uv":[0.0,0.0,0.0,0.0],"rotation":0,"texture":"#0","tintindex":0},"west":{"uv":[7.75,10.4325,8.25,10.6825],"rotation":0,"texture":"#1","tintindex":0}}},{"name":"cube","from":[6.2,8.9,7.85],"to":[6.2749996,9.2,8.15],"rotation":{"angle":0.0,"axis":"x","origin":[0.7999997,5.6,3.1999998]},"faces":{"down":{"uv":[9.0,7.75,9.125,8.25],"rotation":0,"texture":"#1","tintindex":0},"east":{"uv":[7.75,10.0,8.25,10.5],"rotation":0,"texture":"#1","tintindex":0},"north":{"uv":[6.875,10.0,7.0,10.5],"rotation":0,"texture":"#1","tintindex":0},"south":{"uv":[9.0,10.0,9.125,10.5],"rotation":0,"texture":"#1","tintindex":0},"up":{"uv":[0.0,0.0,0.0,0.0],"rotation":0,"texture":"#0","tintindex":0},"west":{"uv":[7.75,10.0,8.25,10.5],"rotation":0,"texture":"#1","tintindex":0}}},{"name":"cube","from":[7.775,9.2,7.55],"to":[8.0,10.025,8.45],"rotation":{"angle":0.0,"axis":"x","origin":[0.7999997,5.6,3.1999998]},"faces":{"down":{"uv":[0.0,0.0,0.0,0.0],"rotation":0,"texture":"#0","tintindex":0},"east":{"uv":[7.25,8.625,8.75,10.0],"rotation":0,"texture":"#1","tintindex":0},"north":{"uv":[4.0,8.625,4.375,10.0],"rotation":0,"texture":"#1","tintindex":0},"south":{"uv":[11.625,8.625,12.0,10.0],"rotation":0,"texture":"#1","tintindex":0},"up":{"uv":[11.625,7.25,12.0,8.75],"rotation":0,"texture":"#1","tintindex":0},"west":{"uv":[0.0,0.0,0.0,0.0],"rotation":0,"texture":"#0","tintindex":0}}},{"name":"cube","from":[5.6,8.975,7.55],"to":[5.975,9.125,8.45],"rotation":{"angle":45.0,"axis":"z","origin":[5.6,8.975,7.55]},"faces":{"down":{"uv":[8.0,7.25,8.625,8.75],"rotation":0,"texture":"#1","tintindex":0},"east":{"uv":[0.0,0.0,0.0,0.0],"rotation":0,"texture":"#0","tintindex":0},"north":{"uv":[7.375,10.125,8.0,10.375],"rotation":0,"texture":"#1","tintindex":0},"south":{"uv":[8.0,10.125,8.625,10.375],"rotation":0,"texture":"#1","tintindex":0},"up":{"uv":[8.0,7.25,8.625,8.75],"rotation":0,"texture":"#1","tintindex":0},"west":{"uv":[0.0,0.0,0.0,0.0],"rotation":0,"texture":"#0","tintindex":0}}},{"name":"cube","from":[5.6,10.4,7.5875],"to":[6.875,11.0,8.4125],"rotation":{"angle":0.0,"axis":"x","origin":[0.7999997,5.6,3.1999998]},"faces":{"down":{"uv":[0.0,0.0,0.0,0.0],"rotation":0,"texture":"#0","tintindex":0},"east":{"uv":[0.0,0.0,0.0,0.0],"rotation":0,"texture":"#0","tintindex":0},"north":{"uv":[5.875,7.0,8.0,8.0],"rotation":0,"texture":"#1","tintindex":0},"south":{"uv":[8.0,7.0,10.125,8.0],"rotation":0,"texture":"#1","tintindex":0},"up":{"uv":[8.0,7.3125,10.125,8.6875],"rotation":0,"texture":"#1","tintindex":0},"west":{"uv":[0.0,0.0,0.0,0.0],"rotation":0,"texture":"#0","tintindex":0}}},{"name":"cube","from":[5.6,9.2,7.55],"to":[7.775,10.25,8.45],"rotation":{"angle":0.0,"axis":"x","origin":[0.7999997,5.6,3.1999998]},"faces":{"down":{"uv":[8.0,7.25,11.625,8.75],"rotation":0,"texture":"#1","tintindex":0},"east":{"uv":[7.25,8.25,8.75,10.0],"rotation":0,"texture":"#1","tintindex":0},"north":{"uv":[4.375,8.25,8.0,10.0],"rotation":0,"texture":"#1","tintindex":0},"south":{"uv":[8.0,8.25,11.625,10.0],"rotation":0,"texture":"#1","tintindex":0},"up":{"uv":[8.0,7.25,11.625,8.75],"rotation":0,"texture":"#1","tintindex":0},"west":{"uv":[0.0,0.0,0.0,0.0],"rotation":0,"texture":"#0","tintindex":0}}},{"name":"cube","from":[6.875,10.4,7.5125],"to":[7.25,11.0,8.4875],"rotation":{"angle":0.0,"axis":"x","origin":[0.7999997,5.6,3.1999998]},"faces":{"down":{"uv":[0.0,0.0,0.0,0.0],"rotation":0,"texture":"#0","tintindex":0},"east":{"uv":[7.1875,7.0,8.8125,8.0],"rotation":0,"texture":"#1","tintindex":0},"north":{"uv":[5.25,7.0,5.875,8.0],"rotation":0,"texture":"#1","tintindex":0},"south":{"uv":[10.125,7.0,10.75,8.0],"rotation":0,"texture":"#1","tintindex":0},"up":{"uv":[10.125,7.1875,10.75,8.8125],"rotation":0,"texture":"#1","tintindex":0},"west":{"uv":[7.1875,7.0,8.8125,8.0],"rotation":0,"texture":"#1","tintindex":0}}},{"name":"cube","from":[3.7999997,10.4,7.5125],"to":[5.6,11.0,8.4875],"rotation":{"angle":0.0,"axis":"x","origin":[0.7999997,5.6,3.1999998]},"faces":{"down":{"uv":[5.0,7.1875,8.0,8.8125],"rotation":0,"texture":"#1","tintindex":0},"east":{"uv":[7.1875,7.0,8.8125,8.0],"rotation":0,"texture":"#1","tintindex":0},"north":{"uv":[8.0,7.0,11.0,8.0],"rotation":0,"texture":"#1","tintindex":0},"south":{"uv":[5.0,7.0,8.0,8.0],"rotation":0,"texture":"#1","tintindex":0},"up":{"uv":[5.0,7.1875,8.0,8.8125],"rotation":0,"texture":"#1","tintindex":0},"west":{"uv":[7.1875,7.0,8.8125,8.0],"rotation":0,"texture":"#1","tintindex":0}}},{"name":"cube","from":[7.1,10.9625,7.7],"to":[7.325,11.1125,8.3],"rotation":{"angle":0.0,"axis":"x","origin":[0.7999997,5.6,3.1999998]},"faces":{"down":{"uv":[0.0,0.0,0.0,0.0],"rotation":0,"texture":"#0","tintindex":0},"east":{"uv":[7.5,6.8125,8.5,7.0625],"rotation":0,"texture":"#1","tintindex":0},"north":{"uv":[5.125,6.8125,5.5,7.0625],"rotation":0,"texture":"#1","tintindex":0},"south":{"uv":[10.5,6.8125,10.875,7.0625],"rotation":0,"texture":"#1","tintindex":0},"up":{"uv":[10.5,7.5,10.875,8.5],"rotation":0,"texture":"#1","tintindex":0},"west":{"uv":[7.5,6.8125,8.5,7.0625],"rotation":0,"texture":"#1","tintindex":0}}},{"name":"cube","from":[7.325,10.475,7.775],"to":[7.55,10.925,8.225],"rotation":{"angle":0.0,"axis":"x","origin":[0.7999997,5.6,3.1999998]},"faces":{"down":{"uv":[10.875,7.625,11.25,8.375],"rotation":0,"texture":"#1","tintindex":0},"east":{"uv":[0.0,0.0,0.0,0.0],"rotation":0,"texture":"#0","tintindex":0},"north":{"uv":[4.75,7.125,5.125,7.875],"rotation":0,"texture":"#1","tintindex":0},"south":{"uv":[10.875,7.125,11.25,7.875],"rotation":0,"texture":"#1","tintindex":0},"up":{"uv":[10.875,7.625,11.25,8.375],"rotation":0,"texture":"#1","tintindex":0},"west":{"uv":[0.0,0.0,0.0,0.0],"rotation":0,"texture":"#0","tintindex":0}}},{"name":"cube","from":[7.55,10.25,7.7],"to":[7.775,11.0,8.3],"rotation":{"angle":0.0,"axis":"x","origin":[0.7999997,5.6,3.1999998]},"faces":{"down":{"uv":[0.0,0.0,0.0,0.0],"rotation":0,"texture":"#0","tintindex":0},"east":{"uv":[7.5,7.0,8.5,8.25],"rotation":0,"texture":"#1","tintindex":0},"north":{"uv":[4.375,7.0,4.75,8.25],"rotation":0,"texture":"#1","tintindex":0},"south":{"uv":[11.25,7.0,11.625,8.25],"rotation":0,"texture":"#1","tintindex":0},"up":{"uv":[11.25,7.5,11.625,8.5],"rotation":0,"texture":"#1","tintindex":0},"west":{"uv":[7.5,7.0,8.5,8.25],"rotation":0,"texture":"#1","tintindex":0}}},{"name":"cube","from":[7.25,11.1125,8.075],"to":[7.325,11.1875,8.225],"rotation":{"angle":0.0,"axis":"x","origin":[0.7999997,5.6,3.1999998]},"faces":{"down":{"uv":[0.0,0.0,0.0,0.0],"rotation":0,"texture":"#0","tintindex":0},"east":{"uv":[7.625,6.6875,7.875,6.8125],"rotation":0,"texture":"#1","tintindex":0},"north":{"uv":[5.125,6.6875,5.25,6.8125],"rotation":0,"texture":"#1","tintindex":0},"south":{"uv":[10.75,6.6875,10.875,6.8125],"rotation":0,"texture":"#1","tintindex":0},"up":{"uv":[10.75,8.125,10.875,8.375],"rotation":0,"texture":"#1","tintindex":0},"west":{"uv":[8.125,6.6875,8.375,6.8125],"rotation":0,"texture":"#1","tintindex":0}}},{"name":"cube","from":[5.5249996,11.0,7.7],"to":[7.1,11.075001,7.925],"rotation":{"angle":0.0,"axis":"x","origin":[0.7999997,5.6,3.1999998]},"faces":{"down":{"uv":[7.875,8.125,10.5,8.5],"rotation":0,"texture":"#1","tintindex":0},"east":{"uv":[0.0,0.0,0.0,0.0],"rotation":0,"texture":"#0","tintindex":0},"north":{"uv":[5.5,6.875,8.125,7.0],"rotation":0,"texture":"#1","tintindex":0},"south":{"uv":[7.875,6.875,10.5,7.0],"rotation":0,"texture":"#1","tintindex":0},"up":{"uv":[7.875,7.5,10.5,7.875],"rotation":0,"texture":"#1","tintindex":0},"west":{"uv":[7.5,6.875,7.875,7.0],"rotation":0,"texture":"#1","tintindex":0}}},{"name":"cube","from":[7.25,11.1125,7.775],"to":[7.325,11.1875,7.925],"rotation":{"angle":0.0,"axis":"x","origin":[0.7999997,5.6,3.1999998]},"faces":{"down":{"uv":[0.0,0.0,0.0,0.0],"rotation":0,"texture":"#0","tintindex":0},"east":{"uv":[8.125,6.6875,8.375,6.8125],"rotation":0,"texture":"#1","tintindex":0},"north":{"uv":[5.125,6.6875,5.25,6.8125],"rotation":0,"texture":"#1","tintindex":0},"south":{"uv":[10.75,6.6875,10.875,6.8125],"rotation":0,"texture":"#1","tintindex":0},"up":{"uv":[10.75,7.625,10.875,7.875],"rotation":0,"texture":"#1","tintindex":0},"west":{"uv":[7.625,6.6875,7.875,6.8125],"rotation":0,"texture":"#1","tintindex":0}}},{"name":"cube","from":[5.5249996,11.0,7.925],"to":[5.675,11.075001,8.075],"rotation":{"angle":0.0,"axis":"x","origin":[0.7999997,5.6,3.1999998]},"faces":{"down":{"uv":[7.875,7.875,8.125,8.125],"rotation":0,"texture":"#1","tintindex":0},"east":{"uv":[7.875,6.875,8.125,7.0],"rotation":0,"texture":"#1","tintindex":0},"north":{"uv":[0.0,0.0,0.0,0.0],"rotation":0,"texture":"#0","tintindex":0},"south":{"uv":[0.0,0.0,0.0,0.0],"rotation":0,"texture":"#0","tintindex":0},"up":{"uv":[7.875,7.875,8.125,8.125],"rotation":0,"texture":"#1","tintindex":0},"west":{"uv":[7.875,6.875,8.125,7.0],"rotation":0,"texture":"#1","tintindex":0}}},{"name":"cube","from":[2.6,10.418719,7.71872],"to":[3.7999997,10.958719,8.25872],"rotation":{"angle":0.0,"axis":"x","origin":[0.7999997,5.6,3.1999998]},"faces":{"down":{"uv":[3.0,7.56875,5.0,8.46875],"rotation":0,"texture":"#1","tintindex":0},"east":{"uv":[0.0,0.0,0.0,0.0],"rotation":0,"texture":"#0","tintindex":0},"north":{"uv":[11.0,7.06875,13.0,7.96875],"rotation":0,"texture":"#1","tintindex":0},"south":{"uv":[3.0,7.06875,5.0,7.96875],"rotation":0,"texture":"#1","tintindex":0},"up":{"uv":[3.0,7.53125,5.0,8.43125],"rotation":0,"texture":"#1","tintindex":0},"west":{"uv":[0.0,0.0,0.0,0.0],"rotation":0,"texture":"#0","tintindex":0}}},{"name":"cube","from":[1.6249998,10.325001,7.625],"to":[2.6,11.075001,8.375],"rotation":{"angle":0.0,"axis":"x","origin":[0.7999997,5.6,3.1999998]},"faces":{"down":{"uv":[1.375,7.375,3.0,8.625],"rotation":0,"texture":"#2","tintindex":0},"east":{"uv":[7.375,6.875,8.625,8.125],"rotation":0,"texture":"#2","tintindex":0},"north":{"uv":[13.0,6.875,14.625,8.125],"rotation":0,"texture":"#2","tintindex":0},"south":{"uv":[1.375,6.875,3.0,8.125],"rotation":0,"texture":"#2","tintindex":0},"up":{"uv":[1.375,7.375,3.0,8.625],"rotation":0,"texture":"#2","tintindex":0},"west":{"uv":[7.375,6.875,8.625,8.125],"rotation":0,"texture":"#2","tintindex":0}}},{"name":"cube","from":[1.0249996,10.925,7.85],"to":[1.3249997,11.0,8.15],"rotation":{"angle":0.0,"axis":"x","origin":[0.7999997,5.6,3.1999998]},"faces":{"down":{"uv":[0.375,7.75,0.875,8.25],"rotation":0,"texture":"#2","tintindex":0},"east":{"uv":[7.75,7.0,8.25,7.125],"rotation":0,"texture":"#2","tintindex":0},"north":{"uv":[15.125,7.0,15.625,7.125],"rotation":0,"texture":"#2","tintindex":0},"south":{"uv":[0.375,7.0,0.875,7.125],"rotation":0,"texture":"#2","tintindex":0},"up":{"uv":[0.375,7.75,0.875,8.25],"rotation":0,"texture":"#2","tintindex":0},"west":{"uv":[7.75,7.0,8.25,7.125],"rotation":0,"texture":"#2","tintindex":0}}},{"name":"cube","from":[1.3249997,10.55,7.775],"to":[1.6249998,10.85,7.85],"rotation":{"angle":0.0,"axis":"x","origin":[0.7999997,5.6,3.1999998]},"faces":{"down":{"uv":[0.875,8.25,1.375,8.375],"rotation":0,"texture":"#2","tintindex":0},"east":{"uv":[0.0,0.0,0.0,0.0],"rotation":0,"texture":"#0","tintindex":0},"north":{"uv":[14.625,7.25,15.125,7.75],"rotation":0,"texture":"#2","tintindex":0},"south":{"uv":[0.875,7.25,1.375,7.75],"rotation":0,"texture":"#2","tintindex":0},"up":{"uv":[0.875,7.625,1.375,7.75],"rotation":0,"texture":"#2","tintindex":0},"west":{"uv":[7.625,7.25,7.75,7.75],"rotation":0,"texture":"#2","tintindex":0}}},{"name":"cube","from":[1.0249996,10.55,7.7],"to":[1.3249997,10.85,7.775],"rotation":{"angle":0.0,"axis":"x","origin":[0.7999997,5.6,3.1999998]},"faces":{"down":{"uv":[0.375,8.375,0.875,8.5],"rotation":0,"texture":"#2","tintindex":0},"east":{"uv":[8.375,7.25,8.5,7.75],"rotation":0,"texture":"#2","tintindex":0},"north":{"uv":[15.125,7.25,15.625,7.75],"rotation":0,"texture":"#2","tintindex":0},"south":{"uv":[0.375,7.25,0.875,7.75],"rotation":0,"texture":"#2","tintindex":0},"up":{"uv":[0.375,7.5,0.875,7.625],"rotation":0,"texture":"#2","tintindex":0},"west":{"uv":[7.5,7.25,7.625,7.75],"rotation":0,"texture":"#2","tintindex":0}}},{"name":"cube","from":[1.0249996,10.4,7.85],"to":[1.3249997,10.475,8.15],"rotation":{"angle":0.0,"axis":"x","origin":[0.7999997,5.6,3.1999998]},"faces":{"down":{"uv":[0.375,7.75,0.875,8.25],"rotation":0,"texture":"#2","tintindex":0},"east":{"uv":[7.75,7.875,8.25,8.0],"rotation":0,"texture":"#2","tintindex":0},"north":{"uv":[15.125,7.875,15.625,8.0],"rotation":0,"texture":"#2","tintindex":0},"south":{"uv":[0.375,7.875,0.875,8.0],"rotation":0,"texture":"#2","tintindex":0},"up":{"uv":[0.375,7.75,0.875,8.25],"rotation":0,"texture":"#2","tintindex":0},"west":{"uv":[7.75,7.875,8.25,8.0],"rotation":0,"texture":"#2","tintindex":0}}},{"name":"cube","from":[0.72499967,10.55,7.625],"to":[1.0249996,10.85,7.7],"rotation":{"angle":0.0,"axis":"x","origin":[0.7999997,5.6,3.1999998]},"faces":{"down":{"uv":[0.0,8.5,0.375,8.625],"rotation":0,"texture":"#2","tintindex":0},"east":{"uv":[8.5,7.25,8.625,7.75],"rotation":0,"texture":"#2","tintindex":0},"north":{"uv":[15.625,7.25,16.0,7.75],"rotation":0,"texture":"#2","tintindex":0},"south":{"uv":[0.0,7.25,0.375,7.75],"rotation":0,"texture":"#2","tintindex":0},"up":{"uv":[0.0,7.375,0.375,7.5],"rotation":0,"texture":"#2","tintindex":0},"west":{"uv":[7.375,7.25,7.5,7.75],"rotation":0,"texture":"#2","tintindex":0}}},{"name":"cube","from":[1.3249997,10.475,7.85],"to":[1.6249998,10.55,8.15],"rotation":{"angle":0.0,"axis":"x","origin":[0.7999997,5.6,3.1999998]},"faces":{"down":{"uv":[0.875,7.75,1.375,8.25],"rotation":0,"texture":"#2","tintindex":0},"east":{"uv":[0.0,0.0,0.0,0.0],"rotation":0,"texture":"#0","tintindex":0},"north":{"uv":[14.625,7.75,15.125,7.875],"rotation":0,"texture":"#2","tintindex":0},"south":{"uv":[0.875,7.75,1.375,7.875],"rotation":0,"texture":"#2","tintindex":0},"up":{"uv":[0.875,7.75,1.375,8.25],"rotation":0,"texture":"#2","tintindex":0},"west":{"uv":[7.75,7.75,8.25,7.875],"rotation":0,"texture":"#2","tintindex":0}}},{"name":"cube","from":[1.3249997,10.55,8.15],"to":[1.6249998,10.85,8.225],"rotation":{"angle":0.0,"axis":"x","origin":[0.7999997,5.6,3.1999998]},"faces":{"down":{"uv":[0.875,7.625,1.375,7.75],"rotation":0,"texture":"#2","tintindex":0},"east":{"uv":[0.0,0.0,0.0,0.0],"rotation":0,"texture":"#0","tintindex":0},"north":{"uv":[14.625,7.25,15.125,7.75],"rotation":0,"texture":"#2","tintindex":0},"south":{"uv":[0.875,7.25,1.375,7.75],"rotation":0,"texture":"#2","tintindex":0},"up":{"uv":[0.875,8.25,1.375,8.375],"rotation":0,"texture":"#2","tintindex":0},"west":{"uv":[8.25,7.25,8.375,7.75],"rotation":0,"texture":"#2","tintindex":0}}},{"name":"cube","from":[0.72499967,11.0,7.85],"to":[1.0249996,11.075001,8.15],"rotation":{"angle":0.0,"axis":"x","origin":[0.7999997,5.6,3.1999998]},"faces":{"down":{"uv":[0.0,7.75,0.375,8.25],"rotation":0,"texture":"#2","tintindex":0},"east":{"uv":[7.75,6.875,8.25,7.0],"rotation":0,"texture":"#2","tintindex":0},"north":{"uv":[15.625,6.875,16.0,7.0],"rotation":0,"texture":"#2","tintindex":0},"south":{"uv":[0.0,6.875,0.375,7.0],"rotation":0,"texture":"#2","tintindex":0},"up":{"uv":[0.0,7.75,0.375,8.25],"rotation":0,"texture":"#2","tintindex":0},"west":{"uv":[7.75,6.875,8.25,7.0],"rotation":0,"texture":"#2","tintindex":0}}},{"name":"cube","from":[0.72499967,10.325001,7.85],"to":[1.0249996,10.4,8.15],"rotation":{"angle":0.0,"axis":"x","origin":[0.7999997,5.6,3.1999998]},"faces":{"down":{"uv":[0.0,7.75,0.375,8.25],"rotation":0,"texture":"#2","tintindex":0},"east":{"uv":[7.75,8.0,8.25,8.125],"rotation":0,"texture":"#2","tintindex":0},"north":{"uv":[15.625,8.0,16.0,8.125],"rotation":0,"texture":"#2","tintindex":0},"south":{"uv":[0.0,8.0,0.375,8.125],"rotation":0,"texture":"#2","tintindex":0},"up":{"uv":[0.0,7.75,0.375,8.25],"rotation":0,"texture":"#2","tintindex":0},"west":{"uv":[7.75,8.0,8.25,8.125],"rotation":0,"texture":"#2","tintindex":0}}},{"name":"cube","from":[1.0249996,10.55,8.225],"to":[1.3249997,10.85,8.3],"rotation":{"angle":0.0,"axis":"x","origin":[0.7999997,5.6,3.1999998]},"faces":{"down":{"uv":[0.375,7.5,0.875,7.625],"rotation":0,"texture":"#2","tintindex":0},"east":{"uv":[7.5,7.25,7.625,7.75],"rotation":0,"texture":"#2","tintindex":0},"north":{"uv":[15.125,7.25,15.625,7.75],"rotation":0,"texture":"#2","tintindex":0},"south":{"uv":[0.375,7.25,0.875,7.75],"rotation":0,"texture":"#2","tintindex":0},"up":{"uv":[0.375,8.375,0.875,8.5],"rotation":0,"texture":"#2","tintindex":0},"west":{"uv":[8.375,7.25,8.5,7.75],"rotation":0,"texture":"#2","tintindex":0}}},{"name":"cube","from":[0.72499967,10.55,8.3],"to":[1.0249996,10.85,8.375],"rotation":{"angle":0.0,"axis":"x","origin":[0.7999997,5.6,3.1999998]},"faces":{"down":{"uv":[0.0,7.375,0.375,7.5],"rotation":0,"texture":"#2","tintindex":0},"east":{"uv":[7.375,7.25,7.5,7.75],"rotation":0,"texture":"#2","tintindex":0},"north":{"uv":[15.625,7.25,16.0,7.75],"rotation":0,"texture":"#2","tintindex":0},"south":{"uv":[0.0,7.25,0.375,7.75],"rotation":0,"texture":"#2","tintindex":0},"up":{"uv":[0.0,8.5,0.375,8.625],"rotation":0,"texture":"#2","tintindex":0},"west":{"uv":[8.5,7.25,8.625,7.75],"rotation":0,"texture":"#2","tintindex":0}}},{"name":"cube","from":[1.0249996,10.475,7.775],"to":[1.3249997,10.55,7.85],"rotation":{"angle":0.0,"axis":"x","origin":[0.7999997,5.6,3.1999998]},"faces":{"down":{"uv":[0.375,8.25,0.875,8.375],"rotation":0,"texture":"#2","tintindex":0},"east":{"uv":[8.25,7.75,8.375,7.875],"rotation":0,"texture":"#2","tintindex":0},"north":{"uv":[15.125,7.75,15.625,7.875],"rotation":0,"texture":"#2","tintindex":0},"south":{"uv":[0.375,7.75,0.875,7.875],"rotation":0,"texture":"#2","tintindex":0},"up":{"uv":[0.375,7.625,0.875,7.75],"rotation":0,"texture":"#2","tintindex":0},"west":{"uv":[7.625,7.75,7.75,7.875],"rotation":0,"texture":"#2","tintindex":0}}},{"name":"cube","from":[0.72499967,10.4,7.775],"to":[1.0249996,10.475,7.85],"rotation":{"angle":0.0,"axis":"x","origin":[0.7999997,5.6,3.1999998]},"faces":{"down":{"uv":[0.0,8.25,0.375,8.375],"rotation":0,"texture":"#2","tintindex":0},"east":{"uv":[8.25,7.875,8.375,8.0],"rotation":0,"texture":"#2","tintindex":0},"north":{"uv":[15.625,7.875,16.0,8.0],"rotation":0,"texture":"#2","tintindex":0},"south":{"uv":[0.0,7.875,0.375,8.0],"rotation":0,"texture":"#2","tintindex":0},"up":{"uv":[0.0,7.625,0.375,7.75],"rotation":0,"texture":"#2","tintindex":0},"west":{"uv":[7.625,7.875,7.75,8.0],"rotation":0,"texture":"#2","tintindex":0}}},{"name":"cube","from":[1.0249996,10.85,8.15],"to":[1.3249997,10.925,8.225],"rotation":{"angle":0.0,"axis":"x","origin":[0.7999997,5.6,3.1999998]},"faces":{"down":{"uv":[0.375,7.625,0.875,7.75],"rotation":0,"texture":"#2","tintindex":0},"east":{"uv":[7.625,7.125,7.75,7.25],"rotation":0,"texture":"#2","tintindex":0},"north":{"uv":[15.125,7.125,15.625,7.25],"rotation":0,"texture":"#2","tintindex":0},"south":{"uv":[0.375,7.125,0.875,7.25],"rotation":0,"texture":"#2","tintindex":0},"up":{"uv":[0.375,8.25,0.875,8.375],"rotation":0,"texture":"#2","tintindex":0},"west":{"uv":[8.25,7.125,8.375,7.25],"rotation":0,"texture":"#2","tintindex":0}}},{"name":"cube","from":[1.0249996,10.85,7.775],"to":[1.3249997,10.925,7.85],"rotation":{"angle":0.0,"axis":"x","origin":[0.7999997,5.6,3.1999998]},"faces":{"down":{"uv":[0.375,8.25,0.875,8.375],"rotation":0,"texture":"#2","tintindex":0},"east":{"uv":[8.25,7.125,8.375,7.25],"rotation":0,"texture":"#2","tintindex":0},"north":{"uv":[15.125,7.125,15.625,7.25],"rotation":0,"texture":"#2","tintindex":0},"south":{"uv":[0.375,7.125,0.875,7.25],"rotation":0,"texture":"#2","tintindex":0},"up":{"uv":[0.375,7.625,0.875,7.75],"rotation":0,"texture":"#2","tintindex":0},"west":{"uv":[7.625,7.125,7.75,7.25],"rotation":0,"texture":"#2","tintindex":0}}},{"name":"cube","from":[1.0249996,10.475,8.15],"to":[1.3249997,10.55,8.225],"rotation":{"angle":0.0,"axis":"x","origin":[0.7999997,5.6,3.1999998]},"faces":{"down":{"uv":[0.375,7.625,0.875,7.75],"rotation":0,"texture":"#2","tintindex":0},"east":{"uv":[7.625,7.75,7.75,7.875],"rotation":0,"texture":"#2","tintindex":0},"north":{"uv":[15.125,7.75,15.625,7.875],"rotation":0,"texture":"#2","tintindex":0},"south":{"uv":[0.375,7.75,0.875,7.875],"rotation":0,"texture":"#2","tintindex":0},"up":{"uv":[0.375,8.25,0.875,8.375],"rotation":0,"texture":"#2","tintindex":0},"west":{"uv":[8.25,7.75,8.375,7.875],"rotation":0,"texture":"#2","tintindex":0}}},{"name":"cube","from":[0.72499967,10.475,7.7],"to":[1.0249996,10.55,7.775],"rotation":{"angle":0.0,"axis":"x","origin":[0.7999997,5.6,3.1999998]},"faces":{"down":{"uv":[0.0,8.375,0.375,8.5],"rotation":0,"texture":"#2","tintindex":0},"east":{"uv":[8.375,7.75,8.5,7.875],"rotation":0,"texture":"#2","tintindex":0},"north":{"uv":[15.625,7.75,16.0,7.875],"rotation":0,"texture":"#2","tintindex":0},"south":{"uv":[0.0,7.75,0.375,7.875],"rotation":0,"texture":"#2","tintindex":0},"up":{"uv":[0.0,7.5,0.375,7.625],"rotation":0,"texture":"#2","tintindex":0},"west":{"uv":[7.5,7.75,7.625,7.875],"rotation":0,"texture":"#2","tintindex":0}}},{"name":"cube","from":[0.72499967,10.4,8.15],"to":[1.0249996,10.475,8.225],"rotation":{"angle":0.0,"axis":"x","origin":[0.7999997,5.6,3.1999998]},"faces":{"down":{"uv":[0.0,7.625,0.375,7.75],"rotation":0,"texture":"#2","tintindex":0},"east":{"uv":[7.625,7.875,7.75,8.0],"rotation":0,"texture":"#2","tintindex":0},"north":{"uv":[15.625,7.875,16.0,8.0],"rotation":0,"texture":"#2","tintindex":0},"south":{"uv":[0.0,7.875,0.375,8.0],"rotation":0,"texture":"#2","tintindex":0},"up":{"uv":[0.0,8.25,0.375,8.375],"rotation":0,"texture":"#2","tintindex":0},"west":{"uv":[8.25,7.875,8.375,8.0],"rotation":0,"texture":"#2","tintindex":0}}},{"name":"cube","from":[0.72499967,10.475,8.225],"to":[1.0249996,10.55,8.3],"rotation":{"angle":0.0,"axis":"x","origin":[0.7999997,5.6,3.1999998]},"faces":{"down":{"uv":[0.0,7.5,0.375,7.625],"rotation":0,"texture":"#2","tintindex":0},"east":{"uv":[7.5,7.75,7.625,7.875],"rotation":0,"texture":"#2","tintindex":0},"north":{"uv":[15.625,7.75,16.0,7.875],"rotation":0,"texture":"#2","tintindex":0},"south":{"uv":[0.0,7.75,0.375,7.875],"rotation":0,"texture":"#2","tintindex":0},"up":{"uv":[0.0,8.375,0.375,8.5],"rotation":0,"texture":"#2","tintindex":0},"west":{"uv":[8.375,7.75,8.5,7.875],"rotation":0,"texture":"#2","tintindex":0}}},{"name":"cube","from":[0.72499967,10.85,8.225],"to":[1.0249996,10.925,8.3],"rotation":{"angle":0.0,"axis":"x","origin":[0.7999997,5.6,3.1999998]},"faces":{"down":{"uv":[0.0,7.5,0.375,7.625],"rotation":0,"texture":"#2","tintindex":0},"east":{"uv":[7.5,7.125,7.625,7.25],"rotation":0,"texture":"#2","tintindex":0},"north":{"uv":[15.625,7.125,16.0,7.25],"rotation":0,"texture":"#2","tintindex":0},"south":{"uv":[0.0,7.125,0.375,7.25],"rotation":0,"texture":"#2","tintindex":0},"up":{"uv":[0.0,8.375,0.375,8.5],"rotation":0,"texture":"#2","tintindex":0},"west":{"uv":[8.375,7.125,8.5,7.25],"rotation":0,"texture":"#2","tintindex":0}}},{"name":"cube","from":[0.72499967,10.925,8.15],"to":[1.0249996,11.0,8.225],"rotation":{"angle":0.0,"axis":"x","origin":[0.7999997,5.6,3.1999998]},"faces":{"down":{"uv":[0.0,7.625,0.375,7.75],"rotation":0,"texture":"#2","tintindex":0},"east":{"uv":[7.625,7.0,7.75,7.125],"rotation":0,"texture":"#2","tintindex":0},"north":{"uv":[15.625,7.0,16.0,7.125],"rotation":0,"texture":"#2","tintindex":0},"south":{"uv":[0.0,7.0,0.375,7.125],"rotation":0,"texture":"#2","tintindex":0},"up":{"uv":[0.0,8.25,0.375,8.375],"rotation":0,"texture":"#2","tintindex":0},"west":{"uv":[8.25,7.0,8.375,7.125],"rotation":0,"texture":"#2","tintindex":0}}},{"name":"cube","from":[0.72499967,10.925,7.775],"to":[1.0249996,11.0,7.85],"rotation":{"angle":0.0,"axis":"x","origin":[0.7999997,5.6,3.1999998]},"faces":{"down":{"uv":[0.0,8.25,0.375,8.375],"rotation":0,"texture":"#2","tintindex":0},"east":{"uv":[8.25,7.0,8.375,7.125],"rotation":0,"texture":"#2","tintindex":0},"north":{"uv":[15.625,7.0,16.0,7.125],"rotation":0,"texture":"#2","tintindex":0},"south":{"uv":[0.0,7.0,0.375,7.125],"rotation":0,"texture":"#2","tintindex":0},"up":{"uv":[0.0,7.625,0.375,7.75],"rotation":0,"texture":"#2","tintindex":0},"west":{"uv":[7.625,7.0,7.75,7.125],"rotation":0,"texture":"#2","tintindex":0}}},{"name":"cube","from":[0.72499967,10.85,7.7],"to":[1.0249996,10.925,7.775],"rotation":{"angle":0.0,"axis":"x","origin":[0.7999997,5.6,3.1999998]},"faces":{"down":{"uv":[0.0,8.375,0.375,8.5],"rotation":0,"texture":"#2","tintindex":0},"east":{"uv":[8.375,7.125,8.5,7.25],"rotation":0,"texture":"#2","tintindex":0},"north":{"uv":[15.625,7.125,16.0,7.25],"rotation":0,"texture":"#2","tintindex":0},"south":{"uv":[0.0,7.125,0.375,7.25],"rotation":0,"texture":"#2","tintindex":0},"up":{"uv":[0.0,7.5,0.375,7.625],"rotation":0,"texture":"#2","tintindex":0},"west":{"uv":[7.5,7.125,7.625,7.25],"rotation":0,"texture":"#2","tintindex":0}}},{"name":"cube","from":[4.7,9.5,7.4],"to":[7.4,10.1,7.55],"rotation":{"angle":0.0,"axis":"x","origin":[0.7999997,5.6,3.1999998]},"faces":{"down":{"uv":[6.5,8.75,11.0,9.0],"rotation":0,"texture":"#1","tintindex":0},"east":{"uv":[8.75,8.5,9.0,9.5],"rotation":0,"texture":"#1","tintindex":0},"north":{"uv":[5.0,8.5,9.5,9.5],"rotation":0,"texture":"#1","tintindex":0},"south":{"uv":[6.5,8.5,11.0,9.5],"rotation":0,"texture":"#1","tintindex":0},"up":{"uv":[6.5,7.0,11.0,7.25],"rotation":0,"texture":"#1","tintindex":0},"west":{"uv":[7.0,8.5,7.25,9.5],"rotation":0,"texture":"#1","tintindex":0}}},{"name":"cube","from":[5.45,9.5,7.25],"to":[6.6499996,10.1,7.4],"rotation":{"angle":0.0,"axis":"x","origin":[0.7999997,5.6,3.1999998]},"faces":{"down":{"uv":[7.75,9.0,9.75,9.25],"rotation":0,"texture":"#1","tintindex":0},"east":{"uv":[9.0,8.5,9.25,9.5],"rotation":0,"texture":"#1","tintindex":0},"north":{"uv":[6.25,8.5,8.25,9.5],"rotation":0,"texture":"#1","tintindex":0},"south":{"uv":[0.0,0.0,0.0,0.0],"rotation":0,"texture":"#0","tintindex":0},"up":{"uv":[7.75,6.75,9.75,7.0],"rotation":0,"texture":"#1","tintindex":0},"west":{"uv":[6.75,8.5,7.0,9.5],"rotation":0,"texture":"#1","tintindex":0}}},{"name":"cube","from":[5.0,11.0,6.875],"to":[7.1,11.1125,7.475],"rotation":{"angle":0.0,"axis":"x","origin":[0.7999997,5.6,3.1999998]},"faces":{"down":{"uv":[7.0,8.875,10.5,9.875],"rotation":0,"texture":"#1","tintindex":0},"east":{"uv":[8.875,6.8125,9.875,7.0],"rotation":0,"texture":"#1","tintindex":0},"north":{"uv":[5.5,6.8125,9.0,7.0],"rotation":0,"texture":"#1","tintindex":0},"south":{"uv":[7.0,6.8125,10.5,7.0],"rotation":0,"texture":"#1","tintindex":0},"up":{"uv":[0.0,0.0,0.0,0.0],"rotation":0,"texture":"#0","tintindex":0},"west":{"uv":[6.125,6.8125,7.125,7.0],"rotation":0,"texture":"#1","tintindex":0}}},{"name":"cube","from":[6.5,10.1,7.25],"to":[6.6499996,11.0,7.4],"rotation":{"angle":0.0,"axis":"x","origin":[0.7999997,5.6,3.1999998]},"faces":{"down":{"uv":[0.0,0.0,0.0,0.0],"rotation":0,"texture":"#0","tintindex":0},"east":{"uv":[9.0,7.0,9.25,8.5],"rotation":0,"texture":"#1","tintindex":0},"north":{"uv":[6.25,7.0,6.5,8.5],"rotation":0,"texture":"#1","tintindex":0},"south":{"uv":[9.5,7.0,9.75,8.5],"rotation":0,"texture":"#1","tintindex":0},"up":{"uv":[0.0,0.0,0.0,0.0],"rotation":0,"texture":"#0","tintindex":0},"west":{"uv":[6.75,7.0,7.0,8.5],"rotation":0,"texture":"#1","tintindex":0}}},{"name":"cube","from":[8.6,10.9625,6.725],"to":[9.2,11.8625,7.625],"rotation":{"angle":0.0,"axis":"x","origin":[0.7999997,5.6,3.1999998]},"faces":{"down":{"uv":[13.0,8.625,14.0,10.125],"rotation":0,"texture":"#3","tintindex":0},"east":{"uv":[8.625,5.5625,10.125,7.0625],"rotation":0,"texture":"#3","tintindex":0},"north":{"uv":[2.0,5.5625,3.0,7.0625],"rotation":0,"texture":"#3","tintindex":0},"south":{"uv":[13.0,5.5625,14.0,7.0625],"rotation":0,"texture":"#3","tintindex":0},"up":{"uv":[13.0,5.875,14.0,7.375],"rotation":0,"texture":"#3","tintindex":0},"west":{"uv":[5.875,5.5625,7.375,7.0625],"rotation":0,"texture":"#3","tintindex":0}}},{"name":"cube","from":[5.45,10.1,7.25],"to":[5.6,11.0,7.4],"rotation":{"angle":0.0,"axis":"x","origin":[0.7999997,5.6,3.1999998]},"faces":{"down":{"uv":[0.0,0.0,0.0,0.0],"rotation":0,"texture":"#0","tintindex":0},"east":{"uv":[9.0,7.0,9.25,8.5],"rotation":0,"texture":"#1","tintindex":0},"north":{"uv":[8.0,7.0,8.25,8.5],"rotation":0,"texture":"#1","tintindex":0},"south":{"uv":[7.75,7.0,8.0,8.5],"rotation":0,"texture":"#1","tintindex":0},"up":{"uv":[0.0,0.0,0.0,0.0],"rotation":0,"texture":"#0","tintindex":0},"west":{"uv":[6.75,7.0,7.0,8.5],"rotation":0,"texture":"#1","tintindex":0}}},{"name":"cube","from":[6.5,11.1125,6.8],"to":[7.1,11.712501,6.875],"rotation":{"angle":0.0,"axis":"x","origin":[0.7999997,5.6,3.1999998]},"faces":{"down":{"uv":[9.5,9.875,10.5,10.0],"rotation":0,"texture":"#1","tintindex":0},"east":{"uv":[9.875,5.8125,10.0,6.8125],"rotation":0,"texture":"#1","tintindex":0},"north":{"uv":[5.5,5.8125,6.5,6.8125],"rotation":0,"texture":"#1","tintindex":0},"south":{"uv":[0.0,0.0,0.0,0.0],"rotation":0,"texture":"#0","tintindex":0},"up":{"uv":[9.5,6.0,10.5,6.125],"rotation":0,"texture":"#1","tintindex":0},"west":{"uv":[6.0,5.8125,6.125,6.8125],"rotation":0,"texture":"#1","tintindex":0}}},{"name":"cube","from":[6.5,11.1125,7.475],"to":[7.1,11.712501,7.55],"rotation":{"angle":0.0,"axis":"x","origin":[0.7999997,5.6,3.1999998]},"faces":{"down":{"uv":[9.5,8.75,10.5,8.875],"rotation":0,"texture":"#1","tintindex":0},"east":{"uv":[8.75,5.8125,8.875,6.8125],"rotation":0,"texture":"#1","tintindex":0},"north":{"uv":[0.0,0.0,0.0,0.0],"rotation":0,"texture":"#0","tintindex":0},"south":{"uv":[9.5,5.8125,10.5,6.8125],"rotation":0,"texture":"#1","tintindex":0},"up":{"uv":[9.5,7.125,10.5,7.25],"rotation":0,"texture":"#1","tintindex":0},"west":{"uv":[7.125,5.8125,7.25,6.8125],"rotation":0,"texture":"#1","tintindex":0}}},{"name":"cube","from":[3.725,11.7875,6.8937197],"to":[4.2875,11.9375,7.45622],"rotation":{"angle":0.0,"axis":"x","origin":[0.7999997,5.6,3.1999998]},"faces":{"down":{"uv":[4.875,8.90625,5.8125,9.84375],"rotation":0,"texture":"#1","tintindex":0},"east":{"uv":[8.90625,5.4375,9.84375,5.6875],"rotation":0,"texture":"#1","tintindex":0},"north":{"uv":[10.1875,5.4375,11.125,5.6875],"rotation":0,"texture":"#1","tintindex":0},"south":{"uv":[4.875,5.4375,5.8125,5.6875],"rotation":0,"texture":"#1","tintindex":0},"up":{"uv":[4.875,6.15625,5.8125,7.09375],"rotation":0,"texture":"#1","tintindex":0},"west":{"uv":[6.15625,5.4375,7.09375,5.6875],"rotation":0,"texture":"#1","tintindex":0}}},{"name":"cube","from":[5.0,11.1125,7.475],"to":[5.6,11.712501,7.55],"rotation":{"angle":0.0,"axis":"x","origin":[0.7999997,5.6,3.1999998]},"faces":{"down":{"uv":[7.0,8.75,8.0,8.875],"rotation":0,"texture":"#1","tintindex":0},"east":{"uv":[8.75,5.8125,8.875,6.8125],"rotation":0,"texture":"#1","tintindex":0},"north":{"uv":[0.0,0.0,0.0,0.0],"rotation":0,"texture":"#0","tintindex":0},"south":{"uv":[7.0,5.8125,8.0,6.8125],"rotation":0,"texture":"#1","tintindex":0},"up":{"uv":[7.0,7.125,8.0,7.25],"rotation":0,"texture":"#1","tintindex":0},"west":{"uv":[7.125,5.8125,7.25,6.8125],"rotation":0,"texture":"#1","tintindex":0}}},{"name":"cube","from":[5.0,11.1125,6.8],"to":[5.6,11.712501,6.875],"rotation":{"angle":0.0,"axis":"x","origin":[0.7999997,5.6,3.1999998]},"faces":{"down":{"uv":[7.0,9.875,8.0,10.0],"rotation":0,"texture":"#1","tintindex":0},"east":{"uv":[9.875,5.8125,10.0,6.8125],"rotation":0,"texture":"#1","tintindex":0},"north":{"uv":[8.0,5.8125,9.0,6.8125],"rotation":0,"texture":"#1","tintindex":0},"south":{"uv":[0.0,0.0,0.0,0.0],"rotation":0,"texture":"#0","tintindex":0},"up":{"uv":[7.0,6.0,8.0,6.125],"rotation":0,"texture":"#1","tintindex":0},"west":{"uv":[6.0,5.8125,6.125,6.8125],"rotation":0,"texture":"#1","tintindex":0}}},{"name":"cube","from":[6.5,11.712501,6.875],"to":[7.1,11.7875,7.475],"rotation":{"angle":0.0,"axis":"x","origin":[0.7999997,5.6,3.1999998]},"faces":{"down":{"uv":[0.0,0.0,0.0,0.0],"rotation":0,"texture":"#0","tintindex":0},"east":{"uv":[8.875,5.6875,9.875,5.8125],"rotation":0,"texture":"#1","tintindex":0},"north":{"uv":[5.5,5.6875,6.5,5.8125],"rotation":0,"texture":"#1","tintindex":0},"south":{"uv":[9.5,5.6875,10.5,5.8125],"rotation":0,"texture":"#1","tintindex":0},"up":{"uv":[9.5,6.125,10.5,7.125],"rotation":0,"texture":"#1","tintindex":0},"west":{"uv":[6.125,5.6875,7.125,5.8125],"rotation":0,"texture":"#1","tintindex":0}}},{"name":"cube","from":[2.5249999,11.1125,6.875],"to":[7.4,11.712501,7.475],"rotation":{"angle":0.0,"axis":"x","origin":[0.7999997,5.6,3.1999998]},"faces":{"down":{"uv":[2.875,8.875,11.0,9.875],"rotation":0,"texture":"#3","tintindex":0},"east":{"uv":[0.0,0.0,0.0,0.0],"rotation":0,"texture":"#0","tintindex":0},"north":{"uv":[5.0,5.8125,13.125,6.8125],"rotation":0,"texture":"#3","tintindex":0},"south":{"uv":[2.875,5.8125,11.0,6.8125],"rotation":0,"texture":"#3","tintindex":0},"up":{"uv":[2.875,6.125,11.0,7.125],"rotation":0,"texture":"#3","tintindex":0},"west":{"uv":[6.125,5.8125,7.125,6.8125],"rotation":0,"texture":"#3","tintindex":0}}},{"name":"cube","from":[8.0,10.9625,6.875],"to":[8.6,11.8625,7.475],"rotation":{"angle":0.0,"axis":"x","origin":[0.7999997,5.6,3.1999998]},"faces":{"down":{"uv":[12.0,8.875,13.0,9.875],"rotation":0,"texture":"#3","tintindex":0},"east":{"uv":[0.0,0.0,0.0,0.0],"rotation":0,"texture":"#0","tintindex":0},"north":{"uv":[3.0,5.5625,4.0,7.0625],"rotation":0,"texture":"#3","tintindex":0},"south":{"uv":[12.0,5.5625,13.0,7.0625],"rotation":0,"texture":"#3","tintindex":0},"up":{"uv":[12.0,6.125,13.0,7.125],"rotation":0,"texture":"#3","tintindex":0},"west":{"uv":[6.125,5.5625,7.125,7.0625],"rotation":0,"texture":"#3","tintindex":0}}},{"name":"cube","from":[8.0,11.1125,6.725],"to":[8.6,11.712501,7.625],"rotation":{"angle":0.0,"axis":"x","origin":[0.7999997,5.6,3.1999998]},"faces":{"down":{"uv":[12.0,8.625,13.0,10.125],"rotation":0,"texture":"#3","tintindex":0},"east":{"uv":[0.0,0.0,0.0,0.0],"rotation":0,"texture":"#0","tintindex":0},"north":{"uv":[3.0,5.8125,4.0,6.8125],"rotation":0,"texture":"#3","tintindex":0},"south":{"uv":[12.0,5.8125,13.0,6.8125],"rotation":0,"texture":"#3","tintindex":0},"up":{"uv":[12.0,5.875,13.0,7.375],"rotation":0,"texture":"#3","tintindex":0},"west":{"uv":[5.875,5.8125,7.375,6.8125],"rotation":0,"texture":"#3","tintindex":0}}},{"name":"cube","from":[7.4,11.1125,6.8],"to":[8.0,11.712501,7.55],"rotation":{"angle":0.0,"axis":"x","origin":[0.7999997,5.6,3.1999998]},"faces":{"down":{"uv":[11.0,8.75,12.0,10.0],"rotation":0,"texture":"#3","tintindex":0},"east":{"uv":[0.0,0.0,0.0,0.0],"rotation":0,"texture":"#0","tintindex":0},"north":{"uv":[4.0,5.8125,5.0,6.8125],"rotation":0,"texture":"#3","tintindex":0},"south":{"uv":[11.0,5.8125,12.0,6.8125],"rotation":0,"texture":"#3","tintindex":0},"up":{"uv":[11.0,6.0,12.0,7.25],"rotation":0,"texture":"#3","tintindex":0},"west":{"uv":[6.0,5.8125,7.25,6.8125],"rotation":0,"texture":"#3","tintindex":0}}},{"name":"cube","from":[7.4,11.0375,6.875],"to":[8.0,11.7875,7.475],"rotation":{"angle":0.0,"axis":"x","origin":[0.7999997,5.6,3.1999998]},"faces":{"down":{"uv":[11.0,8.875,12.0,9.875],"rotation":0,"texture":"#3","tintindex":0},"east":{"uv":[0.0,0.0,0.0,0.0],"rotation":0,"texture":"#0","tintindex":0},"north":{"uv":[4.0,5.6875,5.0,6.9375],"rotation":0,"texture":"#3","tintindex":0},"south":{"uv":[11.0,5.6875,12.0,6.9375],"rotation":0,"texture":"#3","tintindex":0},"up":{"uv":[11.0,6.125,12.0,7.125],"rotation":0,"texture":"#3","tintindex":0},"west":{"uv":[6.125,5.6875,7.125,6.9375],"rotation":0,"texture":"#3","tintindex":0}}},{"name":"cube","from":[5.0,11.712501,6.875],"to":[5.6,11.7875,7.475],"rotation":{"angle":0.0,"axis":"x","origin":[0.7999997,5.6,3.1999998]},"faces":{"down":{"uv":[0.0,0.0,0.0,0.0],"rotation":0,"texture":"#0","tintindex":0},"east":{"uv":[8.875,5.6875,9.875,5.8125],"rotation":0,"texture":"#1","tintindex":0},"north":{"uv":[8.0,5.6875,9.0,5.8125],"rotation":0,"texture":"#1","tintindex":0},"south":{"uv":[7.0,5.6875,8.0,5.8125],"rotation":0,"texture":"#1","tintindex":0},"up":{"uv":[7.0,6.125,8.0,7.125],"rotation":0,"texture":"#1","tintindex":0},"west":{"uv":[6.125,5.6875,7.125,5.8125],"rotation":0,"texture":"#1","tintindex":0}}},{"name":"cube","from":[3.8374999,11.712501,6.95],"to":[4.2875,11.7875,7.4],"rotation":{"angle":0.0,"axis":"x","origin":[0.7999997,5.6,3.1999998]},"faces":{"down":{"uv":[0.0,0.0,0.0,0.0],"rotation":0,"texture":"#0","tintindex":0},"east":{"uv":[9.0,5.6875,9.75,5.8125],"rotation":0,"texture":"#1","tintindex":0},"north":{"uv":[10.1875,5.6875,10.9375,5.8125],"rotation":0,"texture":"#1","tintindex":0},"south":{"uv":[5.0625,5.6875,5.8125,5.8125],"rotation":0,"texture":"#1","tintindex":0},"up":{"uv":[0.0,0.0,0.0,0.0],"rotation":0,"texture":"#0","tintindex":0},"west":{"uv":[6.25,5.6875,7.0,5.8125],"rotation":0,"texture":"#1","tintindex":0}}}],"display":{"head":{"translation":[0.0,-6.4,0.0],"rotation":[0.0,0.0,0.0],"scale":[3.8095,3.8095,3.8095]}}}