{"textures":{"0":"modelengine:entity/glowing enderman","1":"modelengine:entity/brightguntexture","2":"modelengine:entity/normalguntexture","3":"modelengine:entity/lightguntexture"},"elements":[{"name":"right arm","from":[7.4,1.9999998,6.8],"to":[9.2,9.2,9.2],"rotation":{"angle":0.0,"axis":"x","origin":[8.0,8.6,8.0]},"faces":{"down":{"uv":[12.5,4.0,11.75,5.0],"rotation":0,"texture":"#0","tintindex":0},"east":{"uv":[10.0,5.0,11.0,8.0],"rotation":0,"texture":"#0","tintindex":0},"north":{"uv":[11.0,5.0,11.75,8.0],"rotation":0,"texture":"#0","tintindex":0},"south":{"uv":[12.75,5.0,13.5,8.0],"rotation":0,"texture":"#0","tintindex":0},"up":{"uv":[11.75,5.0,11.0,4.0],"rotation":0,"texture":"#0","tintindex":0},"west":{"uv":[11.75,5.0,12.75,8.0],"rotation":0,"texture":"#0","tintindex":0}}},{"name":"right arm layer","from":[7.25,1.8499998,6.6499996],"to":[9.35,9.35,9.35],"rotation":{"angle":0.0,"axis":"x","origin":[5.0,-5.200001,8.0]},"faces":{"down":{"uv":[12.5,8.0,11.75,9.0],"rotation":0,"texture":"#0","tintindex":0},"east":{"uv":[10.0,9.0,11.0,12.0],"rotation":0,"texture":"#0","tintindex":0},"north":{"uv":[11.0,9.0,11.75,12.0],"rotation":0,"texture":"#0","tintindex":0},"south":{"uv":[12.75,9.0,13.5,12.0],"rotation":0,"texture":"#0","tintindex":0},"up":{"uv":[11.75,9.0,11.0,8.0],"rotation":0,"texture":"#0","tintindex":0},"west":{"uv":[11.75,9.0,12.75,12.0],"rotation":0,"texture":"#0","tintindex":0}}}],"display":{"head":{"translation":[0.0,-6.4,0.0],"rotation":[0.0,0.0,0.0],"scale":[3.8095,3.8095,3.8095]}}}